#ifndef TTF_PATH_WEATHER_ICONS
// embedded weather icon TTF file
static const uint8_t weather_icons_ttf[99564] = { 
   0x00, 0x01, 0x00, 0x00, 0x00, 0x11, 0x01, 0x00, 0x00, 0x04, 
   0x00, 0x10, 0x46, 0x46, 0x54, 0x4D, 0x70, 0x2F, 0xE6, 0xCE, 
   0x00, 0x00, 0x01, 0x1C, 0x00, 0x00, 0x00, 0x1C, 0x47, 0x44, 
   0x45, 0x46, 0x01, 0x24, 0x00, 0x04, 0x00, 0x00, 0x01, 0x38, 
   0x00, 0x00, 0x00, 0x20, 0x4F, 0x53, 0x2F, 0x32, 0x74, 0x9E, 
   0x64, 0xD9, 0x00, 0x00, 0x01, 0x58, 0x00, 0x00, 0x00, 0x60, 
   0x63, 0x6D, 0x61, 0x70, 0x14, 0x96, 0x04, 0x3A, 0x00, 0x00, 
   0x01, 0xB8, 0x00, 0x00, 0x01, 0xAA, 0x63, 0x76, 0x74, 0x20, 
   0x09, 0x2B, 0x04, 0x96, 0x00, 0x00, 0x03, 0x64, 0x00, 0x00, 
   0x00, 0x1E, 0x66, 0x70, 0x67, 0x6D, 0x53, 0xB4, 0x2F, 0xA7, 
   0x00, 0x00, 0x03, 0x84, 0x00, 0x00, 0x02, 0x65, 0x67, 0x61, 
   0x73, 0x70, 0x00, 0x00, 0x00, 0x10, 0x00, 0x00, 0x05, 0xEC, 
   0x00, 0x00, 0x00, 0x08, 0x67, 0x6C, 0x79, 0x66, 0x95, 0x20, 
   0x79, 0xAA, 0x00, 0x00, 0x05, 0xF4, 0x00, 0x01, 0x6B, 0x04, 
   0x68, 0x65, 0x61, 0x64, 0x0F, 0x59, 0x0B, 0x25, 0x00, 0x01, 
   0x70, 0xF8, 0x00, 0x00, 0x00, 0x36, 0x68, 0x68, 0x65, 0x61, 
   0x14, 0xFB, 0x09, 0x97, 0x00, 0x01, 0x71, 0x30, 0x00, 0x00, 
   0x00, 0x24, 0x68, 0x6D, 0x74, 0x78, 0x46, 0x72, 0x22, 0x6A, 
   0x00, 0x01, 0x71, 0x54, 0x00, 0x00, 0x03, 0xAE, 0x6C, 0x6F, 
   0x63, 0x61, 0xBB, 0xDF, 0x16, 0x36, 0x00, 0x01, 0x75, 0x04, 
   0x00, 0x00, 0x01, 0xF0, 0x6D, 0x61, 0x78, 0x70, 0x02, 0x1F, 
   0x03, 0xCB, 0x00, 0x01, 0x76, 0xF4, 0x00, 0x00, 0x00, 0x20, 
   0x6E, 0x61, 0x6D, 0x65, 0x7D, 0x93, 0x80, 0xB1, 0x00, 0x01, 
   0x77, 0x14, 0x00, 0x00, 0x03, 0xE6, 0x70, 0x6F, 0x73, 0x74, 
   0x0E, 0xBF, 0x53, 0x61, 0x00, 0x01, 0x7A, 0xFC, 0x00, 0x00, 
   0x09, 0xB6, 0x70, 0x72, 0x65, 0x70, 0xB0, 0xF2, 0x2B, 0x14, 
   0x00, 0x01, 0x84, 0xB4, 0x00, 0x00, 0x00, 0x2E, 0x77, 0x65, 
   0x62, 0x66, 0xA2, 0xB9, 0x55, 0xD3, 0x00, 0x01, 0x84, 0xE4, 
   0x00, 0x00, 0x00, 0x06, 0x00, 0x00, 0x00, 0x01, 0x00, 0x00, 
   0x00, 0x00, 0xCC, 0x3D, 0xA2, 0xCF, 0x00, 0x00, 0x00, 0x00, 
   0xD1, 0xF8, 0xF0, 0xC6, 0x00, 0x00, 0x00, 0x00, 0xD1, 0xF9, 
   0x53, 0x38, 0x00, 0x01, 0x00, 0x00, 0x00, 0x0E, 0x00, 0x00, 
   0x00, 0x18, 0x00, 0x00, 0x00, 0x00, 0x00, 0x02, 0x00, 0x01, 
   0x00, 0x01, 0x00, 0xF6, 0x00, 0x01, 0x00, 0x04, 0x00, 0x00, 
   0x00, 0x02, 0x00, 0x00, 0x00, 0x03, 0x07, 0x20, 0x01, 0x90, 
   0x00, 0x05, 0x00, 0x04, 0x05, 0x32, 0x04, 0xCD, 0x00, 0x00, 
   0x00, 0x99, 0x05, 0x32, 0x04, 0xCD, 0x00, 0x00, 0x02, 0xCD, 
   0x00, 0x39, 0x04, 0xCD, 0x00, 0x00, 0x00, 0x00, 0x05, 0x00, 
   0x00, 0x00, 0x00, 0x00, 0x00, 0x00, 0x00, 0x00, 0x00, 0x00, 
   0x00, 0x00, 0x00, 0x00, 0x00, 0x00, 0x00, 0x00, 0x00, 0x00, 
   0x00, 0x00, 0x55, 0x4B, 0x57, 0x4E, 0x00, 0x40, 0x00, 0x20, 
   0xF0, 0xEB, 0x06, 0xDB, 0xFE, 0xDB, 0x00, 0x00, 0x08, 0xC5, 
   0x02, 0xCE, 0x00, 0x00, 0x00, 0x01, 0x00, 0x00, 0x00, 0x00, 
   0x00, 0x00, 0x00, 0x00, 0x00, 0x00, 0x00, 0x20, 0x00, 0x01, 
   0x00, 0x00, 0x00, 0x03, 0x00, 0x00, 0x00, 0x03, 0x00, 0x00, 
   0x00, 0x1C, 0x00, 0x01, 0x00, 0x00, 0x00, 0x00, 0x00, 0xA4, 
   0x00, 0x03, 0x00, 0x01, 0x00, 0x00, 0x00, 0x1C, 0x00, 0x04, 
   0x00, 0x88, 0x00, 0x00, 0x00, 0x1E, 0x00, 0x10, 0x00, 0x03, 
   0x00, 0x0E, 0x00, 0x20, 0x00, 0xA0, 0x20, 0x0A, 0x20, 0x2F, 
   0x20, 0x5F, 0x25, 0xFC, 0xF0, 0x0E, 0xF0, 0x1E, 0xF0, 0x3E, 
   0xF0, 0x4E, 0xF0, 0x5E, 0xF0, 0x6E, 0xF0, 0x7E, 0xF0, 0xEB, 
   0xFF, 0xFF, 0x00, 0x00, 0x00, 0x20, 0x00, 0xA0, 0x20, 0x00, 
   0x20, 0x2F, 0x20, 0x5F, 0x25, 0xFC, 0xF0, 0x00, 0xF0, 0x10, 
   0xF0, 0x21, 0xF0, 0x40, 0xF0, 0x50, 0xF0, 0x60, 0xF0, 0x70, 
   0xF0, 0x80, 0xFF, 0xFF, 0xFF, 0xE3, 0xFF, 0x64, 0xE0, 0x05, 
   0xDF, 0xE1, 0xDF, 0xB2, 0xDA, 0x16, 0x10, 0x13, 0x10, 0x12, 
   0x10, 0x10, 0x10, 0x0F, 0x10, 0x0E, 0x10, 0x0D, 0x10, 0x0C, 
   0x10, 0x0B, 0x00, 0x01, 0x00, 0x00, 0x00, 0x00, 0x00, 0x00, 
   0x00, 0x00, 0x00, 0x00, 0x00, 0x00, 0x00, 0x00, 0x00, 0x00, 
   0x00, 0x00, 0x00, 0x00, 0x00, 0x00, 0x00, 0x00, 0x00, 0x00, 
   0x00, 0x00, 0x00, 0x00, 0x00, 0x00, 0x01, 0x06, 0x00, 0x00, 
   0x01, 0x00, 0x00, 0x00, 0x00, 0x00, 0x00, 0x00, 0x01, 0x02, 
   0x00, 0x00, 0x00, 0x02, 0x00, 0x00, 0x00, 0x00, 0x00, 0x00, 
   0x00, 0x00, 0x00, 0x00, 0x00, 0x00, 0x00, 0x00, 0x00, 0x01, 
   0x00, 0x00, 0x03, 0x00, 0x00, 0x00, 0x00, 0x00, 0x00, 0x00, 
   0x00, 0x00, 0x00, 0x00, 0x00, 0x00, 0x00, 0x00, 0x00, 0x00, 
   0x00, 0x00, 0x00, 0x00, 0x00, 0x00, 0x00, 0x00, 0x00, 0x00, 
   0x00, 0x00, 0x00, 0x00, 0x00, 0x00, 0x00, 0x00, 0x00, 0x00, 
   0x00, 0x00, 0x00, 0x00, 0x00, 0x00, 0x00, 0x00, 0x00, 0x00, 
   0x00, 0x00, 0x00, 0x00, 0x00, 0x00, 0x00, 0x00, 0x00, 0x00, 
   0x00, 0x00, 0x00, 0x00, 0x00, 0x00, 0x00, 0x00, 0x00, 0x00, 
   0x00, 0x00, 0x00, 0x00, 0x00, 0x00, 0x00, 0x00, 0x00, 0x00, 
   0x00, 0x00, 0x00, 0x00, 0x00, 0x00, 0x00, 0x00, 0x00, 0x00, 
   0x00, 0x00, 0x00, 0x00, 0x00, 0x00, 0x00, 0x00, 0x00, 0x00, 
   0x00, 0x00, 0x00, 0x00, 0x00, 0x00, 0x00, 0x00, 0x00, 0x00, 
   0x00, 0x00, 0x00, 0x00, 0x00, 0x00, 0x00, 0x00, 0x00, 0x00, 
   0x00, 0x00, 0x00, 0x00, 0x00, 0x00, 0x00, 0x00, 0x00, 0x00, 
   0x00, 0x00, 0x00, 0x00, 0x00, 0x00, 0x00, 0x00, 0x00, 0x00, 
   0x00, 0x00, 0x00, 0x00, 0x00, 0x00, 0x00, 0x00, 0x00, 0x00, 
   0x00, 0x00, 0x00, 0x00, 0x00, 0x00, 0x00, 0x00, 0x00, 0x00, 
   0x00, 0x00, 0x00, 0x00, 0x00, 0x00, 0x00, 0x00, 0x00, 0x00, 
   0x00, 0x00, 0x04, 0x00, 0x00, 0x00, 0x00, 0x00, 0x00, 0x00, 
   0x00, 0x00, 0x00, 0x00, 0x00, 0x00, 0x00, 0x00, 0x00, 0x00, 
   0x00, 0x00, 0x00, 0x00, 0x00, 0x00, 0x00, 0x00, 0x00, 0x00, 
   0x00, 0x00, 0x00, 0x00, 0x00, 0x00, 0x00, 0x00, 0x00, 0x00, 
   0x00, 0x00, 0x00, 0x00, 0x00, 0x00, 0x00, 0x00, 0x00, 0x00, 
   0x00, 0x00, 0x00, 0x00, 0x00, 0x00, 0x00, 0x00, 0x00, 0x00, 
   0x00, 0xB4, 0x00, 0xB2, 0x00, 0xB6, 0x00, 0xAE, 0x00, 0xC4, 
   0x00, 0x9D, 0x00, 0xAB, 0x00, 0xB9, 0x01, 0x01, 0x00, 0xEA, 
   0x00, 0x78, 0x00, 0x7A, 0x00, 0x44, 0x05, 0x11, 0x00, 0x00, 
   0xB0, 0x00, 0x2C, 0xB0, 0x00, 0x13, 0x4B, 0xB0, 0x4C, 0x50, 
   0x58, 0xB0, 0x4A, 0x76, 0x59, 0xB0, 0x00, 0x23, 0x3F, 0x18, 
   0xB0, 0x06, 0x2B, 0x58, 0x3D, 0x59, 0x4B, 0xB0, 0x4C, 0x50, 
   0x58, 0x7D, 0x59, 0x20, 0xD4, 0xB0, 0x01, 0x13, 0x2E, 0x18, 
   0x2D, 0xB0, 0x01, 0x2C, 0x20, 0xDA, 0xB0, 0x0C, 0x2B, 0x2D, 
   0xB0, 0x02, 0x2C, 0x4B, 0x52, 0x58, 0x45, 0x23, 0x59, 0x21, 
   0x2D, 0xB0, 0x03, 0x2C, 0x69, 0x18, 0x20, 0xB0, 0x40, 0x50, 
   0x58, 0x21, 0xB0, 0x40, 0x59, 0x2D, 0xB0, 0x04, 0x2C, 0xB0, 
   0x06, 0x2B, 0x58, 0x21, 0x23, 0x21, 0x7A, 0x58, 0xDD, 0x1B, 
   0xCD, 0x59, 0x1B, 0x4B, 0x52, 0x58, 0x58, 0xFD, 0x1B, 0xED, 
   0x59, 0x1B, 0x23, 0x21, 0xB0, 0x05, 0x2B, 0x58, 0xB0, 0x46, 
   0x76, 0x59, 0x58, 0xDD, 0x1B, 0xCD, 0x59, 0x59, 0x59, 0x18, 
   0x2D, 0xB0, 0x05, 0x2C, 0x0D, 0x5C, 0x5A, 0x2D, 0xB0, 0x06, 
   0x2C, 0xB1, 0x22, 0x01, 0x88, 0x50, 0x58, 0xB0, 0x20, 0x88, 
   0x5C, 0x5C, 0x1B, 0xB0, 0x00, 0x59, 0x2D, 0xB0, 0x07, 0x2C, 
   0xB1, 0x24, 0x01, 0x88, 0x50, 0x58, 0xB0, 0x40, 0x88, 0x5C, 
   0x5C, 0x1B, 0xB0, 0x00, 0x59, 0x2D, 0xB0, 0x08, 0x2C, 0x12, 
   0x11, 0x20, 0x39, 0x2F, 0x2D, 0xB0, 0x09, 0x2C, 0x20, 0x7D, 
   0xB0, 0x06, 0x2B, 0x58, 0xC4, 0x1B, 0xCD, 0x59, 0x20, 0xB0, 
   0x03, 0x25, 0x49, 0x23, 0x20, 0xB0, 0x04, 0x26, 0x4A, 0xB0, 
   0x00, 0x50, 0x58, 0x8A, 0x65, 0x8A, 0x61, 0x20, 0xB0, 0x00, 
   0x50, 0x58, 0x38, 0x1B, 0x21, 0x21, 0x59, 0x1B, 0x8A, 0x8A, 
   0x61, 0x20, 0xB0, 0x00, 0x52, 0x58, 0x38, 0x1B, 0x21, 0x21, 
   0x59, 0x59, 0x18, 0x2D, 0xB0, 0x0A, 0x2C, 0xB0, 0x06, 0x2B, 
   0x58, 0x21, 0x10, 0x1B, 0x10, 0x21, 0x59, 0x2D, 0xB0, 0x0B, 
   0x2C, 0x20, 0xD2, 0xB0, 0x0C, 0x2B, 0x2D, 0xB0, 0x0C, 0x2C, 
   0x20, 0x2F, 0xB0, 0x07, 0x2B, 0x5C, 0x58, 0x20, 0x20, 0x47, 
   0x23, 0x46, 0x61, 0x6A, 0x20, 0x58, 0x20, 0x64, 0x62, 0x38, 
   0x1B, 0x21, 0x21, 0x59, 0x1B, 0x21, 0x59, 0x2D, 0xB0, 0x0D, 
   0x2C, 0x12, 0x11, 0x20, 0x20, 0x39, 0x2F, 0x20, 0x8A, 0x20, 
   0x47, 0x8A, 0x46, 0x61, 0x23, 0x8A, 0x20, 0x8A, 0x23, 0x4A, 
   0xB0, 0x00, 0x50, 0x58, 0x23, 0xB0, 0x00, 0x52, 0x58, 0xB0, 
   0x40, 0x38, 0x1B, 0x21, 0x59, 0x1B, 0x23, 0xB0, 0x00, 0x50, 
   0x58, 0xB0, 0x40, 0x65, 0x38, 0x1B, 0x21, 0x59, 0x59, 0x2D, 
   0xB0, 0x0E, 0x2C, 0xB0, 0x06, 0x2B, 0x58, 0x3D, 0xD6, 0x18, 
   0x21, 0x21, 0x1B, 0x20, 0xD6, 0x8A, 0x4B, 0x52, 0x58, 0x20, 
   0x8A, 0x23, 0x49, 0x20, 0xB0, 0x00, 0x55, 0x58, 0x38, 0x1B, 
   0x21, 0x21, 0x59, 0x1B, 0x21, 0x21, 0x59, 0x59, 0x2D, 0xB0, 
   0x0F, 0x2C, 0x23, 0x20, 0xD6, 0x20, 0x2F, 0xB0, 0x07, 0x2B, 
   0x5C, 0x58, 0x23, 0x20, 0x58, 0x4B, 0x53, 0x1B, 0x21, 0xB0, 
   0x01, 0x59, 0x58, 0x8A, 0xB0, 0x04, 0x26, 0x49, 0x23, 0x8A, 
   0x23, 0x20, 0x8A, 0x49, 0x8A, 0x23, 0x61, 0x38, 0x1B, 0x21, 
   0x21, 0x21, 0x21, 0x59, 0x1B, 0x21, 0x21, 0x21, 0x21, 0x21, 
   0x59, 0x2D, 0xB0, 0x10, 0x2C, 0x20, 0xDA, 0xB0, 0x12, 0x2B, 
   0x2D, 0xB0, 0x11, 0x2C, 0x20, 0xD2, 0xB0, 0x12, 0x2B, 0x2D, 
   0xB0, 0x12, 0x2C, 0x20, 0x2F, 0xB0, 0x07, 0x2B, 0x5C, 0x58, 
   0x20, 0x20, 0x47, 0x23, 0x46, 0x61, 0x6A, 0x8A, 0x20, 0x47, 
   0x23, 0x46, 0x23, 0x61, 0x6A, 0x60, 0x20, 0x58, 0x20, 0x64, 
   0x62, 0x38, 0x1B, 0x21, 0x21, 0x59, 0x1B, 0x21, 0x21, 0x59, 
   0x2D, 0xB0, 0x13, 0x2C, 0x20, 0x8A, 0x20, 0x8A, 0x87, 0x20, 
   0xB0, 0x03, 0x25, 0x4A, 0x64, 0x23, 0x8A, 0x07, 0xB0, 0x20, 
   0x50, 0x58, 0x3C, 0x1B, 0xC0, 0x59, 0x2D, 0xB0, 0x14, 0x2C, 
   0xB3, 0x00, 0x40, 0x01, 0x40, 0x42, 0x42, 0x01, 0x4B, 0xB8, 
   0x10, 0x00, 0x63, 0x00, 0x4B, 0xB8, 0x10, 0x00, 0x63, 0x20, 
   0x8A, 0x20, 0x8A, 0x55, 0x58, 0x20, 0x8A, 0x20, 0x8A, 0x52, 
   0x58, 0x23, 0x62, 0x20, 0xB0, 0x00, 0x23, 0x42, 0x1B, 0x62, 
   0x20, 0xB0, 0x01, 0x23, 0x42, 0x59, 0x20, 0xB0, 0x40, 0x52, 
   0x58, 0xB2, 0x00, 0x20, 0x00, 0x43, 0x63, 0x42, 0xB2, 0x01, 
   0x20, 0x01, 0x43, 0x63, 0x42, 0xB0, 0x20, 0x63, 0xB0, 0x19, 
   0x65, 0x1C, 0x21, 0x59, 0x1B, 0x21, 0x21, 0x59, 0x2D, 0xB0, 
   0x15, 0x2C, 0xB0, 0x01, 0x43, 0x63, 0x23, 0xB0, 0x00, 0x43, 
   0x63, 0x23, 0x2D, 0x00, 0x00, 0x00, 0x00, 0x01, 0x00, 0x01, 
   0xFF, 0xFF, 0x00, 0x0F, 0x00, 0x02, 0x00, 0x44, 0x00, 0x00, 
   0x02, 0x64, 0x05, 0x55, 0x00, 0x03, 0x00, 0x07, 0x00, 0x2E, 
   0xB1, 0x01, 0x00, 0x2F, 0x3C, 0xB2, 0x07, 0x04, 0x0D, 0xED, 
   0x32, 0xB1, 0x06, 0x05, 0xDC, 0x3C, 0xB2, 0x03, 0x02, 0x0D, 
   0xED, 0x32, 0x00, 0xB1, 0x03, 0x00, 0x2F, 0x3C, 0xB2, 0x05, 
   0x04, 0x0D, 0xED, 0x32, 0xB2, 0x07, 0x06, 0x0E, 0xFC, 0x3C, 
   0xB2, 0x01, 0x02, 0x0D, 0xED, 0x32, 0x33, 0x11, 0x21, 0x11, 
   0x25, 0x21, 0x11, 0x21, 0x44, 0x02, 0x20, 0xFE, 0x24, 0x01, 
   0x98, 0xFE, 0x68, 0x05, 0x55, 0xFA, 0xAB, 0x44, 0x04, 0xCD, 
   0x00, 0x00, 0x00, 0x01, 0x00, 0x00, 0x00, 0x00, 0x00, 0x00, 
   0x00, 0x00, 0x00, 0x00, 0x00, 0x00, 0x31, 0x00, 0x00, 0x09, 
   0x00, 0x00, 0xFE, 0x7B, 0x0C, 0x37, 0x08, 0xBD, 0x00, 0x1B, 
   0x00, 0x37, 0x00, 0x73, 0x00, 0x81, 0x00, 0x8D, 0x00, 0x99, 
   0x00, 0xA8, 0x00, 0xB9, 0x00, 0xC6, 0x01, 0x8E, 0x00, 0xB2, 
   0x04, 0x00, 0x00, 0x2B, 0xB0, 0x5A, 0x33, 0xB0, 0x19, 0xCD, 
   0xB0, 0x54, 0x32, 0xB0, 0x13, 0x2F, 0xB0, 0x0A, 0xCD, 0xB0, 
   0x20, 0x2F, 0xB0, 0x35, 0xCD, 0xB0, 0xB7, 0x32, 0xB0, 0x35, 
   0x10, 0xB0, 0xAE, 0xCD, 0xB0, 0x4E, 0x2F, 0xB0, 0x8C, 0xCD, 
   0xB3, 0x26, 0x8C, 0x4E, 0x08, 0x2B, 0xB0, 0x30, 0xCD, 0xB3, 
   0xBE, 0x8C, 0x4E, 0x08, 0x2B, 0xB0, 0xC5, 0xCD, 0xB0, 0x47, 
   0x2F, 0xB0, 0x6B, 0xCD, 0xB3, 0x84, 0x6B, 0x47, 0x08, 0x2B, 
   0xB0, 0x69, 0x33, 0xB0, 0x67, 0xCD, 0xB0, 0x91, 0x2F, 0xB0, 
   0x97, 0xCD, 0x01, 0xB0, 0xC7, 0x2F, 0xB0, 0x08, 0xD6, 0xB0, 
   0x16, 0xCD, 0xB0, 0x16, 0x10, 0xB1, 0x32, 0x01, 0x2B, 0xB0, 
   0x24, 0xCD, 0xB0, 0x24, 0x10, 0xB1, 0x8E, 0x01, 0x2B, 0xB0, 
   0x93, 0xCD, 0xB0, 0x93, 0x10, 0xB1, 0x87, 0x01, 0x2B, 0xB0, 
   0x63, 0xCD, 0xB0, 0x63, 0x10, 0xB0, 0x5F, 0x20, 0xD6, 0x11, 
   0xB0, 0x51, 0xCD, 0xB0, 0x51, 0x2F, 0xB0, 0x5F, 0xCD, 0xB0, 
   0x63, 0x10, 0xB1, 0xBB, 0x01, 0x2B, 0xB0, 0xC2, 0xCD, 0xB1, 
   0xC8, 0x01, 0x2B, 0xB1, 0x16, 0x08, 0x11, 0x12, 0xB1, 0x43, 
   0x45, 0x39, 0x39, 0xB0, 0x32, 0x11, 0x40, 0x0B, 0x26, 0x29, 
   0x34, 0x47, 0x55, 0x57, 0x58, 0x6B, 0x74, 0x79, 0x80, 0x24, 
   0x17, 0x39, 0xB0, 0x24, 0x12, 0xB0, 0x7C, 0x39, 0xB0, 0x8E, 
   0x11, 0xB3, 0x4A, 0x4D, 0x69, 0x82, 0x24, 0x17, 0x39, 0xB0, 
   0x93, 0x12, 0xB4, 0x54, 0x4E, 0x84, 0x8C, 0x67, 0x24, 0x17, 
   0x39, 0xB1, 0x87, 0x51, 0x11, 0x12, 0xB0, 0x89, 0x39, 0xB0, 
   0x5F, 0x11, 0xB0, 0x61, 0x39, 0xB0, 0x63, 0x12, 0xB0, 0x9A, 
   0x39, 0xB0, 0xBB, 0x11, 0xB3, 0xA5, 0xA9, 0xAE, 0xB7, 0x24, 
   0x17, 0x39, 0xB0, 0xC2, 0x12, 0xB2, 0xA4, 0xA2, 0xB2, 0x39, 
   0x39, 0x39, 0x00, 0xB1, 0x0A, 0x13, 0x11, 0x12, 0xB1, 0x10, 
   0x15, 0x39, 0x39, 0xB0, 0x04, 0x11, 0xB1, 0x0D, 0x0F, 0x39, 
   0x39, 0xB0, 0x19, 0x12, 0xB0, 0x16, 0x39, 0xB1, 0x35, 0x20, 
   0x11, 0x12, 0xB2, 0x23, 0xA9, 0xB2, 0x39, 0x39, 0x39, 0xB0, 
   0x30, 0x11, 0xB7, 0x2A, 0x2C, 0x32, 0x3A, 0x3D, 0x51, 0x5F, 
   0x71, 0x24, 0x17, 0x39, 0xB0, 0x4E, 0x12, 0xB4, 0x24, 0x29, 
   0x3E, 0x40, 0x61, 0x24, 0x17, 0x39, 0xB0, 0x26, 0x11, 0xB1, 
   0x41, 0x4B, 0x39, 0x39, 0xB0, 0xBE, 0x12, 0xB3, 0x43, 0x44, 
   0x4A, 0x89, 0x24, 0x17, 0x39, 0xB0, 0x8C, 0x11, 0xB0, 0x6E, 
   0x39, 0xB0, 0xC5, 0x12, 0xB4, 0x45, 0x87, 0x63, 0xBB, 0xC1, 
   0x24, 0x17, 0x39, 0xB1, 0x84, 0x47, 0x11, 0x12, 0xB0, 0x82, 
   0x39, 0xB1, 0x67, 0x6B, 0x11, 0x12, 0xB1, 0x9D, 0x9E, 0x39, 
   0x39, 0xB0, 0x91, 0x11, 0xB4, 0x75, 0x79, 0x7C, 0x9A, 0xA2, 
   0x24, 0x17, 0x39, 0xB0, 0x97, 0x12, 0xB3, 0x74, 0x80, 0xA4, 
   0xA5, 0x24, 0x17, 0x39, 0x30, 0x31, 0x35, 0x14, 0x17, 0x16, 
   0x33, 0x21, 0x32, 0x16, 0x14, 0x06, 0x22, 0x27, 0x26, 0x23, 
   0x22, 0x06, 0x14, 0x17, 0x16, 0x33, 0x32, 0x36, 0x34, 0x26, 
   0x23, 0x21, 0x22, 0x06, 0x11, 0x14, 0x17, 0x16, 0x33, 0x21, 
   0x32, 0x36, 0x34, 0x26, 0x23, 0x22, 0x07, 0x06, 0x14, 0x16, 
   0x33, 0x32, 0x37, 0x36, 0x32, 0x16, 0x14, 0x06, 0x23, 0x21, 
   0x22, 0x06, 0x25, 0x14, 0x3B, 0x01, 0x32, 0x37, 0x3E, 0x01, 
   0x3F, 0x01, 0x32, 0x35, 0x37, 0x36, 0x24, 0x33, 0x32, 0x04, 
   0x1F, 0x01, 0x14, 0x3B, 0x01, 0x32, 0x16, 0x15, 0x14, 0x06, 
   0x23, 0x21, 0x22, 0x1D, 0x01, 0x14, 0x33, 0x21, 0x32, 0x3E, 
   0x01, 0x35, 0x34, 0x27, 0x36, 0x35, 0x34, 0x02, 0x24, 0x23, 
   0x22, 0x07, 0x26, 0x23, 0x22, 0x00, 0x07, 0x0E, 0x01, 0x07, 
   0x15, 0x06, 0x00, 0x14, 0x1F, 0x01, 0x16, 0x33, 0x32, 0x36, 
   0x35, 0x34, 0x2F, 0x01, 0x26, 0x22, 0x01, 0x36, 0x33, 0x32, 
   0x16, 0x15, 0x14, 0x07, 0x26, 0x2B, 0x01, 0x26, 0x13, 0x14, 
   0x16, 0x32, 0x36, 0x3D, 0x01, 0x34, 0x26, 0x22, 0x06, 0x15, 
   0x01, 0x14, 0x17, 0x1E, 0x01, 0x3F, 0x01, 0x36, 0x35, 0x34, 
   0x26, 0x22, 0x0F, 0x01, 0x06, 0x13, 0x14, 0x1F, 0x01, 0x16, 
   0x33, 0x32, 0x37, 0x36, 0x35, 0x34, 0x2F, 0x01, 0x26, 0x23, 
   0x22, 0x06, 0x12, 0x14, 0x17, 0x16, 0x3B, 0x01, 0x32, 0x36, 
   0x34, 0x26, 0x2B, 0x01, 0x22, 0x1D, 0x1B, 0x26, 0x02, 0x73, 
   0x29, 0x3F, 0x3F, 0x52, 0x20, 0x1D, 0x24, 0x26, 0x34, 0x1A, 
   0x55, 0x75, 0x76, 0xA6, 0xA6, 0x76, 0xFD, 0x8D, 0x26, 0x38, 
   0x1D, 0x1B, 0x26, 0x04, 0x92, 0x76, 0xA7, 0xA6, 0x77, 0x79, 
   0x50, 0x19, 0x31, 0x27, 0x26, 0x1C, 0x1E, 0x54, 0x3D, 0x3D, 
   0x2A, 0xFB, 0x6E, 0x26, 0x38, 0x01, 0x1B, 0x12, 0x99, 0x0B, 
   0x0A, 0x24, 0x97, 0x5F, 0x38, 0x14, 0x07, 0x11, 0x01, 0x02, 
   0xAF, 0xB0, 0x01, 0x03, 0x12, 0x07, 0x13, 0xAE, 0x90, 0xCB, 
   0xCB, 0x90, 0xFD, 0x20, 0x14, 0x14, 0x02, 0xE0, 0x8F, 0xF3, 
   0x8D, 0x2D, 0x79, 0x97, 0xFE, 0xFE, 0x96, 0xF7, 0xA5, 0x80, 
   0x9D, 0xE1, 0xFE, 0xA6, 0x2F, 0x88, 0xD1, 0x29, 0x03, 0x03, 
   0x68, 0x1D, 0x41, 0x1A, 0x27, 0x28, 0x33, 0x18, 0x46, 0x19, 
   0x4C, 0x02, 0x01, 0x73, 0x95, 0x9B, 0xE1, 0x37, 0x99, 0xD8, 
   0x24, 0x26, 0x1B, 0x35, 0x4C, 0x36, 0x36, 0x4C, 0x35, 0x02, 
   0x50, 0x18, 0x1B, 0x4C, 0x17, 0x9C, 0x1B, 0x36, 0x4C, 0x1A, 
   0x99, 0x18, 0x52, 0x1B, 0x44, 0x20, 0x22, 0x1F, 0x20, 0x1B, 
   0x1B, 0x44, 0x1A, 0x24, 0x28, 0x36, 0xA1, 0x1B, 0x18, 0x25, 
   0xD8, 0x26, 0x36, 0x37, 0x25, 0xD8, 0x26, 0x5A, 0x26, 0x1A, 
   0x1B, 0x3C, 0x56, 0x3E, 0x20, 0x1A, 0x33, 0x4C, 0x1A, 0x55, 
   0xA7, 0xEC, 0xA8, 0x37, 0x01, 0x1C, 0x23, 0x1A, 0x1B, 0xA7, 
   0xEC, 0xA4, 0x51, 0x1A, 0x4E, 0x31, 0x19, 0x1E, 0x3C, 0x56, 
   0x3E, 0x37, 0xD6, 0x0D, 0x0F, 0x57, 0x71, 0x07, 0x08, 0x12, 
   0x37, 0xAD, 0xE8, 0xE7, 0xAE, 0x3E, 0x13, 0xC9, 0x8E, 0x8F, 
   0xCB, 0x13, 0x92, 0x12, 0x8E, 0xF4, 0x8F, 0x76, 0x62, 0x9F, 
   0xC2, 0x96, 0x01, 0x02, 0x97, 0xB9, 0x41, 0xFE, 0xE9, 0xD9, 
   0x20, 0xC6, 0x87, 0x04, 0x05, 0x04, 0xB9, 0x4A, 0x1B, 0x45, 
   0x1A, 0x31, 0x28, 0x26, 0x1A, 0x45, 0x1C, 0xFD, 0xCF, 0x6D, 
   0xE0, 0x9C, 0x68, 0x5B, 0x99, 0xAD, 0x02, 0xBB, 0x25, 0x33, 
   0x33, 0x25, 0xDA, 0x26, 0x36, 0x36, 0x26, 0xFE, 0x34, 0x27, 
   0x19, 0x1B, 0x01, 0x1C, 0x99, 0x1B, 0x26, 0x25, 0x36, 0x1A, 
   0x9D, 0x19, 0xFA, 0xED, 0x25, 0x1B, 0x45, 0x1A, 0x1A, 0x1B, 
   0x25, 0x23, 0x1E, 0x45, 0x1A, 0x35, 0x02, 0xA2, 0x4C, 0x19, 
   0x1C, 0x36, 0x4A, 0x37, 0x00, 0x00, 0x00, 0x0A, 0x00, 0x00, 
   0xFE, 0xB0, 0x0C, 0x21, 0x08, 0xBB, 0x00, 0x0E, 0x00, 0x1B, 
   0x00, 0x58, 0x00, 0x67, 0x00, 0x77, 0x00, 0x83, 0x00, 0x91, 
   0x00, 0xA1, 0x00, 0xB0, 0x00, 0xBF, 0x00, 0xFF, 0x00, 0xB2, 
   0x04, 0x00, 0x00, 0x2B, 0xB0, 0x3F, 0x33, 0xB0, 0x0C, 0xCD, 
   0xB0, 0x39, 0x32, 0xB0, 0x5D, 0x2F, 0xB0, 0x65, 0xCD, 0xB0, 
   0x13, 0x2F, 0xB0, 0x1A, 0xCD, 0xB0, 0xAF, 0x32, 0xB0, 0x33, 
   0x2F, 0xB0, 0x24, 0x33, 0xB0, 0x82, 0xCD, 0xB3, 0xB5, 0x82, 
   0x33, 0x08, 0x2B, 0xB0, 0xBD, 0xCD, 0xB0, 0x2C, 0x2F, 0xB0, 
   0x51, 0xCD, 0xB3, 0x7A, 0x51, 0x2C, 0x08, 0x2B, 0xB0, 0x4F, 
   0x33, 0xB0, 0x4C, 0xCD, 0xB0, 0x96, 0x2F, 0xB0, 0x9E, 0xCD, 
   0xB0, 0x75, 0x32, 0xB0, 0x9E, 0x10, 0xB0, 0x6D, 0xCD, 0x01, 
   0xB0, 0xC0, 0x2F, 0xB0, 0x84, 0xD6, 0xB0, 0x8A, 0xCD, 0xB0, 
   0x8A, 0x10, 0xB1, 0x7D, 0x01, 0x2B, 0xB0, 0x48, 0xCD, 0xB0, 
   0x36, 0x20, 0xD6, 0x11, 0xB0, 0x44, 0xCD, 0xB3, 0x92, 0x48, 
   0x7D, 0x08, 0x2B, 0xB0, 0x9B, 0xCD, 0xB0, 0x48, 0x10, 0xB1, 
   0xA3, 0x01, 0x2B, 0xB0, 0xAA, 0xCD, 0xB1, 0xC1, 0x01, 0x2B, 
   0xB1, 0x8A, 0x84, 0x11, 0x12, 0xB4, 0x39, 0x33, 0x7A, 0x82, 
   0x4C, 0x24, 0x17, 0x39, 0xB1, 0x7D, 0x36, 0x11, 0x12, 0xB0, 
   0x7F, 0x39, 0xB0, 0x44, 0x11, 0xB0, 0x46, 0x39, 0xB1, 0x9B, 
   0xA3, 0x11, 0x12, 0xB2, 0x96, 0x9E, 0xB1, 0x39, 0x39, 0x39, 
   0x00, 0xB1, 0x13, 0x0C, 0x11, 0x12, 0xB1, 0xA6, 0xA7, 0x39, 
   0x39, 0xB0, 0x1A, 0x11, 0xB2, 0xA2, 0xA3, 0xAA, 0x39, 0x39, 
   0x39, 0xB0, 0x33, 0x12, 0xB4, 0x1E, 0x36, 0x44, 0x46, 0x57, 
   0x24, 0x17, 0x39, 0xB0, 0xB5, 0x11, 0xB2, 0x28, 0x2F, 0x7F, 
   0x39, 0x39, 0x39, 0xB0, 0x82, 0x12, 0xB0, 0x54, 0x39, 0xB0, 
   0xBD, 0x11, 0xB4, 0x29, 0x7D, 0x48, 0xB1, 0xB9, 0x24, 0x17, 
   0x39, 0xB1, 0x7A, 0x2C, 0x11, 0x12, 0xB0, 0x78, 0x39, 0xB1, 
   0x9E, 0x6D, 0x11, 0x12, 0xB2, 0x87, 0x92, 0x9B, 0x39, 0x39, 
   0x39, 0x30, 0x31, 0x35, 0x14, 0x17, 0x16, 0x33, 0x21, 0x32, 
   0x36, 0x35, 0x34, 0x26, 0x23, 0x21, 0x22, 0x06, 0x12, 0x14, 
   0x17, 0x16, 0x33, 0x21, 0x32, 0x36, 0x34, 0x26, 0x23, 0x21, 
   0x22, 0x37, 0x14, 0x3B, 0x01, 0x32, 0x37, 0x3E, 0x01, 0x37, 
   0x33, 0x32, 0x35, 0x37, 0x3E, 0x02, 0x33, 0x32, 0x04, 0x1F, 
   0x01, 0x14, 0x3B, 0x01, 0x32, 0x16, 0x15, 0x14, 0x06, 0x23, 
   0x21, 0x22, 0x1D, 0x01, 0x14, 0x33, 0x21, 0x32, 0x3E, 0x01, 
   0x35, 0x34, 0x27, 0x36, 0x35, 0x34, 0x02, 0x24, 0x23, 0x22, 
   0x06, 0x07, 0x26, 0x23, 0x22, 0x00, 0x07, 0x0E, 0x01, 0x07, 
   0x06, 0x13, 0x14, 0x17, 0x16, 0x33, 0x21, 0x32, 0x36, 0x35, 
   0x34, 0x26, 0x23, 0x21, 0x22, 0x06, 0x01, 0x14, 0x1F, 0x01, 
   0x16, 0x33, 0x32, 0x36, 0x35, 0x34, 0x2F, 0x01, 0x26, 0x23, 
   0x22, 0x06, 0x01, 0x36, 0x33, 0x32, 0x16, 0x15, 0x14, 0x07, 
   0x26, 0x2B, 0x01, 0x26, 0x13, 0x14, 0x16, 0x33, 0x32, 0x36, 
   0x3D, 0x01, 0x34, 0x26, 0x23, 0x22, 0x06, 0x15, 0x01, 0x14, 
   0x17, 0x16, 0x33, 0x32, 0x3F, 0x01, 0x36, 0x35, 0x34, 0x26, 
   0x22, 0x0F, 0x01, 0x06, 0x12, 0x14, 0x1F, 0x01, 0x16, 0x32, 
   0x37, 0x36, 0x35, 0x34, 0x2F, 0x01, 0x26, 0x23, 0x22, 0x13, 
   0x14, 0x17, 0x16, 0x3B, 0x01, 0x32, 0x36, 0x35, 0x34, 0x26, 
   0x2B, 0x01, 0x22, 0x06, 0x1A, 0x46, 0x18, 0x03, 0x48, 0x26, 
   0x35, 0x35, 0x26, 0xFC, 0xB8, 0x2A, 0x4E, 0x95, 0x1B, 0x18, 
   0x26, 0x03, 0xEB, 0x26, 0x36, 0x36, 0x26, 0xFC, 0x15, 0x25, 
   0x3C, 0x12, 0x94, 0x13, 0x04, 0x29, 0x96, 0x5E, 0x3A, 0x11, 
   0x08, 0x0B, 0x7E, 0xC9, 0x73, 0xAE, 0x01, 0x04, 0x12, 0x08, 
   0x13, 0xAB, 0x8E, 0xCF, 0xCE, 0x8F, 0xFD, 0x21, 0x12, 0x12, 
   0x02, 0xDF, 0x90, 0xF4, 0x8E, 0x2E, 0x7C, 0x97, 0xFE, 0xFD, 
   0x97, 0x75, 0xD5, 0x4F, 0x84, 0x9C, 0xE2, 0xFE, 0xA2, 0x30, 
   0x88, 0xCF, 0x29, 0x02, 0x4C, 0x1C, 0x19, 0x25, 0x03, 0xED, 
   0x25, 0x34, 0x33, 0x26, 0xFC, 0x13, 0x26, 0x34, 0x03, 0x1E, 
   0x1A, 0x44, 0x1A, 0x26, 0x29, 0x33, 0x1A, 0x45, 0x1B, 0x22, 
   0x28, 0x36, 0x02, 0x3C, 0x6A, 0x9B, 0x9C, 0xDB, 0x31, 0x97, 
   0xDE, 0x20, 0x2E, 0x23, 0x35, 0x25, 0x28, 0x31, 0x32, 0x27, 
   0x25, 0x35, 0x02, 0x4D, 0x1B, 0x14, 0x2C, 0x2B, 0x14, 0x9C, 
   0x1A, 0x35, 0x4C, 0x1B, 0x99, 0x1B, 0x55, 0x19, 0x46, 0x27, 
   0x34, 0x27, 0x1A, 0x1A, 0x44, 0x1E, 0x27, 0x26, 0x68, 0x1D, 
   0x1D, 0x23, 0xD9, 0x24, 0x35, 0x34, 0x25, 0xD9, 0x27, 0x36, 
   0x5E, 0x27, 0x1A, 0x1D, 0x37, 0x26, 0x25, 0x33, 0x33, 0x01, 
   0x42, 0x4C, 0x19, 0x1C, 0x35, 0x4C, 0x36, 0xA1, 0x0E, 0x0E, 
   0x55, 0x6F, 0x0B, 0x14, 0x3C, 0x72, 0xBB, 0x6A, 0xEA, 0xAD, 
   0x3C, 0x14, 0xCC, 0x8C, 0x90, 0xCD, 0x14, 0x8E, 0x13, 0x8E, 
   0xF4, 0x90, 0x74, 0x62, 0x9A, 0xC4, 0x96, 0x01, 0x02, 0x97, 
   0x5F, 0x56, 0x45, 0xFE, 0xE8, 0xDA, 0x22, 0xC7, 0x88, 0x02, 
   0xFC, 0x6A, 0x26, 0x19, 0x1B, 0x35, 0x25, 0x28, 0x35, 0x35, 
   0x07, 0xF9, 0x28, 0x18, 0x46, 0x1A, 0x33, 0x28, 0x25, 0x1A, 
   0x45, 0x1B, 0x35, 0xFE, 0x08, 0x65, 0xDB, 0x9C, 0x6B, 0x56, 
   0x98, 0xB8, 0x02, 0xB0, 0x26, 0x32, 0x31, 0x27, 0xDA, 0x27, 
   0x35, 0x36, 0x26, 0xFE, 0x32, 0x27, 0x19, 0x1A, 0x1A, 0x9A, 
   0x18, 0x2A, 0x25, 0x35, 0x19, 0x9E, 0x1A, 0xFB, 0x11, 0x4E, 
   0x19, 0x43, 0x1D, 0x1D, 0x1A, 0x26, 0x25, 0x1C, 0x41, 0x1C, 
   0x02, 0x47, 0x27, 0x1A, 0x1B, 0x36, 0x26, 0x24, 0x31, 0x31, 
   0x00, 0x08, 0x00, 0x00, 0xFF, 0xFF, 0x0B, 0x33, 0x08, 0xBA, 
   0x00, 0x1B, 0x00, 0x36, 0x00, 0x45, 0x00, 0x51, 0x00, 0x5F, 
   0x00, 0x70, 0x00, 0x7E, 0x00, 0x8B, 0x01, 0x17, 0x00, 0xB2, 
   0x04, 0x00, 0x00, 0x2B, 0xB0, 0x34, 0xCD, 0xB0, 0x2D, 0x2F, 
   0xB0, 0x20, 0x33, 0xB0, 0x50, 0xCD, 0xB3, 0x83, 0x50, 0x2D, 
   0x08, 0x2B, 0xB0, 0x8A, 0xCD, 0xB0, 0x26, 0x2F, 0xB0, 0x16, 
   0xCD, 0xB3, 0x48, 0x16, 0x26, 0x08, 0x2B, 0xB0, 0x14, 0x33, 
   0xB0, 0x12, 0xCD, 0xB0, 0x55, 0x2F, 0xB0, 0x5C, 0xCD, 0x01, 
   0xB0, 0x8C, 0x2F, 0xB0, 0x00, 0xD6, 0xB0, 0x1C, 0xCD, 0xB0, 
   0x1C, 0x10, 0xB1, 0x37, 0x01, 0x2B, 0xB0, 0x3F, 0xCD, 0xB0, 
   0x3F, 0x10, 0xB1, 0x52, 0x01, 0x2B, 0xB0, 0x58, 0xCD, 0xB0, 
   0x58, 0x10, 0xB1, 0x4B, 0x01, 0x2B, 0xB0, 0x0D, 0xCD, 0xB0, 
   0x0D, 0x10, 0xB0, 0x09, 0x20, 0xD6, 0x11, 0xB0, 0x30, 0xCD, 
   0xB0, 0x30, 0x2F, 0xB0, 0x09, 0xCD, 0xB0, 0x0D, 0x10, 0xB1, 
   0x72, 0x01, 0x2B, 0xB0, 0x78, 0xCD, 0xB1, 0x8D, 0x01, 0x2B, 
   0xB1, 0x37, 0x1C, 0x11, 0x12, 0xB1, 0x19, 0x24, 0x39, 0x39, 
   0xB0, 0x3F, 0x11, 0xB1, 0x26, 0x16, 0x39, 0x39, 0xB0, 0x52, 
   0x12, 0xB3, 0x29, 0x2C, 0x14, 0x46, 0x24, 0x17, 0x39, 0xB0, 
   0x58, 0x11, 0xB3, 0x2D, 0x48, 0x50, 0x12, 0x24, 0x17, 0x39, 
   0xB1, 0x4B, 0x30, 0x11, 0x12, 0xB0, 0x4D, 0x39, 0xB0, 0x09, 
   0x11, 0xB0, 0x0B, 0x39, 0xB0, 0x0D, 0x12, 0xB0, 0x60, 0x39, 
   0xB1, 0x78, 0x72, 0x11, 0x12, 0xB4, 0x64, 0x6C, 0x69, 0x7F, 
   0x80, 0x24, 0x17, 0x39, 0x00, 0xB1, 0x2D, 0x34, 0x11, 0x12, 
   0xB5, 0x09, 0x0B, 0x00, 0x1F, 0x75, 0x7D, 0x24, 0x17, 0x39, 
   0xB0, 0x83, 0x11, 0xB2, 0x23, 0x29, 0x4D, 0x39, 0x39, 0x39, 
   0xB0, 0x50, 0x12, 0xB0, 0x19, 0x39, 0xB0, 0x8A, 0x11, 0xB4, 
   0x24, 0x4B, 0x0D, 0x80, 0x86, 0x24, 0x17, 0x39, 0xB1, 0x48, 
   0x26, 0x11, 0x12, 0xB0, 0x46, 0x39, 0xB1, 0x12, 0x16, 0x11, 
   0x12, 0xB0, 0x64, 0x39, 0xB0, 0x55, 0x11, 0xB3, 0x37, 0x3B, 
   0x3F, 0x60, 0x24, 0x17, 0x39, 0xB0, 0x5C, 0x12, 0xB2, 0x43, 
   0x69, 0x6C, 0x39, 0x39, 0x39, 0x30, 0x31, 0x11, 0x14, 0x1E, 
   0x01, 0x33, 0x21, 0x32, 0x3E, 0x01, 0x35, 0x34, 0x27, 0x36, 
   0x35, 0x34, 0x2E, 0x02, 0x23, 0x22, 0x07, 0x26, 0x23, 0x22, 
   0x00, 0x07, 0x06, 0x02, 0x17, 0x34, 0x36, 0x3F, 0x01, 0x32, 
   0x35, 0x37, 0x36, 0x24, 0x33, 0x32, 0x04, 0x1F, 0x01, 0x16, 
   0x3B, 0x01, 0x32, 0x16, 0x15, 0x14, 0x06, 0x23, 0x21, 0x22, 
   0x26, 0x01, 0x14, 0x1F, 0x01, 0x16, 0x37, 0x32, 0x36, 0x34, 
   0x2F, 0x01, 0x26, 0x23, 0x22, 0x06, 0x01, 0x36, 0x33, 0x32, 
   0x16, 0x15, 0x14, 0x07, 0x26, 0x2B, 0x01, 0x26, 0x13, 0x14, 
   0x16, 0x33, 0x32, 0x36, 0x3D, 0x01, 0x34, 0x26, 0x23, 0x22, 
   0x06, 0x15, 0x01, 0x14, 0x17, 0x16, 0x33, 0x32, 0x3F, 0x01, 
   0x36, 0x35, 0x34, 0x26, 0x23, 0x22, 0x0F, 0x01, 0x06, 0x12, 
   0x14, 0x1F, 0x01, 0x16, 0x32, 0x36, 0x35, 0x34, 0x2F, 0x01, 
   0x26, 0x23, 0x22, 0x12, 0x14, 0x17, 0x16, 0x3B, 0x01, 0x32, 
   0x36, 0x34, 0x26, 0x2B, 0x01, 0x22, 0x8D, 0xF2, 0x8F, 0x04, 
   0x83, 0x8F, 0xF4, 0x8E, 0x2D, 0x7A, 0x58, 0x96, 0xCF, 0x72, 
   0xED, 0xB1, 0x7C, 0xA4, 0xE1, 0xFE, 0xA6, 0x31, 0xB3, 0xE3, 
   0xB6, 0xB3, 0x87, 0x35, 0x14, 0x07, 0x16, 0x01, 0x00, 0xAC, 
   0xB0, 0x01, 0x05, 0x10, 0x08, 0x04, 0x12, 0xAC, 0x8D, 0xCC, 
   0xCB, 0x8E, 0xFB, 0x7D, 0x8C, 0xCC, 0x02, 0xCB, 0x1A, 0x46, 
   0x28, 0x1C, 0x21, 0x34, 0x1C, 0x3F, 0x1D, 0x24, 0x27, 0x36, 
   0x02, 0x3A, 0x6F, 0x96, 0x9E, 0xDD, 0x36, 0x9B, 0xD9, 0x22, 
   0x28, 0x21, 0x32, 0x26, 0x29, 0x32, 0x33, 0x28, 0x26, 0x32, 
   0x02, 0x4D, 0x18, 0x22, 0x20, 0x1D, 0x22, 0x99, 0x1A, 0x34, 
   0x25, 0x26, 0x18, 0x9D, 0x18, 0x55, 0x1B, 0x45, 0x18, 0x4C, 
   0x33, 0x1A, 0x45, 0x1A, 0x23, 0x26, 0x67, 0x1C, 0x1A, 0x27, 
   0xDA, 0x25, 0x31, 0x31, 0x25, 0xDA, 0x26, 0x02, 0x10, 0x90, 
   0xF4, 0x8D, 0x8D, 0xF4, 0x90, 0x6A, 0x6B, 0x95, 0xCC, 0x72, 
   0xCF, 0x96, 0x58, 0xBA, 0x46, 0xFE, 0xE9, 0xDA, 0x29, 0xFE, 
   0xE2, 0xB9, 0x86, 0xC2, 0x10, 0x03, 0x13, 0x3A, 0xAD, 0xE9, 
   0xEA, 0xAC, 0x3E, 0x12, 0xCC, 0x8C, 0x91, 0xCD, 0xCF, 0x05, 
   0xAC, 0x27, 0x1C, 0x44, 0x1E, 0x03, 0x37, 0x4E, 0x18, 0x46, 
   0x1A, 0x35, 0xFE, 0x02, 0x6B, 0xDC, 0x9E, 0x64, 0x60, 0x99, 
   0xAE, 0x02, 0xBF, 0x29, 0x32, 0x32, 0x29, 0xDA, 0x26, 0x32, 
   0x32, 0x26, 0xFE, 0x31, 0x29, 0x19, 0x1A, 0x1A, 0x99, 0x1D, 
   0x27, 0x26, 0x34, 0x1A, 0x99, 0x1D, 0xFB, 0x13, 0x4C, 0x1D, 
   0x43, 0x1A, 0x35, 0x28, 0x24, 0x1A, 0x45, 0x1A, 0x02, 0x6C, 
   0x4A, 0x19, 0x1A, 0x32, 0x4C, 0x35, 0x00, 0x0A, 0x00, 0x00, 
   0xFE, 0xB1, 0x0C, 0x3D, 0x08, 0xBA, 0x00, 0x0D, 0x00, 0x1B, 
   0x00, 0x4C, 0x00, 0x5B, 0x00, 0x6B, 0x00, 0x77, 0x00, 0x85, 
   0x00, 0x94, 0x00, 0xA4, 0x00, 0xB2, 0x01, 0x18, 0x00, 0xB2, 
   0x03, 0x00, 0x00, 0x2B, 0xB0, 0x0B, 0xCD, 0xB0, 0x51, 0x2F, 
   0xB0, 0x59, 0xCD, 0xB0, 0x12, 0x2F, 0xB0, 0x1A, 0xCD, 0xB0, 
   0x32, 0x2F, 0xB0, 0x25, 0x33, 0xB0, 0x76, 0xCD, 0xB3, 0xA9, 
   0x76, 0x32, 0x08, 0x2B, 0xB0, 0xB0, 0xCD, 0xB0, 0x2B, 0x2F, 
   0xB0, 0x46, 0xCD, 0xB3, 0x6E, 0x46, 0x2B, 0x08, 0x2B, 0xB0, 
   0x44, 0x33, 0xB0, 0x42, 0xCD, 0xB0, 0x7B, 0x2F, 0xB0, 0x82, 
   0xCD, 0x01, 0xB0, 0xB3, 0x2F, 0xB0, 0x5C, 0xD6, 0xB0, 0x64, 
   0xCD, 0xB0, 0x64, 0x10, 0xB1, 0x78, 0x01, 0x2B, 0xB0, 0x7E, 
   0xCD, 0xB0, 0x7E, 0x10, 0xB1, 0x71, 0x01, 0x2B, 0xB0, 0x3D, 
   0xCD, 0xB0, 0x3D, 0x10, 0xB1, 0xA5, 0x01, 0x2B, 0xB0, 0xAD, 
   0xCD, 0xB1, 0xB4, 0x01, 0x2B, 0xB1, 0x64, 0x5C, 0x11, 0x12, 
   0xB1, 0x46, 0x2B, 0x39, 0x39, 0xB0, 0x78, 0x11, 0xB3, 0x2E, 
   0x31, 0x44, 0x6C, 0x24, 0x17, 0x39, 0xB0, 0x7E, 0x12, 0xB3, 
   0x32, 0x6E, 0x76, 0x42, 0x24, 0x17, 0x39, 0xB0, 0x71, 0x11, 
   0xB2, 0x35, 0x07, 0x73, 0x39, 0x39, 0x39, 0xB0, 0x3D, 0x12, 
   0xB3, 0x39, 0x3B, 0x16, 0x86, 0x24, 0x17, 0x39, 0xB0, 0xA5, 
   0x11, 0xB3, 0x55, 0x95, 0x9A, 0xA3, 0x24, 0x17, 0x39, 0xB0, 
   0xAD, 0x12, 0xB2, 0x90, 0x8D, 0x9E, 0x39, 0x39, 0x39, 0x00, 
   0xB1, 0x12, 0x0B, 0x11, 0x12, 0xB0, 0x9A, 0x39, 0xB0, 0x1A, 
   0x11, 0xB2, 0x95, 0x96, 0x9E, 0x39, 0x39, 0x39, 0xB0, 0x32, 
   0x12, 0xB5, 0x1C, 0x1E, 0x24, 0x37, 0x3B, 0xA3, 0x24, 0x17, 
   0x39, 0xB0, 0xA9, 0x11, 0xB2, 0x28, 0x2E, 0x73, 0x39, 0x39, 
   0x39, 0xB0, 0x76, 0x12, 0xB0, 0x49, 0x39, 0xB0, 0xB0, 0x11, 
   0xB4, 0x29, 0x71, 0x3D, 0xA5, 0xAC, 0x24, 0x17, 0x39, 0xB1, 
   0x6E, 0x2B, 0x11, 0x12, 0xB0, 0x6C, 0x39, 0xB1, 0x42, 0x46, 
   0x11, 0x12, 0xB0, 0x89, 0x39, 0xB0, 0x7B, 0x11, 0xB3, 0x5C, 
   0x61, 0x64, 0x86, 0x24, 0x17, 0x39, 0xB0, 0x82, 0x12, 0xB2, 
   0x69, 0x8D, 0x90, 0x39, 0x39, 0x39, 0x30, 0x31, 0x35, 0x14, 
   0x16, 0x33, 0x21, 0x32, 0x36, 0x35, 0x34, 0x26, 0x23, 0x21, 
   0x22, 0x06, 0x00, 0x14, 0x17, 0x16, 0x33, 0x21, 0x32, 0x36, 
   0x35, 0x34, 0x26, 0x23, 0x21, 0x22, 0x27, 0x14, 0x3B, 0x01, 
   0x32, 0x37, 0x3E, 0x01, 0x3F, 0x01, 0x32, 0x35, 0x37, 0x36, 
   0x24, 0x33, 0x32, 0x04, 0x1F, 0x01, 0x14, 0x3B, 0x01, 0x32, 
   0x16, 0x17, 0x16, 0x3B, 0x01, 0x32, 0x2F, 0x01, 0x36, 0x35, 
   0x34, 0x2E, 0x02, 0x23, 0x22, 0x07, 0x26, 0x23, 0x22, 0x00, 
   0x07, 0x04, 0x03, 0x06, 0x13, 0x14, 0x17, 0x16, 0x33, 0x21, 
   0x32, 0x36, 0x35, 0x34, 0x26, 0x23, 0x21, 0x22, 0x06, 0x01, 
   0x14, 0x1F, 0x01, 0x16, 0x33, 0x32, 0x36, 0x35, 0x34, 0x2F, 
   0x01, 0x26, 0x23, 0x22, 0x06, 0x01, 0x36, 0x33, 0x32, 0x16, 
   0x15, 0x14, 0x07, 0x26, 0x2B, 0x01, 0x26, 0x13, 0x14, 0x16, 
   0x33, 0x32, 0x36, 0x3D, 0x01, 0x34, 0x26, 0x23, 0x22, 0x06, 
   0x15, 0x01, 0x14, 0x17, 0x16, 0x3F, 0x01, 0x36, 0x35, 0x34, 
   0x26, 0x23, 0x22, 0x0F, 0x01, 0x06, 0x12, 0x14, 0x1F, 0x01, 
   0x16, 0x33, 0x32, 0x37, 0x36, 0x35, 0x34, 0x2F, 0x01, 0x26, 
   0x23, 0x22, 0x13, 0x14, 0x17, 0x16, 0x3B, 0x01, 0x32, 0x36, 
   0x34, 0x26, 0x2B, 0x01, 0x22, 0x06, 0x36, 0x28, 0x07, 0xCC, 
   0x26, 0x36, 0x36, 0x26, 0xF8, 0x34, 0x28, 0x36, 0x01, 0x18, 
   0x1B, 0x1B, 0x25, 0x07, 0xCD, 0x25, 0x33, 0x32, 0x26, 0xF8, 
   0x33, 0x26, 0x28, 0x11, 0x99, 0x0B, 0x0B, 0x26, 0x97, 0x5B, 
   0x3A, 0x12, 0x07, 0x11, 0x01, 0x03, 0xAF, 0xAD, 0x01, 0x03, 
   0x12, 0x08, 0x14, 0xAC, 0x67, 0xA9, 0x29, 0x0B, 0x0A, 0x9A, 
   0x15, 0x07, 0x15, 0x79, 0x58, 0x94, 0xD0, 0x72, 0xF7, 0xA1, 
   0x87, 0x97, 0xE0, 0xFE, 0xA3, 0x31, 0xFE, 0xE3, 0x61, 0x02, 
   0xAD, 0x1D, 0x19, 0x26, 0x07, 0xCF, 0x25, 0x36, 0x35, 0x26, 
   0xF8, 0x31, 0x26, 0x36, 0x02, 0xBD, 0x19, 0x45, 0x1B, 0x23, 
   0x24, 0x37, 0x1B, 0x44, 0x1A, 0x26, 0x27, 0x31, 0x02, 0x37, 
   0x6C, 0x97, 0x9D, 0xDD, 0x34, 0x98, 0xDA, 0x24, 0x2D, 0x25, 
   0x33, 0x25, 0x28, 0x36, 0x38, 0x26, 0x25, 0x33, 0x02, 0x4A, 
   0x1A, 0x3B, 0x48, 0x98, 0x1A, 0x34, 0x25, 0x26, 0x1A, 0x9C, 
   0x1A, 0x56, 0x1C, 0x44, 0x1A, 0x24, 0x21, 0x20, 0x1A, 0x1A, 
   0x45, 0x1C, 0x24, 0x26, 0x6A, 0x1C, 0x18, 0x27, 0xDB, 0x25, 
   0x33, 0x33, 0x25, 0xDB, 0x26, 0x35, 0x55, 0x25, 0x33, 0x33, 
   0x25, 0x26, 0x35, 0x35, 0x01, 0x4D, 0x4A, 0x19, 0x1D, 0x35, 
   0x26, 0x25, 0x33, 0xA8, 0x0E, 0x11, 0x53, 0x6A, 0x07, 0x08, 
   0x13, 0x36, 0xAD, 0xE8, 0xE6, 0xAB, 0x3E, 0x12, 0x6E, 0x5B, 
   0x11, 0x18, 0x3B, 0x96, 0xCB, 0x71, 0xCE, 0x96, 0x58, 0xB3, 
   0x43, 0xFE, 0xE7, 0xDB, 0x4B, 0xFE, 0xE6, 0x03, 0xFC, 0x63, 
   0x26, 0x1A, 0x1C, 0x36, 0x26, 0x25, 0x31, 0x31, 0x07, 0xF8, 
   0x26, 0x19, 0x44, 0x1D, 0x35, 0x27, 0x26, 0x1D, 0x41, 0x1C, 
   0x35, 0xFE, 0x06, 0x6C, 0xDE, 0x9C, 0x68, 0x58, 0x98, 0xBC, 
   0x02, 0xA8, 0x25, 0x33, 0x33, 0x25, 0xDA, 0x25, 0x36, 0x35, 
   0x26, 0xFE, 0x33, 0x24, 0x1C, 0x39, 0x39, 0x99, 0x1C, 0x28, 
   0x25, 0x34, 0x1A, 0x9D, 0x1C, 0xFB, 0x19, 0x4C, 0x1A, 0x45, 
   0x1A, 0x1A, 0x1C, 0x28, 0x24, 0x18, 0x46, 0x1A, 0x02, 0x46, 
   0x27, 0x19, 0x1B, 0x35, 0x4C, 0x34, 0x35, 0x00, 0x00, 0x00, 
   0x00, 0x0D, 0x00, 0x00, 0xFD, 0xA2, 0x0B, 0x45, 0x08, 0xC5, 
   0x00, 0x3B, 0x00, 0x48, 0x00, 0x58, 0x00, 0x68, 0x00, 0x78, 
   0x00, 0x8B, 0x00, 0x9D, 0x00, 0xAE, 0x00, 0xBA, 0x00, 0xC8, 
   0x00, 0xD7, 0x00, 0xE6, 0x00, 0xF5, 0x00, 0x00, 0x11, 0x14, 
   0x00, 0x17, 0x32, 0x3D, 0x01, 0x34, 0x23, 0x2E, 0x01, 0x35, 
   0x34, 0x36, 0x3F, 0x01, 0x32, 0x35, 0x37, 0x36, 0x24, 0x33, 
   0x32, 0x04, 0x1F, 0x01, 0x14, 0x3B, 0x01, 0x32, 0x16, 0x15, 
   0x14, 0x06, 0x07, 0x22, 0x1D, 0x01, 0x14, 0x33, 0x36, 0x00, 
   0x35, 0x34, 0x27, 0x36, 0x35, 0x34, 0x02, 0x24, 0x23, 0x22, 
   0x07, 0x26, 0x23, 0x22, 0x00, 0x07, 0x06, 0x02, 0x01, 0x16, 
   0x17, 0x16, 0x36, 0x37, 0x36, 0x26, 0x27, 0x26, 0x06, 0x07, 
   0x06, 0x13, 0x14, 0x17, 0x16, 0x33, 0x32, 0x37, 0x13, 0x36, 
   0x26, 0x27, 0x26, 0x06, 0x07, 0x03, 0x06, 0x13, 0x14, 0x17, 
   0x16, 0x17, 0x16, 0x33, 0x32, 0x37, 0x3E, 0x01, 0x2E, 0x01, 
   0x07, 0x0E, 0x01, 0x13, 0x14, 0x1F, 0x01, 0x16, 0x17, 0x16, 
   0x36, 0x35, 0x34, 0x2F, 0x01, 0x26, 0x23, 0x22, 0x06, 0x13, 
   0x14, 0x16, 0x17, 0x16, 0x33, 0x32, 0x37, 0x36, 0x37, 0x13, 
   0x36, 0x26, 0x27, 0x26, 0x06, 0x07, 0x03, 0x06, 0x25, 0x14, 
   0x17, 0x16, 0x17, 0x16, 0x33, 0x32, 0x37, 0x36, 0x37, 0x36, 
   0x26, 0x27, 0x26, 0x06, 0x07, 0x06, 0x37, 0x14, 0x16, 0x17, 
   0x16, 0x33, 0x32, 0x37, 0x13, 0x36, 0x26, 0x27, 0x26, 0x06, 
   0x07, 0x03, 0x06, 0x13, 0x36, 0x33, 0x32, 0x16, 0x15, 0x14, 
   0x07, 0x26, 0x2B, 0x01, 0x26, 0x13, 0x14, 0x16, 0x33, 0x32, 
   0x36, 0x3D, 0x01, 0x34, 0x26, 0x23, 0x22, 0x06, 0x15, 0x00, 
   0x14, 0x17, 0x16, 0x36, 0x3F, 0x01, 0x36, 0x35, 0x34, 0x26, 
   0x23, 0x22, 0x0F, 0x01, 0x13, 0x14, 0x1F, 0x01, 0x16, 0x33, 
   0x32, 0x37, 0x36, 0x34, 0x2F, 0x01, 0x26, 0x22, 0x06, 0x13, 
   0x14, 0x17, 0x16, 0x3B, 0x01, 0x32, 0x36, 0x35, 0x34, 0x26, 
   0x2B, 0x01, 0x22, 0x06, 0x01, 0x2A, 0xD6, 0x13, 0x13, 0x89, 
   0xC1, 0xB5, 0x86, 0x39, 0x15, 0x07, 0x11, 0x01, 0x03, 0xB0, 
   0xAE, 0x01, 0x07, 0x12, 0x08, 0x12, 0xAD, 0x8F, 0xD1, 0xC2, 
   0x89, 0x15, 0x15, 0xD6, 0x01, 0x28, 0x2C, 0x7E, 0x98, 0xFE, 
   0xFD, 0x97, 0xFA, 0xA6, 0x80, 0xA1, 0xE2, 0xFE, 0xA1, 0x32, 
   0xB1, 0xE6, 0x02, 0x39, 0x10, 0x21, 0x20, 0x47, 0x0C, 0x10, 
   0x1B, 0x22, 0x20, 0x45, 0x10, 0x0F, 0x52, 0x0A, 0x1F, 0x40, 
   0x33, 0x17, 0x6F, 0x0D, 0x29, 0x26, 0x23, 0x41, 0x0B, 0x6E, 
   0x03, 0xC7, 0x05, 0x0E, 0x22, 0x0F, 0x16, 0x0A, 0x16, 0x23, 
   0x1F, 0x20, 0x40, 0x22, 0x1F, 0x1B, 0x41, 0x1A, 0x45, 0x1A, 
   0x20, 0x21, 0x41, 0x1A, 0x44, 0x1E, 0x24, 0x27, 0x34, 0x0D, 
   0x22, 0x22, 0x12, 0x08, 0x18, 0x11, 0x20, 0x0E, 0xC0, 0x0B, 
   0x22, 0x24, 0x26, 0x41, 0x0B, 0xC4, 0x04, 0x01, 0x70, 0x07, 
   0x0E, 0x22, 0x11, 0x14, 0x0A, 0x16, 0x24, 0x0D, 0x0D, 0x1A, 
   0x20, 0x24, 0x44, 0x11, 0x07, 0x4D, 0x21, 0x21, 0x0E, 0x0D, 
   0x3E, 0x16, 0x6E, 0x0C, 0x26, 0x24, 0x26, 0x3D, 0x0C, 0x6D, 
   0x05, 0x72, 0x6B, 0x9E, 0x9C, 0xDE, 0x37, 0x99, 0xDD, 0x21, 
   0x2F, 0x27, 0x36, 0x26, 0x25, 0x33, 0x33, 0x25, 0x26, 0x36, 
   0x02, 0x50, 0x1B, 0x18, 0x4B, 0x1B, 0x9A, 0x1D, 0x37, 0x26, 
   0x23, 0x1A, 0x9B, 0x3B, 0x1A, 0x46, 0x17, 0x29, 0x26, 0x17, 
   0x1D, 0x1D, 0x45, 0x19, 0x4A, 0x35, 0x9C, 0x1C, 0x1C, 0x26, 
   0xD9, 0x26, 0x37, 0x36, 0x27, 0xD9, 0x28, 0x36, 0x02, 0x12, 
   0xD6, 0xFE, 0xCD, 0x0A, 0x12, 0x8F, 0x13, 0x07, 0xCD, 0x8B, 
   0x85, 0xC4, 0x10, 0x04, 0x13, 0x3B, 0xAD, 0xE9, 0xE9, 0xAD, 
   0x3E, 0x14, 0xCD, 0x8C, 0x8B, 0xCD, 0x07, 0x13, 0x8F, 0x12, 
   0x07, 0x01, 0x35, 0xD7, 0x77, 0x5F, 0x9A, 0xC9, 0x97, 0x01, 
   0x03, 0x98, 0xBB, 0x46, 0xFE, 0xE8, 0xDB, 0x2A, 0xFE, 0xE0, 
   0xFC, 0x56, 0x23, 0x0D, 0x10, 0x1B, 0x22, 0x23, 0x44, 0x0D, 
   0x11, 0x1C, 0x24, 0x1B, 0x01, 0x08, 0x16, 0x13, 0x31, 0x45, 
   0x01, 0x57, 0x27, 0x41, 0x07, 0x0B, 0x23, 0x24, 0xFE, 0xA8, 
   0x0F, 0xFD, 0x9B, 0x15, 0x0A, 0x23, 0x0D, 0x08, 0x06, 0x0D, 
   0x47, 0x46, 0x1B, 0x0E, 0x0C, 0x33, 0x09, 0x23, 0x28, 0x18, 
   0x45, 0x1A, 0x03, 0x05, 0x3B, 0x27, 0x26, 0x1A, 0x44, 0x1B, 
   0x34, 0xF7, 0xBF, 0x1A, 0x32, 0x0A, 0x04, 0x08, 0x0D, 0x30, 
   0x02, 0x8F, 0x26, 0x3F, 0x0A, 0x0B, 0x22, 0x25, 0xFD, 0x6C, 
   0x14, 0x24, 0x14, 0x0D, 0x21, 0x0E, 0x08, 0x06, 0x0E, 0x21, 
   0x23, 0x41, 0x10, 0x11, 0x1C, 0x24, 0x0D, 0xFD, 0x19, 0x2F, 
   0x0A, 0x03, 0x41, 0x01, 0x53, 0x25, 0x40, 0x0A, 0x0B, 0x22, 
   0x25, 0xFE, 0xAB, 0x16, 0x05, 0x01, 0x67, 0xDB, 0x9C, 0x64, 
   0x61, 0x9A, 0xB9, 0x02, 0xB4, 0x26, 0x36, 0x36, 0x26, 0xDC, 
   0x26, 0x36, 0x36, 0x26, 0xFE, 0x57, 0x4E, 0x19, 0x1C, 0x01, 
   0x1B, 0x9A, 0x18, 0x28, 0x26, 0x36, 0x1D, 0x99, 0xFA, 0xCA, 
   0x24, 0x1C, 0x43, 0x1D, 0x1D, 0x1A, 0x4C, 0x1B, 0x42, 0x1C, 
   0x36, 0x02, 0x82, 0x26, 0x1A, 0x1C, 0x36, 0x26, 0x25, 0x33, 
   0x33, 0x00, 0x00, 0x00, 0x00, 0x08, 0x00, 0x00, 0xFD, 0x5E, 
   0x0B, 0x35, 0x08, 0xBF, 0x00, 0x3C, 0x00, 0x4D, 0x00, 0x5C, 
   0x00, 0x68, 0x00, 0x75, 0x00, 0x85, 0x00, 0x94, 0x00, 0xA3, 
   0x01, 0x38, 0x00, 0xB2, 0x03, 0x00, 0x00, 0x2B, 0xB0, 0x27, 
   0x33, 0xB0, 0x08, 0xCD, 0xB1, 0x22, 0x42, 0x32, 0x32, 0xB0, 
   0x8B, 0x2F, 0xB0, 0x93, 0xCD, 0xB0, 0x1C, 0x2F, 0xB0, 0x67, 
   0xCD, 0xB3, 0x99, 0x67, 0x1C, 0x08, 0x2B, 0xB0, 0xA1, 0xCD, 
   0xB0, 0x15, 0x2F, 0xB0, 0x37, 0xCD, 0xB3, 0x5F, 0x37, 0x15, 
   0x08, 0x2B, 0xB0, 0x35, 0x33, 0xB0, 0x33, 0xCD, 0x01, 0xB0, 
   0xA4, 0x2F, 0xB0, 0x00, 0xD6, 0xB0, 0x0B, 0xCD, 0xB0, 0x0B, 
   0x10, 0xB1, 0x4E, 0x01, 0x2B, 0xB0, 0x55, 0xCD, 0xB0, 0x55, 
   0x10, 0xB1, 0x69, 0x01, 0x2B, 0xB0, 0x6F, 0xCD, 0xB0, 0x6F, 
   0x10, 0xB1, 0x62, 0x01, 0x2B, 0xB0, 0x2E, 0xCD, 0xB0, 0x1F, 
   0x20, 0xD6, 0x11, 0xB0, 0x2A, 0xCD, 0xB0, 0x2E, 0x10, 0xB1, 
   0x95, 0x01, 0x2B, 0xB0, 0x9D, 0xCD, 0xB3, 0x8E, 0x9D, 0x95, 
   0x08, 0x2B, 0xB0, 0x87, 0xCD, 0xB0, 0x87, 0x2F, 0xB0, 0x8E, 
   0xCD, 0xB1, 0xA5, 0x01, 0x2B, 0xB1, 0x4E, 0x0B, 0x11, 0x12, 
   0xB5, 0x05, 0x13, 0x3A, 0x3D, 0x3E, 0x4B, 0x24, 0x17, 0x39, 
   0xB0, 0x55, 0x11, 0xB2, 0x37, 0x15, 0x4D, 0x39, 0x39, 0x39, 
   0xB0, 0x69, 0x12, 0xB6, 0x18, 0x1B, 0x35, 0x40, 0x45, 0x43, 
   0x5D, 0x24, 0x17, 0x39, 0xB0, 0x6F, 0x11, 0xB6, 0x1C, 0x24, 
   0x25, 0x22, 0x5F, 0x67, 0x33, 0x24, 0x17, 0x39, 0xB1, 0x62, 
   0x1F, 0x11, 0x12, 0xB0, 0x64, 0x39, 0xB0, 0x2A, 0x11, 0xB0, 
   0x2C, 0x39, 0xB0, 0x2E, 0x12, 0xB0, 0x76, 0x39, 0xB1, 0x95, 
   0x87, 0x11, 0x12, 0xB1, 0x79, 0x93, 0x39, 0x39, 0xB0, 0x8E, 
   0x11, 0xB2, 0x81, 0x8B, 0x7E, 0x39, 0x39, 0x39, 0x00, 0xB1, 
   0x08, 0x03, 0x11, 0x12, 0xB2, 0x02, 0x4C, 0x4D, 0x39, 0x39, 
   0x39, 0xB0, 0x8B, 0x11, 0xB1, 0x09, 0x21, 0x39, 0x39, 0xB1, 
   0x1C, 0x93, 0x11, 0x12, 0xB7, 0x0B, 0x00, 0x0E, 0x1F, 0x2A, 
   0x2C, 0x46, 0x47, 0x24, 0x17, 0x39, 0xB0, 0x99, 0x11, 0xB2, 
   0x12, 0x18, 0x64, 0x39, 0x39, 0x39, 0xB0, 0x67, 0x12, 0xB0, 
   0x3A, 0x39, 0xB0, 0xA1, 0x11, 0xB4, 0x13, 0x62, 0x2E, 0x95, 
   0x9D, 0x24, 0x17, 0x39, 0xB1, 0x5F, 0x15, 0x11, 0x12, 0xB0, 
   0x5D, 0x39, 0xB1, 0x33, 0x37, 0x11, 0x12, 0xB1, 0x52, 0x79, 
   0x39, 0x39, 0x30, 0x31, 0x11, 0x14, 0x00, 0x17, 0x32, 0x3D, 
   0x01, 0x34, 0x23, 0x2E, 0x01, 0x35, 0x34, 0x36, 0x3F, 0x01, 
   0x32, 0x35, 0x37, 0x36, 0x24, 0x33, 0x32, 0x04, 0x1F, 0x01, 
   0x14, 0x3B, 0x01, 0x32, 0x16, 0x15, 0x14, 0x06, 0x07, 0x22, 
   0x1D, 0x01, 0x14, 0x33, 0x36, 0x00, 0x35, 0x34, 0x27, 0x36, 
   0x35, 0x34, 0x2E, 0x02, 0x23, 0x22, 0x07, 0x26, 0x23, 0x22, 
   0x00, 0x07, 0x06, 0x02, 0x01, 0x33, 0x01, 0x36, 0x26, 0x2B, 
   0x01, 0x13, 0x36, 0x23, 0x21, 0x22, 0x07, 0x03, 0x06, 0x3B, 
   0x01, 0x03, 0x14, 0x1F, 0x01, 0x16, 0x37, 0x36, 0x35, 0x34, 
   0x2F, 0x01, 0x26, 0x23, 0x22, 0x06, 0x01, 0x36, 0x33, 0x32, 
   0x16, 0x15, 0x14, 0x07, 0x26, 0x2B, 0x01, 0x26, 0x13, 0x14, 
   0x16, 0x33, 0x32, 0x36, 0x3D, 0x01, 0x34, 0x26, 0x22, 0x06, 
   0x15, 0x01, 0x14, 0x16, 0x33, 0x32, 0x3F, 0x01, 0x36, 0x35, 
   0x34, 0x26, 0x23, 0x22, 0x0F, 0x01, 0x06, 0x12, 0x14, 0x1F, 
   0x01, 0x16, 0x33, 0x32, 0x36, 0x35, 0x34, 0x2F, 0x01, 0x26, 
   0x23, 0x22, 0x13, 0x14, 0x17, 0x16, 0x3B, 0x01, 0x32, 0x36, 
   0x35, 0x34, 0x26, 0x2B, 0x01, 0x22, 0x06, 0x01, 0x29, 0xD6, 
   0x12, 0x12, 0x8B, 0xBE, 0xB5, 0x85, 0x38, 0x15, 0x06, 0x11, 
   0x01, 0x03, 0xB0, 0xAE, 0x01, 0x03, 0x13, 0x07, 0x14, 0xAB, 
   0x91, 0xCD, 0xBE, 0x8B, 0x15, 0x15, 0xD5, 0x01, 0x27, 0x32, 
   0x7F, 0x59, 0x96, 0xCF, 0x71, 0xF7, 0xA7, 0x89, 0x92, 0xE3, 
   0xFE, 0xA3, 0x31, 0xB0, 0xE6, 0x03, 0x20, 0x20, 0x02, 0x37, 
   0x06, 0x07, 0x0B, 0xE9, 0xF5, 0x0C, 0x1B, 0xFE, 0xC6, 0x0D, 
   0x0A, 0xE6, 0x04, 0x13, 0xE7, 0xA9, 0x1A, 0x46, 0x43, 0x3E, 
   0x1A, 0x1A, 0x44, 0x1E, 0x24, 0x25, 0x36, 0x02, 0x3A, 0x6D, 
   0x9B, 0x9C, 0xDC, 0x36, 0x9C, 0xD5, 0x21, 0x2B, 0x20, 0x33, 
   0x28, 0x26, 0x32, 0x32, 0x4C, 0x35, 0x02, 0x4C, 0x3A, 0x1E, 
   0x1A, 0x28, 0x9A, 0x1B, 0x35, 0x26, 0x23, 0x1B, 0x99, 0x1D, 
   0x57, 0x1A, 0x45, 0x1A, 0x24, 0x26, 0x35, 0x1B, 0x42, 0x1E, 
   0x24, 0x25, 0x67, 0x1C, 0x1B, 0x25, 0xDA, 0x26, 0x36, 0x37, 
   0x25, 0xDA, 0x25, 0x37, 0x02, 0x10, 0xD5, 0xFE, 0xCE, 0x0A, 
   0x12, 0x92, 0x13, 0x0B, 0xC7, 0x88, 0x86, 0xC7, 0x0B, 0x08, 
   0x12, 0x36, 0xAD, 0xE9, 0xE8, 0xAE, 0x3E, 0x12, 0xCA, 0x8E, 
   0x88, 0xC7, 0x0B, 0x13, 0x92, 0x12, 0x07, 0x01, 0x34, 0xD6, 
   0x6C, 0x71, 0x97, 0xC6, 0x72, 0xCF, 0x96, 0x58, 0xB9, 0x42, 
   0xFE, 0xEA, 0xDC, 0x29, 0xFE, 0xE1, 0xFA, 0x96, 0x03, 0x45, 
   0x07, 0x0F, 0x01, 0xC1, 0x17, 0x0F, 0xFD, 0x9E, 0x16, 0x07, 
   0x27, 0x28, 0x1A, 0x45, 0x33, 0x33, 0x1D, 0x27, 0x25, 0x1A, 
   0x45, 0x1B, 0x36, 0xFE, 0x02, 0x6D, 0xDE, 0x9E, 0x61, 0x60, 
   0x96, 0xB6, 0x02, 0xB8, 0x28, 0x34, 0x33, 0x29, 0xDA, 0x26, 
   0x32, 0x32, 0x26, 0xFE, 0x2F, 0x25, 0x36, 0x1B, 0x99, 0x1D, 
   0x26, 0x27, 0x34, 0x1B, 0x99, 0x1F, 0xFB, 0x14, 0x4A, 0x1C, 
   0x46, 0x1A, 0x36, 0x28, 0x24, 0x19, 0x46, 0x19, 0x02, 0x48, 
   0x23, 0x1A, 0x1B, 0x33, 0x25, 0x26, 0x36, 0x36, 0x00, 0x00, 
   0x00, 0x10, 0x00, 0x00, 0xFD, 0x75, 0x0B, 0x37, 0x08, 0xBA, 
   0x00, 0x3B, 0x00, 0x4B, 0x00, 0x57, 0x00, 0x67, 0x00, 0x78, 
   0x00, 0x87, 0x00, 0x92, 0x00, 0xA2, 0x00, 0xB5, 0x00, 0xC0, 
   0x00, 0xD5, 0x00, 0xE1, 0x00, 0xEF, 0x00, 0xFD, 0x01, 0x0D, 
   0x01, 0x1B, 0x00, 0x00, 0x11, 0x14, 0x00, 0x17, 0x32, 0x3D, 
   0x01, 0x34, 0x23, 0x2E, 0x01, 0x35, 0x34, 0x36, 0x3F, 0x01, 
   0x32, 0x35, 0x37, 0x36, 0x24, 0x20, 0x04, 0x1F, 0x01, 0x16, 
   0x3B, 0x01, 0x32, 0x16, 0x15, 0x14, 0x06, 0x07, 0x22, 0x1D, 
   0x01, 0x14, 0x33, 0x36, 0x00, 0x35, 0x34, 0x27, 0x36, 0x35, 
   0x34, 0x2E, 0x02, 0x23, 0x22, 0x07, 0x26, 0x23, 0x22, 0x00, 
   0x07, 0x06, 0x02, 0x01, 0x14, 0x16, 0x17, 0x16, 0x36, 0x3F, 
   0x01, 0x36, 0x26, 0x27, 0x26, 0x06, 0x0F, 0x01, 0x06, 0x13, 
   0x14, 0x17, 0x16, 0x33, 0x32, 0x36, 0x34, 0x26, 0x23, 0x22, 
   0x06, 0x37, 0x06, 0x16, 0x17, 0x16, 0x36, 0x3F, 0x01, 0x36, 
   0x26, 0x27, 0x26, 0x06, 0x0F, 0x01, 0x06, 0x13, 0x14, 0x16, 
   0x17, 0x16, 0x33, 0x32, 0x3F, 0x01, 0x36, 0x26, 0x27, 0x26, 
   0x06, 0x0F, 0x01, 0x06, 0x12, 0x14, 0x1F, 0x01, 0x1E, 0x01, 
   0x37, 0x36, 0x35, 0x34, 0x2F, 0x01, 0x26, 0x27, 0x22, 0x03, 
   0x14, 0x16, 0x33, 0x32, 0x36, 0x35, 0x34, 0x26, 0x22, 0x06, 
   0x37, 0x06, 0x16, 0x17, 0x16, 0x36, 0x3F, 0x01, 0x36, 0x26, 
   0x27, 0x26, 0x06, 0x0F, 0x01, 0x06, 0x05, 0x14, 0x16, 0x17, 
   0x32, 0x16, 0x33, 0x32, 0x3F, 0x01, 0x36, 0x26, 0x27, 0x26, 
   0x06, 0x0F, 0x01, 0x14, 0x06, 0x13, 0x14, 0x17, 0x16, 0x32, 
   0x36, 0x35, 0x34, 0x26, 0x22, 0x06, 0x37, 0x14, 0x16, 0x17, 
   0x32, 0x16, 0x33, 0x32, 0x37, 0x36, 0x3F, 0x01, 0x36, 0x26, 
   0x27, 0x26, 0x06, 0x0F, 0x01, 0x14, 0x06, 0x13, 0x36, 0x33, 
   0x32, 0x16, 0x15, 0x14, 0x07, 0x26, 0x2B, 0x01, 0x26, 0x13, 
   0x14, 0x16, 0x33, 0x32, 0x36, 0x3D, 0x01, 0x34, 0x26, 0x23, 
   0x22, 0x06, 0x15, 0x00, 0x14, 0x17, 0x16, 0x3F, 0x01, 0x36, 
   0x35, 0x34, 0x26, 0x23, 0x22, 0x0F, 0x01, 0x12, 0x14, 0x1F, 
   0x01, 0x16, 0x33, 0x32, 0x37, 0x36, 0x35, 0x34, 0x2F, 0x01, 
   0x26, 0x22, 0x07, 0x13, 0x14, 0x17, 0x16, 0x3B, 0x01, 0x32, 
   0x36, 0x34, 0x26, 0x2B, 0x01, 0x22, 0x06, 0x01, 0x24, 0xD6, 
   0x13, 0x13, 0x89, 0xBC, 0xB4, 0x86, 0x38, 0x11, 0x08, 0x14, 
   0x00, 0xFF, 0x01, 0x5E, 0x01, 0x05, 0x11, 0x07, 0x04, 0x13, 
   0xAB, 0x8E, 0xCC, 0xBC, 0x89, 0x15, 0x15, 0xD5, 0x01, 0x24, 
   0x29, 0x7C, 0x58, 0x96, 0xCF, 0x72, 0xF6, 0xA6, 0x8F, 0x95, 
   0xE2, 0xFE, 0xA7, 0x31, 0xB4, 0xE2, 0x02, 0x3B, 0x23, 0x21, 
   0x25, 0x3F, 0x0B, 0x0F, 0x08, 0x25, 0x25, 0x24, 0x40, 0x0A, 
   0x0F, 0x03, 0x52, 0x1A, 0x19, 0x23, 0x26, 0x35, 0x35, 0x26, 
   0x25, 0x31, 0x41, 0x02, 0x20, 0x23, 0x21, 0x43, 0x0B, 0x1D, 
   0x0C, 0x26, 0x27, 0x23, 0x41, 0x0B, 0x1A, 0x03, 0x7B, 0x22, 
   0x23, 0x0E, 0x0C, 0x45, 0x10, 0x0E, 0x0A, 0x26, 0x25, 0x22, 
   0x42, 0x0B, 0x0E, 0x04, 0x3C, 0x1A, 0x46, 0x16, 0x47, 0x1F, 
   0x1A, 0x1A, 0x43, 0x19, 0x26, 0x25, 0x1D, 0x34, 0x24, 0x26, 
   0x32, 0x32, 0x4C, 0x32, 0x42, 0x02, 0x21, 0x20, 0x25, 0x3E, 
   0x0D, 0x1C, 0x0B, 0x25, 0x26, 0x23, 0x42, 0x0B, 0x18, 0x03, 
   0x01, 0x27, 0x20, 0x21, 0x05, 0x14, 0x05, 0x41, 0x10, 0x0F, 
   0x0B, 0x25, 0x24, 0x28, 0x41, 0x0B, 0x0A, 0x03, 0x4F, 0x1A, 
   0x18, 0x4C, 0x32, 0x32, 0x4C, 0x32, 0x41, 0x22, 0x23, 0x03, 
   0x14, 0x05, 0x11, 0x16, 0x21, 0x0A, 0x1A, 0x0A, 0x23, 0x24, 
   0x25, 0x3F, 0x0B, 0x1E, 0x03, 0x25, 0x6A, 0x9D, 0x9E, 0xDE, 
   0x39, 0x9D, 0xD8, 0x21, 0x2D, 0x29, 0x31, 0x26, 0x27, 0x36, 
   0x37, 0x26, 0x25, 0x32, 0x02, 0x4D, 0x18, 0x39, 0x48, 0x99, 
   0x1B, 0x35, 0x26, 0x25, 0x1C, 0x99, 0x3B, 0x1D, 0x41, 0x20, 
   0x21, 0x20, 0x20, 0x1B, 0x1B, 0x45, 0x18, 0x4A, 0x1B, 0x81, 
   0x1C, 0x1D, 0x25, 0xD8, 0x25, 0x33, 0x33, 0x25, 0xD8, 0x26, 
   0x38, 0x02, 0x0B, 0xD4, 0xFE, 0xD2, 0x0A, 0x12, 0x8E, 0x13, 
   0x07, 0xC7, 0x8B, 0x87, 0xC6, 0x0B, 0x08, 0x0F, 0x3B, 0xAF, 
   0xE6, 0xE6, 0xAC, 0x3E, 0x12, 0xCD, 0x90, 0x8B, 0xC7, 0x07, 
   0x13, 0x8E, 0x12, 0x07, 0x01, 0x30, 0xD5, 0x6C, 0x6A, 0x9A, 
   0xCB, 0x71, 0xCF, 0x96, 0x59, 0xBA, 0x46, 0xFE, 0xE8, 0xDC, 
   0x29, 0xFE, 0xE1, 0xFC, 0x58, 0x1B, 0x36, 0x0A, 0x0B, 0x1E, 
   0x2D, 0x41, 0x24, 0x3F, 0x0B, 0x0B, 0x26, 0x26, 0x3F, 0x09, 
   0x01, 0x2A, 0x23, 0x1A, 0x1B, 0x33, 0x4A, 0x33, 0x32, 0xCD, 
   0x19, 0x2F, 0x0B, 0x0A, 0x23, 0x25, 0x60, 0x27, 0x3D, 0x0B, 
   0x0B, 0x24, 0x23, 0x62, 0x1B, 0xFC, 0x8A, 0x1B, 0x33, 0x0A, 
   0x03, 0x41, 0x3F, 0x29, 0x40, 0x07, 0x0B, 0x25, 0x24, 0x3F, 
   0x12, 0x09, 0x7A, 0x4C, 0x1A, 0x44, 0x19, 0x05, 0x1E, 0x1A, 
   0x25, 0x26, 0x1A, 0x45, 0x19, 0x03, 0xF7, 0x80, 0x24, 0x34, 
   0x32, 0x26, 0x25, 0x32, 0x32, 0xCD, 0x18, 0x34, 0x06, 0x0A, 
   0x20, 0x2C, 0x60, 0x23, 0x40, 0x0B, 0x0B, 0x27, 0x25, 0x60, 
   0x0D, 0xF5, 0x1B, 0x31, 0x0A, 0x04, 0x46, 0x40, 0x22, 0x42, 
   0x0B, 0x0A, 0x25, 0x26, 0x3F, 0x02, 0x14, 0x01, 0x36, 0x25, 
   0x18, 0x1A, 0x32, 0x25, 0x26, 0x32, 0x32, 0xD1, 0x1B, 0x31, 
   0x0A, 0x04, 0x0A, 0x11, 0x27, 0x60, 0x24, 0x3F, 0x0B, 0x0B, 
   0x22, 0x25, 0x61, 0x03, 0x11, 0x04, 0x07, 0x6A, 0xD9, 0x9C, 
   0x6A, 0x5E, 0x9D, 0xAF, 0x02, 0xB9, 0x25, 0x31, 0x31, 0x25, 
   0xDC, 0x25, 0x36, 0x35, 0x26, 0xFE, 0x5A, 0x50, 0x18, 0x39, 
   0x39, 0x99, 0x1B, 0x28, 0x26, 0x35, 0x1A, 0x9E, 0xFA, 0xF6, 
   0x4A, 0x1A, 0x43, 0x1A, 0x1A, 0x19, 0x26, 0x24, 0x1E, 0x41, 
   0x1B, 0x1B, 0x02, 0x65, 0x26, 0x19, 0x1D, 0x36, 0x4C, 0x35, 
   0x36, 0x00, 0x00, 0x00, 0x00, 0x0C, 0x00, 0x00, 0xFD, 0x66, 
   0x0B, 0x46, 0x08, 0xC1, 0x00, 0x40, 0x00, 0x4D, 0x00, 0x5D, 
   0x00, 0x6F, 0x00, 0x7F, 0x00, 0x8F, 0x00, 0xA1, 0x00, 0xAD, 
   0x00, 0xBB, 0x00, 0xCA, 0x00, 0xDB, 0x00, 0xEA, 0x00, 0x00, 
   0x11, 0x14, 0x12, 0x17, 0x16, 0x3F, 0x01, 0x22, 0x26, 0x35, 
   0x34, 0x36, 0x3F, 0x01, 0x32, 0x35, 0x37, 0x36, 0x24, 0x33, 
   0x32, 0x04, 0x1F, 0x01, 0x16, 0x3B, 0x01, 0x32, 0x16, 0x15, 
   0x14, 0x06, 0x07, 0x06, 0x07, 0x03, 0x06, 0x16, 0x17, 0x16, 
   0x36, 0x37, 0x13, 0x3E, 0x02, 0x35, 0x34, 0x27, 0x36, 0x35, 
   0x34, 0x2E, 0x02, 0x23, 0x22, 0x07, 0x26, 0x23, 0x22, 0x00, 
   0x07, 0x06, 0x02, 0x01, 0x16, 0x17, 0x16, 0x36, 0x37, 0x36, 
   0x26, 0x27, 0x26, 0x06, 0x07, 0x06, 0x13, 0x15, 0x16, 0x17, 
   0x16, 0x36, 0x37, 0x13, 0x36, 0x26, 0x27, 0x26, 0x06, 0x07, 
   0x03, 0x06, 0x13, 0x14, 0x17, 0x16, 0x17, 0x16, 0x33, 0x32, 
   0x37, 0x36, 0x37, 0x36, 0x26, 0x27, 0x26, 0x06, 0x07, 0x06, 
   0x37, 0x15, 0x16, 0x17, 0x16, 0x36, 0x37, 0x01, 0x36, 0x26, 
   0x27, 0x26, 0x06, 0x07, 0x01, 0x06, 0x13, 0x14, 0x1F, 0x01, 
   0x16, 0x17, 0x16, 0x36, 0x35, 0x34, 0x2F, 0x01, 0x26, 0x23, 
   0x22, 0x06, 0x01, 0x14, 0x17, 0x16, 0x17, 0x16, 0x33, 0x32, 
   0x37, 0x36, 0x37, 0x36, 0x26, 0x27, 0x26, 0x06, 0x07, 0x06, 
   0x01, 0x36, 0x33, 0x32, 0x16, 0x15, 0x14, 0x07, 0x26, 0x2B, 
   0x01, 0x26, 0x13, 0x14, 0x16, 0x33, 0x32, 0x36, 0x3D, 0x01, 
   0x34, 0x26, 0x23, 0x22, 0x06, 0x15, 0x00, 0x14, 0x17, 0x1E, 
   0x01, 0x3F, 0x01, 0x36, 0x35, 0x34, 0x26, 0x23, 0x22, 0x0F, 
   0x01, 0x12, 0x14, 0x1F, 0x01, 0x16, 0x17, 0x33, 0x32, 0x37, 
   0x36, 0x35, 0x34, 0x2F, 0x01, 0x26, 0x23, 0x22, 0x13, 0x14, 
   0x17, 0x16, 0x3B, 0x01, 0x32, 0x36, 0x35, 0x34, 0x26, 0x2B, 
   0x01, 0x22, 0x06, 0xD6, 0xA8, 0x0F, 0x0B, 0x7D, 0x8F, 0xCC, 
   0xB5, 0x87, 0x34, 0x15, 0x08, 0x11, 0x01, 0x04, 0xAF, 0xB0, 
   0x01, 0x06, 0x11, 0x07, 0x07, 0x10, 0xAF, 0x8D, 0xCC, 0xB5, 
   0x82, 0x4E, 0x12, 0xEA, 0x16, 0x0A, 0x1C, 0x18, 0x4F, 0x18, 
   0xCD, 0x83, 0xD9, 0x7E, 0x2D, 0x7E, 0x5A, 0x97, 0xD0, 0x72, 
   0xF0, 0xAE, 0x7F, 0xA3, 0xE2, 0xFE, 0xA4, 0x2F, 0xB5, 0xE9, 
   0x01, 0xA0, 0x0C, 0x25, 0x23, 0x48, 0x0D, 0x0F, 0x1D, 0x21, 
   0x23, 0x47, 0x0D, 0x0D, 0xCB, 0x03, 0x1D, 0x1C, 0x4E, 0x16, 
   0xE9, 0x17, 0x06, 0x1C, 0x1D, 0x4D, 0x1A, 0xE5, 0x15, 0x37, 
   0x06, 0x0E, 0x23, 0x12, 0x14, 0x0F, 0x12, 0x22, 0x0D, 0x10, 
   0x1B, 0x22, 0x23, 0x49, 0x0C, 0x08, 0xB2, 0x03, 0x20, 0x18, 
   0x50, 0x18, 0x01, 0xBA, 0x16, 0x08, 0x1D, 0x1D, 0x4A, 0x17, 
   0xFE, 0x44, 0x14, 0x3E, 0x1D, 0x41, 0x19, 0x21, 0x21, 0x41, 
   0x1A, 0x45, 0x18, 0x26, 0x27, 0x36, 0x01, 0x3A, 0x07, 0x0E, 
   0x22, 0x11, 0x14, 0x0A, 0x16, 0x24, 0x0D, 0x10, 0x1B, 0x22, 
   0x23, 0x49, 0x0D, 0x07, 0x01, 0x01, 0x71, 0x97, 0x9E, 0xE0, 
   0x37, 0x9B, 0xD8, 0x24, 0x2C, 0x21, 0x35, 0x26, 0x27, 0x36, 
   0x37, 0x26, 0x25, 0x36, 0x02, 0x53, 0x18, 0x1C, 0x4B, 0x17, 
   0x9F, 0x1A, 0x37, 0x25, 0x23, 0x1D, 0x9B, 0x3B, 0x1A, 0x46, 
   0x1A, 0x20, 0x06, 0x1C, 0x26, 0x1A, 0x1A, 0x46, 0x1A, 0x25, 
   0x27, 0x6A, 0x1A, 0x1A, 0x26, 0xDA, 0x26, 0x36, 0x36, 0x26, 
   0xDA, 0x26, 0x34, 0x02, 0x0F, 0xB4, 0xFE, 0xE5, 0x2F, 0x02, 
   0x0A, 0x96, 0xCF, 0x91, 0x85, 0xC4, 0x10, 0x03, 0x14, 0x3A, 
   0xAD, 0xEA, 0xEA, 0xAD, 0x3F, 0x12, 0xCB, 0x8E, 0x87, 0xCA, 
   0x0B, 0x09, 0x15, 0xFE, 0xD3, 0x1E, 0x4A, 0x17, 0x1B, 0x0A, 
   0x21, 0x01, 0x06, 0x0D, 0x94, 0xEA, 0x85, 0x73, 0x63, 0x99, 
   0xCA, 0x71, 0xD0, 0x96, 0x5A, 0xBA, 0x46, 0xFE, 0xE7, 0xDB, 
   0x29, 0xFE, 0xE0, 0xFB, 0xD8, 0x23, 0x10, 0x10, 0x1E, 0x23, 
   0x21, 0x43, 0x10, 0x10, 0x1C, 0x23, 0x29, 0x01, 0x0B, 0x0C, 
   0x23, 0x18, 0x18, 0x06, 0x1C, 0x01, 0x2D, 0x1D, 0x4D, 0x16, 
   0x18, 0x08, 0x1D, 0xFE, 0xD5, 0x1A, 0xFD, 0xDB, 0x0A, 0x16, 
   0x23, 0x0E, 0x07, 0x05, 0x0D, 0x22, 0x23, 0x48, 0x0D, 0x10, 
   0x1D, 0x22, 0x11, 0xE9, 0x0B, 0x24, 0x1A, 0x1A, 0x09, 0x20, 
   0x02, 0x2E, 0x20, 0x49, 0x1A, 0x17, 0x09, 0x1D, 0xFD, 0xCF, 
   0x18, 0x08, 0x55, 0x27, 0x18, 0x46, 0x19, 0x03, 0x05, 0x3A, 
   0x27, 0x24, 0x1C, 0x45, 0x1A, 0x34, 0xF6, 0xEC, 0x13, 0x0E, 
   0x23, 0x0E, 0x08, 0x06, 0x0E, 0x23, 0x23, 0x47, 0x0D, 0x10, 
   0x1C, 0x22, 0x12, 0x07, 0x03, 0x67, 0xDB, 0x9C, 0x6A, 0x5C, 
   0x9B, 0xB8, 0x02, 0xB4, 0x25, 0x33, 0x33, 0x25, 0xDD, 0x25, 
   0x36, 0x35, 0x26, 0xFE, 0x56, 0x4C, 0x1A, 0x1B, 0x01, 0x1C, 
   0x9A, 0x1A, 0x27, 0x26, 0x37, 0x1B, 0x9D, 0xFA, 0xF0, 0x4C, 
   0x1A, 0x43, 0x1A, 0x03, 0x1D, 0x1A, 0x24, 0x26, 0x1D, 0x42, 
   0x1B, 0x02, 0x4D, 0x26, 0x1A, 0x1D, 0x37, 0x26, 0x25, 0x33, 
   0x33, 0x00, 0x00, 0x00, 0x00, 0x0A, 0x00, 0x00, 0xFD, 0x92, 
   0x0B, 0x3E, 0x08, 0xC0, 0x00, 0x3B, 0x00, 0x4C, 0x00, 0x5E, 
   0x00, 0x6D, 0x00, 0x7F, 0x00, 0x8B, 0x00, 0x99, 0x00, 0xA9, 
   0x00, 0xB8, 0x00, 0xC6, 0x01, 0xA3, 0x00, 0xB2, 0x03, 0x00, 
   0x00, 0x2B, 0xB0, 0x27, 0x33, 0xB0, 0x08, 0xCD, 0xB0, 0x22, 
   0x32, 0xB0, 0x1C, 0x2F, 0xB0, 0x0F, 0x33, 0xB0, 0x8A, 0xCD, 
   0xB3, 0xBD, 0x8A, 0x1C, 0x08, 0x2B, 0xB0, 0xC5, 0xCD, 0xB0, 
   0x15, 0x2F, 0xB0, 0x36, 0xCD, 0xB3, 0x82, 0x36, 0x15, 0x08, 
   0x2B, 0xB0, 0x34, 0x33, 0xB0, 0x32, 0xCD, 0xB0, 0x64, 0x2F, 
   0xB0, 0x6C, 0xCD, 0x01, 0xB0, 0xC7, 0x2F, 0xB0, 0x00, 0xD6, 
   0xB0, 0x0B, 0xCD, 0xB0, 0x0B, 0x10, 0xB1, 0x3C, 0x01, 0x2B, 
   0xB0, 0x11, 0x32, 0xB0, 0x43, 0xCD, 0xB0, 0x43, 0x10, 0xB1, 
   0x60, 0x01, 0x2B, 0xB0, 0x67, 0xCD, 0xB0, 0x67, 0x10, 0xB1, 
   0x8C, 0x01, 0x2B, 0xB0, 0x92, 0xCD, 0xB0, 0x92, 0x10, 0xB1, 
   0x85, 0x01, 0x2B, 0xB0, 0x2E, 0xCD, 0xB0, 0x1F, 0x20, 0xD6, 
   0x11, 0xB0, 0x2A, 0xCD, 0xB3, 0x9A, 0x2E, 0x85, 0x08, 0x2B, 
   0xB0, 0xA2, 0xCD, 0xB0, 0xB3, 0x32, 0xB0, 0xA2, 0x10, 0xB0, 
   0xAB, 0xCD, 0xB0, 0xAB, 0x2F, 0xB0, 0x2E, 0x10, 0xB1, 0xBA, 
   0x01, 0x2B, 0xB0, 0xC1, 0xCD, 0xB1, 0xC8, 0x01, 0x2B, 0xB0, 
   0x36, 0x1A, 0xBA, 0x3D, 0xCF, 0xEF, 0x66, 0x00, 0x15, 0x2B, 
   0x0A, 0x0E, 0xB0, 0x5D, 0x10, 0xB0, 0x5C, 0xC0, 0xB1, 0x55, 
   0x01, 0xF9, 0xB0, 0x56, 0xC0, 0xBA, 0x3D, 0xCB, 0xEF, 0x58, 
   0x00, 0x15, 0x2B, 0x0A, 0xB0, 0x7E, 0x10, 0xB0, 0x7D, 0xC0, 
   0xB1, 0x76, 0x02, 0xF9, 0xB0, 0x77, 0xC0, 0x00, 0xB7, 0x55, 
   0x56, 0x5C, 0x5D, 0x76, 0x77, 0x7D, 0x7E, 0x2E, 0x2E, 0x2E, 
   0x2E, 0x2E, 0x2E, 0x2E, 0x2E, 0x01, 0xB7, 0x55, 0x56, 0x5C, 
   0x5D, 0x76, 0x77, 0x7D, 0x7E, 0x2E, 0x2E, 0x2E, 0x2E, 0x2E, 
   0x2E, 0x2E, 0x2E, 0xB0, 0x40, 0x1A, 0x01, 0xB1, 0x3C, 0x0B, 
   0x11, 0x12, 0xB1, 0x05, 0x39, 0x39, 0x39, 0xB0, 0x43, 0x11, 
   0xB1, 0x13, 0x12, 0x39, 0x39, 0xB0, 0x60, 0x12, 0xB0, 0x4D, 
   0x39, 0xB0, 0x67, 0x11, 0xB3, 0x36, 0x15, 0x52, 0x45, 0x24, 
   0x17, 0x39, 0xB0, 0x8C, 0x12, 0xB4, 0x18, 0x1B, 0x34, 0x6E, 
   0x80, 0x24, 0x17, 0x39, 0xB0, 0x92, 0x11, 0xB6, 0x1C, 0x24, 
   0x25, 0x22, 0x32, 0x82, 0x8A, 0x24, 0x17, 0x39, 0xB1, 0x85, 
   0x1F, 0x11, 0x12, 0xB0, 0x87, 0x39, 0xB0, 0x2A, 0x11, 0xB0, 
   0x2C, 0x39, 0xB1, 0xBA, 0xAB, 0x11, 0x12, 0xB0, 0xB7, 0x39, 
   0xB0, 0xA2, 0x11, 0xB1, 0xA5, 0xAF, 0x39, 0x39, 0x00, 0xB1, 
   0x08, 0x03, 0x11, 0x12, 0xB0, 0x02, 0x39, 0xB0, 0x1C, 0x11, 
   0x40, 0x09, 0x00, 0x0E, 0x2A, 0x2C, 0x48, 0x5A, 0x7B, 0xB0, 
   0xB7, 0x24, 0x17, 0x39, 0xB0, 0xBD, 0x12, 0xB2, 0x12, 0x18, 
   0x87, 0x39, 0x39, 0x39, 0xB0, 0x8A, 0x11, 0xB0, 0x39, 0x39, 
   0xB0, 0xC5, 0x12, 0xB4, 0x13, 0x85, 0x2E, 0xBA, 0xC1, 0x24, 
   0x17, 0x39, 0xB1, 0x82, 0x15, 0x11, 0x12, 0xB0, 0x80, 0x39, 
   0xB1, 0x32, 0x36, 0x11, 0x12, 0xB1, 0x9D, 0x9E, 0x39, 0x39, 
   0xB1, 0x6C, 0x64, 0x11, 0x12, 0xB3, 0x8F, 0x9A, 0xA2, 0xA5, 
   0x24, 0x17, 0x39, 0x30, 0x31, 0x11, 0x14, 0x00, 0x17, 0x32, 
   0x3D, 0x01, 0x34, 0x23, 0x2E, 0x01, 0x35, 0x34, 0x36, 0x3F, 
   0x01, 0x32, 0x35, 0x37, 0x36, 0x24, 0x33, 0x32, 0x04, 0x1F, 
   0x01, 0x14, 0x3B, 0x01, 0x32, 0x16, 0x15, 0x14, 0x06, 0x07, 
   0x22, 0x1D, 0x01, 0x14, 0x33, 0x36, 0x00, 0x35, 0x34, 0x27, 
   0x36, 0x35, 0x34, 0x02, 0x24, 0x23, 0x22, 0x07, 0x26, 0x23, 
   0x22, 0x00, 0x07, 0x06, 0x02, 0x01, 0x14, 0x16, 0x17, 0x16, 
   0x33, 0x32, 0x37, 0x13, 0x36, 0x26, 0x27, 0x26, 0x06, 0x07, 
   0x03, 0x06, 0x01, 0x14, 0x16, 0x17, 0x16, 0x33, 0x32, 0x36, 
   0x37, 0x01, 0x36, 0x26, 0x27, 0x26, 0x06, 0x07, 0x01, 0x06, 
   0x12, 0x14, 0x1F, 0x01, 0x16, 0x33, 0x32, 0x36, 0x35, 0x34, 
   0x2F, 0x01, 0x26, 0x23, 0x22, 0x01, 0x14, 0x16, 0x17, 0x16, 
   0x33, 0x32, 0x36, 0x37, 0x13, 0x36, 0x26, 0x27, 0x26, 0x06, 
   0x07, 0x03, 0x06, 0x13, 0x36, 0x33, 0x32, 0x16, 0x15, 0x14, 
   0x07, 0x26, 0x2B, 0x01, 0x26, 0x13, 0x14, 0x16, 0x33, 0x32, 
   0x36, 0x3D, 0x01, 0x34, 0x26, 0x23, 0x22, 0x06, 0x15, 0x01, 
   0x14, 0x17, 0x1E, 0x01, 0x3F, 0x01, 0x36, 0x35, 0x34, 0x26, 
   0x23, 0x22, 0x0F, 0x01, 0x06, 0x12, 0x14, 0x1F, 0x01, 0x16, 
   0x33, 0x17, 0x32, 0x36, 0x35, 0x34, 0x2F, 0x01, 0x26, 0x22, 
   0x12, 0x14, 0x17, 0x16, 0x3B, 0x01, 0x32, 0x36, 0x35, 0x34, 
   0x26, 0x2B, 0x01, 0x22, 0x01, 0x29, 0xD7, 0x12, 0x12, 0x89, 
   0xC1, 0xB5, 0x86, 0x38, 0x15, 0x07, 0x11, 0x01, 0x03, 0xAF, 
   0xAE, 0x01, 0x06, 0x12, 0x08, 0x12, 0xAD, 0x8E, 0xCF, 0xC0, 
   0x89, 0x14, 0x14, 0xD5, 0x01, 0x29, 0x2D, 0x7D, 0x97, 0xFE, 
   0xFE, 0x97, 0xF9, 0xA5, 0x83, 0x9E, 0xE2, 0xFE, 0xA2, 0x31, 
   0xB1, 0xE6, 0x02, 0x40, 0x23, 0x23, 0x12, 0x0B, 0x3F, 0x13, 
   0xA9, 0x0B, 0x27, 0x25, 0x23, 0x41, 0x0B, 0xA9, 0x05, 0x01, 
   0x16, 0x20, 0x27, 0x12, 0x0A, 0x19, 0x2E, 0x06, 0x01, 0x00, 
   0x0A, 0x23, 0x24, 0x25, 0x41, 0x0A, 0xFF, 0x00, 0x03, 0x2D, 
   0x1B, 0x45, 0x1F, 0x23, 0x22, 0x38, 0x1A, 0x44, 0x1D, 0x23, 
   0x27, 0x01, 0x57, 0x21, 0x21, 0x12, 0x09, 0x1C, 0x31, 0x07, 
   0xA9, 0x0A, 0x23, 0x24, 0x26, 0x3F, 0x0A, 0xA9, 0x05, 0xAE, 
   0x71, 0x97, 0x9D, 0xDC, 0x37, 0x9B, 0xD9, 0x23, 0x2D, 0x26, 
   0x36, 0x26, 0x25, 0x33, 0x32, 0x26, 0x28, 0x34, 0x02, 0x4E, 
   0x1D, 0x16, 0x49, 0x1E, 0x9A, 0x1C, 0x35, 0x27, 0x21, 0x1D, 
   0x99, 0x1D, 0x57, 0x1A, 0x45, 0x1C, 0x24, 0x02, 0x24, 0x34, 
   0x1C, 0x42, 0x1D, 0x4A, 0x67, 0x1C, 0x1C, 0x26, 0xD9, 0x26, 
   0x36, 0x36, 0x26, 0xD9, 0x26, 0x02, 0x11, 0xD5, 0xFE, 0xCD, 
   0x0A, 0x12, 0x8F, 0x12, 0x07, 0xCD, 0x8B, 0x84, 0xC4, 0x10, 
   0x05, 0x12, 0x3A, 0xAD, 0xEA, 0xEA, 0xAD, 0x3D, 0x14, 0xCC, 
   0x8C, 0x8B, 0xCD, 0x07, 0x12, 0x8F, 0x12, 0x07, 0x01, 0x35, 
   0xD6, 0x73, 0x63, 0x9B, 0xC6, 0x98, 0x01, 0x03, 0x96, 0xBA, 
   0x46, 0xFE, 0xE7, 0xDA, 0x2A, 0xFE, 0xE1, 0xFC, 0x6D, 0x1B, 
   0x33, 0x0A, 0x04, 0x44, 0x02, 0x73, 0x26, 0x42, 0x07, 0x0B, 
   0x24, 0x24, 0xFD, 0x8A, 0x14, 0xFE, 0xB4, 0x1E, 0x33, 0x06, 
   0x04, 0x25, 0x21, 0x03, 0xB9, 0x25, 0x3F, 0x0B, 0x0B, 0x24, 
   0x24, 0xFC, 0x47, 0x1B, 0x09, 0x67, 0x4C, 0x1B, 0x46, 0x18, 
   0x32, 0x26, 0x27, 0x1D, 0x45, 0x1B, 0xF7, 0xA6, 0x1A, 0x31, 
   0x0A, 0x04, 0x1F, 0x25, 0x02, 0x73, 0x25, 0x3F, 0x0B, 0x0B, 
   0x24, 0x24, 0xFD, 0x8A, 0x17, 0x06, 0x22, 0x6B, 0xDD, 0x9E, 
   0x64, 0x61, 0x9B, 0xBA, 0x02, 0xB0, 0x25, 0x33, 0x32, 0x26, 
   0xDB, 0x29, 0x34, 0x35, 0x28, 0xFE, 0x32, 0x27, 0x18, 0x19, 
   0x05, 0x1E, 0x99, 0x1B, 0x28, 0x27, 0x34, 0x1B, 0x9A, 0x1B, 
   0xFB, 0x0E, 0x4C, 0x1D, 0x43, 0x16, 0x02, 0x34, 0x27, 0x26, 
   0x18, 0x46, 0x1A, 0x02, 0x6E, 0x4C, 0x19, 0x1C, 0x36, 0x25, 
   0x26, 0x37, 0x00, 0x00, 0x00, 0x0D, 0x00, 0x00, 0xFD, 0x98, 
   0x0B, 0x35, 0x08, 0xB6, 0x00, 0x3D, 0x00, 0x4D, 0x00, 0x5C, 
   0x00, 0x70, 0x00, 0x7E, 0x00, 0x8E, 0x00, 0xA0, 0x00, 0xB1, 
   0x00, 0xBD, 0x00, 0xC9, 0x00, 0xD8, 0x00, 0xE7, 0x00, 0xF5, 
   0x00, 0x00, 0x11, 0x14, 0x00, 0x17, 0x32, 0x3D, 0x01, 0x34, 
   0x23, 0x2E, 0x01, 0x35, 0x34, 0x36, 0x3F, 0x01, 0x32, 0x35, 
   0x37, 0x36, 0x24, 0x33, 0x32, 0x04, 0x1F, 0x01, 0x14, 0x3B, 
   0x01, 0x32, 0x16, 0x15, 0x14, 0x06, 0x07, 0x22, 0x1D, 0x01, 
   0x14, 0x33, 0x3E, 0x02, 0x35, 0x34, 0x27, 0x36, 0x35, 0x34, 
   0x2E, 0x02, 0x23, 0x22, 0x07, 0x26, 0x23, 0x22, 0x00, 0x07, 
   0x06, 0x02, 0x01, 0x14, 0x16, 0x17, 0x16, 0x36, 0x3F, 0x01, 
   0x36, 0x26, 0x27, 0x26, 0x06, 0x0F, 0x01, 0x06, 0x13, 0x14, 
   0x17, 0x16, 0x36, 0x3F, 0x01, 0x36, 0x26, 0x27, 0x26, 0x06, 
   0x0F, 0x01, 0x06, 0x13, 0x14, 0x16, 0x17, 0x32, 0x16, 0x33, 
   0x32, 0x37, 0x36, 0x3F, 0x01, 0x36, 0x26, 0x27, 0x26, 0x06, 
   0x0F, 0x01, 0x06, 0x13, 0x14, 0x1F, 0x01, 0x16, 0x37, 0x36, 
   0x34, 0x2F, 0x01, 0x26, 0x23, 0x22, 0x06, 0x13, 0x14, 0x16, 
   0x17, 0x16, 0x36, 0x3F, 0x01, 0x36, 0x26, 0x27, 0x26, 0x06, 
   0x0F, 0x01, 0x06, 0x05, 0x16, 0x1F, 0x01, 0x32, 0x36, 0x3F, 
   0x01, 0x36, 0x26, 0x27, 0x26, 0x06, 0x0F, 0x01, 0x0E, 0x02, 
   0x13, 0x14, 0x16, 0x1F, 0x01, 0x32, 0x36, 0x3F, 0x01, 0x36, 
   0x26, 0x27, 0x26, 0x06, 0x0F, 0x01, 0x06, 0x13, 0x36, 0x33, 
   0x32, 0x16, 0x15, 0x14, 0x07, 0x26, 0x2B, 0x01, 0x26, 0x13, 
   0x14, 0x16, 0x32, 0x36, 0x3D, 0x01, 0x34, 0x26, 0x22, 0x06, 
   0x15, 0x01, 0x14, 0x17, 0x16, 0x33, 0x32, 0x3F, 0x01, 0x36, 
   0x34, 0x26, 0x22, 0x0F, 0x01, 0x06, 0x12, 0x14, 0x1F, 0x01, 
   0x16, 0x33, 0x32, 0x37, 0x36, 0x26, 0x2F, 0x01, 0x26, 0x23, 
   0x22, 0x13, 0x14, 0x16, 0x3B, 0x01, 0x32, 0x36, 0x35, 0x34, 
   0x26, 0x2B, 0x01, 0x22, 0x06, 0x01, 0x29, 0xD6, 0x12, 0x12, 
   0x88, 0xBE, 0xB3, 0x87, 0x35, 0x15, 0x06, 0x11, 0x01, 0x03, 
   0xB0, 0xAF, 0x01, 0x04, 0x10, 0x08, 0x13, 0xB2, 0x8C, 0xCC, 
   0xBF, 0x87, 0x12, 0x12, 0x8C, 0xE8, 0x85, 0x2C, 0x79, 0x58, 
   0x96, 0xCF, 0x72, 0xF1, 0xA5, 0x7F, 0xA4, 0xE2, 0xFE, 0xA5, 
   0x2F, 0xB4, 0xE7, 0x02, 0x42, 0x22, 0x1F, 0x1F, 0x45, 0x0C, 
   0x1B, 0x0B, 0x25, 0x24, 0x28, 0x40, 0x07, 0x1E, 0x01, 0x8B, 
   0x44, 0x23, 0x42, 0x0B, 0x1A, 0x0B, 0x24, 0x24, 0x27, 0x40, 
   0x07, 0x20, 0x03, 0x82, 0x24, 0x22, 0x01, 0x13, 0x06, 0x16, 
   0x11, 0x1E, 0x0E, 0x1D, 0x0B, 0x25, 0x24, 0x25, 0x41, 0x0A, 
   0x1E, 0x04, 0x31, 0x1B, 0x46, 0x36, 0x47, 0x1A, 0x1A, 0x43, 
   0x1A, 0x26, 0x25, 0x36, 0x5F, 0x22, 0x21, 0x25, 0x3E, 0x0C, 
   0x1A, 0x0B, 0x23, 0x24, 0x28, 0x41, 0x07, 0x1E, 0x02, 0x01, 
   0x29, 0x04, 0x3F, 0x1B, 0x1A, 0x31, 0x0A, 0x1F, 0x0A, 0x27, 
   0x25, 0x21, 0x42, 0x0B, 0x1D, 0x01, 0x02, 0x02, 0x95, 0x21, 
   0x20, 0x1B, 0x1F, 0x30, 0x06, 0x1D, 0x0B, 0x24, 0x24, 0x25, 
   0x3F, 0x0A, 0x20, 0x03, 0x23, 0x6A, 0x96, 0x9D, 0xDE, 0x32, 
   0x99, 0xD9, 0x24, 0x2B, 0x1D, 0x33, 0x50, 0x33, 0x33, 0x50, 
   0x33, 0x02, 0x50, 0x18, 0x21, 0x21, 0x1E, 0x21, 0x99, 0x1A, 
   0x34, 0x4A, 0x1C, 0x9A, 0x18, 0x54, 0x1C, 0x42, 0x21, 0x21, 
   0x1F, 0x1F, 0x1D, 0x02, 0x1B, 0x45, 0x1A, 0x23, 0x26, 0x67, 
   0x34, 0x24, 0xDA, 0x29, 0x34, 0x35, 0x28, 0xDA, 0x25, 0x33, 
   0x02, 0x12, 0xD5, 0xFE, 0xCF, 0x0B, 0x12, 0x8F, 0x13, 0x07, 
   0xCB, 0x8B, 0x86, 0xC2, 0x10, 0x04, 0x13, 0x39, 0xAD, 0xE9, 
   0xE9, 0xAD, 0x3D, 0x13, 0xCC, 0x8C, 0x88, 0xCA, 0x0B, 0x13, 
   0x8F, 0x12, 0x04, 0x91, 0xEF, 0x8D, 0x72, 0x5F, 0x96, 0xC8, 
   0x72, 0xCF, 0x96, 0x58, 0xB1, 0x44, 0xFE, 0xE9, 0xDA, 0x29, 
   0xFE, 0xE2, 0xFC, 0x7D, 0x1D, 0x38, 0x0A, 0x0B, 0x23, 0x29, 
   0x70, 0x21, 0x43, 0x0B, 0x0A, 0x26, 0x26, 0x6A, 0x07, 0x01, 
   0xE9, 0x3D, 0x17, 0x0C, 0x23, 0x27, 0x6E, 0x21, 0x42, 0x0C, 
   0x0A, 0x25, 0x25, 0x6D, 0x0D, 0xFC, 0xAA, 0x1A, 0x36, 0x0B, 
   0x03, 0x08, 0x0D, 0x31, 0x6A, 0x25, 0x41, 0x0A, 0x0B, 0x25, 
   0x24, 0x6D, 0x10, 0x09, 0x2B, 0x28, 0x1A, 0x45, 0x36, 0x36, 
   0x1C, 0x4A, 0x1C, 0x46, 0x1A, 0x35, 0xF8, 0xA7, 0x1B, 0x36, 
   0x0A, 0x0B, 0x20, 0x2C, 0x6C, 0x25, 0x41, 0x0B, 0x0B, 0x27, 
   0x25, 0x6E, 0x06, 0xC6, 0x3C, 0x1C, 0x04, 0x22, 0x24, 0x6C, 
   0x26, 0x41, 0x07, 0x0B, 0x25, 0x24, 0x6D, 0x04, 0x0A, 0x07, 
   0x01, 0xF8, 0x1A, 0x33, 0x09, 0x03, 0x26, 0x1F, 0x6A, 0x26, 
   0x3F, 0x0A, 0x0B, 0x23, 0x24, 0x71, 0x0D, 0x04, 0x11, 0x66, 
   0xDD, 0x9D, 0x5A, 0x62, 0x99, 0xB5, 0x02, 0xB0, 0x28, 0x33, 
   0x33, 0x28, 0xD7, 0x28, 0x34, 0x34, 0x28, 0xFE, 0x34, 0x28, 
   0x19, 0x1B, 0x1B, 0x99, 0x1D, 0x4C, 0x34, 0x1A, 0x99, 0x1C, 
   0xFB, 0x11, 0x4A, 0x1E, 0x44, 0x21, 0x21, 0x1D, 0x49, 0x1B, 
   0x46, 0x1A, 0x02, 0x47, 0x24, 0x34, 0x32, 0x26, 0x28, 0x34, 
   0x36, 0x00, 0x00, 0x00, 0x00, 0x0E, 0x00, 0x00, 0xFD, 0xB2, 
   0x0B, 0x30, 0x08, 0xB7, 0x00, 0x3C, 0x00, 0x46, 0x00, 0x52, 
   0x00, 0x61, 0x00, 0x6E, 0x00, 0x79, 0x00, 0x85, 0x00, 0x8F, 
   0x00, 0x9C, 0x00, 0xA8, 0x00, 0xB4, 0x00, 0xC4, 0x00, 0xD3, 
   0x00, 0xE1, 0x00, 0x00, 0x11, 0x14, 0x1E, 0x01, 0x17, 0x32, 
   0x3D, 0x01, 0x34, 0x23, 0x2E, 0x01, 0x35, 0x34, 0x36, 0x3F, 
   0x01, 0x32, 0x35, 0x37, 0x36, 0x24, 0x33, 0x32, 0x04, 0x1F, 
   0x01, 0x14, 0x3B, 0x01, 0x32, 0x16, 0x15, 0x14, 0x06, 0x07, 
   0x22, 0x1D, 0x01, 0x14, 0x33, 0x36, 0x00, 0x35, 0x34, 0x27, 
   0x36, 0x35, 0x34, 0x02, 0x24, 0x23, 0x22, 0x07, 0x26, 0x23, 
   0x22, 0x00, 0x07, 0x06, 0x02, 0x01, 0x14, 0x16, 0x32, 0x36, 
   0x35, 0x34, 0x26, 0x22, 0x06, 0x11, 0x14, 0x17, 0x16, 0x33, 
   0x32, 0x36, 0x35, 0x34, 0x26, 0x22, 0x06, 0x13, 0x14, 0x1F, 
   0x01, 0x16, 0x17, 0x16, 0x36, 0x34, 0x2F, 0x01, 0x26, 0x23, 
   0x22, 0x06, 0x13, 0x14, 0x17, 0x16, 0x33, 0x32, 0x36, 0x35, 
   0x34, 0x26, 0x23, 0x22, 0x06, 0x11, 0x14, 0x16, 0x33, 0x32, 
   0x36, 0x34, 0x26, 0x23, 0x22, 0x06, 0x11, 0x14, 0x17, 0x16, 
   0x33, 0x32, 0x36, 0x34, 0x26, 0x23, 0x22, 0x06, 0x01, 0x14, 
   0x16, 0x32, 0x36, 0x35, 0x34, 0x26, 0x22, 0x06, 0x11, 0x14, 
   0x17, 0x16, 0x33, 0x32, 0x36, 0x35, 0x34, 0x26, 0x23, 0x22, 
   0x06, 0x13, 0x36, 0x33, 0x32, 0x16, 0x15, 0x14, 0x07, 0x26, 
   0x2B, 0x01, 0x26, 0x13, 0x14, 0x16, 0x32, 0x36, 0x3D, 0x01, 
   0x34, 0x26, 0x22, 0x06, 0x15, 0x01, 0x14, 0x17, 0x1E, 0x01, 
   0x3F, 0x01, 0x36, 0x35, 0x34, 0x26, 0x23, 0x22, 0x0F, 0x01, 
   0x06, 0x13, 0x14, 0x1F, 0x01, 0x16, 0x33, 0x32, 0x36, 0x35, 
   0x34, 0x2F, 0x01, 0x26, 0x22, 0x06, 0x13, 0x14, 0x17, 0x16, 
   0x3B, 0x01, 0x32, 0x36, 0x34, 0x26, 0x2B, 0x01, 0x22, 0x06, 
   0x88, 0xEB, 0x8B, 0x12, 0x12, 0x88, 0xC1, 0xB5, 0x85, 0x38, 
   0x13, 0x08, 0x11, 0x01, 0x01, 0xAF, 0xAE, 0x01, 0x05, 0x11, 
   0x08, 0x12, 0xAC, 0x90, 0xCC, 0xC1, 0x87, 0x14, 0x14, 0xD4, 
   0x01, 0x28, 0x2E, 0x7E, 0x96, 0xFE, 0xFE, 0x96, 0xF6, 0xA7, 
   0x82, 0x9D, 0xE1, 0xFE, 0xA4, 0x31, 0xB3, 0xE2, 0x02, 0xA5, 
   0x33, 0x4A, 0x33, 0x33, 0x4A, 0x33, 0x1A, 0x1C, 0x22, 0x26, 
   0x32, 0x33, 0x4A, 0x33, 0xDA, 0x1A, 0x46, 0x1A, 0x1F, 0x21, 
   0x40, 0x1A, 0x44, 0x18, 0x26, 0x28, 0x36, 0x79, 0x1A, 0x1A, 
   0x24, 0x26, 0x35, 0x35, 0x26, 0x24, 0x34, 0x34, 0x24, 0x26, 
   0x35, 0x35, 0x26, 0x24, 0x34, 0x1A, 0x1B, 0x23, 0x26, 0x35, 
   0x35, 0x26, 0x23, 0x35, 0x01, 0x58, 0x34, 0x4A, 0x33, 0x33, 
   0x4A, 0x34, 0x19, 0x1C, 0x24, 0x26, 0x32, 0x33, 0x25, 0x26, 
   0x33, 0x68, 0x6E, 0x99, 0x9B, 0xDC, 0x36, 0x99, 0xDA, 0x22, 
   0x2F, 0x27, 0x36, 0x4C, 0x32, 0x33, 0x4A, 0x37, 0x02, 0x4C, 
   0x1B, 0x18, 0x47, 0x1F, 0x99, 0x1C, 0x37, 0x25, 0x23, 0x1B, 
   0x99, 0x1B, 0x56, 0x1A, 0x44, 0x27, 0x1D, 0x21, 0x35, 0x1C, 
   0x42, 0x1C, 0x4A, 0x34, 0x9A, 0x1C, 0x1B, 0x27, 0xD8, 0x25, 
   0x36, 0x36, 0x25, 0xD8, 0x26, 0x38, 0x02, 0x0D, 0x8A, 0xEE, 
   0x90, 0x04, 0x12, 0x8E, 0x14, 0x07, 0xCB, 0x86, 0x84, 0xC4, 
   0x10, 0x06, 0x14, 0x36, 0xAF, 0xE9, 0xE9, 0xAC, 0x3E, 0x12, 
   0xCD, 0x8E, 0x86, 0xCB, 0x07, 0x14, 0x8E, 0x12, 0x07, 0x01, 
   0x32, 0xD3, 0x79, 0x60, 0x97, 0xC9, 0x96, 0x01, 0x01, 0x96, 
   0xB9, 0x46, 0xFE, 0xE9, 0xD9, 0x2C, 0xFE, 0xE2, 0xFD, 0x97, 
   0x26, 0x36, 0x36, 0x26, 0x24, 0x34, 0x34, 0xFE, 0x59, 0x21, 
   0x1C, 0x1A, 0x32, 0x25, 0x26, 0x32, 0x32, 0x08, 0x28, 0x27, 
   0x18, 0x46, 0x1A, 0x01, 0x05, 0x39, 0x4E, 0x1D, 0x41, 0x1B, 
   0x35, 0xF8, 0x42, 0x24, 0x1C, 0x1A, 0x34, 0x26, 0x25, 0x35, 
   0x35, 0x01, 0x5B, 0x24, 0x34, 0x33, 0x4A, 0x34, 0x34, 0xFC, 
   0xD5, 0x23, 0x1A, 0x1B, 0x32, 0x4C, 0x35, 0x36, 0x02, 0x2E, 
   0x26, 0x36, 0x36, 0x26, 0x24, 0x34, 0x34, 0xFE, 0x59, 0x22, 
   0x1B, 0x1A, 0x32, 0x25, 0x26, 0x32, 0x33, 0x06, 0x56, 0x6A, 
   0xDE, 0x9B, 0x64, 0x60, 0x99, 0xBB, 0x02, 0xAB, 0x25, 0x32, 
   0x32, 0x25, 0xDA, 0x26, 0x36, 0x37, 0x25, 0xFE, 0x34, 0x25, 
   0x1A, 0x19, 0x05, 0x1E, 0x99, 0x1C, 0x25, 0x26, 0x36, 0x1B, 
   0x9C, 0x19, 0xFA, 0xEF, 0x28, 0x1A, 0x43, 0x1A, 0x37, 0x26, 
   0x24, 0x1A, 0x45, 0x1A, 0x35, 0x02, 0x7B, 0x26, 0x19, 0x1D, 
   0x36, 0x4C, 0x35, 0x36, 0x00, 0x00, 0x00, 0x0A, 0x00, 0x00, 
   0xFF, 0x15, 0x0B, 0x30, 0x08, 0xB7, 0x00, 0x3D, 0x00, 0x4C, 
   0x00, 0x5A, 0x00, 0x6B, 0x00, 0x77, 0x00, 0x83, 0x00, 0x8F, 
   0x00, 0xA0, 0x00, 0xB1, 0x00, 0xC0, 0x01, 0x39, 0x00, 0xB2, 
   0x04, 0x00, 0x00, 0x2B, 0xB0, 0x28, 0x33, 0xB0, 0x09, 0xCD, 
   0xB0, 0x23, 0x32, 0xB0, 0x1D, 0x2F, 0xB0, 0x10, 0x33, 0xB0, 
   0x82, 0xCD, 0xB3, 0xB6, 0x82, 0x1D, 0x08, 0x2B, 0xB0, 0xBE, 
   0xCD, 0xB0, 0x16, 0x2F, 0xB0, 0x38, 0xCD, 0xB3, 0x7A, 0x38, 
   0x16, 0x08, 0x2B, 0xB0, 0x36, 0x33, 0xB0, 0x34, 0xCD, 0x01, 
   0xB0, 0xC1, 0x2F, 0xB0, 0x00, 0xD6, 0xB0, 0x0C, 0xCD, 0xB0, 
   0x0C, 0x10, 0xB1, 0x3E, 0x01, 0x2B, 0xB0, 0x44, 0xCD, 0xB0, 
   0x44, 0x10, 0xB1, 0x5B, 0x01, 0x2B, 0xB0, 0x61, 0xCD, 0xB0, 
   0x4D, 0x20, 0xD6, 0x11, 0xB0, 0x54, 0xCD, 0xB3, 0x72, 0x61, 
   0x5B, 0x08, 0x2B, 0xB0, 0x6C, 0xCD, 0xB0, 0x6C, 0x2F, 0xB0, 
   0x72, 0xCD, 0xB0, 0x61, 0x10, 0xB1, 0x84, 0x01, 0x2B, 0xB0, 
   0x89, 0xCD, 0xB0, 0x89, 0x10, 0xB1, 0x7D, 0x01, 0x2B, 0xB0, 
   0x30, 0xCD, 0xB0, 0x20, 0x20, 0xD6, 0x11, 0xB0, 0x2C, 0xCD, 
   0xB1, 0xC2, 0x01, 0x2B, 0xB1, 0x3E, 0x0C, 0x11, 0x12, 0xB2, 
   0x06, 0x14, 0x3B, 0x39, 0x39, 0x39, 0xB0, 0x4D, 0x11, 0xB1, 
   0x41, 0x49, 0x39, 0x39, 0xB1, 0x6C, 0x5B, 0x11, 0x12, 0xB2, 
   0x38, 0x58, 0x16, 0x39, 0x39, 0x39, 0xB1, 0x72, 0x54, 0x11, 
   0x12, 0xB4, 0x5E, 0x65, 0x67, 0x6F, 0x74, 0x24, 0x17, 0x39, 
   0xB0, 0x61, 0x11, 0xB0, 0x36, 0x39, 0xB0, 0x84, 0x12, 0xB2, 
   0x19, 0x1C, 0x78, 0x39, 0x39, 0x39, 0xB0, 0x89, 0x11, 0xB6, 
   0x1D, 0x25, 0x26, 0x23, 0x7A, 0x82, 0x34, 0x24, 0x17, 0x39, 
   0xB1, 0x7D, 0x20, 0x11, 0x12, 0xB0, 0x7F, 0x39, 0xB0, 0x2C, 
   0x11, 0xB0, 0x2E, 0x39, 0xB0, 0x30, 0x12, 0xB0, 0x90, 0x39, 
   0x00, 0xB1, 0x09, 0x04, 0x11, 0x12, 0xB1, 0x5B, 0x61, 0x39, 
   0x39, 0xB0, 0x1D, 0x11, 0x40, 0x0D, 0x00, 0x0F, 0x2C, 0x2E, 
   0x41, 0x49, 0x65, 0x67, 0x6C, 0x6F, 0x72, 0xA6, 0xAF, 0x24, 
   0x17, 0x39, 0xB0, 0xB6, 0x12, 0xB3, 0x13, 0x19, 0x74, 0x7F, 
   0x24, 0x17, 0x39, 0xB0, 0x82, 0x11, 0xB0, 0x3B, 0x39, 0xB0, 
   0xBE, 0x12, 0xB4, 0x14, 0x7D, 0x30, 0xB2, 0xBA, 0x24, 0x17, 
   0x39, 0xB1, 0x7A, 0x16, 0x11, 0x12, 0xB0, 0x78, 0x39, 0xB1, 
   0x34, 0x38, 0x11, 0x12, 0xB1, 0x51, 0x94, 0x39, 0x39, 0x30, 
   0x31, 0x11, 0x14, 0x1E, 0x01, 0x17, 0x32, 0x3D, 0x01, 0x34, 
   0x23, 0x2E, 0x01, 0x35, 0x34, 0x36, 0x3F, 0x01, 0x32, 0x35, 
   0x37, 0x36, 0x24, 0x33, 0x32, 0x04, 0x1F, 0x01, 0x14, 0x3B, 
   0x01, 0x32, 0x16, 0x15, 0x14, 0x06, 0x07, 0x22, 0x1D, 0x01, 
   0x14, 0x33, 0x3E, 0x02, 0x35, 0x34, 0x27, 0x36, 0x35, 0x34, 
   0x02, 0x24, 0x23, 0x22, 0x07, 0x26, 0x23, 0x22, 0x00, 0x07, 
   0x06, 0x02, 0x01, 0x14, 0x16, 0x33, 0x32, 0x36, 0x35, 0x34, 
   0x26, 0x27, 0x26, 0x27, 0x07, 0x0E, 0x01, 0x01, 0x14, 0x1F, 
   0x01, 0x16, 0x37, 0x36, 0x34, 0x2F, 0x01, 0x26, 0x23, 0x22, 
   0x06, 0x13, 0x14, 0x16, 0x33, 0x32, 0x36, 0x35, 0x34, 0x27, 
   0x26, 0x27, 0x26, 0x27, 0x07, 0x06, 0x07, 0x06, 0x13, 0x14, 
   0x16, 0x33, 0x32, 0x36, 0x35, 0x34, 0x27, 0x07, 0x0E, 0x01, 
   0x01, 0x36, 0x33, 0x32, 0x16, 0x15, 0x14, 0x07, 0x26, 0x2B, 
   0x01, 0x26, 0x13, 0x14, 0x16, 0x32, 0x36, 0x3D, 0x01, 0x34, 
   0x26, 0x22, 0x06, 0x15, 0x01, 0x14, 0x17, 0x16, 0x33, 0x32, 
   0x3F, 0x01, 0x36, 0x35, 0x34, 0x26, 0x23, 0x22, 0x0F, 0x01, 
   0x06, 0x13, 0x14, 0x1F, 0x01, 0x16, 0x33, 0x32, 0x37, 0x36, 
   0x35, 0x34, 0x2F, 0x01, 0x26, 0x23, 0x22, 0x06, 0x13, 0x14, 
   0x17, 0x16, 0x3B, 0x01, 0x32, 0x36, 0x35, 0x34, 0x26, 0x2B, 
   0x01, 0x22, 0x06, 0x88, 0xEA, 0x8B, 0x13, 0x13, 0x88, 0xC0, 
   0xB4, 0x85, 0x38, 0x14, 0x08, 0x11, 0x01, 0x01, 0xAF, 0xAC, 
   0x01, 0x05, 0x13, 0x07, 0x12, 0xAD, 0x8D, 0xCF, 0xC0, 0x89, 
   0x13, 0x13, 0x8B, 0xEA, 0x86, 0x2C, 0x7C, 0x96, 0xFF, 0x00, 
   0x96, 0xF8, 0xA5, 0x83, 0x9C, 0xE1, 0xFE, 0xA4, 0x31, 0xB0, 
   0xE5, 0x02, 0x76, 0x5A, 0x3F, 0x40, 0x56, 0x4B, 0x20, 0x22, 
   0x09, 0x26, 0x2B, 0x48, 0x01, 0x09, 0x1A, 0x45, 0x43, 0x3E, 
   0x1A, 0x1A, 0x44, 0x1E, 0x23, 0x27, 0x34, 0x34, 0x91, 0x67, 
   0x68, 0x92, 0x56, 0x4A, 0x3E, 0x0D, 0x0F, 0x19, 0x39, 0x4F, 
   0x57, 0x9D, 0x3D, 0x2B, 0x29, 0x3A, 0x63, 0x1A, 0x1D, 0x31, 
   0x01, 0x68, 0x6A, 0x9D, 0x9C, 0xDB, 0x37, 0x9B, 0xD7, 0x23, 
   0x2E, 0x27, 0x37, 0x4A, 0x32, 0x31, 0x4C, 0x36, 0x02, 0x4C, 
   0x1B, 0x1C, 0x20, 0x1C, 0x25, 0x99, 0x1D, 0x36, 0x26, 0x23, 
   0x1B, 0x99, 0x1B, 0x56, 0x19, 0x45, 0x17, 0x28, 0x27, 0x17, 
   0x1D, 0x1D, 0x41, 0x1C, 0x25, 0x26, 0x33, 0x9A, 0x1B, 0x1C, 
   0x27, 0xD8, 0x26, 0x35, 0x36, 0x25, 0xD8, 0x26, 0x38, 0x02, 
   0x11, 0x8B, 0xEF, 0x90, 0x06, 0x12, 0x8E, 0x14, 0x07, 0xCB, 
   0x8A, 0x84, 0xC3, 0x10, 0x03, 0x13, 0x3A, 0xAD, 0xE8, 0xE9, 
   0xAC, 0x3E, 0x12, 0xCC, 0x8B, 0x8A, 0xCB, 0x07, 0x14, 0x8E, 
   0x12, 0x04, 0x91, 0xF0, 0x8B, 0x76, 0x5F, 0x98, 0xC8, 0x97, 
   0x01, 0x01, 0x95, 0xB9, 0x46, 0xFE, 0xE9, 0xD9, 0x2A, 0xFE, 
   0xE2, 0xFE, 0xEB, 0x3D, 0x56, 0x55, 0x3E, 0x27, 0x88, 0x26, 
   0x24, 0x09, 0x2B, 0x2E, 0x80, 0x05, 0x4E, 0x29, 0x18, 0x46, 
   0x32, 0x32, 0x1F, 0x4A, 0x1A, 0x45, 0x1B, 0x36, 0xF8, 0xBD, 
   0x69, 0x8F, 0x92, 0x66, 0x56, 0x7C, 0x61, 0x3E, 0x09, 0x0F, 
   0x18, 0x34, 0x69, 0x79, 0x02, 0x67, 0x28, 0x3A, 0x3A, 0x28, 
   0x42, 0x69, 0x1B, 0x20, 0x55, 0x02, 0x6B, 0x6A, 0xDC, 0x9D, 
   0x5E, 0x66, 0x99, 0xBA, 0x02, 0xB1, 0x26, 0x36, 0x36, 0x26, 
   0xD9, 0x26, 0x32, 0x32, 0x26, 0xFE, 0x30, 0x27, 0x18, 0x1A, 
   0x1A, 0x99, 0x1D, 0x25, 0x27, 0x34, 0x1B, 0x99, 0x1B, 0xFA, 
   0xF0, 0x28, 0x1C, 0x3E, 0x1D, 0x1D, 0x1A, 0x24, 0x23, 0x1B, 
   0x45, 0x1A, 0x34, 0x02, 0x7A, 0x24, 0x1A, 0x1A, 0x33, 0x25, 
   0x26, 0x35, 0x36, 0x00, 0x00, 0x00, 0x00, 0x09, 0x00, 0x00, 
   0xFF, 0x71, 0x09, 0xEE, 0x08, 0x9B, 0x00, 0x0D, 0x00, 0x28, 
   0x00, 0x37, 0x00, 0x52, 0x00, 0x61, 0x00, 0x6F, 0x00, 0x7C, 
   0x00, 0x8D, 0x00, 0x9B, 0x01, 0x11, 0x00, 0xB0, 0x11, 0x2F, 
   0xB0, 0x50, 0xCD, 0xB0, 0x49, 0x2F, 0xB0, 0x5E, 0xCD, 0xB0, 
   0x03, 0x2F, 0xB0, 0x91, 0x33, 0xB0, 0x0B, 0xCD, 0xB0, 0x98, 
   0x32, 0xB0, 0x42, 0x20, 0xD6, 0x11, 0xB0, 0x53, 0xCD, 0xB0, 
   0x56, 0x2F, 0xB0, 0x1F, 0xCD, 0xB0, 0x65, 0x2F, 0xB0, 0x6C, 
   0xCD, 0x01, 0xB0, 0x9C, 0x2F, 0xB0, 0x0E, 0xD6, 0xB0, 0x38, 
   0xCD, 0xB0, 0x07, 0x32, 0xB0, 0x38, 0x10, 0xB0, 0x00, 0xCD, 
   0xB0, 0x00, 0x2F, 0xB0, 0x38, 0x10, 0xB1, 0x62, 0x01, 0x2B, 
   0xB0, 0x68, 0xCD, 0xB0, 0x68, 0x10, 0xB1, 0x4C, 0x01, 0x2B, 
   0xB0, 0x15, 0xCD, 0xB0, 0x15, 0x10, 0xB1, 0x59, 0x01, 0x2B, 
   0xB0, 0x1A, 0xCD, 0xB3, 0x7D, 0x1A, 0x59, 0x08, 0x2B, 0xB0, 
   0x70, 0x33, 0xB0, 0x86, 0xCD, 0xB0, 0x77, 0x32, 0xB0, 0x1A, 
   0x10, 0xB1, 0x8E, 0x01, 0x2B, 0xB0, 0x95, 0xCD, 0xB1, 0x9D, 
   0x01, 0x2B, 0xB1, 0x38, 0x0E, 0x11, 0x12, 0xB0, 0x29, 0x39, 
   0xB0, 0x62, 0x11, 0xB6, 0x23, 0x26, 0x30, 0x35, 0x48, 0x53, 
   0x54, 0x24, 0x17, 0x39, 0xB0, 0x68, 0x12, 0xB3, 0x49, 0x56, 
   0x5E, 0x1F, 0x24, 0x17, 0x39, 0xB1, 0x15, 0x4C, 0x11, 0x12, 
   0xB1, 0x17, 0x5C, 0x39, 0x39, 0xB1, 0x1A, 0x7D, 0x11, 0x12, 
   0xB0, 0x7C, 0x39, 0xB0, 0x8E, 0x11, 0xB1, 0x7B, 0x81, 0x39, 
   0x39, 0xB0, 0x86, 0x12, 0xB0, 0x89, 0x39, 0x00, 0xB1, 0x50, 
   0x11, 0x11, 0x12, 0xB1, 0x74, 0x77, 0x39, 0x39, 0xB0, 0x49, 
   0x11, 0xB5, 0x15, 0x17, 0x3B, 0x0E, 0x71, 0x7B, 0x24, 0x17, 
   0x39, 0xB0, 0x5E, 0x12, 0xB3, 0x26, 0x40, 0x46, 0x5C, 0x24, 
   0x17, 0x39, 0xB1, 0x53, 0x03, 0x11, 0x12, 0xB6, 0x00, 0x07, 
   0x1A, 0x24, 0x59, 0x8E, 0x95, 0x24, 0x17, 0x39, 0xB1, 0x1F, 
   0x56, 0x11, 0x12, 0xB1, 0x2D, 0x81, 0x39, 0x39, 0xB0, 0x65, 
   0x11, 0xB1, 0x30, 0x7D, 0x39, 0x39, 0xB0, 0x6C, 0x12, 0xB3, 
   0x29, 0x35, 0x86, 0x89, 0x24, 0x17, 0x39, 0x30, 0x31, 0x11, 
   0x14, 0x16, 0x3B, 0x01, 0x32, 0x36, 0x35, 0x34, 0x26, 0x2B, 
   0x01, 0x22, 0x06, 0x13, 0x14, 0x16, 0x33, 0x21, 0x32, 0x36, 
   0x35, 0x34, 0x27, 0x36, 0x12, 0x35, 0x34, 0x2E, 0x02, 0x23, 
   0x22, 0x04, 0x02, 0x1D, 0x01, 0x06, 0x07, 0x0E, 0x01, 0x13, 
   0x14, 0x1F, 0x01, 0x16, 0x37, 0x36, 0x35, 0x34, 0x2F, 0x01, 
   0x26, 0x23, 0x22, 0x06, 0x13, 0x34, 0x36, 0x3F, 0x01, 0x32, 
   0x35, 0x37, 0x3E, 0x01, 0x33, 0x32, 0x16, 0x1F, 0x01, 0x16, 
   0x3B, 0x01, 0x32, 0x16, 0x15, 0x14, 0x06, 0x23, 0x21, 0x22, 
   0x26, 0x01, 0x3E, 0x01, 0x33, 0x32, 0x16, 0x15, 0x14, 0x06, 
   0x07, 0x26, 0x23, 0x2E, 0x01, 0x23, 0x01, 0x14, 0x16, 0x33, 
   0x32, 0x36, 0x3D, 0x01, 0x34, 0x26, 0x23, 0x22, 0x06, 0x15, 
   0x00, 0x14, 0x1F, 0x01, 0x16, 0x37, 0x36, 0x35, 0x34, 0x2F, 
   0x01, 0x26, 0x22, 0x03, 0x14, 0x17, 0x16, 0x33, 0x32, 0x3F, 
   0x01, 0x36, 0x35, 0x34, 0x26, 0x23, 0x22, 0x0F, 0x01, 0x06, 
   0x01, 0x14, 0x16, 0x3B, 0x01, 0x32, 0x36, 0x35, 0x34, 0x26, 
   0x2B, 0x01, 0x22, 0x06, 0x3C, 0x2F, 0xB4, 0x2B, 0x3D, 0x3C, 
   0x2C, 0xB4, 0x2F, 0x3C, 0xBD, 0xE2, 0x9B, 0x02, 0xDC, 0x9B, 
   0xDD, 0x16, 0x85, 0x9B, 0x66, 0xAB, 0xED, 0x81, 0xAF, 0xFE, 
   0xD9, 0xA9, 0xA0, 0x33, 0x79, 0x91, 0xA6, 0x1C, 0xAC, 0x4B, 
   0x4B, 0x1E, 0x1E, 0xB0, 0x22, 0x28, 0x2D, 0x37, 0x2D, 0x56, 
   0x42, 0x42, 0x15, 0x0A, 0x0B, 0x86, 0x5B, 0x5D, 0x89, 0x0B, 
   0x09, 0x0A, 0x10, 0x8D, 0x45, 0x65, 0x65, 0x45, 0xFD, 0x24, 
   0x48, 0x62, 0x01, 0xD8, 0x0B, 0xF8, 0xAE, 0xB2, 0xFA, 0x6D, 
   0x5D, 0x5E, 0x7B, 0x2F, 0xEA, 0x94, 0x01, 0x3C, 0x3D, 0x2B, 
   0x2C, 0x3D, 0x3D, 0x2C, 0x2B, 0x3D, 0x02, 0xA2, 0x1D, 0xAF, 
   0x43, 0x53, 0x1C, 0x1C, 0xB4, 0x1D, 0x58, 0x39, 0x1D, 0x1D, 
   0x2B, 0x2C, 0x1D, 0xB4, 0x1C, 0x3D, 0x2C, 0x2A, 0x1F, 0xAF, 
   0x1D, 0x01, 0x14, 0x3C, 0x2F, 0xB4, 0x2B, 0x3D, 0x3C, 0x2C, 
   0xB4, 0x2F, 0x3C, 0x03, 0x83, 0x2B, 0x38, 0x39, 0x2A, 0x2E, 
   0x3C, 0x3B, 0xFD, 0x3D, 0x9B, 0xE3, 0xE0, 0x9E, 0x4D, 0x36, 
   0x55, 0x01, 0x1B, 0xA1, 0x82, 0xED, 0xAB, 0x66, 0xAC, 0xFE, 
   0xDA, 0xAE, 0x24, 0x5B, 0xAF, 0x26, 0xC2, 0x05, 0x69, 0x2D, 
   0x1B, 0xB4, 0x39, 0x39, 0x1E, 0x2D, 0x2B, 0x20, 0xAF, 0x1F, 
   0x3C, 0xF9, 0xED, 0x43, 0x60, 0x06, 0x09, 0x18, 0x3C, 0x5C, 
   0x7C, 0x7C, 0x5C, 0x45, 0x18, 0x64, 0x45, 0x48, 0x66, 0x66, 
   0x02, 0xF2, 0xAF, 0xEE, 0xFE, 0xB5, 0x70, 0xBF, 0x3B, 0x4E, 
   0x8C, 0xA6, 0x03, 0xA5, 0x2C, 0x3D, 0x3D, 0x2C, 0xFA, 0x2A, 
   0x39, 0x39, 0x2A, 0xF8, 0xD9, 0x56, 0x20, 0xAD, 0x44, 0x44, 
   0x1B, 0x2D, 0x2B, 0x1C, 0xB3, 0x1B, 0x04, 0xDC, 0x2D, 0x20, 
   0x1D, 0x1D, 0xB4, 0x1B, 0x2D, 0x2C, 0x3C, 0x1F, 0xAF, 0x1D, 
   0xFD, 0x30, 0x2B, 0x38, 0x39, 0x2A, 0x2E, 0x3C, 0x3B, 0x00, 
   0x00, 0x00, 0x00, 0x0A, 0x00, 0x00, 0xFE, 0x95, 0x08, 0xDB, 
   0x07, 0x70, 0x00, 0x0D, 0x00, 0x1C, 0x00, 0x2D, 0x00, 0x3D, 
   0x00, 0x48, 0x00, 0x55, 0x00, 0x61, 0x00, 0x70, 0x00, 0x80, 
   0x00, 0x8D, 0x00, 0xFC, 0x00, 0xB0, 0x53, 0x2F, 0xB0, 0x4C, 
   0xCD, 0xB0, 0x3B, 0x2F, 0xB0, 0x41, 0xCD, 0xB0, 0x0B, 0x2F, 
   0xB0, 0x8B, 0x33, 0xB0, 0x04, 0xCD, 0xB0, 0x85, 0x32, 0xB0, 
   0x46, 0x2F, 0xB0, 0x32, 0xCD, 0xB0, 0x60, 0x2F, 0xB0, 0x5A, 
   0xCD, 0x01, 0xB0, 0x8E, 0x2F, 0xB0, 0x00, 0xD6, 0xB0, 0x08, 
   0xCD, 0xB0, 0x08, 0x10, 0xB1, 0x2E, 0x01, 0x2B, 0xB0, 0x3E, 
   0xCD, 0xB0, 0x3E, 0x10, 0xB1, 0x55, 0x01, 0x2B, 0xB0, 0x56, 
   0x32, 0xB0, 0x50, 0xCD, 0xB0, 0x5C, 0x32, 0xB0, 0x50, 0x10, 
   0xB1, 0x43, 0x01, 0x2B, 0xB0, 0x37, 0xCD, 0xB3, 0x71, 0x37, 
   0x43, 0x08, 0x2B, 0xB0, 0x62, 0x33, 0xB0, 0x79, 0xCD, 0xB0, 
   0x6A, 0x32, 0xB0, 0x37, 0x10, 0xB1, 0x82, 0x01, 0x2B, 0xB0, 
   0x89, 0xCD, 0xB1, 0x8F, 0x01, 0x2B, 0xB1, 0x08, 0x00, 0x11, 
   0x12, 0xB1, 0x0E, 0x1D, 0x39, 0x39, 0xB0, 0x2E, 0x11, 0xB2, 
   0x13, 0x21, 0x29, 0x39, 0x39, 0x39, 0xB0, 0x3E, 0x12, 0xB1, 
   0x26, 0x16, 0x39, 0x39, 0xB0, 0x55, 0x11, 0xB1, 0x3B, 0x40, 
   0x39, 0x39, 0xB0, 0x50, 0x12, 0xB1, 0x46, 0x32, 0x39, 0x39, 
   0xB0, 0x43, 0x11, 0xB1, 0x3A, 0x41, 0x39, 0x39, 0xB1, 0x82, 
   0x37, 0x11, 0x12, 0xB2, 0x66, 0x76, 0x7E, 0x39, 0x39, 0x39, 
   0x00, 0xB1, 0x4C, 0x53, 0x11, 0x12, 0xB3, 0x0E, 0x1A, 0x6B, 
   0x6D, 0x24, 0x17, 0x39, 0xB0, 0x3B, 0x11, 0xB2, 0x16, 0x62, 
   0x6A, 0x39, 0x39, 0x39, 0xB0, 0x41, 0x12, 0xB1, 0x13, 0x66, 
   0x39, 0x39, 0xB1, 0x04, 0x0B, 0x11, 0x12, 0xB3, 0x2E, 0x37, 
   0x3E, 0x43, 0x24, 0x17, 0x39, 0xB1, 0x32, 0x46, 0x11, 0x12, 
   0xB1, 0x29, 0x7E, 0x39, 0x39, 0xB0, 0x60, 0x11, 0xB3, 0x1D, 
   0x26, 0x71, 0x79, 0x24, 0x17, 0x39, 0xB0, 0x5A, 0x12, 0xB1, 
   0x21, 0x76, 0x39, 0x39, 0x30, 0x31, 0x11, 0x34, 0x37, 0x36, 
   0x3B, 0x01, 0x32, 0x16, 0x14, 0x06, 0x2B, 0x01, 0x22, 0x26, 
   0x01, 0x34, 0x3F, 0x01, 0x36, 0x33, 0x32, 0x16, 0x15, 0x14, 
   0x0F, 0x01, 0x06, 0x27, 0x26, 0x11, 0x34, 0x37, 0x36, 0x33, 
   0x32, 0x1F, 0x01, 0x16, 0x15, 0x14, 0x06, 0x23, 0x22, 0x2F, 
   0x01, 0x26, 0x01, 0x34, 0x12, 0x24, 0x33, 0x32, 0x1E, 0x02, 
   0x15, 0x14, 0x02, 0x04, 0x20, 0x24, 0x02, 0x37, 0x14, 0x16, 
   0x20, 0x36, 0x35, 0x34, 0x26, 0x23, 0x22, 0x06, 0x01, 0x34, 
   0x36, 0x33, 0x32, 0x16, 0x1D, 0x01, 0x14, 0x06, 0x22, 0x26, 
   0x35, 0x11, 0x35, 0x34, 0x36, 0x32, 0x16, 0x1D, 0x01, 0x14, 
   0x06, 0x22, 0x26, 0x01, 0x34, 0x37, 0x36, 0x33, 0x32, 0x1F, 
   0x01, 0x16, 0x14, 0x07, 0x06, 0x2F, 0x01, 0x26, 0x11, 0x34, 
   0x3F, 0x01, 0x36, 0x33, 0x32, 0x16, 0x15, 0x14, 0x0F, 0x01, 
   0x06, 0x23, 0x22, 0x26, 0x12, 0x34, 0x37, 0x36, 0x3B, 0x01, 
   0x32, 0x16, 0x14, 0x06, 0x2B, 0x01, 0x22, 0x1B, 0x1C, 0x24, 
   0xDA, 0x25, 0x31, 0x31, 0x25, 0xDA, 0x25, 0x36, 0x01, 0x31, 
   0x19, 0x9D, 0x18, 0x27, 0x26, 0x33, 0x1A, 0x98, 0x41, 0x42, 
   0x19, 0x19, 0x1F, 0x25, 0x23, 0x1C, 0x98, 0x1A, 0x33, 0x26, 
   0x27, 0x18, 0x9D, 0x19, 0x01, 0x10, 0x96, 0x01, 0x01, 0x95, 
   0x70, 0xCE, 0x95, 0x58, 0x95, 0xFF, 0x00, 0xFE, 0xD4, 0xFF, 
   0x00, 0x96, 0xB5, 0xDB, 0x01, 0x38, 0xDD, 0xDD, 0x9C, 0x9B, 
   0xDC, 0x01, 0x1C, 0x35, 0x26, 0x27, 0x34, 0x35, 0x4C, 0x35, 
   0x36, 0x4A, 0x36, 0x35, 0x4C, 0x35, 0x02, 0x4D, 0x18, 0x18, 
   0x24, 0x27, 0x19, 0x9C, 0x1A, 0x1A, 0x40, 0x40, 0x98, 0x18, 
   0x18, 0x98, 0x1C, 0x23, 0x26, 0x35, 0x1A, 0x9C, 0x1D, 0x23, 
   0x24, 0x30, 0xF1, 0x1A, 0x1A, 0x23, 0xD8, 0x25, 0x37, 0x37, 
   0x25, 0xD8, 0x25, 0x03, 0x03, 0x27, 0x1B, 0x1A, 0x36, 0x4C, 
   0x35, 0x36, 0xFD, 0x42, 0x25, 0x1C, 0x98, 0x19, 0x30, 0x25, 
   0x27, 0x1D, 0x98, 0x33, 0x33, 0x1B, 0x05, 0xE9, 0x25, 0x1C, 
   0x1A, 0x1A, 0x9D, 0x18, 0x27, 0x26, 0x33, 0x1A, 0x98, 0x1B, 
   0xFD, 0x45, 0x95, 0x01, 0x01, 0x96, 0x59, 0x95, 0xCE, 0x70, 
   0x96, 0xFF, 0x00, 0x95, 0x95, 0x01, 0x00, 0x96, 0x9C, 0xDD, 
   0xDD, 0x9C, 0x9A, 0xDA, 0xDA, 0xFC, 0x29, 0x26, 0x34, 0x34, 
   0x26, 0xD4, 0x27, 0x36, 0x36, 0x27, 0x07, 0x49, 0xDA, 0x25, 
   0x36, 0x36, 0x25, 0xDA, 0x25, 0x31, 0x31, 0xFA, 0xA7, 0x25, 
   0x17, 0x19, 0x19, 0x98, 0x1C, 0x4A, 0x1A, 0x32, 0x32, 0x98, 
   0x1B, 0x04, 0xB6, 0x28, 0x17, 0x9D, 0x1A, 0x36, 0x25, 0x28, 
   0x1A, 0x98, 0x1A, 0x33, 0xFD, 0xB9, 0x4C, 0x1C, 0x1A, 0x37, 
   0x4A, 0x36, 0x00, 0x0B, 0x00, 0x00, 0xFD, 0x89, 0x0B, 0x43, 
   0x08, 0xC3, 0x00, 0x4A, 0x00, 0x5D, 0x00, 0x6D, 0x00, 0x7D, 
   0x00, 0x91, 0x00, 0xA2, 0x00, 0xAE, 0x00, 0xBA, 0x00, 0xC9, 
   0x00, 0xDB, 0x00, 0xE9, 0x00, 0x00, 0x11, 0x14, 0x12, 0x17, 
   0x07, 0x06, 0x3B, 0x01, 0x03, 0x33, 0x01, 0x36, 0x26, 0x2B, 
   0x01, 0x01, 0x36, 0x23, 0x21, 0x22, 0x07, 0x03, 0x2E, 0x01, 
   0x35, 0x34, 0x36, 0x3F, 0x01, 0x32, 0x3F, 0x01, 0x36, 0x24, 
   0x33, 0x32, 0x04, 0x1F, 0x01, 0x14, 0x3B, 0x01, 0x32, 0x16, 
   0x15, 0x14, 0x06, 0x07, 0x22, 0x1D, 0x01, 0x14, 0x33, 0x3E, 
   0x02, 0x35, 0x34, 0x27, 0x36, 0x35, 0x34, 0x02, 0x24, 0x23, 
   0x22, 0x06, 0x07, 0x26, 0x23, 0x22, 0x00, 0x07, 0x06, 0x02, 
   0x01, 0x14, 0x16, 0x17, 0x16, 0x33, 0x32, 0x37, 0x36, 0x3F, 
   0x01, 0x36, 0x26, 0x27, 0x26, 0x06, 0x0F, 0x01, 0x06, 0x13, 
   0x14, 0x1F, 0x01, 0x16, 0x17, 0x16, 0x36, 0x35, 0x34, 0x2F, 
   0x01, 0x26, 0x23, 0x22, 0x06, 0x13, 0x06, 0x16, 0x17, 0x16, 
   0x36, 0x3F, 0x01, 0x36, 0x26, 0x27, 0x26, 0x06, 0x0F, 0x01, 
   0x06, 0x05, 0x14, 0x17, 0x16, 0x17, 0x16, 0x33, 0x32, 0x37, 
   0x36, 0x3F, 0x01, 0x36, 0x26, 0x27, 0x26, 0x06, 0x0F, 0x01, 
   0x06, 0x12, 0x15, 0x14, 0x16, 0x17, 0x16, 0x37, 0x36, 0x3F, 
   0x01, 0x36, 0x26, 0x27, 0x26, 0x06, 0x0F, 0x01, 0x13, 0x36, 
   0x33, 0x32, 0x16, 0x15, 0x14, 0x07, 0x26, 0x2B, 0x01, 0x26, 
   0x13, 0x14, 0x16, 0x32, 0x36, 0x3D, 0x01, 0x34, 0x26, 0x22, 
   0x06, 0x15, 0x00, 0x14, 0x17, 0x1E, 0x01, 0x3F, 0x01, 0x36, 
   0x34, 0x27, 0x26, 0x23, 0x22, 0x0F, 0x01, 0x13, 0x14, 0x1F, 
   0x01, 0x16, 0x33, 0x17, 0x32, 0x37, 0x36, 0x35, 0x34, 0x2F, 
   0x01, 0x26, 0x23, 0x22, 0x06, 0x13, 0x14, 0x17, 0x16, 0x3B, 
   0x01, 0x32, 0x36, 0x34, 0x26, 0x2B, 0x01, 0x22, 0x06, 0xD5, 
   0xA9, 0x46, 0x08, 0x17, 0xE3, 0x98, 0x1F, 0x01, 0xD1, 0x06, 
   0x08, 0x0B, 0xEA, 0x01, 0x0A, 0x0C, 0x1B, 0xFE, 0xC4, 0x0F, 
   0x0A, 0x72, 0x73, 0x96, 0xB4, 0x87, 0x36, 0x13, 0x05, 0x08, 
   0x11, 0x01, 0x03, 0xB0, 0xAE, 0x01, 0x07, 0x12, 0x08, 0x13, 
   0xAC, 0x8F, 0xCE, 0xBF, 0x89, 0x15, 0x15, 0x8D, 0xEB, 0x88, 
   0x2E, 0x7A, 0x97, 0xFE, 0xFD, 0x98, 0x73, 0xD9, 0x4F, 0x81, 
   0xA1, 0xE3, 0xFE, 0xA1, 0x31, 0xB1, 0xE7, 0x03, 0x69, 0x22, 
   0x20, 0x12, 0x09, 0x18, 0x11, 0x22, 0x0C, 0x1D, 0x0A, 0x26, 
   0x26, 0x21, 0x42, 0x0C, 0x1B, 0x05, 0x19, 0x1B, 0x45, 0x19, 
   0x22, 0x21, 0x40, 0x1B, 0x43, 0x1A, 0x26, 0x28, 0x36, 0x76, 
   0x01, 0x20, 0x23, 0x22, 0x41, 0x0C, 0x20, 0x0B, 0x27, 0x26, 
   0x24, 0x41, 0x0B, 0x1A, 0x05, 0x01, 0x2E, 0x0B, 0x15, 0x25, 
   0x12, 0x0C, 0x14, 0x0D, 0x20, 0x10, 0x1B, 0x0B, 0x24, 0x24, 
   0x25, 0x41, 0x0B, 0x1E, 0x03, 0x92, 0x23, 0x23, 0x1B, 0x26, 
   0x20, 0x0E, 0x1D, 0x0A, 0x25, 0x26, 0x24, 0x40, 0x0B, 0x1F, 
   0x08, 0x6B, 0x9A, 0x9D, 0xDD, 0x32, 0x9A, 0xDD, 0x21, 0x2F, 
   0x24, 0x35, 0x4C, 0x33, 0x33, 0x4C, 0x35, 0x02, 0x53, 0x19, 
   0x16, 0x49, 0x1F, 0x9A, 0x1C, 0x1C, 0x1A, 0x26, 0x25, 0x19, 
   0x9A, 0x3A, 0x1B, 0x45, 0x1D, 0x25, 0x02, 0x23, 0x17, 0x1C, 
   0x1C, 0x42, 0x1D, 0x24, 0x26, 0x35, 0x9C, 0x1C, 0x19, 0x27, 
   0xDC, 0x26, 0x36, 0x35, 0x27, 0xDC, 0x27, 0x35, 0x02, 0x12, 
   0xB3, 0xFE, 0xE6, 0x2F, 0xB5, 0x17, 0xFE, 0x3F, 0x02, 0x5C, 
   0x07, 0x0F, 0x01, 0xF0, 0x17, 0x10, 0xFE, 0xCD, 0x1D, 0xBD, 
   0x79, 0x87, 0xC4, 0x10, 0x03, 0x0F, 0x3F, 0xAD, 0xEB, 0xEB, 
   0xAD, 0x3F, 0x12, 0xCD, 0x8E, 0x8B, 0xCD, 0x07, 0x13, 0x8F, 
   0x12, 0x04, 0x91, 0xF1, 0x8D, 0x75, 0x62, 0x9A, 0xC5, 0x98, 
   0x01, 0x03, 0x97, 0x60, 0x55, 0x45, 0xFE, 0xE7, 0xDB, 0x29, 
   0xFE, 0xDE, 0xFB, 0x25, 0x18, 0x34, 0x0A, 0x04, 0x08, 0x0D, 
   0x30, 0x6E, 0x28, 0x3F, 0x08, 0x0B, 0x26, 0x24, 0x6F, 0x16, 
   0x09, 0x3D, 0x25, 0x1B, 0x46, 0x19, 0x03, 0x05, 0x3A, 0x27, 
   0x25, 0x1B, 0x46, 0x1A, 0x34, 0xF8, 0x99, 0x1A, 0x31, 0x0A, 
   0x0B, 0x23, 0x2A, 0x6E, 0x23, 0x41, 0x0B, 0x0B, 0x25, 0x26, 
   0x70, 0x16, 0xB7, 0x17, 0x13, 0x22, 0x0C, 0x06, 0x08, 0x0C, 
   0x34, 0x6C, 0x26, 0x3F, 0x0A, 0x0B, 0x24, 0x24, 0x6F, 0x0E, 
   0x01, 0xF8, 0x01, 0x1C, 0x33, 0x0A, 0x09, 0x0E, 0x0E, 0x2F, 
   0x6B, 0x28, 0x3F, 0x08, 0x0B, 0x23, 0x24, 0x71, 0x04, 0x04, 
   0x67, 0xDB, 0x9D, 0x69, 0x58, 0x9A, 0xBE, 0x02, 0xAC, 0x26, 
   0x36, 0x35, 0x27, 0xDC, 0x27, 0x35, 0x36, 0x26, 0xFE, 0x57, 
   0x4E, 0x19, 0x19, 0x05, 0x1E, 0x9A, 0x1A, 0x4C, 0x1A, 0x1C, 
   0x1C, 0x9A, 0xFA, 0xC9, 0x25, 0x1B, 0x43, 0x1B, 0x02, 0x1D, 
   0x1A, 0x26, 0x25, 0x1C, 0x42, 0x1D, 0x37, 0x02, 0x82, 0x27, 
   0x18, 0x1C, 0x35, 0x4C, 0x33, 0x33, 0x00, 0x09, 0x00, 0x00, 
   0xFD, 0xA6, 0x0B, 0x3B, 0x08, 0xBE, 0x00, 0x48, 0x00, 0x5A, 
   0x00, 0x69, 0x00, 0x7E, 0x00, 0x8A, 0x00, 0x98, 0x00, 0xA6, 
   0x00, 0xBB, 0x00, 0xC9, 0x00, 0x00, 0x11, 0x14, 0x12, 0x17, 
   0x07, 0x06, 0x3B, 0x01, 0x03, 0x33, 0x01, 0x36, 0x26, 0x2B, 
   0x01, 0x01, 0x36, 0x23, 0x21, 0x22, 0x07, 0x03, 0x2E, 0x01, 
   0x35, 0x34, 0x36, 0x3F, 0x01, 0x32, 0x35, 0x37, 0x36, 0x24, 
   0x33, 0x32, 0x04, 0x1F, 0x01, 0x14, 0x3B, 0x01, 0x32, 0x16, 
   0x15, 0x14, 0x06, 0x07, 0x22, 0x1D, 0x01, 0x14, 0x33, 0x36, 
   0x00, 0x35, 0x34, 0x27, 0x36, 0x35, 0x34, 0x02, 0x24, 0x23, 
   0x22, 0x07, 0x26, 0x23, 0x22, 0x00, 0x07, 0x06, 0x02, 0x01, 
   0x06, 0x16, 0x17, 0x16, 0x33, 0x32, 0x36, 0x37, 0x13, 0x36, 
   0x26, 0x27, 0x26, 0x06, 0x07, 0x03, 0x06, 0x12, 0x14, 0x1F, 
   0x01, 0x1E, 0x01, 0x37, 0x36, 0x35, 0x34, 0x2F, 0x01, 0x26, 
   0x23, 0x22, 0x01, 0x14, 0x17, 0x16, 0x17, 0x16, 0x33, 0x32, 
   0x37, 0x36, 0x37, 0x13, 0x36, 0x26, 0x27, 0x26, 0x06, 0x07, 
   0x03, 0x14, 0x06, 0x13, 0x36, 0x33, 0x32, 0x16, 0x15, 0x14, 
   0x07, 0x26, 0x2B, 0x01, 0x26, 0x13, 0x14, 0x16, 0x33, 0x32, 
   0x36, 0x3D, 0x01, 0x34, 0x26, 0x23, 0x22, 0x06, 0x15, 0x00, 
   0x14, 0x17, 0x16, 0x32, 0x3F, 0x01, 0x36, 0x34, 0x26, 0x23, 
   0x22, 0x0F, 0x01, 0x13, 0x14, 0x1F, 0x01, 0x16, 0x1F, 0x01, 
   0x32, 0x16, 0x33, 0x32, 0x37, 0x36, 0x35, 0x34, 0x2F, 0x01, 
   0x26, 0x23, 0x22, 0x06, 0x12, 0x14, 0x17, 0x16, 0x3B, 0x01, 
   0x32, 0x36, 0x35, 0x34, 0x26, 0x2B, 0x01, 0x22, 0xD2, 0xA9, 
   0x44, 0x07, 0x16, 0xE2, 0x85, 0x1F, 0x01, 0xBD, 0x06, 0x09, 
   0x0B, 0xE8, 0x01, 0x08, 0x0B, 0x1A, 0xFE, 0xC6, 0x0F, 0x0A, 
   0x72, 0x72, 0x96, 0xB5, 0x86, 0x38, 0x15, 0x06, 0x11, 0x01, 
   0x04, 0xAF, 0xAE, 0x01, 0x05, 0x13, 0x06, 0x13, 0xAC, 0x91, 
   0xCD, 0xBE, 0x8B, 0x15, 0x15, 0xD5, 0x01, 0x29, 0x2E, 0x7E, 
   0x97, 0xFE, 0xFE, 0x97, 0xF7, 0xA7, 0x81, 0x9F, 0xE2, 0xFE, 
   0xA2, 0x31, 0xB1, 0xE5, 0x03, 0x5F, 0x02, 0x21, 0x21, 0x0B, 
   0x0B, 0x1B, 0x36, 0x09, 0xF4, 0x0A, 0x22, 0x23, 0x25, 0x41, 
   0x0A, 0xF6, 0x03, 0x23, 0x1B, 0x44, 0x1B, 0x4C, 0x17, 0x1E, 
   0x1B, 0x43, 0x1C, 0x25, 0x28, 0x01, 0x64, 0x0C, 0x14, 0x21, 
   0x0B, 0x15, 0x18, 0x0B, 0x20, 0x0C, 0x9F, 0x0A, 0x24, 0x24, 
   0x25, 0x3F, 0x0A, 0x9F, 0x04, 0xA3, 0x6B, 0x9D, 0x9C, 0xDD, 
   0x37, 0x9F, 0xD6, 0x21, 0x31, 0x29, 0x37, 0x25, 0x26, 0x32, 
   0x32, 0x26, 0x25, 0x37, 0x02, 0x4E, 0x1C, 0x17, 0x4B, 0x1B, 
   0x9A, 0x1C, 0x36, 0x26, 0x23, 0x1A, 0x9A, 0x3A, 0x1A, 0x46, 
   0x14, 0x26, 0x01, 0x02, 0x06, 0x02, 0x1E, 0x1A, 0x1C, 0x1C, 
   0x45, 0x1A, 0x24, 0x25, 0x35, 0x9B, 0x1D, 0x1D, 0x24, 0xD9, 
   0x25, 0x37, 0x36, 0x26, 0xD9, 0x28, 0x02, 0x10, 0xB1, 0xFE, 
   0xEA, 0x33, 0xB5, 0x16, 0xFE, 0x5B, 0x02, 0x3F, 0x07, 0x0F, 
   0x01, 0xEE, 0x17, 0x0F, 0xFE, 0xCD, 0x1D, 0xBE, 0x77, 0x85, 
   0xC4, 0x10, 0x07, 0x13, 0x36, 0xAD, 0xEA, 0xEA, 0xAD, 0x3E, 
   0x12, 0xCA, 0x8F, 0x88, 0xC7, 0x0B, 0x13, 0x92, 0x12, 0x07, 
   0x01, 0x34, 0xD6, 0x76, 0x60, 0x99, 0xC9, 0x96, 0x01, 0x02, 
   0x97, 0xB9, 0x45, 0xFE, 0xE8, 0xDA, 0x29, 0xFE, 0xE1, 0xFB, 
   0x49, 0x18, 0x2E, 0x0C, 0x03, 0x20, 0x22, 0x03, 0x92, 0x25, 
   0x3F, 0x0B, 0x0B, 0x24, 0x24, 0xFC, 0x6B, 0x0D, 0x09, 0x32, 
   0x4C, 0x19, 0x46, 0x1B, 0x01, 0x1C, 0x18, 0x28, 0x26, 0x19, 
   0x46, 0x1A, 0xF7, 0xD1, 0x13, 0x15, 0x20, 0x0E, 0x05, 0x06, 
   0x0D, 0x31, 0x02, 0x50, 0x26, 0x3E, 0x0B, 0x0B, 0x24, 0x24, 
   0xFD, 0xAD, 0x04, 0x10, 0x05, 0xFB, 0x67, 0xDA, 0x9C, 0x64, 
   0x61, 0x9D, 0xBC, 0x02, 0xAB, 0x25, 0x37, 0x36, 0x26, 0xDB, 
   0x26, 0x36, 0x36, 0x26, 0xFE, 0x58, 0x4E, 0x19, 0x1B, 0x1B, 
   0x9B, 0x19, 0x4C, 0x36, 0x1C, 0x9A, 0xFA, 0xCF, 0x24, 0x1C, 
   0x43, 0x17, 0x03, 0x01, 0x01, 0x1C, 0x1A, 0x26, 0x25, 0x1C, 
   0x41, 0x1D, 0x36, 0x02, 0xA5, 0x4A, 0x1B, 0x1D, 0x37, 0x26, 
   0x25, 0x33, 0x00, 0x00, 0x00, 0x03, 0x00, 0x00, 0xFE, 0x7A, 
   0x09, 0x7D, 0x06, 0x0A, 0x00, 0x1C, 0x00, 0x39, 0x00, 0x70, 
   0x00, 0xF0, 0x00, 0xB2, 0x1A, 0x00, 0x00, 0x2B, 0xB0, 0x5B, 
   0x33, 0xB0, 0x04, 0xCD, 0xB0, 0x55, 0x32, 0xB0, 0x0B, 0x2F, 
   0xB0, 0x14, 0xCD, 0xB2, 0x14, 0x0B, 0x0A, 0x2B, 0xB3, 0x00, 
   0x14, 0x10, 0x09, 0x2B, 0xB0, 0x37, 0x2F, 0xB0, 0x21, 0xCD, 
   0xB0, 0x50, 0x2F, 0xB0, 0x65, 0xCD, 0xB3, 0x31, 0x65, 0x50, 
   0x08, 0x2B, 0xB0, 0x27, 0xCD, 0xB2, 0x27, 0x31, 0x0A, 0x2B, 
   0xB3, 0x00, 0x27, 0x2B, 0x09, 0x2B, 0xB0, 0x49, 0x2F, 0xB0, 
   0x68, 0xCD, 0x01, 0xB0, 0x71, 0x2F, 0xB0, 0x16, 0xD6, 0xB0, 
   0x08, 0xCD, 0xB2, 0x16, 0x08, 0x0A, 0x2B, 0xB3, 0x00, 0x16, 
   0x00, 0x09, 0x2B, 0xB3, 0x00, 0x16, 0x0E, 0x09, 0x2B, 0xB0, 
   0x08, 0x10, 0xB1, 0x25, 0x01, 0x2B, 0xB0, 0x34, 0xCD, 0xB2, 
   0x25, 0x34, 0x0A, 0x2B, 0xB3, 0x00, 0x25, 0x1D, 0x09, 0x2B, 
   0xB3, 0x00, 0x25, 0x2D, 0x09, 0x2B, 0xB0, 0x34, 0x10, 0xB1, 
   0x53, 0x01, 0x2B, 0xB0, 0x60, 0xCD, 0xB1, 0x72, 0x01, 0x2B, 
   0xB1, 0x08, 0x16, 0x11, 0x12, 0xB1, 0x45, 0x47, 0x39, 0x39, 
   0xB0, 0x25, 0x11, 0xB4, 0x49, 0x56, 0x58, 0x59, 0x68, 0x24, 
   0x17, 0x39, 0xB1, 0x53, 0x34, 0x11, 0x12, 0xB2, 0x4C, 0x55, 
   0x65, 0x39, 0x39, 0x39, 0x00, 0xB1, 0x1A, 0x14, 0x11, 0x12, 
   0xB0, 0x08, 0x39, 0xB1, 0x21, 0x37, 0x11, 0x12, 0xB1, 0x34, 
   0x53, 0x39, 0x39, 0xB0, 0x27, 0x11, 0xB4, 0x3C, 0x3F, 0x52, 
   0x60, 0x6E, 0x24, 0x17, 0x39, 0xB0, 0x50, 0x12, 0xB2, 0x33, 
   0x40, 0x42, 0x39, 0x39, 0x39, 0xB0, 0x31, 0x11, 0xB1, 0x43, 
   0x4D, 0x39, 0x39, 0xB0, 0x65, 0x12, 0xB3, 0x45, 0x46, 0x4C, 
   0x6B, 0x24, 0x17, 0x39, 0xB0, 0x49, 0x11, 0xB0, 0x47, 0x39, 
   0x30, 0x31, 0x35, 0x34, 0x37, 0x36, 0x33, 0x21, 0x32, 0x16, 
   0x15, 0x14, 0x06, 0x22, 0x27, 0x26, 0x34, 0x36, 0x33, 0x32, 
   0x17, 0x16, 0x32, 0x36, 0x35, 0x34, 0x26, 0x23, 0x21, 0x22, 
   0x26, 0x11, 0x34, 0x37, 0x36, 0x33, 0x21, 0x32, 0x36, 0x34, 
   0x26, 0x23, 0x22, 0x07, 0x06, 0x22, 0x26, 0x35, 0x34, 0x37, 
   0x36, 0x33, 0x32, 0x16, 0x14, 0x06, 0x23, 0x21, 0x22, 0x26, 
   0x13, 0x14, 0x3B, 0x01, 0x32, 0x37, 0x3E, 0x01, 0x3F, 0x01, 
   0x32, 0x35, 0x37, 0x36, 0x24, 0x33, 0x32, 0x04, 0x1F, 0x01, 
   0x14, 0x3B, 0x01, 0x32, 0x16, 0x10, 0x06, 0x23, 0x21, 0x22, 
   0x1D, 0x01, 0x14, 0x33, 0x21, 0x32, 0x3E, 0x01, 0x35, 0x34, 
   0x2E, 0x01, 0x2B, 0x01, 0x26, 0x00, 0x23, 0x22, 0x00, 0x07, 
   0x0E, 0x01, 0x07, 0x15, 0x06, 0x1B, 0x1C, 0x24, 0x02, 0x42, 
   0x76, 0xA7, 0xA6, 0xEE, 0x54, 0x19, 0x31, 0x28, 0x25, 0x1C, 
   0x20, 0x54, 0x3E, 0x3E, 0x2A, 0xFD, 0xBE, 0x25, 0x36, 0x1B, 
   0x1C, 0x24, 0x04, 0x65, 0x2A, 0x3E, 0x3E, 0x2A, 0x2C, 0x1D, 
   0x1D, 0x4E, 0x31, 0x18, 0x51, 0x7C, 0x77, 0xA7, 0xA7, 0x77, 
   0xFB, 0x9B, 0x26, 0x35, 0xE5, 0x11, 0x9A, 0x0D, 0x0A, 0x24, 
   0x98, 0x5E, 0x38, 0x15, 0x08, 0x11, 0x01, 0x03, 0xB0, 0xB1, 
   0x01, 0x04, 0x12, 0x08, 0x12, 0xAD, 0x91, 0xCF, 0xCF, 0x91, 
   0xFD, 0x1F, 0x14, 0x14, 0x02, 0xE1, 0x91, 0xF5, 0x8F, 0x8F, 
   0xF5, 0x91, 0x21, 0x32, 0xFE, 0xA5, 0xE0, 0xE2, 0xFE, 0xA4, 
   0x2F, 0x89, 0xD4, 0x29, 0x02, 0x5A, 0x28, 0x1B, 0x1A, 0xA9, 
   0x76, 0x77, 0xA7, 0x54, 0x19, 0x4E, 0x33, 0x1A, 0x1F, 0x3D, 
   0x2C, 0x2A, 0x3D, 0x35, 0x01, 0x6A, 0x27, 0x1B, 0x1A, 0x3E, 
   0x56, 0x3D, 0x1E, 0x18, 0x31, 0x27, 0x28, 0x19, 0x51, 0xA6, 
   0xEC, 0xA7, 0x33, 0x01, 0x21, 0x0D, 0x10, 0x57, 0x72, 0x07, 
   0x08, 0x12, 0x37, 0xAD, 0xEB, 0xE9, 0xAF, 0x3F, 0x12, 0xCC, 
   0xFE, 0xE2, 0xCC, 0x12, 0x94, 0x12, 0x8E, 0xF5, 0x90, 0x91, 
   0xF4, 0x8E, 0xD5, 0x01, 0x10, 0xFE, 0xE7, 0xDB, 0x20, 0xC7, 
   0x88, 0x04, 0x05, 0x00, 0x00, 0x00, 0x00, 0x04, 0x00, 0x00, 
   0xFE, 0xB1, 0x09, 0xEB, 0x06, 0x05, 0x00, 0x0D, 0x00, 0x1B, 
   0x00, 0x54, 0x00, 0x62, 0x00, 0x57, 0x00, 0xB2, 0x0B, 0x00, 
   0x00, 0x2B, 0xB0, 0x3E, 0x33, 0xB0, 0x03, 0xCD, 0xB0, 0x38, 
   0x32, 0xB0, 0x60, 0x2F, 0xB0, 0x59, 0xCD, 0xB0, 0x19, 0x2F, 
   0xB0, 0x12, 0xCD, 0xB0, 0x32, 0x2F, 0xB0, 0x49, 0xCD, 0xB0, 
   0x2B, 0x2F, 0xB0, 0x4C, 0xCD, 0x01, 0xB0, 0x63, 0x2F, 0xB0, 
   0x35, 0xD6, 0xB0, 0x44, 0xCD, 0xB1, 0x64, 0x01, 0x2B, 0x00, 
   0xB1, 0x32, 0x12, 0x11, 0x12, 0xB4, 0x1E, 0x24, 0x35, 0x44, 
   0x52, 0x24, 0x17, 0x39, 0xB0, 0x49, 0x11, 0xB3, 0x28, 0x2E, 
   0x25, 0x4F, 0x24, 0x17, 0x39, 0xB0, 0x2B, 0x12, 0xB0, 0x29, 
   0x39, 0x30, 0x31, 0x35, 0x34, 0x36, 0x33, 0x21, 0x32, 0x16, 
   0x15, 0x14, 0x06, 0x23, 0x21, 0x22, 0x26, 0x01, 0x34, 0x37, 
   0x36, 0x33, 0x21, 0x32, 0x16, 0x14, 0x06, 0x23, 0x21, 0x22, 
   0x26, 0x13, 0x14, 0x3B, 0x01, 0x32, 0x37, 0x3E, 0x01, 0x3F, 
   0x01, 0x32, 0x35, 0x37, 0x36, 0x24, 0x33, 0x32, 0x04, 0x1F, 
   0x01, 0x14, 0x3B, 0x01, 0x32, 0x16, 0x15, 0x14, 0x06, 0x23, 
   0x21, 0x22, 0x1D, 0x01, 0x14, 0x33, 0x21, 0x32, 0x3E, 0x02, 
   0x35, 0x34, 0x2E, 0x01, 0x2B, 0x01, 0x26, 0x00, 0x23, 0x22, 
   0x00, 0x07, 0x0E, 0x01, 0x07, 0x15, 0x06, 0x13, 0x34, 0x37, 
   0x36, 0x33, 0x21, 0x32, 0x16, 0x14, 0x06, 0x23, 0x21, 0x22, 
   0x26, 0x36, 0x28, 0x03, 0xBD, 0x26, 0x32, 0x33, 0x25, 0xFC, 
   0x43, 0x28, 0x36, 0x01, 0x19, 0x1D, 0x17, 0x28, 0x03, 0xC0, 
   0x25, 0x31, 0x31, 0x25, 0xFC, 0x40, 0x25, 0x37, 0x42, 0x12, 
   0x98, 0x0F, 0x0A, 0x24, 0x96, 0x5D, 0x3A, 0x12, 0x07, 0x12, 
   0x01, 0x05, 0xB0, 0xAE, 0x01, 0x00, 0x16, 0x08, 0x13, 0xAB, 
   0x91, 0xCD, 0xD0, 0x8E, 0xFD, 0x21, 0x13, 0x13, 0x02, 0xDF, 
   0x6C, 0xC5, 0x8D, 0x54, 0x8D, 0xF4, 0x91, 0x21, 0x34, 0xFE, 
   0xA7, 0xDC, 0xE3, 0xFE, 0xA3, 0x2F, 0x8A, 0xD0, 0x29, 0x02, 
   0x7A, 0x1C, 0x18, 0x27, 0x03, 0xBF, 0x27, 0x35, 0x36, 0x26, 
   0xFC, 0x41, 0x25, 0x36, 0x57, 0x27, 0x34, 0x33, 0x28, 0x26, 
   0x33, 0x33, 0x01, 0x6C, 0x26, 0x1A, 0x18, 0x32, 0x4C, 0x36, 
   0x37, 0x01, 0x1E, 0x0F, 0x0F, 0x57, 0x72, 0x07, 0x07, 0x13, 
   0x37, 0xAE, 0xE8, 0xE5, 0xAE, 0x3F, 0x11, 0xCC, 0x91, 0x8C, 
   0xCF, 0x12, 0x8F, 0x13, 0x53, 0x8E, 0xC3, 0x6B, 0x90, 0xF3, 
   0x8D, 0xD7, 0x01, 0x11, 0xFE, 0xE5, 0xDC, 0x1F, 0xC5, 0x8A, 
   0x02, 0x04, 0xFC, 0x73, 0x27, 0x19, 0x19, 0x33, 0x4C, 0x36, 
   0x36, 0x00, 0x00, 0x00, 0x00, 0x03, 0x00, 0x00, 0xFF, 0xFF, 
   0x09, 0x42, 0x06, 0x11, 0x00, 0x14, 0x00, 0x2D, 0x00, 0x50, 
   0x00, 0xB7, 0x00, 0xB2, 0x10, 0x00, 0x00, 0x2B, 0xB0, 0x18, 
   0xCD, 0xB0, 0x45, 0x2F, 0xB0, 0x40, 0xCD, 0xB0, 0x1E, 0x2F, 
   0xB0, 0x2A, 0x33, 0xB0, 0x09, 0xCD, 0xB0, 0x25, 0x2F, 0xB0, 
   0x06, 0xCD, 0xB3, 0x4C, 0x06, 0x25, 0x08, 0x2B, 0xB0, 0x3A, 
   0xCD, 0xB0, 0x36, 0x2F, 0xB0, 0x4F, 0xCD, 0x01, 0xB0, 0x51, 
   0x2F, 0xB0, 0x00, 0xD6, 0xB0, 0x15, 0xCD, 0xB0, 0x15, 0x10, 
   0xB1, 0x1C, 0x01, 0x2B, 0xB0, 0x0D, 0xCD, 0xB0, 0x0D, 0x10, 
   0xB1, 0x3D, 0x01, 0x2B, 0xB0, 0x48, 0xCD, 0xB1, 0x52, 0x01, 
   0x2B, 0xB1, 0x1C, 0x15, 0x11, 0x12, 0xB4, 0x03, 0x09, 0x2F, 
   0x36, 0x4F, 0x24, 0x17, 0x39, 0xB0, 0x0D, 0x11, 0xB1, 0x37, 
   0x39, 0x39, 0x39, 0xB0, 0x3D, 0x12, 0xB2, 0x42, 0x43, 0x4C, 
   0x39, 0x39, 0x39, 0x00, 0xB1, 0x45, 0x18, 0x11, 0x12, 0xB1, 
   0x0D, 0x1B, 0x39, 0x39, 0xB0, 0x40, 0x11, 0xB2, 0x15, 0x00, 
   0x46, 0x39, 0x39, 0x39, 0xB0, 0x1E, 0x12, 0xB3, 0x1C, 0x0C, 
   0x2B, 0x2C, 0x24, 0x17, 0x39, 0xB0, 0x09, 0x11, 0xB4, 0x03, 
   0x22, 0x27, 0x3D, 0x48, 0x24, 0x17, 0x39, 0xB0, 0x3A, 0x12, 
   0xB0, 0x23, 0x39, 0xB1, 0x06, 0x4C, 0x11, 0x12, 0xB2, 0x32, 
   0x33, 0x34, 0x39, 0x39, 0x39, 0xB0, 0x36, 0x11, 0xB1, 0x30, 
   0x31, 0x39, 0x39, 0x30, 0x31, 0x11, 0x34, 0x36, 0x37, 0x36, 
   0x24, 0x33, 0x32, 0x04, 0x17, 0x33, 0x32, 0x00, 0x10, 0x00, 
   0x23, 0x21, 0x22, 0x2E, 0x02, 0x37, 0x14, 0x16, 0x33, 0x21, 
   0x32, 0x36, 0x34, 0x26, 0x2B, 0x01, 0x22, 0x35, 0x27, 0x2E, 
   0x01, 0x20, 0x06, 0x0F, 0x01, 0x14, 0x23, 0x07, 0x0E, 0x01, 
   0x01, 0x06, 0x17, 0x16, 0x17, 0x16, 0x37, 0x36, 0x20, 0x16, 
   0x1F, 0x01, 0x33, 0x32, 0x16, 0x15, 0x14, 0x06, 0x07, 0x22, 
   0x1D, 0x01, 0x14, 0x33, 0x3E, 0x01, 0x35, 0x34, 0x26, 0x2B, 
   0x01, 0x26, 0x24, 0x23, 0x22, 0xC6, 0x9B, 0x29, 0x01, 0x2A, 
   0xC2, 0xBD, 0x01, 0x29, 0x2C, 0x1D, 0xBC, 0x01, 0x0A, 0xFE, 
   0xF6, 0xBC, 0xFC, 0x22, 0x5C, 0xA9, 0x7A, 0x48, 0x9B, 0xB0, 
   0x7C, 0x03, 0xDE, 0x7C, 0xB0, 0xB0, 0x7C, 0x94, 0x10, 0x07, 
   0x10, 0xDD, 0xFE, 0xD2, 0xDF, 0x0E, 0x07, 0x11, 0x30, 0x73, 
   0x9C, 0x03, 0xB0, 0x10, 0x18, 0x45, 0x2E, 0x12, 0x06, 0x61, 
   0x01, 0x02, 0xBD, 0x0B, 0x0A, 0x97, 0x68, 0x96, 0x84, 0x61, 
   0x10, 0x10, 0xA1, 0xDE, 0xEF, 0xA9, 0x10, 0x2A, 0xFE, 0xF5, 
   0xA5, 0xE2, 0x01, 0xC6, 0x9F, 0xF7, 0x23, 0xBC, 0xEF, 0xE9, 
   0xB6, 0xFE, 0xF7, 0xFE, 0x88, 0xFE, 0xF5, 0x48, 0x7A, 0xA9, 
   0x5C, 0x7A, 0xAF, 0xAF, 0xF4, 0xAE, 0x10, 0x34, 0x97, 0xC7, 
   0xC8, 0x96, 0x2D, 0x10, 0x07, 0x0A, 0xAA, 0x03, 0x2E, 0x0F, 
   0x07, 0x1E, 0x1D, 0x05, 0x08, 0x5C, 0xAD, 0x7F, 0x44, 0x95, 
   0x67, 0x60, 0x8E, 0x0B, 0x11, 0x79, 0x11, 0x0A, 0xEA, 0xA0, 
   0xA9, 0xEF, 0xA0, 0xCF, 0x00, 0x04, 0x00, 0x00, 0xFE, 0xB3, 
   0x0A, 0x51, 0x06, 0x05, 0x00, 0x0D, 0x00, 0x1C, 0x00, 0x4A, 
   0x00, 0x59, 0x00, 0x54, 0x00, 0xB2, 0x0B, 0x00, 0x00, 0x2B, 
   0xB0, 0x03, 0xCD, 0xB0, 0x57, 0x2F, 0xB0, 0x4F, 0xCD, 0xB0, 
   0x1A, 0x2F, 0xB0, 0x12, 0xCD, 0xB0, 0x33, 0x2F, 0xB0, 0x26, 
   0x33, 0xB0, 0x3F, 0xCD, 0xB0, 0x2C, 0x2F, 0xB0, 0x42, 0xCD, 
   0x01, 0xB0, 0x5A, 0x2F, 0xB0, 0x1D, 0xD6, 0xB0, 0x48, 0xCD, 
   0xB1, 0x5B, 0x01, 0x2B, 0x00, 0xB1, 0x33, 0x12, 0x11, 0x12, 
   0xB5, 0x1F, 0x25, 0x38, 0x39, 0x48, 0x49, 0x24, 0x17, 0x39, 
   0xB0, 0x3F, 0x11, 0xB2, 0x29, 0x2F, 0x45, 0x39, 0x39, 0x39, 
   0xB0, 0x2C, 0x12, 0xB0, 0x2A, 0x39, 0x30, 0x31, 0x35, 0x34, 
   0x36, 0x33, 0x21, 0x32, 0x16, 0x15, 0x14, 0x06, 0x23, 0x21, 
   0x22, 0x26, 0x01, 0x34, 0x37, 0x36, 0x33, 0x21, 0x32, 0x16, 
   0x15, 0x14, 0x06, 0x23, 0x21, 0x22, 0x26, 0x13, 0x14, 0x3B, 
   0x01, 0x32, 0x37, 0x3E, 0x01, 0x3F, 0x01, 0x32, 0x35, 0x37, 
   0x36, 0x24, 0x33, 0x32, 0x04, 0x1F, 0x01, 0x14, 0x3B, 0x01, 
   0x32, 0x16, 0x17, 0x16, 0x3B, 0x01, 0x32, 0x27, 0x26, 0x24, 
   0x2B, 0x01, 0x26, 0x00, 0x23, 0x22, 0x00, 0x07, 0x0E, 0x01, 
   0x07, 0x35, 0x06, 0x13, 0x34, 0x37, 0x36, 0x33, 0x21, 0x32, 
   0x16, 0x15, 0x14, 0x06, 0x23, 0x21, 0x22, 0x26, 0x36, 0x28, 
   0x07, 0xC7, 0x28, 0x33, 0x35, 0x26, 0xF8, 0x39, 0x28, 0x36, 
   0x01, 0x17, 0x1C, 0x18, 0x27, 0x07, 0xC8, 0x25, 0x32, 0x32, 
   0x25, 0xF8, 0x38, 0x26, 0x35, 0x0E, 0x10, 0x99, 0x0A, 0x0B, 
   0x26, 0x97, 0x5A, 0x3B, 0x12, 0x07, 0x11, 0x01, 0x03, 0xAE, 
   0xAD, 0x01, 0x01, 0x12, 0x08, 0x15, 0xAA, 0x67, 0xA9, 0x29, 
   0x0B, 0x0B, 0x99, 0x13, 0x04, 0x2F, 0xFE, 0xEA, 0xB2, 0x22, 
   0x35, 0xFE, 0xAB, 0xDB, 0xE0, 0xFE, 0xA4, 0x31, 0x88, 0xCD, 
   0x28, 0x01, 0xAC, 0x1C, 0x18, 0x28, 0x07, 0xC9, 0x26, 0x35, 
   0x36, 0x25, 0xF8, 0x37, 0x25, 0x37, 0x56, 0x27, 0x34, 0x33, 
   0x28, 0x25, 0x32, 0x32, 0x01, 0x74, 0x27, 0x19, 0x18, 0x33, 
   0x25, 0x26, 0x35, 0x36, 0x01, 0x23, 0x0E, 0x11, 0x53, 0x6A, 
   0x07, 0x08, 0x13, 0x35, 0xAD, 0xE7, 0xE4, 0xAC, 0x3D, 0x12, 
   0x6E, 0x5B, 0x11, 0x18, 0xA4, 0xD0, 0xD5, 0x01, 0x0F, 0xFE, 
   0xE7, 0xDA, 0x20, 0xC2, 0x87, 0x04, 0x03, 0xFC, 0x65, 0x26, 
   0x19, 0x18, 0x32, 0x25, 0x26, 0x36, 0x37, 0x00, 0x00, 0x07, 
   0x00, 0x00, 0xFD, 0x92, 0x08, 0xA2, 0x06, 0x01, 0x00, 0x38, 
   0x00, 0x45, 0x00, 0x57, 0x00, 0x67, 0x00, 0x7B, 0x00, 0x8D, 
   0x00, 0xA3, 0x01, 0x18, 0x00, 0xB2, 0x03, 0x00, 0x00, 0x2B, 
   0xB0, 0x27, 0x33, 0xB0, 0x08, 0xCD, 0xB0, 0x22, 0x32, 0xB0, 
   0x1C, 0x2F, 0xB0, 0x0F, 0x33, 0xB0, 0x30, 0xCD, 0xB0, 0x15, 
   0x2F, 0xB0, 0x33, 0xCD, 0x01, 0xB0, 0xA4, 0x2F, 0xB0, 0x00, 
   0xD6, 0xB0, 0x0B, 0xCD, 0xB0, 0x0B, 0x10, 0xB1, 0x39, 0x01, 
   0x2B, 0xB0, 0x44, 0x32, 0xB0, 0x3E, 0xCD, 0xB0, 0x46, 0x20, 
   0xD6, 0x11, 0xB0, 0x4C, 0xCD, 0xB0, 0x3E, 0x10, 0xB1, 0x58, 
   0x01, 0x2B, 0xB0, 0x68, 0x20, 0xD6, 0x11, 0xB0, 0x70, 0xCD, 
   0xB1, 0x7C, 0x01, 0x2B, 0xB1, 0x1F, 0x01, 0x2B, 0xB0, 0x2B, 
   0xCD, 0xB1, 0xA5, 0x01, 0x2B, 0xB0, 0x36, 0x1A, 0xBA, 0x3D, 
   0xDA, 0xEF, 0x8D, 0x00, 0x15, 0x2B, 0x0A, 0x04, 0xB0, 0x4C, 
   0x2E, 0x0E, 0xB0, 0x4D, 0xC0, 0xB1, 0x56, 0x03, 0xF9, 0xB0, 
   0x55, 0xC0, 0xBA, 0x3D, 0xCB, 0xEF, 0x56, 0x00, 0x15, 0x2B, 
   0x0A, 0xB0, 0xA3, 0x10, 0xB0, 0xA2, 0xC0, 0xB1, 0x97, 0x01, 
   0xF9, 0xB0, 0x98, 0xC0, 0x00, 0xB7, 0x4C, 0x4D, 0x55, 0x56, 
   0x97, 0x98, 0xA2, 0xA3, 0x2E, 0x2E, 0x2E, 0x2E, 0x2E, 0x2E, 
   0x2E, 0x2E, 0x01, 0xB6, 0x4D, 0x55, 0x56, 0x97, 0x98, 0xA2, 
   0xA3, 0x2E, 0x2E, 0x2E, 0x2E, 0x2E, 0x2E, 0x2E, 0xB0, 0x40, 
   0x1A, 0x01, 0xB1, 0x39, 0x0B, 0x11, 0x12, 0xB3, 0x05, 0x12, 
   0x36, 0x45, 0x24, 0x17, 0x39, 0xB0, 0x46, 0x11, 0xB0, 0x13, 
   0x39, 0xB1, 0x58, 0x4C, 0x11, 0x12, 0xB0, 0x52, 0x39, 0xB1, 
   0x70, 0x68, 0x11, 0x12, 0xB3, 0x33, 0x15, 0x5E, 0x62, 0x24, 
   0x17, 0x39, 0xB0, 0x7C, 0x11, 0xB0, 0x76, 0x39, 0xB0, 0x1F, 
   0x12, 0xB6, 0x18, 0x24, 0x25, 0x30, 0x72, 0x87, 0x8E, 0x24, 
   0x17, 0x39, 0x00, 0xB1, 0x08, 0x03, 0x11, 0x12, 0xB1, 0x02, 
   0x46, 0x39, 0x39, 0xB0, 0x1C, 0x11, 0xB5, 0x00, 0x0E, 0x2B, 
   0x52, 0x76, 0x9F, 0x24, 0x17, 0x39, 0xB0, 0x30, 0x12, 0xB2, 
   0x12, 0x18, 0x36, 0x39, 0x39, 0x39, 0xB0, 0x15, 0x11, 0xB0, 
   0x13, 0x39, 0x30, 0x31, 0x11, 0x14, 0x00, 0x17, 0x32, 0x3D, 
   0x01, 0x34, 0x23, 0x2E, 0x01, 0x35, 0x34, 0x36, 0x3F, 0x01, 
   0x32, 0x35, 0x37, 0x36, 0x24, 0x33, 0x32, 0x04, 0x1F, 0x01, 
   0x14, 0x3B, 0x01, 0x32, 0x16, 0x15, 0x14, 0x06, 0x07, 0x22, 
   0x1D, 0x01, 0x14, 0x33, 0x3E, 0x02, 0x35, 0x34, 0x2E, 0x01, 
   0x2B, 0x01, 0x26, 0x00, 0x23, 0x22, 0x00, 0x07, 0x06, 0x02, 
   0x01, 0x16, 0x17, 0x16, 0x36, 0x37, 0x36, 0x26, 0x27, 0x26, 
   0x06, 0x07, 0x06, 0x13, 0x14, 0x16, 0x17, 0x16, 0x36, 0x37, 
   0x13, 0x36, 0x26, 0x27, 0x26, 0x23, 0x22, 0x06, 0x07, 0x03, 
   0x06, 0x13, 0x14, 0x17, 0x16, 0x17, 0x16, 0x33, 0x32, 0x37, 
   0x3E, 0x01, 0x2E, 0x01, 0x07, 0x0E, 0x01, 0x13, 0x14, 0x17, 
   0x16, 0x33, 0x32, 0x37, 0x36, 0x37, 0x13, 0x36, 0x26, 0x27, 
   0x26, 0x23, 0x22, 0x06, 0x07, 0x03, 0x06, 0x25, 0x14, 0x17, 
   0x16, 0x17, 0x16, 0x33, 0x32, 0x37, 0x36, 0x37, 0x36, 0x26, 
   0x27, 0x26, 0x06, 0x07, 0x06, 0x13, 0x14, 0x16, 0x17, 0x16, 
   0x33, 0x32, 0x37, 0x36, 0x37, 0x13, 0x36, 0x35, 0x34, 0x26, 
   0x27, 0x26, 0x23, 0x22, 0x06, 0x07, 0x03, 0x01, 0x29, 0xD6, 
   0x12, 0x12, 0x89, 0xC0, 0xB4, 0x85, 0x39, 0x15, 0x06, 0x11, 
   0x01, 0x03, 0xAF, 0xAE, 0x01, 0x04, 0x12, 0x08, 0x13, 0xAC, 
   0x8E, 0xD0, 0xC1, 0x88, 0x15, 0x15, 0x8B, 0xEA, 0x87, 0x8E, 
   0xF4, 0x8F, 0x22, 0x34, 0xFE, 0xA7, 0xDC, 0xE1, 0xFE, 0xA2, 
   0x31, 0xB1, 0xE5, 0x02, 0x45, 0x0F, 0x22, 0x20, 0x45, 0x0D, 
   0x10, 0x1B, 0x23, 0x20, 0x43, 0x10, 0x0F, 0x50, 0x21, 0x21, 
   0x1F, 0x46, 0x0C, 0x60, 0x0A, 0x25, 0x26, 0x0D, 0x0D, 0x1A, 
   0x31, 0x0A, 0x5E, 0x05, 0xC7, 0x06, 0x0E, 0x22, 0x0F, 0x14, 
   0x0A, 0x16, 0x23, 0x1F, 0x20, 0x3F, 0x23, 0x1E, 0x1B, 0x4E, 
   0x43, 0x12, 0x08, 0x18, 0x11, 0x21, 0x0C, 0xB2, 0x0A, 0x21, 
   0x24, 0x0D, 0x10, 0x1A, 0x33, 0x06, 0xB6, 0x04, 0x01, 0x6E, 
   0x08, 0x0D, 0x22, 0x12, 0x13, 0x0A, 0x16, 0x22, 0x0F, 0x0C, 
   0x1A, 0x20, 0x24, 0x43, 0x10, 0x08, 0x4D, 0x22, 0x1F, 0x19, 
   0x04, 0x0F, 0x18, 0x20, 0x0B, 0x60, 0x03, 0x21, 0x20, 0x0E, 
   0x0E, 0x1A, 0x30, 0x09, 0x60, 0x02, 0x10, 0xD5, 0xFE, 0xCE, 
   0x0A, 0x12, 0x8F, 0x12, 0x07, 0xCC, 0x8B, 0x84, 0xC4, 0x10, 
   0x03, 0x14, 0x39, 0xAD, 0xE9, 0xE9, 0xAD, 0x3E, 0x12, 0xCC, 
   0x8C, 0x8B, 0xCC, 0x07, 0x12, 0x8F, 0x12, 0x04, 0x90, 0xF1, 
   0x8C, 0x8F, 0xF1, 0x8B, 0xD6, 0x01, 0x10, 0xFE, 0xE9, 0xDA, 
   0x29, 0xFE, 0xE1, 0xFC, 0x48, 0x22, 0x0F, 0x10, 0x1C, 0x22, 
   0x23, 0x43, 0x0D, 0x11, 0x1C, 0x24, 0x1A, 0x01, 0x06, 0x19, 
   0x2F, 0x0B, 0x12, 0x21, 0x2F, 0x01, 0x69, 0x28, 0x3F, 0x07, 
   0x03, 0x20, 0x1F, 0xFE, 0x96, 0x17, 0xFD, 0xA7, 0x13, 0x0C, 
   0x23, 0x0D, 0x08, 0x06, 0x0D, 0x46, 0x46, 0x1C, 0x0E, 0x0D, 
   0x32, 0x00, 0xFF, 0x3B, 0x13, 0x04, 0x08, 0x0D, 0x30, 0x02, 
   0x9F, 0x26, 0x3E, 0x0A, 0x03, 0x20, 0x1F, 0xFD, 0x5C, 0x16, 
   0x27, 0x13, 0x0F, 0x1F, 0x10, 0x07, 0x06, 0x0D, 0x22, 0x23, 
   0x40, 0x10, 0x11, 0x1C, 0x24, 0x0F, 0x01, 0x00, 0x17, 0x32, 
   0x0A, 0x05, 0x0B, 0x0F, 0x29, 0x01, 0x64, 0x1B, 0x01, 0x19, 
   0x30, 0x09, 0x03, 0x1F, 0x20, 0xFE, 0x9A, 0x00, 0x00, 0x00, 
   0x00, 0x02, 0x00, 0x00, 0xFE, 0xE5, 0x05, 0xD9, 0x06, 0xA5, 
   0x00, 0x0F, 0x00, 0x21, 0x00, 0x00, 0x11, 0x33, 0x01, 0x36, 
   0x23, 0x21, 0x01, 0x36, 0x23, 0x21, 0x22, 0x07, 0x01, 0x06, 
   0x33, 0x21, 0x05, 0x33, 0x01, 0x36, 0x26, 0x2B, 0x01, 0x13, 
   0x36, 0x23, 0x21, 0x22, 0x07, 0x03, 0x06, 0x16, 0x3B, 0x01, 
   0x2A, 0x02, 0xDE, 0x0F, 0x1F, 0xFE, 0xD1, 0x01, 0x3F, 0x0E, 
   0x23, 0xFE, 0x6A, 0x11, 0x0E, 0xFE, 0xD8, 0x04, 0x18, 0x01, 
   0x25, 0x02, 0x3C, 0x1D, 0x02, 0x2D, 0x08, 0x08, 0x0E, 0xE0, 
   0xE9, 0x13, 0x26, 0xFE, 0xDC, 0x15, 0x0B, 0xDE, 0x05, 0x0C, 
   0x0E, 0xDA, 0xFE, 0xE5, 0x04, 0x3E, 0x1D, 0x02, 0x45, 0x1D, 
   0x13, 0xFC, 0xEB, 0x1D, 0xD5, 0x03, 0x32, 0x0D, 0x10, 0x01, 
   0xAE, 0x20, 0x14, 0xFD, 0xB7, 0x0E, 0x10, 0x00, 0x00, 0x00, 
   0x00, 0x0A, 0x00, 0x00, 0xFD, 0x75, 0x08, 0xA1, 0x06, 0x00, 
   0x00, 0x37, 0x00, 0x47, 0x00, 0x53, 0x00, 0x64, 0x00, 0x75, 
   0x00, 0x81, 0x00, 0x91, 0x00, 0xA4, 0x00, 0xB0, 0x00, 0xC5, 
   0x02, 0x6F, 0x00, 0xB2, 0x03, 0x00, 0x00, 0x2B, 0xB2, 0x27, 
   0x4C, 0xA9, 0x33, 0x33, 0x33, 0xB0, 0x08, 0xCD, 0xB1, 0x22, 
   0x51, 0x32, 0x32, 0xB0, 0x6A, 0x2F, 0xB0, 0x70, 0xCD, 0xB0, 
   0x98, 0x2F, 0xB0, 0x3B, 0x33, 0xB0, 0x9E, 0xCD, 0xB0, 0x42, 
   0x32, 0xB0, 0x7A, 0x20, 0xD6, 0x11, 0xB0, 0x80, 0xCD, 0xB0, 
   0x56, 0x2F, 0xB0, 0xBF, 0xCD, 0xB0, 0x5E, 0x32, 0xB0, 0x1C, 
   0x2F, 0xB0, 0x0F, 0x33, 0xB0, 0x2F, 0xCD, 0xB0, 0x15, 0x2F, 
   0xB0, 0x32, 0xCD, 0x01, 0xB0, 0xC6, 0x2F, 0xB0, 0x00, 0xD6, 
   0xB0, 0x0B, 0xCD, 0xB0, 0x0B, 0x10, 0xB1, 0x48, 0x01, 0x2B, 
   0xB0, 0x4F, 0xCD, 0xB0, 0x4F, 0x10, 0xB0, 0x3E, 0x20, 0xD6, 
   0x11, 0xB0, 0x38, 0xCD, 0xB0, 0x38, 0x2F, 0xB0, 0x11, 0x33, 
   0xB0, 0x3E, 0xCD, 0xB0, 0x4F, 0x10, 0xB0, 0x5A, 0x20, 0xD6, 
   0x11, 0xB0, 0x54, 0xCD, 0xB0, 0x54, 0x2F, 0xB0, 0x5A, 0xCD, 
   0xB0, 0x4F, 0x10, 0xB1, 0x76, 0x01, 0x2B, 0xB0, 0x7D, 0xCD, 
   0xB0, 0x7D, 0x10, 0xB0, 0x6C, 0x20, 0xD6, 0x11, 0xB0, 0x65, 
   0xCD, 0xB0, 0x65, 0x2F, 0xB0, 0x6C, 0xCD, 0xB0, 0x7D, 0x10, 
   0xB0, 0x88, 0x20, 0xD6, 0x11, 0xB0, 0x82, 0xCD, 0xB0, 0x82, 
   0x2F, 0xB0, 0x90, 0x33, 0xB0, 0x88, 0xCD, 0xB0, 0x8F, 0x20, 
   0xD6, 0x11, 0xB0, 0x89, 0xCD, 0xB0, 0x7D, 0x10, 0xB1, 0xA5, 
   0x01, 0x2B, 0xB0, 0xAC, 0xCD, 0xB0, 0xAC, 0x10, 0xB0, 0x9B, 
   0x20, 0xD6, 0x11, 0xB0, 0xA1, 0xCD, 0xB0, 0xA1, 0x2F, 0xB0, 
   0x9B, 0xCD, 0xB0, 0x19, 0x32, 0xB0, 0xAC, 0x10, 0xB1, 0x1F, 
   0x01, 0x2B, 0xB0, 0x2A, 0xCD, 0xB1, 0xC7, 0x01, 0x2B, 0xB0, 
   0x36, 0x1A, 0xBA, 0x3E, 0x25, 0xF0, 0xB4, 0x00, 0x15, 0x2B, 
   0x0A, 0x04, 0xB0, 0x90, 0x2E, 0xB0, 0x6C, 0x2E, 0xB0, 0x90, 
   0x10, 0xB1, 0x88, 0x03, 0xF9, 0x0E, 0xB0, 0x6C, 0x10, 0xB1, 
   0x74, 0x03, 0xF9, 0xBA, 0x3E, 0x64, 0xF1, 0xBD, 0x00, 0x15, 
   0x2B, 0x0A, 0xB0, 0xA4, 0x10, 0xB0, 0xC2, 0xC0, 0xB1, 0x9A, 
   0x02, 0xF9, 0xB0, 0xBC, 0xC0, 0xB0, 0x6C, 0x10, 0xB3, 0x6D, 
   0x6C, 0x88, 0x13, 0x2B, 0xB0, 0x74, 0x10, 0xB3, 0x73, 0x74, 
   0x90, 0x13, 0x2B, 0xB0, 0xA4, 0x10, 0xB3, 0xA3, 0xA4, 0xC2, 
   0x13, 0x2B, 0xB0, 0x9A, 0x10, 0xB3, 0xBB, 0x9A, 0xBC, 0x13, 
   0x2B, 0xB2, 0x73, 0x74, 0x90, 0x20, 0x8A, 0x20, 0x8A, 0x23, 
   0x06, 0x0E, 0x11, 0x12, 0x39, 0xB2, 0x6D, 0x6C, 0x88, 0x11, 
   0x12, 0x39, 0xB2, 0xA3, 0xA4, 0xC2, 0x11, 0x12, 0x39, 0xB2, 
   0xBB, 0x9A, 0xBC, 0x11, 0x12, 0x39, 0x00, 0x40, 0x0C, 0x6C, 
   0x6D, 0x73, 0x74, 0x88, 0x90, 0x9A, 0xBB, 0xBC, 0xC2, 0xA3, 
   0xA4, 0x2E, 0x2E, 0x2E, 0x2E, 0x2E, 0x2E, 0x2E, 0x2E, 0x2E, 
   0x2E, 0x2E, 0x2E, 0x01, 0x40, 0x09, 0x6D, 0x73, 0x74, 0x9A, 
   0xBB, 0xBC, 0xC2, 0xA3, 0xA4, 0x2E, 0x2E, 0x2E, 0x2E, 0x2E, 
   0x2E, 0x2E, 0x2E, 0x2E, 0xB0, 0x40, 0x1A, 0x01, 0xB1, 0x38, 
   0x0B, 0x11, 0x12, 0xB1, 0x05, 0x35, 0x39, 0x39, 0xB0, 0x48, 
   0x11, 0xB1, 0x13, 0x12, 0x39, 0x39, 0xB1, 0x3E, 0x54, 0x11, 
   0x12, 0xB2, 0x51, 0x4C, 0x61, 0x39, 0x39, 0x39, 0xB0, 0x4F, 
   0x11, 0xB0, 0x40, 0x39, 0xB1, 0x82, 0x76, 0x11, 0x12, 0xB2, 
   0x6A, 0x5C, 0x80, 0x39, 0x39, 0x39, 0xB0, 0x6C, 0x11, 0xB0, 
   0x7A, 0x39, 0xB0, 0x7D, 0x12, 0xB2, 0x32, 0x15, 0x7F, 0x39, 
   0x39, 0x39, 0xB1, 0xA1, 0x89, 0x11, 0x12, 0xB2, 0x8A, 0x92, 
   0xA2, 0x39, 0x39, 0x39, 0xB0, 0xA5, 0x11, 0xB0, 0x95, 0x39, 
   0xB0, 0x9B, 0x12, 0xB4, 0x18, 0x98, 0xA9, 0xAF, 0xB1, 0x24, 
   0x17, 0x39, 0xB0, 0xAC, 0x11, 0xB4, 0x1B, 0x9C, 0xAE, 0xB4, 
   0xB7, 0x24, 0x17, 0x39, 0xB0, 0x1F, 0x12, 0xB3, 0x1C, 0x24, 
   0x25, 0x2F, 0x24, 0x17, 0x39, 0x00, 0xB1, 0x7A, 0x70, 0x11, 
   0x12, 0xB0, 0x71, 0x39, 0xB1, 0x80, 0x98, 0x11, 0x12, 0xB3, 
   0x38, 0x7D, 0x76, 0xA2, 0x24, 0x17, 0x39, 0xB0, 0x9E, 0x11, 
   0xB1, 0x86, 0xA1, 0x39, 0x39, 0xB0, 0x03, 0x12, 0xB1, 0x43, 
   0x9F, 0x39, 0x39, 0xB0, 0x08, 0x11, 0xB4, 0x48, 0x4E, 0xA5, 
   0xAC, 0xAE, 0x24, 0x17, 0x39, 0xB0, 0x56, 0x12, 0xB3, 0x58, 
   0x8D, 0xB4, 0xB7, 0x24, 0x17, 0x39, 0xB0, 0xBF, 0x11, 0xB1, 
   0x61, 0xB1, 0x39, 0x39, 0xB0, 0x1C, 0x12, 0xB5, 0x0B, 0x00, 
   0x0E, 0x1F, 0x2A, 0x5F, 0x24, 0x17, 0x39, 0xB0, 0x2F, 0x11, 
   0xB2, 0x12, 0x18, 0x35, 0x39, 0x39, 0x39, 0xB0, 0x15, 0x12, 
   0xB0, 0x13, 0x39, 0x30, 0x31, 0x11, 0x14, 0x00, 0x17, 0x32, 
   0x3D, 0x01, 0x34, 0x23, 0x2E, 0x01, 0x35, 0x34, 0x36, 0x3F, 
   0x01, 0x32, 0x35, 0x37, 0x36, 0x24, 0x33, 0x32, 0x04, 0x1F, 
   0x01, 0x14, 0x3B, 0x01, 0x32, 0x16, 0x15, 0x14, 0x06, 0x07, 
   0x22, 0x1D, 0x01, 0x14, 0x33, 0x36, 0x00, 0x35, 0x34, 0x2E, 
   0x01, 0x2B, 0x01, 0x26, 0x00, 0x23, 0x22, 0x00, 0x07, 0x06, 
   0x02, 0x01, 0x14, 0x16, 0x17, 0x16, 0x36, 0x3F, 0x01, 0x36, 
   0x26, 0x27, 0x26, 0x06, 0x0F, 0x01, 0x06, 0x13, 0x14, 0x17, 
   0x16, 0x33, 0x32, 0x36, 0x34, 0x26, 0x23, 0x22, 0x06, 0x37, 
   0x06, 0x16, 0x17, 0x16, 0x36, 0x3F, 0x01, 0x36, 0x26, 0x27, 
   0x26, 0x06, 0x0F, 0x01, 0x14, 0x06, 0x13, 0x14, 0x16, 0x17, 
   0x16, 0x33, 0x32, 0x3F, 0x01, 0x36, 0x26, 0x27, 0x26, 0x06, 
   0x0F, 0x01, 0x06, 0x13, 0x14, 0x17, 0x16, 0x33, 0x32, 0x36, 
   0x35, 0x34, 0x26, 0x22, 0x06, 0x37, 0x06, 0x16, 0x17, 0x16, 
   0x36, 0x3F, 0x01, 0x36, 0x26, 0x27, 0x26, 0x06, 0x0F, 0x01, 
   0x06, 0x05, 0x14, 0x16, 0x17, 0x32, 0x16, 0x33, 0x32, 0x3F, 
   0x01, 0x36, 0x26, 0x27, 0x26, 0x06, 0x0F, 0x01, 0x14, 0x06, 
   0x13, 0x14, 0x17, 0x16, 0x33, 0x32, 0x36, 0x35, 0x34, 0x26, 
   0x22, 0x06, 0x37, 0x14, 0x16, 0x17, 0x32, 0x16, 0x33, 0x32, 
   0x37, 0x36, 0x3F, 0x01, 0x36, 0x26, 0x27, 0x26, 0x06, 0x0F, 
   0x01, 0x14, 0x06, 0x01, 0x2A, 0xD4, 0x13, 0x13, 0x87, 0xC2, 
   0xB5, 0x85, 0x38, 0x14, 0x08, 0x10, 0x01, 0x03, 0xB0, 0xAD, 
   0x01, 0x04, 0x13, 0x07, 0x14, 0xAB, 0x90, 0xCE, 0xC1, 0x88, 
   0x15, 0x15, 0xD5, 0x01, 0x27, 0x8E, 0xF4, 0x8F, 0x21, 0x35, 
   0xFE, 0xA8, 0xDC, 0xE1, 0xFE, 0xA2, 0x31, 0xB4, 0xE2, 0x02, 
   0x41, 0x23, 0x21, 0x25, 0x3E, 0x0B, 0x0F, 0x08, 0x24, 0x25, 
   0x24, 0x41, 0x0A, 0x0F, 0x02, 0x51, 0x1B, 0x19, 0x23, 0x26, 
   0x34, 0x34, 0x26, 0x25, 0x32, 0x41, 0x02, 0x21, 0x23, 0x21, 
   0x42, 0x0B, 0x1E, 0x0C, 0x26, 0x27, 0x23, 0x41, 0x0B, 0x1A, 
   0x04, 0x7C, 0x21, 0x23, 0x0D, 0x0E, 0x44, 0x10, 0x0F, 0x0A, 
   0x26, 0x25, 0x22, 0x42, 0x0B, 0x0F, 0x03, 0x53, 0x1B, 0x1A, 
   0x23, 0x26, 0x32, 0x32, 0x4C, 0x32, 0x43, 0x02, 0x20, 0x20, 
   0x25, 0x3E, 0x0D, 0x1D, 0x0B, 0x25, 0x26, 0x23, 0x42, 0x0B, 
   0x18, 0x03, 0x01, 0x26, 0x21, 0x21, 0x05, 0x13, 0x05, 0x41, 
   0x10, 0x0F, 0x0B, 0x24, 0x24, 0x28, 0x41, 0x0B, 0x0A, 0x04, 
   0x4F, 0x1B, 0x18, 0x25, 0x26, 0x32, 0x32, 0x4C, 0x32, 0x41, 
   0x23, 0x23, 0x03, 0x14, 0x05, 0x10, 0x16, 0x22, 0x0A, 0x1A, 
   0x0A, 0x24, 0x24, 0x25, 0x3E, 0x0B, 0x1E, 0x04, 0x02, 0x0A, 
   0xD3, 0xFE, 0xCE, 0x07, 0x12, 0x8E, 0x13, 0x07, 0xCB, 0x87, 
   0x86, 0xC7, 0x0B, 0x08, 0x13, 0x35, 0xAF, 0xEC, 0xEA, 0xAC, 
   0x3E, 0x13, 0xCE, 0x8E, 0x87, 0xCB, 0x07, 0x13, 0x8E, 0x12, 
   0x07, 0x01, 0x31, 0xD4, 0x8F, 0xF3, 0x8D, 0xD6, 0x01, 0x11, 
   0xFE, 0xE8, 0xD9, 0x2E, 0xFE, 0xE3, 0xFC, 0x59, 0x1B, 0x36, 
   0x0A, 0x0B, 0x1E, 0x2D, 0x41, 0x24, 0x3F, 0x0B, 0x0B, 0x26, 
   0x26, 0x3F, 0x06, 0x01, 0x27, 0x22, 0x1B, 0x1B, 0x33, 0x4A, 
   0x33, 0x32, 0xCD, 0x19, 0x2F, 0x0B, 0x0A, 0x23, 0x25, 0x60, 
   0x27, 0x3D, 0x0B, 0x0B, 0x24, 0x23, 0x62, 0x03, 0x13, 0xFC, 
   0x85, 0x1C, 0x32, 0x0A, 0x03, 0x41, 0x3F, 0x29, 0x40, 0x07, 
   0x0B, 0x25, 0x24, 0x3F, 0x0E, 0x01, 0x2C, 0x23, 0x1B, 0x1A, 
   0x32, 0x26, 0x25, 0x32, 0x32, 0xCD, 0x18, 0x34, 0x06, 0x0A, 
   0x20, 0x2C, 0x60, 0x23, 0x40, 0x0B, 0x0B, 0x27, 0x25, 0x60, 
   0x0D, 0xF5, 0x1A, 0x32, 0x0A, 0x04, 0x46, 0x40, 0x22, 0x42, 
   0x0B, 0x0A, 0x25, 0x26, 0x3F, 0x04, 0x12, 0x01, 0x36, 0x24, 
   0x19, 0x1A, 0x32, 0x25, 0x26, 0x32, 0x32, 0xD1, 0x1B, 0x31, 
   0x0A, 0x04, 0x0A, 0x12, 0x26, 0x60, 0x24, 0x3F, 0x0B, 0x0B, 
   0x22, 0x25, 0x61, 0x04, 0x11, 0x00, 0x00, 0x00, 0x00, 0x06, 
   0x00, 0x00, 0xFD, 0x67, 0x08, 0xA6, 0x06, 0x01, 0x00, 0x3F, 
   0x00, 0x4E, 0x00, 0x62, 0x00, 0x73, 0x00, 0x86, 0x00, 0x9B, 
   0x00, 0xA7, 0x00, 0xB0, 0x8D, 0x2F, 0xB0, 0x95, 0xCD, 0xB3, 
   0x70, 0x95, 0x8D, 0x08, 0x2B, 0xB0, 0x69, 0xCD, 0xB0, 0x1A, 
   0x2F, 0xB0, 0x36, 0xCD, 0xB0, 0x13, 0x2F, 0xB0, 0x39, 0xCD, 
   0x01, 0xB0, 0x9C, 0x2F, 0xB0, 0x00, 0xD6, 0xB0, 0x09, 0xCD, 
   0xB0, 0x09, 0x10, 0xB1, 0x40, 0x01, 0x2B, 0xB1, 0x64, 0x01, 
   0x2B, 0xB0, 0x74, 0xCD, 0xB0, 0x74, 0x10, 0xB1, 0x1D, 0x01, 
   0x2B, 0xB0, 0x30, 0xCD, 0xB1, 0x9D, 0x01, 0x2B, 0xB1, 0x64, 
   0x40, 0x11, 0x12, 0xB6, 0x0C, 0x11, 0x3D, 0x06, 0x48, 0x4F, 
   0x51, 0x24, 0x17, 0x39, 0xB0, 0x74, 0x11, 0xB1, 0x54, 0x69, 
   0x39, 0x39, 0xB0, 0x1D, 0x12, 0x40, 0x0B, 0x13, 0x26, 0x2D, 
   0x36, 0x39, 0x58, 0x5C, 0x6E, 0x7D, 0x87, 0x92, 0x24, 0x17, 
   0x39, 0x00, 0xB1, 0x8D, 0x69, 0x11, 0x12, 0xB0, 0x63, 0x39, 
   0xB1, 0x95, 0x70, 0x11, 0x12, 0xB2, 0x71, 0x45, 0x87, 0x39, 
   0x39, 0x39, 0xB0, 0x1A, 0x11, 0x40, 0x0B, 0x00, 0x04, 0x0C, 
   0x2A, 0x30, 0x40, 0x4B, 0x54, 0x5C, 0x81, 0x83, 0x24, 0x17, 
   0x39, 0xB0, 0x36, 0x12, 0xB2, 0x10, 0x16, 0x3D, 0x39, 0x39, 
   0x39, 0xB0, 0x13, 0x11, 0xB0, 0x11, 0x39, 0x30, 0x31, 0x11, 
   0x14, 0x12, 0x17, 0x16, 0x3F, 0x01, 0x22, 0x26, 0x35, 0x34, 
   0x36, 0x3F, 0x01, 0x32, 0x35, 0x37, 0x36, 0x24, 0x33, 0x32, 
   0x04, 0x1F, 0x01, 0x16, 0x3B, 0x01, 0x32, 0x16, 0x15, 0x14, 
   0x06, 0x07, 0x22, 0x07, 0x06, 0x07, 0x03, 0x06, 0x16, 0x17, 
   0x16, 0x33, 0x32, 0x37, 0x13, 0x36, 0x00, 0x35, 0x34, 0x2E, 
   0x02, 0x2B, 0x01, 0x26, 0x00, 0x23, 0x22, 0x04, 0x06, 0x07, 
   0x06, 0x02, 0x01, 0x14, 0x17, 0x16, 0x17, 0x16, 0x36, 0x37, 
   0x36, 0x26, 0x27, 0x26, 0x06, 0x07, 0x06, 0x37, 0x15, 0x16, 
   0x17, 0x16, 0x33, 0x32, 0x37, 0x13, 0x36, 0x27, 0x2E, 0x01, 
   0x23, 0x22, 0x07, 0x06, 0x07, 0x03, 0x06, 0x12, 0x14, 0x17, 
   0x16, 0x17, 0x16, 0x33, 0x32, 0x37, 0x36, 0x37, 0x36, 0x26, 
   0x27, 0x26, 0x06, 0x07, 0x37, 0x15, 0x1E, 0x01, 0x33, 0x32, 
   0x37, 0x01, 0x36, 0x3D, 0x01, 0x2E, 0x01, 0x2B, 0x01, 0x06, 
   0x07, 0x01, 0x06, 0x05, 0x14, 0x17, 0x16, 0x17, 0x16, 0x33, 
   0x32, 0x37, 0x36, 0x37, 0x36, 0x27, 0x26, 0x2F, 0x01, 0x06, 
   0x07, 0x06, 0x07, 0x06, 0xD1, 0xA8, 0x0E, 0x0C, 0x7C, 0x8E, 
   0xCA, 0xB4, 0x86, 0x38, 0x11, 0x08, 0x14, 0x01, 0x01, 0xAF, 
   0xB0, 0x01, 0x05, 0x10, 0x08, 0x04, 0x13, 0xAD, 0x90, 0xCA, 
   0xB4, 0x83, 0x13, 0x21, 0x1F, 0x0D, 0xFC, 0x17, 0x0B, 0x1C, 
   0x11, 0x2B, 0x2A, 0x17, 0xE2, 0xC7, 0x01, 0x12, 0x53, 0x8D, 
   0xC3, 0x6C, 0x22, 0x35, 0xFE, 0xA5, 0xDF, 0x95, 0xFE, 0xF9, 
   0xB4, 0x1F, 0xB4, 0xE3, 0x01, 0x69, 0x06, 0x0E, 0x21, 0x23, 
   0x48, 0x0D, 0x10, 0x1C, 0x23, 0x24, 0x42, 0x10, 0x08, 0xC5, 
   0x03, 0x1D, 0x24, 0x1E, 0x24, 0x1D, 0xF8, 0x17, 0x02, 0x04, 
   0x33, 0x1E, 0x09, 0x06, 0x25, 0x17, 0xFC, 0x14, 0x52, 0x08, 
   0x0D, 0x22, 0x11, 0x12, 0x14, 0x0D, 0x25, 0x0D, 0x10, 0x1B, 
   0x22, 0x23, 0x49, 0x0C, 0xAA, 0x04, 0x3A, 0x1E, 0x24, 0x1F, 
   0x01, 0xD0, 0x12, 0x04, 0x32, 0x1F, 0x0E, 0x25, 0x16, 0xFE, 
   0x30, 0x13, 0x01, 0x77, 0x06, 0x0E, 0x23, 0x16, 0x0B, 0x17, 
   0x0D, 0x24, 0x0D, 0x10, 0x0E, 0x0D, 0x22, 0x26, 0x0E, 0x14, 
   0x23, 0x0D, 0x08, 0x02, 0x0D, 0xB3, 0xFE, 0xE9, 0x33, 0x03, 
   0x0B, 0x99, 0xCC, 0x90, 0x87, 0xC7, 0x0B, 0x07, 0x0E, 0x3B, 
   0xB0, 0xE7, 0xE9, 0xAE, 0x3E, 0x12, 0xCA, 0x8F, 0x85, 0xC7, 
   0x10, 0x06, 0x03, 0x15, 0xFE, 0xD6, 0x1D, 0x4C, 0x17, 0x14, 
   0x25, 0x01, 0x04, 0x14, 0x01, 0x30, 0xCB, 0x6C, 0xC4, 0x8D, 
   0x54, 0xD4, 0x01, 0x0F, 0x7F, 0xE3, 0x91, 0x28, 0xFE, 0xE1, 
   0xFB, 0xEF, 0x0A, 0x16, 0x22, 0x0D, 0x10, 0x1C, 0x22, 0x23, 
   0x44, 0x0C, 0x11, 0x1C, 0x24, 0x11, 0xF2, 0x0B, 0x24, 0x18, 
   0x14, 0x23, 0x01, 0x27, 0x1C, 0x2A, 0x22, 0x2E, 0x01, 0x07, 
   0x1C, 0xFE, 0xD8, 0x17, 0xFD, 0xFA, 0x26, 0x0F, 0x22, 0x10, 
   0x08, 0x08, 0x0F, 0x1D, 0x23, 0x48, 0x0D, 0x10, 0x1C, 0x22, 
   0xD8, 0x0C, 0x23, 0x2F, 0x23, 0x02, 0x2F, 0x14, 0x23, 0x0D, 
   0x24, 0x2A, 0x02, 0x1F, 0xFD, 0xD5, 0x1C, 0x99, 0x0E, 0x12, 
   0x23, 0x0F, 0x06, 0x08, 0x0E, 0x1F, 0x1B, 0x2C, 0x21, 0x0E, 
   0x0A, 0x03, 0x05, 0x0D, 0x22, 0x13, 0x00, 0x00, 0x00, 0x04, 
   0x00, 0x00, 0xFD, 0xA6, 0x08, 0xA3, 0x06, 0x01, 0x00, 0x37, 
   0x00, 0x4C, 0x00, 0x5F, 0x00, 0x75, 0x01, 0x02, 0x00, 0xB2, 
   0x35, 0x00, 0x00, 0x2B, 0xB0, 0x12, 0x33, 0xB0, 0x30, 0xCD, 
   0xB0, 0x17, 0x32, 0xB0, 0x1C, 0x2F, 0xB0, 0x29, 0x33, 0xB0, 
   0x09, 0xCD, 0xB0, 0x23, 0x2F, 0xB0, 0x06, 0xCD, 0x01, 0xB0, 
   0x76, 0x2F, 0xB0, 0x00, 0xD6, 0xB0, 0x2D, 0xCD, 0xB2, 0x2D, 
   0x00, 0x0A, 0x2B, 0xB3, 0x40, 0x2D, 0x33, 0x09, 0x2B, 0xB0, 
   0x2D, 0x10, 0xB1, 0x1A, 0x01, 0x2B, 0xB0, 0x0E, 0xCD, 0xB2, 
   0x1A, 0x0E, 0x0A, 0x2B, 0xB3, 0x40, 0x1A, 0x14, 0x09, 0x2B, 
   0xB1, 0x77, 0x01, 0x2B, 0xB0, 0x36, 0x1A, 0xBA, 0x3E, 0x13, 
   0xF0, 0x6B, 0x00, 0x15, 0x2B, 0x0A, 0x0E, 0xB0, 0x3A, 0x10, 
   0xB0, 0x3B, 0xC0, 0xB1, 0x44, 0x01, 0xF9, 0xB0, 0x43, 0xC0, 
   0xBA, 0x3D, 0xAA, 0xEE, 0xDF, 0x00, 0x15, 0x2B, 0x0A, 0xB0, 
   0x4D, 0x10, 0xB0, 0x4E, 0xC0, 0xB1, 0x57, 0x01, 0xF9, 0xB0, 
   0x56, 0xC0, 0xBA, 0x3D, 0x95, 0xEE, 0x94, 0x00, 0x15, 0x2B, 
   0x0A, 0xB0, 0x62, 0x10, 0xB0, 0x63, 0xC0, 0xB1, 0x6F, 0x02, 
   0xF9, 0xB0, 0x6E, 0xC0, 0x00, 0x40, 0x0C, 0x3A, 0x3B, 0x43, 
   0x44, 0x4D, 0x4E, 0x56, 0x57, 0x62, 0x63, 0x6E, 0x6F, 0x2E, 
   0x2E, 0x2E, 0x2E, 0x2E, 0x2E, 0x2E, 0x2E, 0x2E, 0x2E, 0x2E, 
   0x2E, 0x01, 0x40, 0x0C, 0x3A, 0x3B, 0x43, 0x44, 0x4D, 0x4E, 
   0x56, 0x57, 0x62, 0x63, 0x6E, 0x6F, 0x2E, 0x2E, 0x2E, 0x2E, 
   0x2E, 0x2E, 0x2E, 0x2E, 0x2E, 0x2E, 0x2E, 0x2E, 0xB0, 0x40, 
   0x1A, 0x01, 0xB1, 0x1A, 0x2D, 0x11, 0x12, 0xB4, 0x03, 0x09, 
   0x38, 0x60, 0x6B, 0x24, 0x17, 0x39, 0x00, 0xB1, 0x30, 0x35, 
   0x11, 0x12, 0xB0, 0x36, 0x39, 0xB0, 0x1C, 0x11, 0xB5, 0x0E, 
   0x00, 0x2A, 0x3E, 0x51, 0x66, 0x24, 0x17, 0x39, 0xB0, 0x09, 
   0x12, 0xB2, 0x03, 0x20, 0x26, 0x39, 0x39, 0x39, 0xB0, 0x23, 
   0x11, 0xB0, 0x21, 0x39, 0x30, 0x31, 0x11, 0x34, 0x12, 0x37, 
   0x36, 0x00, 0x33, 0x32, 0x00, 0x17, 0x33, 0x32, 0x1E, 0x01, 
   0x15, 0x14, 0x0E, 0x01, 0x07, 0x22, 0x3D, 0x01, 0x34, 0x33, 
   0x3E, 0x01, 0x10, 0x26, 0x2B, 0x01, 0x22, 0x35, 0x27, 0x26, 
   0x24, 0x23, 0x22, 0x04, 0x0F, 0x01, 0x14, 0x23, 0x07, 0x0E, 
   0x01, 0x15, 0x14, 0x16, 0x17, 0x32, 0x1D, 0x01, 0x14, 0x23, 
   0x26, 0x00, 0x01, 0x34, 0x37, 0x13, 0x3E, 0x01, 0x33, 0x32, 
   0x17, 0x1E, 0x01, 0x07, 0x03, 0x06, 0x23, 0x22, 0x27, 0x26, 
   0x23, 0x2E, 0x01, 0x09, 0x01, 0x3E, 0x01, 0x33, 0x32, 0x17, 
   0x1E, 0x01, 0x07, 0x01, 0x0E, 0x01, 0x23, 0x22, 0x27, 0x26, 
   0x27, 0x26, 0x01, 0x34, 0x37, 0x13, 0x3E, 0x01, 0x33, 0x32, 
   0x17, 0x1E, 0x01, 0x15, 0x14, 0x06, 0x15, 0x03, 0x0E, 0x01, 
   0x23, 0x27, 0x2E, 0x01, 0xE6, 0xB0, 0x32, 0x01, 0x5E, 0xE1, 
   0xDC, 0x01, 0x59, 0x34, 0x22, 0x8F, 0xF4, 0x8E, 0x87, 0xEA, 
   0x8B, 0x15, 0x15, 0x88, 0xC1, 0xD0, 0x8E, 0xAC, 0x13, 0x08, 
   0x12, 0xFE, 0xFB, 0xAD, 0xAF, 0xFE, 0xFD, 0x10, 0x08, 0x15, 
   0x38, 0x85, 0xB5, 0xC0, 0x89, 0x12, 0x12, 0xD6, 0xFE, 0xD7, 
   0x02, 0x3B, 0x04, 0xAE, 0x0A, 0x31, 0x19, 0x0B, 0x0F, 0x26, 
   0x27, 0x0B, 0xAE, 0x14, 0x44, 0x06, 0x06, 0x09, 0x02, 0x23, 
   0x22, 0x01, 0x18, 0x01, 0x04, 0x07, 0x32, 0x1B, 0x0E, 0x0F, 
   0x23, 0x22, 0x0A, 0xFE, 0xFD, 0x06, 0x32, 0x1D, 0x0F, 0x0C, 
   0x20, 0x17, 0x12, 0x01, 0xC4, 0x04, 0xAE, 0x09, 0x2F, 0x1A, 
   0x0D, 0x0F, 0x21, 0x21, 0x04, 0xAE, 0x06, 0x30, 0x1E, 0x1A, 
   0x20, 0x22, 0x02, 0x0F, 0xB8, 0x01, 0x1F, 0x29, 0xDA, 0x01, 
   0x18, 0xFE, 0xEF, 0xD6, 0x8B, 0xF1, 0x8F, 0x8C, 0xF1, 0x90, 
   0x04, 0x12, 0x8E, 0x13, 0x07, 0xCC, 0x01, 0x16, 0xCD, 0x12, 
   0x3E, 0xAD, 0xE9, 0xE9, 0xAD, 0x39, 0x14, 0x03, 0x10, 0xC4, 
   0x84, 0x8B, 0xCC, 0x07, 0x13, 0x8E, 0x12, 0x0A, 0x01, 0x32, 
   0xFE, 0x0C, 0x07, 0x0E, 0x02, 0x67, 0x1F, 0x20, 0x03, 0x07, 
   0x40, 0x27, 0xFD, 0x9D, 0x44, 0x02, 0x03, 0x0A, 0x33, 0xFE, 
   0xEF, 0x03, 0xA8, 0x1F, 0x20, 0x03, 0x0A, 0x3F, 0x25, 0xFC, 
   0x57, 0x1B, 0x26, 0x05, 0x08, 0x22, 0x1C, 0x01, 0x52, 0x06, 
   0x12, 0x02, 0x67, 0x1F, 0x20, 0x03, 0x09, 0x30, 0x1A, 0x05, 
   0x13, 0x03, 0xFD, 0x9D, 0x1F, 0x25, 0x05, 0x09, 0x33, 0x00, 
   0x00, 0x07, 0x00, 0x00, 0xFD, 0x92, 0x08, 0xAA, 0x06, 0x06, 
   0x00, 0x3A, 0x00, 0x4E, 0x00, 0x63, 0x00, 0x75, 0x00, 0x86, 
   0x00, 0x97, 0x00, 0xAB, 0x02, 0x27, 0x00, 0xB2, 0x36, 0x00, 
   0x00, 0x2B, 0xB0, 0x11, 0x33, 0xB0, 0x31, 0xCD, 0xB0, 0x16, 
   0x32, 0xB2, 0x42, 0x00, 0x00, 0x2B, 0xB0, 0x8D, 0x33, 0xB0, 
   0x48, 0xCD, 0xB0, 0x93, 0x32, 0xB2, 0x40, 0x00, 0x00, 0x2B, 
   0xB2, 0x76, 0x00, 0x00, 0x2B, 0xB0, 0x1C, 0x2F, 0xB0, 0x2A, 
   0x33, 0xB0, 0x09, 0xCD, 0xB0, 0x24, 0x2F, 0xB0, 0x06, 0xCD, 
   0x01, 0xB0, 0xAC, 0x2F, 0xB0, 0x00, 0xD6, 0xB0, 0x2E, 0xCD, 
   0xB2, 0x2E, 0x00, 0x0A, 0x2B, 0xB3, 0x40, 0x2E, 0x34, 0x09, 
   0x2B, 0xB0, 0x2E, 0x10, 0xB1, 0x4F, 0x01, 0x2B, 0xB0, 0x52, 
   0x32, 0xB0, 0x5E, 0xCD, 0xB0, 0x5E, 0x10, 0xB1, 0x87, 0x01, 
   0x2B, 0xB0, 0x91, 0xCD, 0xB0, 0x91, 0x10, 0xB1, 0x19, 0x01, 
   0x2B, 0xB0, 0x0E, 0xCD, 0xB2, 0x19, 0x0E, 0x0A, 0x2B, 0xB3, 
   0x40, 0x19, 0x13, 0x09, 0x2B, 0xB1, 0xAD, 0x01, 0x2B, 0xB0, 
   0x36, 0x1A, 0xBA, 0x3D, 0xE3, 0xEF, 0xAF, 0x00, 0x15, 0x2B, 
   0x0A, 0x0E, 0xB0, 0x3C, 0x10, 0xB0, 0x53, 0xC0, 0xB1, 0x46, 
   0x03, 0xF9, 0xB0, 0x5D, 0xC0, 0xBA, 0x3E, 0x30, 0xF0, 0xE0, 
   0x00, 0x15, 0x2B, 0x0A, 0xB0, 0x65, 0x10, 0xB0, 0x79, 0xC0, 
   0xB1, 0x6F, 0x01, 0xF9, 0xB0, 0x7F, 0xC0, 0xBA, 0x3D, 0xB8, 
   0xEF, 0x11, 0x00, 0x15, 0x2B, 0x0A, 0x04, 0xB0, 0x91, 0x2E, 
   0x0E, 0xB0, 0xA5, 0xC0, 0xB1, 0x8A, 0x03, 0xF9, 0xB0, 0x9A, 
   0xC0, 0xB0, 0x3C, 0x10, 0xB3, 0x3D, 0x3C, 0x53, 0x13, 0x2B, 
   0xB3, 0x3E, 0x3C, 0x53, 0x13, 0x2B, 0xB3, 0x3F, 0x3C, 0x53, 
   0x13, 0x2B, 0xB0, 0x46, 0x10, 0xB3, 0x45, 0x46, 0x5D, 0x13, 
   0x2B, 0x04, 0xB0, 0x3C, 0x10, 0xB3, 0x52, 0x3C, 0x53, 0x13, 
   0x2B, 0xB0, 0x46, 0x10, 0xB3, 0x5E, 0x46, 0x5D, 0x13, 0x2B, 
   0xBA, 0x3D, 0xB7, 0xEF, 0x0E, 0x00, 0x15, 0x2B, 0x0B, 0xB0, 
   0x65, 0x10, 0xB3, 0x66, 0x65, 0x79, 0x13, 0x2B, 0xB3, 0x68, 
   0x65, 0x79, 0x13, 0x2B, 0xB0, 0x6F, 0x10, 0xB3, 0x6E, 0x6F, 
   0x7F, 0x13, 0x2B, 0xB0, 0x65, 0x10, 0xB3, 0x78, 0x65, 0x79, 
   0x13, 0x2B, 0xB0, 0x6F, 0x10, 0xB3, 0x80, 0x6F, 0x7F, 0x13, 
   0x2B, 0xB0, 0x91, 0x10, 0xB3, 0x90, 0x91, 0xA5, 0x13, 0x2B, 
   0xB2, 0x3D, 0x3C, 0x53, 0x20, 0x8A, 0x20, 0x8A, 0x23, 0x06, 
   0x0E, 0x11, 0x12, 0x39, 0xB0, 0x3E, 0x39, 0xB0, 0x3F, 0x39, 
   0xB2, 0x45, 0x46, 0x5D, 0x11, 0x12, 0x39, 0xB2, 0x66, 0x65, 
   0x79, 0x11, 0x12, 0x39, 0xB0, 0x68, 0x39, 0xB0, 0x78, 0x39, 
   0xB2, 0x6E, 0x6F, 0x7F, 0x11, 0x12, 0x39, 0xB0, 0x80, 0x39, 
   0xB2, 0x90, 0x91, 0xA5, 0x11, 0x12, 0x39, 0x00, 0x40, 0x18, 
   0x3E, 0x3F, 0x45, 0x46, 0x52, 0x53, 0x5D, 0x5E, 0x68, 0x6E, 
   0x6F, 0x78, 0x79, 0x7F, 0x80, 0x8A, 0x90, 0x91, 0x9A, 0xA5, 
   0x3C, 0x3D, 0x65, 0x66, 0x2E, 0x2E, 0x2E, 0x2E, 0x2E, 0x2E, 
   0x2E, 0x2E, 0x2E, 0x2E, 0x2E, 0x2E, 0x2E, 0x2E, 0x2E, 0x2E, 
   0x2E, 0x2E, 0x2E, 0x2E, 0x2E, 0x2E, 0x2E, 0x2E, 0x01, 0x40, 
   0x15, 0x3E, 0x3F, 0x45, 0x46, 0x53, 0x5D, 0x68, 0x6E, 0x6F, 
   0x78, 0x79, 0x7F, 0x80, 0x8A, 0x90, 0x9A, 0xA5, 0x3C, 0x3D, 
   0x65, 0x66, 0x2E, 0x2E, 0x2E, 0x2E, 0x2E, 0x2E, 0x2E, 0x2E, 
   0x2E, 0x2E, 0x2E, 0x2E, 0x2E, 0x2E, 0x2E, 0x2E, 0x2E, 0x2E, 
   0x2E, 0x2E, 0x2E, 0xB0, 0x40, 0x1A, 0x01, 0xB1, 0x4F, 0x2E, 
   0x11, 0x12, 0xB3, 0x27, 0x03, 0x3B, 0x48, 0x24, 0x17, 0x39, 
   0xB0, 0x5E, 0x11, 0xB1, 0x5B, 0x64, 0x39, 0x39, 0xB0, 0x87, 
   0x12, 0xB3, 0x24, 0x06, 0x71, 0x76, 0x24, 0x17, 0x39, 0xB0, 
   0x91, 0x11, 0xB0, 0x98, 0x39, 0xB0, 0x19, 0x12, 0xB3, 0x09, 
   0x21, 0xA3, 0xA7, 0x24, 0x17, 0x39, 0x00, 0xB1, 0x31, 0x42, 
   0x11, 0x12, 0xB0, 0x41, 0x39, 0xB0, 0x1C, 0x11, 0xB6, 0x0E, 
   0x00, 0x2B, 0x56, 0x60, 0x7B, 0x9D, 0x24, 0x17, 0x39, 0xB0, 
   0x09, 0x12, 0xB2, 0x03, 0x20, 0x27, 0x39, 0x39, 0x39, 0xB0, 
   0x24, 0x11, 0xB0, 0x21, 0x39, 0x30, 0x31, 0x11, 0x34, 0x12, 
   0x37, 0x36, 0x00, 0x33, 0x32, 0x00, 0x17, 0x33, 0x32, 0x1E, 
   0x01, 0x15, 0x14, 0x00, 0x07, 0x22, 0x3D, 0x01, 0x34, 0x33, 
   0x3E, 0x01, 0x35, 0x34, 0x26, 0x2B, 0x01, 0x22, 0x2F, 0x01, 
   0x2E, 0x02, 0x23, 0x22, 0x04, 0x0F, 0x01, 0x14, 0x23, 0x07, 
   0x0E, 0x01, 0x15, 0x14, 0x16, 0x17, 0x32, 0x1D, 0x01, 0x14, 
   0x23, 0x2E, 0x03, 0x01, 0x34, 0x36, 0x35, 0x37, 0x3E, 0x01, 
   0x17, 0x1E, 0x01, 0x0F, 0x01, 0x06, 0x23, 0x22, 0x2E, 0x01, 
   0x23, 0x2E, 0x01, 0x13, 0x34, 0x36, 0x35, 0x37, 0x3E, 0x01, 
   0x33, 0x32, 0x1E, 0x01, 0x33, 0x1E, 0x01, 0x0F, 0x01, 0x0E, 
   0x01, 0x27, 0x2E, 0x01, 0x13, 0x34, 0x36, 0x35, 0x37, 0x3E, 
   0x01, 0x17, 0x1E, 0x01, 0x0F, 0x01, 0x06, 0x23, 0x22, 0x27, 
   0x2E, 0x01, 0x13, 0x34, 0x3F, 0x01, 0x3E, 0x01, 0x17, 0x1E, 
   0x01, 0x0F, 0x01, 0x06, 0x23, 0x22, 0x27, 0x2E, 0x01, 0x05, 
   0x34, 0x3F, 0x01, 0x3E, 0x01, 0x17, 0x1E, 0x01, 0x0F, 0x01, 
   0x06, 0x23, 0x22, 0x27, 0x2E, 0x01, 0x13, 0x34, 0x3F, 0x01, 
   0x3E, 0x01, 0x17, 0x36, 0x17, 0x16, 0x17, 0x16, 0x0F, 0x01, 
   0x06, 0x23, 0x22, 0x27, 0x2E, 0x01, 0xE8, 0xB5, 0x2F, 0x01, 
   0x5C, 0xE2, 0xDF, 0x01, 0x5B, 0x35, 0x24, 0x90, 0xF2, 0x8B, 
   0xFE, 0xDB, 0xD5, 0x13, 0x13, 0x87, 0xC0, 0xCC, 0x8E, 0xAE, 
   0x13, 0x04, 0x08, 0x0B, 0x7F, 0xC8, 0x74, 0xB0, 0xFE, 0xFD, 
   0x11, 0x07, 0x11, 0x38, 0x87, 0xB5, 0xBD, 0x89, 0x13, 0x13, 
   0x69, 0xBE, 0x89, 0x50, 0x02, 0x42, 0x04, 0x1D, 0x0B, 0x3F, 
   0x25, 0x24, 0x26, 0x0B, 0x1A, 0x15, 0x3C, 0x04, 0x0B, 0x0D, 
   0x04, 0x22, 0x22, 0x8D, 0x03, 0x20, 0x0A, 0x30, 0x1A, 0x04, 
   0x09, 0x0B, 0x03, 0x24, 0x25, 0x0B, 0x1A, 0x0B, 0x40, 0x25, 
   0x23, 0x23, 0x83, 0x04, 0x1F, 0x0A, 0x41, 0x25, 0x24, 0x24, 
   0x0B, 0x1B, 0x11, 0x44, 0x08, 0x12, 0x23, 0x23, 0x8F, 0x04, 
   0x1D, 0x0B, 0x41, 0x25, 0x24, 0x24, 0x0C, 0x1A, 0x14, 0x39, 
   0x07, 0x1A, 0x23, 0x23, 0x01, 0x2D, 0x03, 0x1E, 0x0B, 0x41, 
   0x23, 0x25, 0x27, 0x0A, 0x1F, 0x10, 0x44, 0x0F, 0x0D, 0x20, 
   0x22, 0x92, 0x05, 0x20, 0x06, 0x32, 0x1B, 0x07, 0x13, 0x23, 
   0x14, 0x13, 0x0B, 0x1A, 0x15, 0x3C, 0x0A, 0x1A, 0x21, 0x21, 
   0x02, 0x0D, 0xB9, 0x01, 0x20, 0x29, 0xDC, 0x01, 0x1B, 0xFE, 
   0xF0, 0xD8, 0x8D, 0xF4, 0x90, 0xD6, 0xFE, 0xCE, 0x07, 0x12, 
   0x8F, 0x12, 0x0B, 0xC9, 0x88, 0x8F, 0xCE, 0x13, 0x3D, 0x72, 
   0xB9, 0x69, 0xE9, 0xAE, 0x3A, 0x0F, 0x08, 0x0B, 0xC6, 0x88, 
   0x8B, 0xC9, 0x08, 0x12, 0x8F, 0x12, 0x05, 0x56, 0x8C, 0xBF, 
   0xFD, 0x97, 0x05, 0x12, 0x03, 0x6E, 0x24, 0x25, 0x0B, 0x0B, 
   0x3F, 0x25, 0x6C, 0x46, 0x01, 0x02, 0x0A, 0x35, 0x02, 0x1B, 
   0x04, 0x10, 0x02, 0x70, 0x1F, 0x21, 0x01, 0x02, 0x0B, 0x3F, 
   0x25, 0x6B, 0x2C, 0x25, 0x10, 0x0A, 0x34, 0xFC, 0xCA, 0x05, 
   0x11, 0x04, 0x6A, 0x26, 0x27, 0x0B, 0x0B, 0x41, 0x25, 0x6F, 
   0x41, 0x04, 0x06, 0x35, 0x02, 0x19, 0x09, 0x12, 0x6E, 0x24, 
   0x25, 0x0B, 0x0A, 0x3F, 0x26, 0x6A, 0x48, 0x06, 0x07, 0x31, 
   0x97, 0x0B, 0x0F, 0x6A, 0x26, 0x27, 0x0A, 0x0B, 0x41, 0x23, 
   0x71, 0x41, 0x03, 0x06, 0x35, 0x02, 0x18, 0x05, 0x17, 0x6E, 
   0x22, 0x21, 0x02, 0x01, 0x04, 0x08, 0x21, 0x1B, 0x2A, 0x6E, 
   0x45, 0x06, 0x0A, 0x2F, 0x00, 0x00, 0x00, 0x08, 0x00, 0x00, 
   0xFD, 0xAD, 0x08, 0xA3, 0x06, 0x01, 0x00, 0x37, 0x00, 0x41, 
   0x00, 0x4A, 0x00, 0x55, 0x00, 0x60, 0x00, 0x6C, 0x00, 0x77, 
   0x00, 0x81, 0x00, 0xEF, 0x00, 0xB2, 0x4F, 0x00, 0x00, 0x2B, 
   0xB0, 0x54, 0xCD, 0xB2, 0x35, 0x00, 0x00, 0x2B, 0xB2, 0x11, 
   0x3F, 0x75, 0x33, 0x33, 0x33, 0xB0, 0x30, 0xCD, 0xB2, 0x16, 
   0x3A, 0x6F, 0x32, 0x32, 0x32, 0xB0, 0x6A, 0x2F, 0xB0, 0x65, 
   0xCD, 0xB0, 0x4A, 0x2F, 0xB0, 0x7F, 0x33, 0xB0, 0x46, 0xCD, 
   0xB0, 0x7B, 0x32, 0xB0, 0x5F, 0x2F, 0xB0, 0x5A, 0xCD, 0xB0, 
   0x1C, 0x2F, 0xB0, 0x29, 0x33, 0xB0, 0x09, 0xCD, 0xB0, 0x23, 
   0x2F, 0xB0, 0x06, 0xCD, 0x01, 0xB0, 0x82, 0x2F, 0xB0, 0x00, 
   0xD6, 0xB0, 0x2D, 0xCD, 0xB2, 0x2D, 0x00, 0x0A, 0x2B, 0xB3, 
   0x40, 0x2D, 0x33, 0x09, 0x2B, 0xB0, 0x2D, 0x10, 0xB1, 0x38, 
   0x01, 0x2B, 0xB0, 0x42, 0x32, 0xB0, 0x3D, 0xCD, 0xB0, 0x47, 
   0x32, 0xB0, 0x3D, 0x10, 0xB1, 0x61, 0x01, 0x2B, 0xB1, 0x4B, 
   0x56, 0x32, 0x32, 0xB0, 0x68, 0xCD, 0xB1, 0x51, 0x5C, 0x32, 
   0x32, 0xB0, 0x68, 0x10, 0xB1, 0x6D, 0x01, 0x2B, 0xB0, 0x78, 
   0x32, 0xB0, 0x72, 0xCD, 0xB0, 0x7D, 0x32, 0xB0, 0x72, 0x10, 
   0xB1, 0x19, 0x01, 0x2B, 0xB0, 0x0E, 0xCD, 0xB2, 0x19, 0x0E, 
   0x0A, 0x2B, 0xB3, 0x40, 0x19, 0x13, 0x09, 0x2B, 0xB1, 0x83, 
   0x01, 0x2B, 0xB1, 0x38, 0x2D, 0x11, 0x12, 0xB1, 0x26, 0x03, 
   0x39, 0x39, 0xB1, 0x68, 0x61, 0x11, 0x12, 0xB1, 0x23, 0x06, 
   0x39, 0x39, 0xB1, 0x72, 0x6D, 0x11, 0x12, 0xB1, 0x1D, 0x21, 
   0x39, 0x39, 0xB0, 0x19, 0x11, 0xB1, 0x09, 0x1C, 0x39, 0x39, 
   0x00, 0xB1, 0x1C, 0x5A, 0x11, 0x12, 0xB4, 0x0E, 0x19, 0x00, 
   0x2A, 0x2D, 0x24, 0x17, 0x39, 0xB0, 0x09, 0x11, 0xB2, 0x03, 
   0x20, 0x26, 0x39, 0x39, 0x39, 0xB0, 0x23, 0x12, 0xB0, 0x21, 
   0x39, 0x30, 0x31, 0x11, 0x34, 0x12, 0x37, 0x36, 0x00, 0x33, 
   0x32, 0x00, 0x17, 0x33, 0x32, 0x1E, 0x01, 0x15, 0x14, 0x00, 
   0x07, 0x22, 0x3D, 0x01, 0x34, 0x33, 0x3E, 0x01, 0x35, 0x34, 
   0x26, 0x2B, 0x01, 0x22, 0x35, 0x27, 0x26, 0x24, 0x23, 0x22, 
   0x04, 0x0F, 0x01, 0x14, 0x23, 0x07, 0x0E, 0x01, 0x15, 0x14, 
   0x16, 0x17, 0x32, 0x1D, 0x01, 0x14, 0x23, 0x26, 0x00, 0x05, 
   0x34, 0x36, 0x32, 0x16, 0x15, 0x14, 0x06, 0x22, 0x26, 0x10, 
   0x34, 0x37, 0x36, 0x32, 0x16, 0x14, 0x06, 0x22, 0x24, 0x34, 
   0x37, 0x36, 0x33, 0x32, 0x16, 0x14, 0x06, 0x23, 0x22, 0x02, 
   0x34, 0x37, 0x36, 0x33, 0x32, 0x16, 0x14, 0x06, 0x23, 0x22, 
   0x03, 0x34, 0x37, 0x36, 0x33, 0x32, 0x16, 0x14, 0x06, 0x23, 
   0x22, 0x26, 0x01, 0x34, 0x36, 0x32, 0x16, 0x15, 0x14, 0x06, 
   0x23, 0x22, 0x26, 0x11, 0x34, 0x37, 0x36, 0x32, 0x16, 0x14, 
   0x06, 0x22, 0x26, 0xE3, 0xB3, 0x32, 0x01, 0x5D, 0xE2, 0xDC, 
   0x01, 0x59, 0x34, 0x22, 0x8F, 0xF4, 0x8E, 0xFE, 0xD8, 0xD4, 
   0x15, 0x15, 0x88, 0xC1, 0xCE, 0x90, 0xAC, 0x13, 0x08, 0x12, 
   0xFE, 0xFB, 0xAD, 0xB0, 0xFE, 0xFD, 0x11, 0x06, 0x15, 0x38, 
   0x85, 0xB5, 0xC1, 0x88, 0x12, 0x12, 0xD6, 0xFE, 0xD7, 0x02, 
   0xA7, 0x33, 0x4A, 0x33, 0x33, 0x4A, 0x33, 0x1A, 0x19, 0x4A, 
   0x33, 0x33, 0x4A, 0x01, 0x21, 0x1B, 0x1A, 0x23, 0x25, 0x37, 
   0x36, 0x26, 0x24, 0x34, 0x1B, 0x1C, 0x21, 0x26, 0x36, 0x36, 
   0x26, 0x24, 0x34, 0x1B, 0x1A, 0x23, 0x26, 0x36, 0x36, 0x26, 
   0x24, 0x34, 0x01, 0x58, 0x36, 0x4A, 0x33, 0x33, 0x25, 0x26, 
   0x35, 0x1B, 0x1A, 0x4C, 0x32, 0x32, 0x4C, 0x35, 0x02, 0x0B, 
   0xB9, 0x01, 0x1F, 0x2C, 0xDA, 0x01, 0x18, 0xFE, 0xEF, 0xD6, 
   0x8D, 0xF3, 0x8F, 0xD4, 0xFE, 0xCE, 0x07, 0x12, 0x8E, 0x13, 
   0x07, 0xCB, 0x88, 0x8E, 0xCE, 0x12, 0x3E, 0xAD, 0xEA, 0xEC, 
   0xAF, 0x35, 0x14, 0x07, 0x0B, 0xC7, 0x86, 0x88, 0xCB, 0x07, 
   0x13, 0x8E, 0x12, 0x07, 0x01, 0x32, 0xDE, 0x24, 0x34, 0x34, 
   0x24, 0x26, 0x35, 0x35, 0xFE, 0x7D, 0x4C, 0x1A, 0x18, 0x32, 
   0x4C, 0x32, 0xE8, 0x4A, 0x1D, 0x1A, 0x37, 0x4A, 0x35, 0x01, 
   0xB7, 0x4A, 0x1B, 0x1A, 0x35, 0x4A, 0x33, 0xFD, 0x50, 0x24, 
   0x1D, 0x1A, 0x36, 0x4A, 0x33, 0x33, 0x02, 0x79, 0x23, 0x35, 
   0x34, 0x24, 0x26, 0x35, 0x36, 0xFE, 0xA2, 0x23, 0x1D, 0x18, 
   0x32, 0x4C, 0x32, 0x33, 0x00, 0x04, 0x00, 0x00, 0xFF, 0x10, 
   0x08, 0xA2, 0x06, 0x00, 0x00, 0x36, 0x00, 0x45, 0x00, 0x59, 
   0x00, 0x65, 0x00, 0xC8, 0x00, 0xB2, 0x34, 0x00, 0x00, 0x2B, 
   0xB0, 0x11, 0x33, 0xB0, 0x2F, 0xCD, 0xB0, 0x16, 0x32, 0xB0, 
   0x1B, 0x2F, 0xB0, 0x28, 0x33, 0xB0, 0x09, 0xCD, 0xB0, 0x22, 
   0x2F, 0xB0, 0x06, 0xCD, 0x01, 0xB0, 0x66, 0x2F, 0xB0, 0x00, 
   0xD6, 0xB0, 0x2C, 0xCD, 0xB2, 0x2C, 0x00, 0x0A, 0x2B, 0xB3, 
   0x40, 0x2C, 0x32, 0x09, 0x2B, 0xB0, 0x2C, 0x10, 0xB1, 0x37, 
   0x01, 0x2B, 0xB0, 0x40, 0xCD, 0xB0, 0x40, 0x10, 0xB1, 0x46, 
   0x01, 0x2B, 0xB0, 0x54, 0xCD, 0xB3, 0x60, 0x54, 0x46, 0x08, 
   0x2B, 0xB0, 0x5A, 0xCD, 0xB0, 0x5A, 0x2F, 0xB0, 0x60, 0xCD, 
   0xB0, 0x54, 0x10, 0xB1, 0x19, 0x01, 0x2B, 0xB0, 0x0E, 0xCD, 
   0xB2, 0x19, 0x0E, 0x0A, 0x2B, 0xB3, 0x40, 0x19, 0x13, 0x09, 
   0x2B, 0xB1, 0x67, 0x01, 0x2B, 0xB1, 0x37, 0x2C, 0x11, 0x12, 
   0xB1, 0x25, 0x03, 0x39, 0x39, 0xB1, 0x5A, 0x46, 0x11, 0x12, 
   0xB1, 0x22, 0x06, 0x39, 0x39, 0xB0, 0x60, 0x11, 0xB2, 0x4C, 
   0x57, 0x4E, 0x39, 0x39, 0x39, 0xB1, 0x19, 0x54, 0x11, 0x12, 
   0xB1, 0x09, 0x20, 0x39, 0x39, 0x00, 0xB1, 0x2F, 0x34, 0x11, 
   0x12, 0xB2, 0x35, 0x46, 0x54, 0x39, 0x39, 0x39, 0xB0, 0x1B, 
   0x11, 0x40, 0x09, 0x0E, 0x00, 0x3C, 0x43, 0x4C, 0x4E, 0x5A, 
   0x60, 0x63, 0x24, 0x17, 0x39, 0xB0, 0x09, 0x12, 0xB3, 0x03, 
   0x1F, 0x25, 0x5C, 0x24, 0x17, 0x39, 0xB0, 0x22, 0x11, 0xB0, 
   0x20, 0x39, 0x30, 0x31, 0x11, 0x34, 0x12, 0x37, 0x36, 0x00, 
   0x33, 0x32, 0x00, 0x17, 0x33, 0x32, 0x1E, 0x01, 0x15, 0x14, 
   0x00, 0x07, 0x22, 0x3D, 0x01, 0x34, 0x33, 0x3E, 0x01, 0x10, 
   0x26, 0x2B, 0x01, 0x22, 0x35, 0x27, 0x26, 0x24, 0x23, 0x22, 
   0x04, 0x0F, 0x01, 0x14, 0x23, 0x07, 0x0E, 0x01, 0x15, 0x14, 
   0x16, 0x17, 0x32, 0x1D, 0x01, 0x14, 0x23, 0x26, 0x00, 0x25, 
   0x34, 0x36, 0x37, 0x36, 0x37, 0x17, 0x1E, 0x01, 0x15, 0x14, 
   0x06, 0x23, 0x22, 0x26, 0x01, 0x34, 0x36, 0x37, 0x3E, 0x01, 
   0x37, 0x36, 0x37, 0x17, 0x16, 0x17, 0x1E, 0x01, 0x15, 0x14, 
   0x06, 0x23, 0x22, 0x26, 0x13, 0x34, 0x37, 0x17, 0x1E, 0x01, 
   0x15, 0x14, 0x06, 0x23, 0x22, 0x26, 0xE6, 0xB0, 0x31, 0x01, 
   0x5E, 0xE2, 0xDC, 0x01, 0x58, 0x35, 0x21, 0x8F, 0xF4, 0x8E, 
   0xFE, 0xD9, 0xD5, 0x15, 0x15, 0x89, 0xC0, 0xD0, 0x8E, 0xAB, 
   0x14, 0x07, 0x11, 0xFE, 0xFB, 0xAE, 0xAF, 0xFE, 0xFC, 0x11, 
   0x06, 0x15, 0x38, 0x83, 0xB7, 0xC0, 0x89, 0x12, 0x12, 0xD6, 
   0xFE, 0xD7, 0x02, 0x78, 0x4E, 0x22, 0x22, 0x07, 0x26, 0x29, 
   0x47, 0x56, 0x40, 0x3F, 0x5A, 0x01, 0x3E, 0x33, 0x25, 0x1D, 
   0x54, 0x16, 0x0B, 0x0F, 0x1A, 0x3C, 0x4C, 0x26, 0x32, 0x91, 
   0x69, 0x67, 0x92, 0x9D, 0x68, 0x1A, 0x1C, 0x2E, 0x3B, 0x29, 
   0x2B, 0x3D, 0x02, 0x0F, 0xB8, 0x01, 0x1F, 0x29, 0xDA, 0x01, 
   0x17, 0xFE, 0xF0, 0xD6, 0x8B, 0xF1, 0x8F, 0xD6, 0xFE, 0xCC, 
   0x07, 0x12, 0x8E, 0x13, 0x07, 0xCC, 0x01, 0x16, 0xCD, 0x12, 
   0x3E, 0xAC, 0xEA, 0xE9, 0xAD, 0x3A, 0x13, 0x03, 0x06, 0xCA, 
   0x88, 0x8B, 0xCC, 0x07, 0x13, 0x8E, 0x12, 0x0A, 0x01, 0x32, 
   0x77, 0x27, 0x85, 0x29, 0x26, 0x07, 0x2B, 0x2C, 0x81, 0x2A, 
   0x3F, 0x54, 0x56, 0xFE, 0x94, 0x2C, 0x74, 0x33, 0x29, 0x61, 
   0x15, 0x0A, 0x0F, 0x19, 0x35, 0x67, 0x35, 0x74, 0x2D, 0x67, 
   0x91, 0x90, 0x03, 0x2E, 0x43, 0x68, 0x1B, 0x22, 0x53, 0x1B, 
   0x29, 0x3B, 0x3B, 0x00, 0x00, 0x05, 0x00, 0x00, 0xFD, 0x9A, 
   0x08, 0xA5, 0x06, 0x02, 0x00, 0x46, 0x00, 0x59, 0x00, 0x69, 
   0x00, 0x7D, 0x00, 0x95, 0x01, 0xB1, 0x00, 0xB2, 0x34, 0x00, 
   0x00, 0x2B, 0xB0, 0x0D, 0x33, 0xB0, 0x2F, 0xCD, 0xB0, 0x83, 
   0x2F, 0xB0, 0x90, 0xCD, 0xB0, 0x29, 0x2F, 0xB0, 0x3E, 0xCD, 
   0xB0, 0x22, 0x2F, 0xB0, 0x41, 0xCD, 0x01, 0xB0, 0x96, 0x2F, 
   0xB0, 0x00, 0xD6, 0xB0, 0x18, 0xCD, 0xB0, 0x18, 0x10, 0xB1, 
   0x5A, 0x01, 0x2B, 0xB0, 0x60, 0xCD, 0xB0, 0x60, 0x10, 0xB1, 
   0x7E, 0x01, 0x2B, 0xB0, 0x8A, 0xCD, 0xB0, 0x8A, 0x10, 0xB1, 
   0x2C, 0x01, 0x2B, 0xB0, 0x39, 0xCD, 0xB1, 0x97, 0x01, 0x2B, 
   0xB0, 0x36, 0x1A, 0xBA, 0x3D, 0xD2, 0xEF, 0x71, 0x00, 0x15, 
   0x2B, 0x0A, 0x0E, 0xB0, 0x58, 0x10, 0xB0, 0x67, 0xC0, 0xB1, 
   0x50, 0x01, 0xF9, 0xB0, 0x61, 0xC0, 0xBA, 0x3E, 0x17, 0xF0, 
   0x7A, 0x00, 0x15, 0x2B, 0x0A, 0xB0, 0x7C, 0x10, 0xB0, 0x93, 
   0xC0, 0xB1, 0x74, 0x01, 0xF9, 0xB0, 0x88, 0xC0, 0xB0, 0x50, 
   0x10, 0xB3, 0x51, 0x50, 0x61, 0x13, 0x2B, 0xB0, 0x58, 0x10, 
   0xB3, 0x57, 0x58, 0x67, 0x13, 0x2B, 0x04, 0xB0, 0x50, 0x10, 
   0xB3, 0x60, 0x50, 0x61, 0x13, 0x2B, 0xBA, 0x3D, 0xBC, 0xEF, 
   0x1E, 0x00, 0x15, 0x2B, 0x0B, 0xB0, 0x58, 0x10, 0xB3, 0x68, 
   0x58, 0x67, 0x13, 0x2B, 0xB0, 0x74, 0x10, 0xB3, 0x75, 0x74, 
   0x88, 0x13, 0x2B, 0xB0, 0x7C, 0x10, 0xB3, 0x7B, 0x7C, 0x93, 
   0x13, 0x2B, 0xB0, 0x74, 0x10, 0xB3, 0x87, 0x74, 0x88, 0x13, 
   0x2B, 0xB0, 0x7C, 0x10, 0xB3, 0x94, 0x7C, 0x93, 0x13, 0x2B, 
   0xB2, 0x57, 0x58, 0x67, 0x20, 0x8A, 0x20, 0x8A, 0x23, 0x06, 
   0x0E, 0x11, 0x12, 0x39, 0xB0, 0x68, 0x39, 0xB2, 0x51, 0x50, 
   0x61, 0x11, 0x12, 0x39, 0xB2, 0x7B, 0x7C, 0x93, 0x11, 0x12, 
   0x39, 0xB0, 0x94, 0x39, 0xB2, 0x75, 0x74, 0x88, 0x11, 0x12, 
   0x39, 0xB0, 0x87, 0x39, 0x00, 0x40, 0x10, 0x50, 0x51, 0x57, 
   0x58, 0x60, 0x61, 0x67, 0x68, 0x74, 0x75, 0x7B, 0x7C, 0x87, 
   0x88, 0x93, 0x94, 0x2E, 0x2E, 0x2E, 0x2E, 0x2E, 0x2E, 0x2E, 
   0x2E, 0x2E, 0x2E, 0x2E, 0x2E, 0x2E, 0x2E, 0x2E, 0x2E, 0x01, 
   0x40, 0x0F, 0x50, 0x51, 0x57, 0x58, 0x61, 0x67, 0x68, 0x74, 
   0x75, 0x7B, 0x7C, 0x87, 0x88, 0x93, 0x94, 0x2E, 0x2E, 0x2E, 
   0x2E, 0x2E, 0x2E, 0x2E, 0x2E, 0x2E, 0x2E, 0x2E, 0x2E, 0x2E, 
   0x2E, 0x2E, 0xB0, 0x40, 0x1A, 0x01, 0xB1, 0x5A, 0x18, 0x11, 
   0x12, 0xB5, 0x03, 0x10, 0x20, 0x44, 0x47, 0x4C, 0x24, 0x17, 
   0x39, 0xB0, 0x60, 0x11, 0xB1, 0x41, 0x22, 0x39, 0x39, 0xB0, 
   0x7E, 0x12, 0xB1, 0x70, 0x6A, 0x39, 0x39, 0xB0, 0x8A, 0x11, 
   0xB3, 0x25, 0x28, 0x3E, 0x83, 0x24, 0x17, 0x39, 0xB0, 0x2C, 
   0x12, 0xB2, 0x29, 0x31, 0x32, 0x39, 0x39, 0x39, 0x00, 0xB1, 
   0x2F, 0x34, 0x11, 0x12, 0xB2, 0x03, 0x35, 0x79, 0x39, 0x39, 
   0x39, 0xB0, 0x83, 0x11, 0xB2, 0x2E, 0x15, 0x65, 0x39, 0x39, 
   0x39, 0xB0, 0x90, 0x12, 0xB1, 0x12, 0x11, 0x39, 0x39, 0xB0, 
   0x29, 0x11, 0xB4, 0x18, 0x1B, 0x00, 0x2C, 0x39, 0x24, 0x17, 
   0x39, 0xB0, 0x3E, 0x12, 0xB2, 0x1F, 0x25, 0x44, 0x39, 0x39, 
   0x39, 0xB0, 0x22, 0x11, 0xB0, 0x20, 0x39, 0x30, 0x31, 0x11, 
   0x14, 0x12, 0x17, 0x07, 0x06, 0x3B, 0x01, 0x03, 0x33, 0x01, 
   0x36, 0x26, 0x2B, 0x01, 0x01, 0x36, 0x23, 0x21, 0x22, 0x07, 
   0x03, 0x2E, 0x01, 0x35, 0x34, 0x36, 0x3F, 0x01, 0x32, 0x35, 
   0x37, 0x36, 0x24, 0x33, 0x32, 0x04, 0x1F, 0x01, 0x14, 0x3B, 
   0x01, 0x32, 0x16, 0x15, 0x14, 0x06, 0x07, 0x22, 0x1D, 0x01, 
   0x14, 0x33, 0x3E, 0x03, 0x35, 0x34, 0x2E, 0x01, 0x2B, 0x01, 
   0x26, 0x00, 0x23, 0x22, 0x00, 0x07, 0x06, 0x02, 0x01, 0x14, 
   0x16, 0x17, 0x16, 0x33, 0x32, 0x37, 0x36, 0x3F, 0x01, 0x36, 
   0x26, 0x27, 0x26, 0x06, 0x0F, 0x01, 0x06, 0x13, 0x14, 0x16, 
   0x17, 0x16, 0x36, 0x3F, 0x01, 0x36, 0x26, 0x27, 0x26, 0x06, 
   0x0F, 0x01, 0x06, 0x05, 0x14, 0x16, 0x17, 0x32, 0x16, 0x33, 
   0x32, 0x37, 0x36, 0x3F, 0x01, 0x36, 0x26, 0x27, 0x26, 0x06, 
   0x0F, 0x01, 0x06, 0x13, 0x06, 0x16, 0x17, 0x16, 0x33, 0x32, 
   0x37, 0x36, 0x3F, 0x01, 0x36, 0x35, 0x34, 0x26, 0x27, 0x22, 
   0x26, 0x23, 0x22, 0x06, 0x0F, 0x01, 0x06, 0xD3, 0xA8, 0x45, 
   0x05, 0x14, 0xE3, 0x6F, 0x1E, 0x01, 0xA7, 0x06, 0x08, 0x0B, 
   0xE8, 0x01, 0x08, 0x0A, 0x19, 0xFE, 0xC6, 0x0F, 0x09, 0x73, 
   0x72, 0x95, 0xB4, 0x86, 0x38, 0x15, 0x08, 0x10, 0x01, 0x03, 
   0xAF, 0xAE, 0x01, 0x05, 0x13, 0x06, 0x14, 0xAC, 0x91, 0xCD, 
   0xBE, 0x8B, 0x15, 0x15, 0x68, 0xBD, 0x88, 0x50, 0x8F, 0xF4, 
   0x8F, 0x22, 0x35, 0xFE, 0xA8, 0xDD, 0xE2, 0xFE, 0xA2, 0x31, 
   0xB0, 0xE6, 0x03, 0x66, 0x21, 0x21, 0x16, 0x05, 0x0E, 0x1A, 
   0x22, 0x0B, 0x1E, 0x0A, 0x25, 0x26, 0x23, 0x41, 0x0B, 0x1D, 
   0x03, 0x8F, 0x21, 0x20, 0x24, 0x40, 0x0B, 0x20, 0x0A, 0x26, 
   0x26, 0x24, 0x42, 0x0B, 0x1A, 0x03, 0x01, 0x2D, 0x23, 0x21, 
   0x04, 0x11, 0x04, 0x15, 0x13, 0x1E, 0x0E, 0x1B, 0x0B, 0x23, 
   0x24, 0x28, 0x41, 0x07, 0x1D, 0x03, 0x91, 0x01, 0x22, 0x23, 
   0x0C, 0x10, 0x11, 0x13, 0x21, 0x0E, 0x1F, 0x03, 0x23, 0x23, 
   0x04, 0x10, 0x04, 0x1B, 0x32, 0x0A, 0x1D, 0x03, 0x02, 0x0F, 
   0xB1, 0xFE, 0xE8, 0x33, 0xB3, 0x17, 0xFE, 0x6D, 0x02, 0x2D, 
   0x07, 0x0F, 0x01, 0xEF, 0x16, 0x0F, 0xFE, 0xCE, 0x1D, 0xBE, 
   0x77, 0x85, 0xC3, 0x10, 0x08, 0x12, 0x37, 0xAD, 0xEA, 0xEA, 
   0xAD, 0x3E, 0x13, 0xCA, 0x8E, 0x88, 0xC7, 0x0A, 0x14, 0x92, 
   0x12, 0x03, 0x58, 0x8D, 0xC1, 0x68, 0x90, 0xF3, 0x8D, 0xD5, 
   0x01, 0x0E, 0xFE, 0xE8, 0xDA, 0x29, 0xFE, 0xE1, 0xFB, 0x2B, 
   0x19, 0x31, 0x0A, 0x05, 0x0B, 0x0F, 0x29, 0x70, 0x23, 0x40, 
   0x0B, 0x0A, 0x25, 0x26, 0x6B, 0x1B, 0x01, 0xFC, 0x17, 0x2F, 
   0x0C, 0x0C, 0x22, 0x27, 0x6F, 0x23, 0x41, 0x0B, 0x0A, 0x25, 
   0x25, 0x6C, 0x1B, 0xB2, 0x1B, 0x36, 0x0A, 0x04, 0x08, 0x0B, 
   0x32, 0x6C, 0x25, 0x43, 0x0B, 0x0A, 0x26, 0x26, 0x6E, 0x09, 
   0x01, 0xF3, 0x19, 0x32, 0x0F, 0x06, 0x09, 0x10, 0x2D, 0x6E, 
   0x15, 0x02, 0x1B, 0x33, 0x0A, 0x04, 0x21, 0x23, 0x6C, 0x0C, 
   0x00, 0x03, 0x00, 0x00, 0xFD, 0x7E, 0x08, 0xA6, 0x06, 0x02, 
   0x00, 0x44, 0x00, 0x58, 0x00, 0x70, 0x00, 0xEE, 0x00, 0xB2, 
   0x34, 0x00, 0x00, 0x2B, 0xB0, 0x0D, 0x33, 0xB0, 0x2F, 0xCD, 
   0xB0, 0x29, 0x2F, 0xB0, 0x3C, 0xCD, 0xB0, 0x22, 0x2F, 0xB0, 
   0x3F, 0xCD, 0x01, 0xB0, 0x71, 0x2F, 0xB0, 0x00, 0xD6, 0xB0, 
   0x18, 0xCD, 0xB0, 0x18, 0x10, 0xB1, 0x2C, 0x01, 0x2B, 0xB0, 
   0x37, 0xCD, 0xB1, 0x72, 0x01, 0x2B, 0xB0, 0x36, 0x1A, 0xBA, 
   0x3D, 0xF5, 0xEF, 0xF6, 0x00, 0x15, 0x2B, 0x0A, 0x0E, 0xB0, 
   0x57, 0x10, 0xB0, 0x56, 0xC0, 0xB1, 0x4D, 0x01, 0xF9, 0xB0, 
   0x4E, 0xC0, 0xBA, 0x3E, 0x06, 0xF0, 0x36, 0x00, 0x15, 0x2B, 
   0x0A, 0xB0, 0x70, 0x10, 0xB0, 0x6D, 0xC0, 0xB1, 0x62, 0x02, 
   0xF9, 0xB0, 0x63, 0xC0, 0xB0, 0x70, 0x10, 0xB3, 0x6E, 0x70, 
   0x6D, 0x13, 0x2B, 0xB3, 0x6F, 0x70, 0x6D, 0x13, 0x2B, 0xB2, 
   0x6F, 0x70, 0x6D, 0x20, 0x8A, 0x20, 0x8A, 0x23, 0x06, 0x0E, 
   0x11, 0x12, 0x39, 0xB0, 0x6E, 0x39, 0x00, 0x40, 0x0A, 0x4D, 
   0x4E, 0x56, 0x57, 0x62, 0x63, 0x6D, 0x6E, 0x6F, 0x70, 0x2E, 
   0x2E, 0x2E, 0x2E, 0x2E, 0x2E, 0x2E, 0x2E, 0x2E, 0x2E, 0x01, 
   0x40, 0x0A, 0x4D, 0x4E, 0x56, 0x57, 0x62, 0x63, 0x6D, 0x6E, 
   0x6F, 0x70, 0x2E, 0x2E, 0x2E, 0x2E, 0x2E, 0x2E, 0x2E, 0x2E, 
   0x2E, 0x2E, 0xB0, 0x40, 0x1A, 0x01, 0xB1, 0x2C, 0x18, 0x11, 
   0x12, 0xB7, 0x03, 0x10, 0x31, 0x32, 0x3C, 0x42, 0x45, 0x59, 
   0x24, 0x17, 0x39, 0x00, 0xB1, 0x2F, 0x34, 0x11, 0x12, 0xB1, 
   0x03, 0x35, 0x39, 0x39, 0xB0, 0x29, 0x11, 0xB6, 0x11, 0x00, 
   0x1B, 0x15, 0x37, 0x53, 0x6A, 0x24, 0x17, 0x39, 0xB0, 0x3C, 
   0x12, 0xB2, 0x1F, 0x25, 0x42, 0x39, 0x39, 0x39, 0xB0, 0x22, 
   0x11, 0xB0, 0x20, 0x39, 0x30, 0x31, 0x11, 0x14, 0x12, 0x17, 
   0x07, 0x06, 0x3B, 0x01, 0x03, 0x33, 0x01, 0x36, 0x26, 0x2B, 
   0x01, 0x01, 0x36, 0x23, 0x21, 0x22, 0x07, 0x03, 0x2E, 0x01, 
   0x35, 0x34, 0x36, 0x3F, 0x01, 0x32, 0x35, 0x37, 0x36, 0x24, 
   0x33, 0x32, 0x04, 0x1F, 0x01, 0x14, 0x3B, 0x01, 0x32, 0x16, 
   0x15, 0x14, 0x06, 0x07, 0x22, 0x1D, 0x01, 0x14, 0x33, 0x36, 
   0x00, 0x35, 0x34, 0x2E, 0x01, 0x2B, 0x01, 0x26, 0x00, 0x23, 
   0x22, 0x00, 0x07, 0x06, 0x02, 0x01, 0x14, 0x17, 0x32, 0x16, 
   0x33, 0x32, 0x36, 0x37, 0x13, 0x36, 0x26, 0x27, 0x26, 0x23, 
   0x22, 0x06, 0x07, 0x03, 0x06, 0x01, 0x14, 0x17, 0x16, 0x17, 
   0x16, 0x32, 0x37, 0x36, 0x37, 0x13, 0x36, 0x35, 0x34, 0x26, 
   0x27, 0x26, 0x23, 0x22, 0x06, 0x07, 0x03, 0x14, 0x06, 0xD4, 
   0xA9, 0x46, 0x05, 0x14, 0xE3, 0x69, 0x1E, 0x01, 0xA2, 0x06, 
   0x09, 0x0B, 0xE8, 0x01, 0x08, 0x0B, 0x1A, 0xFE, 0xC6, 0x0F, 
   0x0A, 0x72, 0x72, 0x96, 0xB5, 0x86, 0x38, 0x15, 0x07, 0x11, 
   0x01, 0x03, 0xAF, 0xAE, 0x01, 0x05, 0x13, 0x07, 0x13, 0xAB, 
   0x91, 0xCE, 0xBE, 0x8C, 0x15, 0x15, 0xD5, 0x01, 0x29, 0x8E, 
   0xF5, 0x90, 0x21, 0x35, 0xFE, 0xA7, 0xDC, 0xE2, 0xFE, 0xA2, 
   0x31, 0xB1, 0xE6, 0x03, 0x65, 0x3E, 0x02, 0x14, 0x05, 0x1B, 
   0x33, 0x09, 0xF0, 0x0A, 0x22, 0x24, 0x1B, 0x01, 0x1A, 0x31, 
   0x09, 0xF1, 0x03, 0x01, 0xBB, 0x0B, 0x16, 0x20, 0x11, 0x1E, 
   0x13, 0x21, 0x0C, 0x9A, 0x05, 0x22, 0x20, 0x1B, 0x01, 0x1B, 
   0x2E, 0x09, 0x9C, 0x03, 0x02, 0x0F, 0xB1, 0xFE, 0xE8, 0x33, 
   0xB3, 0x17, 0xFE, 0x35, 0x02, 0x65, 0x07, 0x0F, 0x01, 0xEF, 
   0x17, 0x10, 0xFE, 0xCE, 0x1D, 0xBE, 0x77, 0x85, 0xC4, 0x10, 
   0x07, 0x13, 0x36, 0xAD, 0xEA, 0xEA, 0xAD, 0x3E, 0x12, 0xCB, 
   0x8E, 0x88, 0xC7, 0x0B, 0x13, 0x92, 0x12, 0x07, 0x01, 0x34, 
   0xD6, 0x90, 0xF3, 0x8D, 0xD5, 0x01, 0x0E, 0xFE, 0xE8, 0xDA, 
   0x29, 0xFE, 0xE1, 0xFB, 0x3B, 0x3F, 0x13, 0x03, 0x1F, 0x24, 
   0x03, 0x9F, 0x26, 0x3E, 0x0B, 0x03, 0x20, 0x20, 0xFC, 0x5E, 
   0x0E, 0x01, 0x38, 0x15, 0x13, 0x23, 0x0C, 0x05, 0x08, 0x0E, 
   0x2F, 0x02, 0x5D, 0x17, 0x06, 0x18, 0x30, 0x0A, 0x03, 0x1F, 
   0x21, 0xFD, 0xA0, 0x03, 0x11, 0x00, 0x00, 0x04, 0x00, 0x00, 
   0x01, 0x22, 0x08, 0xA1, 0x04, 0x2E, 0x00, 0x0D, 0x00, 0x1A, 
   0x00, 0x28, 0x00, 0x36, 0x00, 0x24, 0x00, 0xB0, 0x26, 0x2F, 
   0xB0, 0x1F, 0xCD, 0xB0, 0x0B, 0x2F, 0xB0, 0x33, 0x33, 0xB0, 
   0x03, 0xCD, 0xB0, 0x2C, 0x32, 0xB0, 0x19, 0x2F, 0xB0, 0x12, 
   0xCD, 0x01, 0xB0, 0x37, 0x2F, 0xB1, 0x38, 0x01, 0x2B, 0x00, 
   0x30, 0x31, 0x11, 0x34, 0x36, 0x33, 0x21, 0x32, 0x16, 0x15, 
   0x14, 0x06, 0x23, 0x21, 0x22, 0x26, 0x00, 0x34, 0x37, 0x36, 
   0x33, 0x21, 0x32, 0x16, 0x14, 0x06, 0x23, 0x21, 0x22, 0x13, 
   0x34, 0x37, 0x36, 0x33, 0x21, 0x32, 0x16, 0x14, 0x06, 0x23, 
   0x21, 0x22, 0x26, 0x01, 0x34, 0x36, 0x33, 0x21, 0x32, 0x16, 
   0x15, 0x14, 0x06, 0x23, 0x21, 0x22, 0x26, 0x32, 0x24, 0x05, 
   0x09, 0x23, 0x2E, 0x2E, 0x23, 0xFA, 0xF7, 0x24, 0x32, 0x01, 
   0x02, 0x19, 0x18, 0x24, 0x05, 0x0A, 0x22, 0x2F, 0x2F, 0x22, 
   0xFA, 0xF6, 0x23, 0x7A, 0x1A, 0x17, 0x23, 0x05, 0x0B, 0x24, 
   0x30, 0x31, 0x23, 0xFA, 0xF5, 0x23, 0x31, 0x04, 0x69, 0x2F, 
   0x25, 0x01, 0xE2, 0x25, 0x2F, 0x30, 0x24, 0xFE, 0x1E, 0x25, 
   0x2F, 0x02, 0xA6, 0x24, 0x30, 0x2F, 0x25, 0x23, 0x2E, 0x2E, 
   0x01, 0x35, 0x46, 0x18, 0x18, 0x30, 0x46, 0x31, 0xFD, 0xF0, 
   0x22, 0x18, 0x17, 0x2E, 0x46, 0x32, 0x32, 0x01, 0x52, 0x25, 
   0x2F, 0x30, 0x24, 0x23, 0x2E, 0x2E, 0x00, 0x04, 0x00, 0x00, 
   0xFE, 0x7A, 0x0A, 0x05, 0x06, 0xE2, 0x00, 0x1D, 0x00, 0x3B, 
   0x00, 0x85, 0x00, 0x96, 0x01, 0x18, 0x00, 0xB2, 0x04, 0x00, 
   0x00, 0x2B, 0xB0, 0x5C, 0x33, 0xB0, 0x1C, 0xCD, 0xB0, 0x56, 
   0x32, 0xB0, 0x16, 0x2F, 0xB0, 0x0B, 0xCD, 0xB0, 0x22, 0x2F, 
   0xB0, 0x39, 0xCD, 0xB0, 0x51, 0x2F, 0xB0, 0x95, 0xCD, 0xB3, 
   0x28, 0x95, 0x51, 0x08, 0x2B, 0xB0, 0x32, 0xCD, 0xB0, 0x4B, 
   0x2F, 0xB0, 0x7D, 0xCD, 0xB0, 0x89, 0x2F, 0xB0, 0x76, 0xCD, 
   0x01, 0xB0, 0x97, 0x2F, 0xB0, 0x08, 0xD6, 0xB0, 0x47, 0x32, 
   0xB0, 0x18, 0xCD, 0xB0, 0x18, 0x10, 0xB1, 0x35, 0x01, 0x2B, 
   0xB0, 0x26, 0xCD, 0xB0, 0x26, 0x10, 0xB1, 0x8D, 0x01, 0x2B, 
   0xB0, 0x6E, 0xCD, 0xB0, 0x6E, 0x10, 0xB1, 0x54, 0x01, 0x2B, 
   0xB0, 0x61, 0xCD, 0xB1, 0x98, 0x01, 0x2B, 0xB1, 0x18, 0x08, 
   0x11, 0x12, 0xB1, 0x16, 0x49, 0x39, 0x39, 0xB0, 0x35, 0x11, 
   0xB7, 0x28, 0x2B, 0x38, 0x4A, 0x57, 0x59, 0x5A, 0x7D, 0x24, 
   0x17, 0x39, 0xB0, 0x26, 0x12, 0xB1, 0x4B, 0x7B, 0x39, 0x39, 
   0xB0, 0x8D, 0x11, 0xB6, 0x4D, 0x51, 0x56, 0x76, 0x86, 0x89, 
   0x95, 0x24, 0x17, 0x39, 0xB0, 0x6E, 0x12, 0xB0, 0x8B, 0x39, 
   0xB0, 0x54, 0x11, 0xB1, 0x72, 0x92, 0x39, 0x39, 0xB0, 0x61, 
   0x12, 0xB2, 0x63, 0x6C, 0x90, 0x39, 0x39, 0x39, 0x00, 0xB1, 
   0x0B, 0x16, 0x11, 0x12, 0xB0, 0x12, 0x39, 0xB0, 0x04, 0x11, 
   0xB1, 0x0F, 0x18, 0x39, 0x39, 0xB1, 0x39, 0x22, 0x11, 0x12, 
   0xB1, 0x25, 0x54, 0x39, 0x39, 0xB0, 0x32, 0x11, 0xB6, 0x2C, 
   0x2E, 0x3E, 0x41, 0x53, 0x61, 0x83, 0x24, 0x17, 0x39, 0xB0, 
   0x51, 0x12, 0xB4, 0x26, 0x2B, 0x42, 0x44, 0x63, 0x24, 0x17, 
   0x39, 0xB0, 0x28, 0x11, 0xB1, 0x45, 0x4E, 0x39, 0x39, 0xB0, 
   0x95, 0x12, 0xB5, 0x47, 0x48, 0x4D, 0x80, 0x90, 0x92, 0x24, 
   0x17, 0x39, 0xB0, 0x4B, 0x11, 0xB2, 0x49, 0x66, 0x6C, 0x39, 
   0x39, 0x39, 0xB0, 0x7D, 0x12, 0xB1, 0x7B, 0x86, 0x39, 0x39, 
   0xB0, 0x89, 0x11, 0xB1, 0x6E, 0x8D, 0x39, 0x39, 0xB0, 0x76, 
   0x12, 0xB0, 0x70, 0x39, 0x30, 0x31, 0x34, 0x14, 0x17, 0x16, 
   0x33, 0x21, 0x32, 0x16, 0x15, 0x14, 0x06, 0x23, 0x22, 0x27, 
   0x26, 0x23, 0x22, 0x06, 0x15, 0x14, 0x17, 0x16, 0x32, 0x36, 
   0x35, 0x34, 0x26, 0x23, 0x21, 0x22, 0x27, 0x14, 0x17, 0x16, 
   0x33, 0x21, 0x32, 0x36, 0x34, 0x26, 0x23, 0x22, 0x07, 0x06, 
   0x14, 0x16, 0x33, 0x32, 0x37, 0x36, 0x33, 0x32, 0x16, 0x15, 
   0x14, 0x06, 0x23, 0x21, 0x22, 0x06, 0x25, 0x14, 0x3B, 0x01, 
   0x32, 0x37, 0x3E, 0x01, 0x3F, 0x01, 0x32, 0x35, 0x37, 0x36, 
   0x24, 0x20, 0x04, 0x1F, 0x01, 0x14, 0x3B, 0x01, 0x32, 0x16, 
   0x10, 0x06, 0x23, 0x21, 0x22, 0x1D, 0x01, 0x14, 0x33, 0x21, 
   0x32, 0x3E, 0x01, 0x35, 0x34, 0x27, 0x36, 0x3F, 0x01, 0x36, 
   0x35, 0x34, 0x2F, 0x01, 0x2E, 0x01, 0x35, 0x34, 0x3F, 0x01, 
   0x36, 0x2F, 0x01, 0x26, 0x23, 0x22, 0x0E, 0x02, 0x07, 0x26, 
   0x23, 0x22, 0x00, 0x07, 0x0E, 0x01, 0x07, 0x15, 0x06, 0x01, 
   0x3E, 0x01, 0x33, 0x32, 0x17, 0x06, 0x15, 0x14, 0x12, 0x17, 
   0x06, 0x07, 0x26, 0x2B, 0x01, 0x26, 0x1D, 0x1B, 0x26, 0x02, 
   0x64, 0x2A, 0x3F, 0x3F, 0x2A, 0x29, 0x20, 0x1D, 0x24, 0x26, 
   0x34, 0x1A, 0x54, 0xEC, 0xA7, 0xA7, 0x76, 0xFD, 0x9C, 0x26, 
   0x38, 0x1D, 0x1C, 0x25, 0x04, 0x85, 0x76, 0xA7, 0xA7, 0x76, 
   0x7A, 0x50, 0x18, 0x31, 0x26, 0x26, 0x1C, 0x1E, 0x2B, 0x29, 
   0x3E, 0x3E, 0x29, 0xFB, 0x7B, 0x26, 0x38, 0x01, 0x0D, 0x11, 
   0x99, 0x0D, 0x0A, 0x24, 0x97, 0x5D, 0x38, 0x14, 0x08, 0x11, 
   0x01, 0x04, 0x01, 0x5E, 0x01, 0x03, 0x12, 0x07, 0x14, 0xAD, 
   0x91, 0xCC, 0xCD, 0x90, 0xFD, 0x1F, 0x12, 0x12, 0x02, 0xE1, 
   0x8F, 0xF3, 0x8E, 0x49, 0x75, 0x2C, 0x10, 0x03, 0x0F, 0x40, 
   0x86, 0x8D, 0x0A, 0x0E, 0x04, 0x12, 0x55, 0x46, 0x3F, 0x3B, 
   0x7A, 0x81, 0x7A, 0x2E, 0x71, 0x86, 0xE2, 0xFE, 0xA5, 0x2F, 
   0x89, 0xD2, 0x28, 0x02, 0x05, 0x83, 0x32, 0xB0, 0x5E, 0x16, 
   0x0B, 0x02, 0xA8, 0x94, 0x19, 0x37, 0x8E, 0xC3, 0x23, 0x2B, 
   0x7E, 0x4A, 0x1B, 0x1B, 0x3D, 0x2A, 0x2B, 0x3E, 0x20, 0x1A, 
   0x34, 0x26, 0x24, 0x1C, 0x54, 0xA6, 0x77, 0x76, 0xA8, 0xE6, 
   0x23, 0x1B, 0x1A, 0xA6, 0xEC, 0xA5, 0x51, 0x19, 0x50, 0x30, 
   0x18, 0x1E, 0x3C, 0x2B, 0x2A, 0x3E, 0x37, 0xD6, 0x0E, 0x10, 
   0x57, 0x71, 0x07, 0x08, 0x12, 0x37, 0xAD, 0xE9, 0xE8, 0xAE, 
   0x3E, 0x13, 0xCA, 0xFE, 0xE4, 0xCC, 0x13, 0x92, 0x12, 0x8E, 
   0xF4, 0x8F, 0x8D, 0x7B, 0x71, 0xA2, 0x48, 0x03, 0x05, 0x07, 
   0x0A, 0x16, 0x29, 0xD0, 0x6F, 0x27, 0x2D, 0x42, 0x10, 0x08, 
   0x1A, 0x11, 0x1C, 0x3B, 0x6F, 0x4B, 0x30, 0xFE, 0xE8, 0xD9, 
   0x20, 0xC6, 0x88, 0x03, 0x03, 0x02, 0xD9, 0x58, 0x5D, 0x01, 
   0x0E, 0x18, 0x97, 0xFE, 0xEC, 0x45, 0x3C, 0x32, 0x7A, 0xC9, 
   0x00, 0x00, 0x00, 0x05, 0x00, 0x00, 0xFE, 0xB0, 0x0A, 0x8B, 
   0x06, 0xE1, 0x00, 0x0D, 0x00, 0x1C, 0x00, 0x69, 0x00, 0x77, 
   0x00, 0x87, 0x00, 0x9E, 0x00, 0xB2, 0x03, 0x00, 0x00, 0x2B, 
   0xB0, 0x3F, 0x33, 0xB0, 0x0B, 0xCD, 0xB0, 0x39, 0x32, 0xB0, 
   0x6E, 0x2F, 0xB0, 0x75, 0xCD, 0xB0, 0x12, 0x2F, 0xB0, 0x1A, 
   0xCD, 0xB0, 0x33, 0x2F, 0xB0, 0x86, 0xCD, 0xB0, 0x2C, 0x2F, 
   0xB0, 0x61, 0xCD, 0xB0, 0x7B, 0x2F, 0xB0, 0x5A, 0xCD, 0x01, 
   0xB0, 0x88, 0x2F, 0xB0, 0x7E, 0xD6, 0xB0, 0x52, 0xCD, 0xB0, 
   0x52, 0x10, 0xB1, 0x36, 0x01, 0x2B, 0xB0, 0x44, 0xCD, 0xB1, 
   0x89, 0x01, 0x2B, 0xB1, 0x36, 0x52, 0x11, 0x12, 0xB1, 0x56, 
   0x83, 0x39, 0x39, 0xB0, 0x44, 0x11, 0xB2, 0x45, 0x4E, 0x81, 
   0x39, 0x39, 0x39, 0x00, 0xB1, 0x1A, 0x12, 0x11, 0x12, 0xB0, 
   0x43, 0x39, 0xB0, 0x33, 0x11, 0xB5, 0x1F, 0x25, 0x36, 0x44, 
   0x45, 0x67, 0x24, 0x17, 0x39, 0xB0, 0x86, 0x12, 0xB5, 0x29, 
   0x2F, 0x26, 0x64, 0x81, 0x83, 0x24, 0x17, 0x39, 0xB0, 0x2C, 
   0x11, 0xB2, 0x2A, 0x4A, 0x4E, 0x39, 0x39, 0x39, 0xB0, 0x61, 
   0x12, 0xB2, 0x52, 0x5F, 0x78, 0x39, 0x39, 0x39, 0xB0, 0x7B, 
   0x11, 0xB0, 0x7D, 0x39, 0xB0, 0x5A, 0x12, 0xB0, 0x54, 0x39, 
   0x30, 0x31, 0x35, 0x14, 0x16, 0x33, 0x21, 0x32, 0x36, 0x35, 
   0x34, 0x26, 0x23, 0x21, 0x22, 0x06, 0x01, 0x14, 0x17, 0x16, 
   0x33, 0x21, 0x32, 0x36, 0x35, 0x34, 0x26, 0x23, 0x21, 0x22, 
   0x06, 0x37, 0x14, 0x3B, 0x01, 0x32, 0x37, 0x3E, 0x01, 0x3F, 
   0x01, 0x32, 0x35, 0x37, 0x36, 0x24, 0x33, 0x32, 0x04, 0x1F, 
   0x01, 0x14, 0x3B, 0x01, 0x32, 0x16, 0x15, 0x14, 0x06, 0x23, 
   0x21, 0x22, 0x1D, 0x01, 0x14, 0x33, 0x21, 0x32, 0x3E, 0x01, 
   0x10, 0x27, 0x36, 0x3F, 0x01, 0x36, 0x35, 0x34, 0x2F, 0x01, 
   0x2E, 0x03, 0x35, 0x34, 0x3F, 0x01, 0x36, 0x2F, 0x01, 0x26, 
   0x23, 0x22, 0x0E, 0x02, 0x07, 0x26, 0x23, 0x22, 0x00, 0x07, 
   0x0E, 0x01, 0x07, 0x15, 0x06, 0x13, 0x14, 0x17, 0x16, 0x33, 
   0x21, 0x32, 0x36, 0x34, 0x26, 0x23, 0x21, 0x22, 0x06, 0x01, 
   0x3E, 0x01, 0x17, 0x32, 0x17, 0x15, 0x14, 0x12, 0x17, 0x06, 
   0x07, 0x26, 0x2B, 0x01, 0x26, 0x36, 0x28, 0x03, 0xEB, 0x26, 
   0x32, 0x32, 0x26, 0xFC, 0x15, 0x28, 0x36, 0x01, 0x19, 0x1C, 
   0x1A, 0x26, 0x03, 0xED, 0x25, 0x33, 0x32, 0x26, 0xFC, 0x13, 
   0x26, 0x36, 0x6F, 0x13, 0x98, 0x0E, 0x0A, 0x24, 0x96, 0x5D, 
   0x3B, 0x13, 0x07, 0x11, 0x01, 0x05, 0xB0, 0xAF, 0x01, 0x00, 
   0x16, 0x08, 0x13, 0xAC, 0x91, 0xCC, 0xCF, 0x8E, 0xFD, 0x1F, 
   0x12, 0x12, 0x02, 0xE1, 0x90, 0xF4, 0x8E, 0x45, 0x73, 0x2E, 
   0x13, 0x01, 0x10, 0x42, 0x46, 0x6C, 0x3F, 0x1F, 0x0C, 0x0E, 
   0x07, 0x15, 0x58, 0x46, 0x3F, 0x3C, 0x7A, 0x82, 0x79, 0x2D, 
   0x7C, 0x81, 0xE2, 0xFE, 0xA3, 0x2F, 0x8B, 0xD1, 0x29, 0x02, 
   0x4D, 0x1B, 0x1A, 0x26, 0x03, 0xEE, 0x26, 0x36, 0x36, 0x26, 
   0xFC, 0x12, 0x26, 0x35, 0x05, 0x3E, 0x37, 0xB1, 0x5D, 0x12, 
   0x09, 0xA9, 0x93, 0x1C, 0x35, 0x8D, 0xC8, 0x22, 0x28, 0x56, 
   0x26, 0x32, 0x32, 0x26, 0x28, 0x33, 0x34, 0x01, 0x1E, 0x26, 
   0x1A, 0x1B, 0x35, 0x26, 0x25, 0x33, 0x33, 0xD5, 0x0F, 0x0F, 
   0x57, 0x72, 0x07, 0x08, 0x12, 0x37, 0xAE, 0xE9, 0xE6, 0xAE, 
   0x3E, 0x12, 0xCC, 0x90, 0x8D, 0xCF, 0x12, 0x8F, 0x12, 0x8C, 
   0xF3, 0x01, 0x20, 0x78, 0x67, 0xAC, 0x49, 0x02, 0x05, 0x0D, 
   0x04, 0x17, 0x15, 0x50, 0x63, 0x66, 0x32, 0x26, 0x37, 0x41, 
   0x0F, 0x09, 0x1A, 0x11, 0x1C, 0x3B, 0x6F, 0x4B, 0x33, 0xFE, 
   0xE7, 0xDC, 0x20, 0xC5, 0x89, 0x03, 0x02, 0xFC, 0x70, 0x27, 
   0x19, 0x1B, 0x36, 0x4A, 0x33, 0x33, 0x06, 0x42, 0x58, 0x61, 
   0x02, 0x01, 0x1A, 0x9C, 0xFE, 0xE5, 0x46, 0x40, 0x32, 0x7E, 
   0xC1, 0x00, 0x00, 0x08, 0x00, 0x00, 0xFD, 0xA3, 0x09, 0x16, 
   0x06, 0xDE, 0x00, 0x4C, 0x00, 0x59, 0x00, 0x6A, 0x00, 0x7A, 
   0x00, 0x8C, 0x00, 0x9E, 0x00, 0xAF, 0x00, 0xBF, 0x01, 0x50, 
   0x00, 0xB2, 0x03, 0x00, 0x00, 0x2B, 0xB1, 0x27, 0xA4, 0x33, 
   0x33, 0xB0, 0x08, 0xCD, 0xB0, 0x22, 0x32, 0xB0, 0x1C, 0x2F, 
   0xB0, 0x0F, 0x33, 0xB0, 0xBE, 0xCD, 0xB0, 0x15, 0x2F, 0xB0, 
   0x47, 0xCD, 0xB0, 0xB3, 0x2F, 0xB0, 0x40, 0xCD, 0x01, 0xB0, 
   0xC0, 0x2F, 0xB0, 0x00, 0xD6, 0xB0, 0x0B, 0xCD, 0xB0, 0x0B, 
   0x10, 0xB1, 0x5A, 0x01, 0x2B, 0xB0, 0x60, 0xCD, 0xB0, 0x60, 
   0x10, 0xB1, 0x6B, 0x01, 0x2B, 0xB0, 0x7B, 0x20, 0xD6, 0x11, 
   0xB0, 0x83, 0xCD, 0xB1, 0x8D, 0x01, 0x2B, 0xB1, 0xB6, 0x01, 
   0x2B, 0xB0, 0x38, 0xCD, 0xB0, 0x38, 0x10, 0xB1, 0x1F, 0x01, 
   0x2B, 0xB0, 0x2A, 0xCD, 0xB1, 0xC1, 0x01, 0x2B, 0xB0, 0x36, 
   0x1A, 0xBA, 0x3D, 0xB6, 0xEF, 0x0A, 0x00, 0x15, 0x2B, 0x0A, 
   0x04, 0xB0, 0x60, 0x2E, 0x0E, 0xB0, 0x61, 0xC0, 0xB1, 0x68, 
   0x03, 0xF9, 0xB0, 0x67, 0xC0, 0xBA, 0x3D, 0xEB, 0xEF, 0xCE, 
   0x00, 0x15, 0x2B, 0x0A, 0xB0, 0xAE, 0x10, 0xB0, 0xAD, 0xC0, 
   0xB1, 0xA6, 0x04, 0xF9, 0xB0, 0xA7, 0xC0, 0x00, 0xB7, 0x60, 
   0x61, 0x67, 0x68, 0xA6, 0xA7, 0xAD, 0xAE, 0x2E, 0x2E, 0x2E, 
   0x2E, 0x2E, 0x2E, 0x2E, 0x2E, 0x01, 0xB6, 0x61, 0x67, 0x68, 
   0xA6, 0xA7, 0xAD, 0xAE, 0x2E, 0x2E, 0x2E, 0x2E, 0x2E, 0x2E, 
   0x2E, 0xB0, 0x40, 0x1A, 0x01, 0xB1, 0x5A, 0x0B, 0x11, 0x12, 
   0xB3, 0x05, 0x13, 0x4A, 0x59, 0x24, 0x17, 0x39, 0xB0, 0x60, 
   0x11, 0xB0, 0x53, 0x39, 0xB1, 0x83, 0x7B, 0x11, 0x12, 0xB3, 
   0x47, 0x15, 0x71, 0x75, 0x24, 0x17, 0x39, 0xB0, 0x8D, 0x11, 
   0xB1, 0x45, 0x85, 0x39, 0x39, 0xB0, 0xB6, 0x12, 0x40, 0x0A, 
   0x18, 0x1C, 0x22, 0x24, 0x25, 0x40, 0x98, 0x9F, 0xB0, 0xBE, 
   0x24, 0x17, 0x39, 0xB1, 0x1F, 0x38, 0x11, 0x12, 0xB2, 0x3A, 
   0x3C, 0xBB, 0x39, 0x39, 0x39, 0xB0, 0x2A, 0x11, 0xB2, 0x2C, 
   0x35, 0xB9, 0x39, 0x39, 0x39, 0x00, 0xB1, 0x08, 0x03, 0x11, 
   0x12, 0xB2, 0x02, 0x5A, 0x9F, 0x39, 0x39, 0x39, 0xB0, 0x1C, 
   0x11, 0xB6, 0x00, 0x0E, 0x2A, 0x2C, 0x65, 0x88, 0xAB, 0x24, 
   0x17, 0x39, 0xB0, 0xBE, 0x12, 0xB4, 0x12, 0x18, 0x4A, 0xB9, 
   0xBB, 0x24, 0x17, 0x39, 0xB0, 0x15, 0x11, 0xB2, 0x13, 0x2F, 
   0x35, 0x39, 0x39, 0x39, 0xB0, 0x47, 0x12, 0xB1, 0x45, 0xB0, 
   0x39, 0x39, 0xB0, 0xB3, 0x11, 0xB0, 0xB5, 0x39, 0xB0, 0x40, 
   0x12, 0xB0, 0x3A, 0x39, 0x30, 0x31, 0x11, 0x14, 0x00, 0x17, 
   0x32, 0x3D, 0x01, 0x34, 0x23, 0x2E, 0x01, 0x35, 0x34, 0x36, 
   0x3F, 0x01, 0x32, 0x35, 0x37, 0x36, 0x24, 0x33, 0x32, 0x04, 
   0x1F, 0x01, 0x14, 0x3B, 0x01, 0x32, 0x16, 0x15, 0x14, 0x06, 
   0x07, 0x22, 0x1D, 0x01, 0x14, 0x33, 0x36, 0x00, 0x35, 0x34, 
   0x27, 0x36, 0x3F, 0x01, 0x36, 0x35, 0x34, 0x2F, 0x01, 0x2E, 
   0x02, 0x35, 0x26, 0x3F, 0x01, 0x36, 0x2F, 0x01, 0x26, 0x23, 
   0x22, 0x0E, 0x02, 0x07, 0x26, 0x23, 0x22, 0x00, 0x07, 0x06, 
   0x02, 0x01, 0x16, 0x17, 0x16, 0x36, 0x37, 0x36, 0x26, 0x27, 
   0x26, 0x06, 0x07, 0x06, 0x13, 0x14, 0x16, 0x17, 0x16, 0x36, 
   0x37, 0x13, 0x36, 0x26, 0x27, 0x26, 0x06, 0x07, 0x03, 0x14, 
   0x06, 0x13, 0x14, 0x17, 0x16, 0x17, 0x16, 0x33, 0x32, 0x37, 
   0x3E, 0x01, 0x2E, 0x01, 0x07, 0x0E, 0x01, 0x13, 0x14, 0x17, 
   0x16, 0x33, 0x32, 0x37, 0x36, 0x37, 0x13, 0x36, 0x26, 0x27, 
   0x26, 0x06, 0x07, 0x03, 0x06, 0x25, 0x14, 0x17, 0x16, 0x17, 
   0x16, 0x33, 0x32, 0x37, 0x36, 0x37, 0x36, 0x26, 0x27, 0x26, 
   0x06, 0x07, 0x06, 0x37, 0x14, 0x16, 0x17, 0x16, 0x33, 0x32, 
   0x37, 0x13, 0x36, 0x26, 0x27, 0x26, 0x06, 0x07, 0x03, 0x06, 
   0x13, 0x3E, 0x01, 0x17, 0x32, 0x17, 0x15, 0x14, 0x12, 0x17, 
   0x06, 0x07, 0x26, 0x2B, 0x01, 0x26, 0x01, 0x29, 0xD6, 0x13, 
   0x13, 0x89, 0xC0, 0xB4, 0x86, 0x38, 0x15, 0x08, 0x11, 0x01, 
   0x03, 0xAF, 0xAD, 0x01, 0x06, 0x12, 0x08, 0x12, 0xAC, 0x8E, 
   0xD0, 0xC0, 0x89, 0x15, 0x15, 0xD5, 0x01, 0x28, 0x45, 0x7E, 
   0x27, 0x0E, 0x03, 0x11, 0x3C, 0x5B, 0x81, 0x36, 0x01, 0x09, 
   0x0F, 0x05, 0x14, 0x55, 0x43, 0x49, 0x38, 0x77, 0x82, 0x7B, 
   0x2D, 0x78, 0x85, 0xE2, 0xFE, 0xA2, 0x31, 0xB1, 0xE6, 0x02, 
   0x48, 0x0E, 0x23, 0x1F, 0x46, 0x0D, 0x10, 0x1B, 0x22, 0x20, 
   0x44, 0x10, 0x10, 0x51, 0x22, 0x20, 0x29, 0x3D, 0x0C, 0x5E, 
   0x0B, 0x27, 0x26, 0x23, 0x40, 0x0B, 0x5E, 0x04, 0xC7, 0x06, 
   0x0E, 0x22, 0x0F, 0x14, 0x0A, 0x16, 0x24, 0x1F, 0x20, 0x3F, 
   0x22, 0x1F, 0x1C, 0x4F, 0x44, 0x0F, 0x0A, 0x12, 0x13, 0x25, 
   0x0D, 0xB0, 0x0A, 0x23, 0x24, 0x25, 0x41, 0x0A, 0xB3, 0x04, 
   0x01, 0x6F, 0x07, 0x0D, 0x22, 0x13, 0x12, 0x0A, 0x16, 0x23, 
   0x0D, 0x0D, 0x19, 0x20, 0x23, 0x45, 0x10, 0x07, 0x4D, 0x21, 
   0x20, 0x1B, 0x02, 0x41, 0x11, 0x5D, 0x0A, 0x23, 0x24, 0x25, 
   0x3F, 0x0B, 0x5E, 0x03, 0x45, 0x32, 0xB1, 0x63, 0x12, 0x09, 
   0xA7, 0x94, 0x1F, 0x31, 0x8D, 0xCE, 0x22, 0x29, 0x02, 0x0F, 
   0xD5, 0xFE, 0xCE, 0x0A, 0x12, 0x8F, 0x12, 0x07, 0xCC, 0x8B, 
   0x85, 0xC4, 0x10, 0x03, 0x13, 0x3A, 0xAD, 0xEA, 0xEA, 0xAD, 
   0x3E, 0x12, 0xCD, 0x8C, 0x8B, 0xCC, 0x07, 0x12, 0x8F, 0x12, 
   0x07, 0x01, 0x34, 0xD6, 0x89, 0x78, 0x77, 0xA0, 0x49, 0x02, 
   0x05, 0x0C, 0x05, 0x12, 0x1B, 0x7F, 0x8B, 0x47, 0x27, 0x2D, 
   0x3E, 0x0E, 0x09, 0x1B, 0x14, 0x1B, 0x3B, 0x6F, 0x4B, 0x34, 
   0xFE, 0xE8, 0xDA, 0x29, 0xFE, 0xE1, 0xFC, 0x59, 0x22, 0x0E, 
   0x10, 0x1B, 0x22, 0x23, 0x44, 0x0D, 0x10, 0x1C, 0x23, 0x19, 
   0x01, 0x05, 0x18, 0x30, 0x0A, 0x10, 0x21, 0x2C, 0x01, 0x56, 
   0x28, 0x3F, 0x08, 0x0B, 0x24, 0x24, 0xFE, 0xA9, 0x03, 0x14, 
   0xFD, 0xA6, 0x14, 0x0B, 0x23, 0x0D, 0x08, 0x06, 0x0D, 0x46, 
   0x46, 0x1C, 0x0E, 0x0D, 0x32, 0x01, 0x04, 0x3D, 0x16, 0x05, 
   0x09, 0x0D, 0x30, 0x02, 0x8D, 0x26, 0x3E, 0x0B, 0x0B, 0x24, 
   0x24, 0xFD, 0x6E, 0x12, 0x23, 0x14, 0x0D, 0x20, 0x0F, 0x08, 
   0x06, 0x0E, 0x21, 0x23, 0x41, 0x10, 0x10, 0x1B, 0x24, 0x0D, 
   0xFC, 0x1A, 0x2E, 0x0A, 0x03, 0x41, 0x01, 0x52, 0x26, 0x3E, 
   0x0B, 0x0B, 0x24, 0x24, 0xFE, 0xAD, 0x0E, 0x05, 0x0C, 0x5C, 
   0x60, 0x01, 0x02, 0x21, 0x9C, 0xFE, 0xED, 0x46, 0x46, 0x2C, 
   0x7D, 0xC8, 0x00, 0x00, 0x00, 0x03, 0x00, 0x00, 0xFE, 0x4E, 
   0x09, 0x10, 0x06, 0xE2, 0x00, 0x4C, 0x00, 0x5D, 0x00, 0x6D, 
   0x00, 0xB6, 0x00, 0xB2, 0x03, 0x00, 0x00, 0x2B, 0xB0, 0x27, 
   0x33, 0xB0, 0x08, 0xCD, 0xB1, 0x22, 0x56, 0x32, 0x32, 0xB0, 
   0x1C, 0x2F, 0xB0, 0x6C, 0xCD, 0xB0, 0x15, 0x2F, 0xB0, 0x47, 
   0xCD, 0xB0, 0x61, 0x2F, 0xB0, 0x40, 0xCD, 0x01, 0xB0, 0x6E, 
   0x2F, 0xB0, 0x00, 0xD6, 0xB0, 0x0B, 0xCD, 0xB0, 0x0B, 0x10, 
   0xB1, 0x64, 0x01, 0x2B, 0xB0, 0x38, 0xCD, 0xB0, 0x38, 0x10, 
   0xB1, 0x1F, 0x01, 0x2B, 0xB0, 0x2A, 0xCD, 0xB1, 0x6F, 0x01, 
   0x2B, 0xB1, 0x64, 0x0B, 0x11, 0x12, 0x40, 0x0B, 0x05, 0x1C, 
   0x22, 0x24, 0x25, 0x40, 0x4A, 0x4E, 0x59, 0x5E, 0x6C, 0x24, 
   0x17, 0x39, 0xB1, 0x1F, 0x38, 0x11, 0x12, 0xB1, 0x3C, 0x69, 
   0x39, 0x39, 0xB0, 0x2A, 0x11, 0xB2, 0x2C, 0x35, 0x67, 0x39, 
   0x39, 0x39, 0x00, 0xB1, 0x08, 0x03, 0x11, 0x12, 0xB2, 0x02, 
   0x4F, 0x50, 0x39, 0x39, 0x39, 0xB0, 0x1C, 0x11, 0xB5, 0x00, 
   0x0E, 0x2A, 0x2C, 0x5A, 0x5B, 0x24, 0x17, 0x39, 0xB0, 0x6C, 
   0x12, 0xB4, 0x12, 0x18, 0x4A, 0x67, 0x69, 0x24, 0x17, 0x39, 
   0xB0, 0x15, 0x11, 0xB2, 0x13, 0x31, 0x35, 0x39, 0x39, 0x39, 
   0xB0, 0x47, 0x12, 0xB1, 0x45, 0x5E, 0x39, 0x39, 0xB0, 0x61, 
   0x11, 0xB1, 0x38, 0x63, 0x39, 0x39, 0xB0, 0x40, 0x12, 0xB0, 
   0x3A, 0x39, 0x30, 0x31, 0x11, 0x14, 0x00, 0x17, 0x32, 0x3D, 
   0x01, 0x34, 0x23, 0x2E, 0x01, 0x35, 0x34, 0x36, 0x3F, 0x01, 
   0x32, 0x35, 0x37, 0x36, 0x24, 0x33, 0x32, 0x04, 0x1F, 0x01, 
   0x14, 0x3B, 0x01, 0x32, 0x16, 0x15, 0x14, 0x06, 0x07, 0x22, 
   0x1D, 0x01, 0x14, 0x33, 0x36, 0x00, 0x35, 0x34, 0x27, 0x36, 
   0x3F, 0x01, 0x36, 0x35, 0x34, 0x2F, 0x01, 0x2E, 0x02, 0x35, 
   0x34, 0x3F, 0x01, 0x36, 0x2F, 0x01, 0x26, 0x23, 0x22, 0x0E, 
   0x02, 0x07, 0x26, 0x23, 0x22, 0x00, 0x07, 0x06, 0x02, 0x01, 
   0x06, 0x3B, 0x01, 0x03, 0x33, 0x01, 0x36, 0x26, 0x2B, 0x01, 
   0x13, 0x36, 0x23, 0x21, 0x22, 0x07, 0x01, 0x3E, 0x01, 0x33, 
   0x32, 0x17, 0x15, 0x14, 0x12, 0x17, 0x06, 0x07, 0x26, 0x2B, 
   0x01, 0x26, 0x01, 0x29, 0xD6, 0x12, 0x12, 0x8B, 0xBE, 0xB5, 
   0x85, 0x38, 0x15, 0x08, 0x11, 0x01, 0x02, 0xAF, 0xAE, 0x01, 
   0x04, 0x12, 0x08, 0x13, 0xAC, 0x91, 0xCD, 0xBE, 0x8B, 0x15, 
   0x15, 0xD5, 0x01, 0x27, 0x49, 0x80, 0x25, 0x10, 0x01, 0x11, 
   0x3E, 0x5B, 0x80, 0x36, 0x0A, 0x0F, 0x05, 0x14, 0x54, 0x46, 
   0x3F, 0x3A, 0x7A, 0x84, 0x7C, 0x2D, 0x71, 0x88, 0xE2, 0xFE, 
   0xA3, 0x32, 0xB0, 0xE6, 0x03, 0x32, 0x08, 0x17, 0xE6, 0x8C, 
   0x20, 0x01, 0xBD, 0x06, 0x06, 0x0B, 0xEB, 0xF6, 0x0B, 0x1A, 
   0xFE, 0xC6, 0x0D, 0x0A, 0x01, 0x85, 0x35, 0xB1, 0x5F, 0x14, 
   0x09, 0xA6, 0x94, 0x19, 0x37, 0x93, 0xC4, 0x22, 0x2D, 0x02, 
   0x0F, 0xD5, 0xFE, 0xCE, 0x0A, 0x12, 0x92, 0x13, 0x0B, 0xC7, 
   0x88, 0x86, 0xC7, 0x0B, 0x08, 0x12, 0x37, 0xAD, 0xE9, 0xE8, 
   0xAE, 0x3E, 0x13, 0xCA, 0x8E, 0x88, 0xC7, 0x0B, 0x13, 0x92, 
   0x12, 0x07, 0x01, 0x34, 0xD6, 0x8F, 0x79, 0x74, 0x9F, 0x4D, 
   0x01, 0x06, 0x0C, 0x05, 0x12, 0x1A, 0x7C, 0x8B, 0x47, 0x27, 
   0x2D, 0x42, 0x0F, 0x09, 0x1A, 0x11, 0x1C, 0x3B, 0x6F, 0x4B, 
   0x30, 0xFE, 0xE9, 0xDA, 0x2A, 0xFE, 0xE1, 0xFD, 0x58, 0x17, 
   0xFE, 0x46, 0x02, 0x54, 0x07, 0x0F, 0x01, 0xC1, 0x17, 0x0F, 
   0x02, 0xEE, 0x5B, 0x60, 0x02, 0x21, 0x9A, 0xFE, 0xEE, 0x48, 
   0x3B, 0x37, 0x7E, 0xC8, 0x00, 0x0B, 0x00, 0x00, 0xFD, 0x75, 
   0x09, 0x1D, 0x06, 0xEA, 0x00, 0x4E, 0x00, 0x5E, 0x00, 0x6A, 
   0x00, 0x7B, 0x00, 0x8C, 0x00, 0x98, 0x00, 0xA8, 0x00, 0xBB, 
   0x00, 0xC7, 0x00, 0xDC, 0x00, 0xEC, 0x00, 0x00, 0x11, 0x14, 
   0x00, 0x17, 0x32, 0x3D, 0x01, 0x34, 0x23, 0x2E, 0x01, 0x35, 
   0x34, 0x36, 0x3F, 0x01, 0x32, 0x35, 0x37, 0x36, 0x24, 0x33, 
   0x32, 0x04, 0x1F, 0x01, 0x14, 0x3B, 0x01, 0x32, 0x16, 0x15, 
   0x14, 0x0E, 0x01, 0x07, 0x22, 0x1D, 0x01, 0x14, 0x33, 0x3E, 
   0x02, 0x35, 0x34, 0x27, 0x36, 0x3F, 0x01, 0x36, 0x35, 0x34, 
   0x2F, 0x01, 0x2E, 0x02, 0x35, 0x26, 0x3F, 0x01, 0x36, 0x2F, 
   0x01, 0x26, 0x23, 0x22, 0x0E, 0x02, 0x07, 0x26, 0x23, 0x22, 
   0x00, 0x07, 0x06, 0x02, 0x01, 0x14, 0x16, 0x17, 0x16, 0x36, 
   0x3F, 0x01, 0x36, 0x26, 0x27, 0x26, 0x06, 0x0F, 0x01, 0x06, 
   0x13, 0x14, 0x17, 0x16, 0x33, 0x32, 0x36, 0x34, 0x26, 0x23, 
   0x22, 0x06, 0x37, 0x06, 0x16, 0x17, 0x16, 0x36, 0x3F, 0x01, 
   0x36, 0x26, 0x27, 0x26, 0x06, 0x0F, 0x01, 0x14, 0x06, 0x13, 
   0x14, 0x16, 0x17, 0x16, 0x33, 0x32, 0x3F, 0x01, 0x36, 0x26, 
   0x27, 0x26, 0x06, 0x0F, 0x01, 0x06, 0x13, 0x14, 0x17, 0x16, 
   0x33, 0x32, 0x36, 0x35, 0x34, 0x26, 0x22, 0x06, 0x37, 0x06, 
   0x16, 0x17, 0x16, 0x36, 0x3F, 0x01, 0x36, 0x26, 0x27, 0x26, 
   0x06, 0x0F, 0x01, 0x06, 0x05, 0x14, 0x16, 0x17, 0x32, 0x16, 
   0x33, 0x32, 0x3F, 0x01, 0x36, 0x26, 0x27, 0x26, 0x06, 0x0F, 
   0x01, 0x14, 0x06, 0x13, 0x14, 0x17, 0x16, 0x33, 0x32, 0x36, 
   0x35, 0x34, 0x26, 0x22, 0x06, 0x37, 0x14, 0x16, 0x17, 0x32, 
   0x16, 0x33, 0x32, 0x37, 0x36, 0x3F, 0x01, 0x36, 0x26, 0x27, 
   0x26, 0x06, 0x0F, 0x01, 0x14, 0x06, 0x13, 0x3E, 0x01, 0x17, 
   0x32, 0x17, 0x15, 0x06, 0x12, 0x17, 0x06, 0x07, 0x26, 0x2B, 
   0x01, 0x26, 0x01, 0x2A, 0xD6, 0x13, 0x13, 0x88, 0xC2, 0xB5, 
   0x86, 0x39, 0x15, 0x07, 0x11, 0x01, 0x03, 0xB0, 0xAE, 0x01, 
   0x07, 0x12, 0x08, 0x12, 0xAD, 0x91, 0xCF, 0x58, 0x99, 0x5A, 
   0x15, 0x15, 0x8D, 0xEA, 0x87, 0x49, 0x85, 0x24, 0x0F, 0x03, 
   0x12, 0x3B, 0x5C, 0x82, 0x37, 0x03, 0x0D, 0x0E, 0x07, 0x15, 
   0x55, 0x41, 0x49, 0x3A, 0x7B, 0x83, 0x7C, 0x2D, 0x82, 0x79, 
   0xE2, 0xFE, 0xA1, 0x32, 0xB4, 0xE3, 0x02, 0x41, 0x23, 0x21, 
   0x25, 0x3E, 0x0B, 0x0F, 0x08, 0x24, 0x25, 0x24, 0x41, 0x0A, 
   0x0F, 0x02, 0x51, 0x1B, 0x19, 0x23, 0x26, 0x34, 0x34, 0x26, 
   0x25, 0x32, 0x41, 0x02, 0x21, 0x23, 0x21, 0x42, 0x0B, 0x1E, 
   0x0C, 0x26, 0x27, 0x23, 0x41, 0x0B, 0x1A, 0x04, 0x7C, 0x21, 
   0x23, 0x0D, 0x0E, 0x44, 0x10, 0x0F, 0x0A, 0x26, 0x25, 0x22, 
   0x42, 0x0B, 0x0F, 0x03, 0x53, 0x1B, 0x1A, 0x23, 0x26, 0x32, 
   0x32, 0x4C, 0x32, 0x43, 0x02, 0x20, 0x20, 0x25, 0x3E, 0x0D, 
   0x1D, 0x0B, 0x25, 0x26, 0x23, 0x42, 0x0B, 0x18, 0x03, 0x01, 
   0x26, 0x21, 0x21, 0x05, 0x13, 0x05, 0x41, 0x10, 0x0F, 0x0B, 
   0x24, 0x24, 0x28, 0x41, 0x0B, 0x0A, 0x04, 0x4F, 0x1B, 0x18, 
   0x25, 0x26, 0x32, 0x32, 0x4C, 0x32, 0x41, 0x23, 0x23, 0x03, 
   0x14, 0x05, 0x10, 0x16, 0x22, 0x0A, 0x1A, 0x0A, 0x24, 0x24, 
   0x25, 0x3E, 0x0B, 0x1E, 0x04, 0x07, 0x33, 0xB2, 0x5F, 0x0F, 
   0x11, 0x02, 0xA9, 0x98, 0x1F, 0x36, 0x94, 0xC4, 0x21, 0x32, 
   0x02, 0x0D, 0xD4, 0xFE, 0xCC, 0x07, 0x12, 0x8F, 0x12, 0x07, 
   0xCE, 0x87, 0x88, 0xC7, 0x0B, 0x07, 0x13, 0x36, 0xB0, 0xEB, 
   0xEA, 0xAD, 0x3D, 0x14, 0xCE, 0x8F, 0x58, 0x9D, 0x62, 0x05, 
   0x12, 0x8F, 0x12, 0x04, 0x90, 0xEF, 0x8C, 0x8D, 0x7F, 0x77, 
   0xA1, 0x49, 0x03, 0x05, 0x09, 0x08, 0x13, 0x1B, 0x7F, 0x8B, 
   0x44, 0x22, 0x36, 0x3E, 0x10, 0x09, 0x1A, 0x12, 0x1C, 0x3C, 
   0x71, 0x4B, 0x31, 0xFE, 0xE7, 0xDB, 0x2E, 0xFE, 0xE2, 0xFC, 
   0x56, 0x1B, 0x36, 0x0A, 0x0B, 0x1E, 0x2D, 0x41, 0x24, 0x3F, 
   0x0B, 0x0B, 0x26, 0x26, 0x3F, 0x06, 0x01, 0x27, 0x22, 0x1B, 
   0x1B, 0x33, 0x4A, 0x33, 0x32, 0xCD, 0x19, 0x2F, 0x0B, 0x0A, 
   0x23, 0x25, 0x60, 0x27, 0x3D, 0x0B, 0x0B, 0x24, 0x23, 0x62, 
   0x03, 0x13, 0xFC, 0x85, 0x1C, 0x32, 0x0A, 0x03, 0x41, 0x3F, 
   0x29, 0x40, 0x07, 0x0B, 0x25, 0x24, 0x3F, 0x0E, 0x01, 0x2C, 
   0x23, 0x1B, 0x1A, 0x32, 0x26, 0x25, 0x32, 0x32, 0xCD, 0x18, 
   0x34, 0x06, 0x0A, 0x20, 0x2C, 0x60, 0x23, 0x40, 0x0B, 0x0B, 
   0x27, 0x25, 0x60, 0x0D, 0xF5, 0x1A, 0x32, 0x0A, 0x04, 0x46, 
   0x40, 0x22, 0x42, 0x0B, 0x0A, 0x25, 0x26, 0x3F, 0x04, 0x12, 
   0x01, 0x36, 0x24, 0x19, 0x1A, 0x32, 0x25, 0x26, 0x32, 0x32, 
   0xD1, 0x1B, 0x31, 0x0A, 0x04, 0x0A, 0x12, 0x26, 0x60, 0x24, 
   0x3F, 0x0B, 0x0B, 0x22, 0x25, 0x61, 0x04, 0x11, 0x04, 0x2C, 
   0x5C, 0x65, 0x01, 0x03, 0x22, 0x9D, 0xFE, 0xED, 0x45, 0x41, 
   0x35, 0x7A, 0xD0, 0x00, 0x00, 0x00, 0x00, 0x07, 0x00, 0x00, 
   0xFD, 0x5A, 0x09, 0x1E, 0x06, 0xE2, 0x00, 0x52, 0x00, 0x60, 
   0x00, 0x6F, 0x00, 0x7F, 0x00, 0x8F, 0x00, 0x9F, 0x00, 0xAF, 
   0x01, 0x0F, 0x00, 0xB0, 0x76, 0x2F, 0xB0, 0x57, 0x2F, 0xB0, 
   0x5D, 0xCD, 0xB0, 0x1A, 0x2F, 0xB0, 0x0D, 0x33, 0xB0, 0xAE, 
   0xCD, 0xB0, 0x13, 0x2F, 0xB0, 0x4D, 0xCD, 0xB0, 0xA3, 0x2F, 
   0xB0, 0x46, 0xCD, 0x01, 0xB0, 0xB0, 0x2F, 0xB0, 0x00, 0xD6, 
   0xB0, 0x09, 0xCD, 0xB0, 0x09, 0x10, 0xB1, 0x54, 0x01, 0x2B, 
   0xB0, 0x5A, 0xCD, 0xB0, 0x5A, 0x10, 0xB1, 0x70, 0x01, 0x2B, 
   0xB0, 0x78, 0xCD, 0xB0, 0x80, 0x32, 0xB0, 0x78, 0x10, 0xB1, 
   0x90, 0x01, 0x2B, 0xB0, 0x98, 0xCD, 0xB0, 0x98, 0x10, 0xB1, 
   0xA6, 0x01, 0x2B, 0xB0, 0x3B, 0xCD, 0xB0, 0x3B, 0x10, 0xB1, 
   0x1D, 0x01, 0x2B, 0xB0, 0x30, 0xCD, 0xB1, 0xB1, 0x01, 0x2B, 
   0xB1, 0x5A, 0x54, 0x11, 0x12, 0xB3, 0x0C, 0x0D, 0x50, 0x06, 
   0x24, 0x17, 0x39, 0xB0, 0x70, 0x11, 0xB4, 0x11, 0x0F, 0x61, 
   0x63, 0x7F, 0x24, 0x17, 0x39, 0xB1, 0x90, 0x78, 0x11, 0x12, 
   0xB4, 0x4D, 0x13, 0x79, 0x69, 0x84, 0x24, 0x17, 0x39, 0xB0, 
   0x98, 0x11, 0xB1, 0x4B, 0x24, 0x39, 0x39, 0xB0, 0xA6, 0x12, 
   0x40, 0x0C, 0x16, 0x1A, 0x20, 0x21, 0x28, 0x2B, 0x46, 0x89, 
   0x99, 0x88, 0xA0, 0xAE, 0x24, 0x17, 0x39, 0xB0, 0x3B, 0x11, 
   0xB0, 0x41, 0x39, 0xB0, 0x1D, 0x12, 0xB1, 0x3E, 0xAB, 0x39, 
   0x39, 0xB0, 0x30, 0x11, 0xB1, 0x32, 0xA9, 0x39, 0x39, 0x00, 
   0xB1, 0x57, 0x76, 0x11, 0x12, 0xB3, 0x58, 0x7C, 0x90, 0x95, 
   0x24, 0x17, 0x39, 0xB0, 0x5D, 0x11, 0xB1, 0x53, 0x9C, 0x39, 
   0x39, 0xB0, 0x1A, 0x12, 0x40, 0x0A, 0x00, 0x04, 0x0C, 0x21, 
   0x2B, 0x32, 0x5E, 0x65, 0x6B, 0x8B, 0x24, 0x17, 0x39, 0xB0, 
   0xAE, 0x11, 0xB4, 0x10, 0x16, 0x50, 0xA9, 0xAB, 0x24, 0x17, 
   0x39, 0xB0, 0x13, 0x12, 0xB1, 0x11, 0x36, 0x39, 0x39, 0xB0, 
   0x4D, 0x11, 0xB1, 0x4B, 0xA0, 0x39, 0x39, 0xB0, 0xA3, 0x12, 
   0xB1, 0x3B, 0xA5, 0x39, 0x39, 0xB0, 0x46, 0x11, 0xB0, 0x3E, 
   0x39, 0x30, 0x31, 0x11, 0x14, 0x12, 0x17, 0x16, 0x3F, 0x01, 
   0x22, 0x26, 0x35, 0x34, 0x36, 0x3F, 0x01, 0x32, 0x35, 0x37, 
   0x36, 0x24, 0x33, 0x32, 0x04, 0x1F, 0x01, 0x14, 0x3B, 0x01, 
   0x32, 0x16, 0x15, 0x14, 0x06, 0x07, 0x06, 0x07, 0x03, 0x06, 
   0x17, 0x1E, 0x01, 0x33, 0x32, 0x37, 0x13, 0x3E, 0x03, 0x35, 
   0x34, 0x27, 0x36, 0x37, 0x35, 0x37, 0x27, 0x2E, 0x02, 0x35, 
   0x34, 0x3F, 0x01, 0x27, 0x22, 0x2E, 0x02, 0x23, 0x26, 0x23, 
   0x0E, 0x03, 0x07, 0x26, 0x23, 0x22, 0x00, 0x07, 0x06, 0x02, 
   0x00, 0x14, 0x17, 0x16, 0x17, 0x16, 0x36, 0x37, 0x36, 0x26, 
   0x27, 0x26, 0x06, 0x07, 0x37, 0x15, 0x16, 0x17, 0x16, 0x36, 
   0x37, 0x13, 0x36, 0x2E, 0x01, 0x06, 0x07, 0x03, 0x06, 0x13, 
   0x16, 0x17, 0x16, 0x33, 0x32, 0x37, 0x36, 0x37, 0x36, 0x26, 
   0x27, 0x26, 0x06, 0x07, 0x06, 0x37, 0x15, 0x1E, 0x01, 0x33, 
   0x32, 0x37, 0x01, 0x36, 0x26, 0x27, 0x26, 0x06, 0x07, 0x01, 
   0x06, 0x05, 0x14, 0x17, 0x16, 0x17, 0x16, 0x37, 0x36, 0x37, 
   0x36, 0x26, 0x27, 0x26, 0x06, 0x07, 0x06, 0x13, 0x3E, 0x01, 
   0x17, 0x32, 0x17, 0x15, 0x14, 0x12, 0x17, 0x06, 0x07, 0x26, 
   0x2B, 0x01, 0x26, 0xD5, 0xA8, 0x0E, 0x0C, 0x78, 0x8C, 0xCD, 
   0xB4, 0x87, 0x35, 0x14, 0x08, 0x14, 0x01, 0x04, 0xAF, 0xAE, 
   0x01, 0x06, 0x13, 0x07, 0x13, 0xAD, 0x8D, 0xCD, 0xB4, 0x83, 
   0x48, 0x14, 0xF9, 0x19, 0x05, 0x04, 0x3B, 0x1F, 0x24, 0x20, 
   0xDA, 0x63, 0xB1, 0x7E, 0x4A, 0x49, 0x82, 0x27, 0x15, 0x51, 
   0x5C, 0x81, 0x37, 0x09, 0x14, 0x59, 0x01, 0x04, 0x04, 0x05, 
   0x01, 0x46, 0x3F, 0x3D, 0x7B, 0x85, 0x7C, 0x2D, 0x78, 0x82, 
   0xE2, 0xFE, 0xA2, 0x32, 0xB5, 0xE2, 0x01, 0x8B, 0x07, 0x0E, 
   0x20, 0x23, 0x48, 0x0D, 0x10, 0x1D, 0x22, 0x23, 0x47, 0x0D, 
   0xBE, 0x03, 0x20, 0x15, 0x4A, 0x21, 0xF8, 0x16, 0x08, 0x38, 
   0x4E, 0x16, 0xF8, 0x15, 0x3D, 0x0E, 0x23, 0x11, 0x12, 0x0A, 
   0x16, 0x22, 0x0D, 0x0D, 0x18, 0x23, 0x23, 0x40, 0x10, 0x11, 
   0xB9, 0x04, 0x3C, 0x1E, 0x23, 0x1D, 0x01, 0xCC, 0x17, 0x06, 
   0x1C, 0x20, 0x4D, 0x16, 0xFE, 0x38, 0x14, 0x01, 0x76, 0x08, 
   0x0D, 0x25, 0x24, 0x1D, 0x23, 0x0E, 0x10, 0x19, 0x23, 0x23, 
   0x45, 0x10, 0x08, 0xF4, 0x32, 0xB1, 0x63, 0x13, 0x09, 0xAB, 
   0x94, 0x28, 0x2C, 0x8E, 0xC9, 0x22, 0x30, 0x02, 0x0D, 0xB3, 
   0xFE, 0xE5, 0x2F, 0x03, 0x0B, 0x96, 0xD0, 0x8F, 0x86, 0xC3, 
   0x0C, 0x07, 0x14, 0x39, 0xAE, 0xEA, 0xEB, 0xAD, 0x3E, 0x12, 
   0xCC, 0x8D, 0x88, 0xC9, 0x0B, 0x09, 0x15, 0xFE, 0xCA, 0x1C, 
   0x27, 0x26, 0x32, 0x28, 0x01, 0x14, 0x0A, 0x5B, 0x8C, 0xBA, 
   0x64, 0x8B, 0x79, 0x76, 0xA2, 0x0A, 0x52, 0x1C, 0x1B, 0x7C, 
   0x8A, 0x47, 0x29, 0x2C, 0x53, 0x19, 0x03, 0x02, 0x02, 0x11, 
   0x01, 0x1C, 0x3C, 0x70, 0x4C, 0x34, 0xFE, 0xE8, 0xDA, 0x2C, 
   0xFE, 0xE3, 0xFC, 0x08, 0x2A, 0x0C, 0x23, 0x0E, 0x10, 0x1A, 
   0x22, 0x23, 0x49, 0x0C, 0x10, 0x1B, 0x23, 0xE1, 0x0C, 0x24, 
   0x17, 0x18, 0x02, 0x21, 0x01, 0x37, 0x1C, 0x4D, 0x2E, 0x08, 
   0x20, 0xFE, 0xCF, 0x18, 0xFD, 0xB3, 0x22, 0x0E, 0x08, 0x06, 
   0x0E, 0x21, 0x23, 0x44, 0x11, 0x0D, 0x1B, 0x21, 0x1E, 0xF4, 
   0x09, 0x24, 0x33, 0x24, 0x02, 0x3C, 0x1B, 0x4E, 0x17, 0x17, 
   0x07, 0x1C, 0xFD, 0xC4, 0x19, 0x95, 0x12, 0x11, 0x24, 0x0E, 
   0x0E, 0x0C, 0x0E, 0x23, 0x23, 0x43, 0x10, 0x0D, 0x1A, 0x20, 
   0x13, 0x07, 0x27, 0x5C, 0x61, 0x02, 0x01, 0x20, 0x9B, 0xFE, 
   0xEB, 0x47, 0x4B, 0x2C, 0x7E, 0xCD, 0x00, 0x05, 0x00, 0x00, 
   0xFD, 0x99, 0x09, 0x1B, 0x06, 0xE7, 0x00, 0x4C, 0x00, 0x5D, 
   0x00, 0x6F, 0x00, 0x81, 0x00, 0x91, 0x01, 0x2E, 0x00, 0xB2, 
   0x03, 0x00, 0x00, 0x2B, 0xB0, 0x27, 0x33, 0xB0, 0x08, 0xCD, 
   0xB0, 0x22, 0x32, 0xB0, 0x1C, 0x2F, 0xB0, 0x0F, 0x33, 0xB0, 
   0x90, 0xCD, 0xB0, 0x15, 0x2F, 0xB0, 0x47, 0xCD, 0xB0, 0x85, 
   0x2F, 0xB0, 0x40, 0xCD, 0x01, 0xB0, 0x92, 0x2F, 0xB0, 0x00, 
   0xD6, 0xB0, 0x0B, 0xCD, 0xB0, 0x0B, 0x10, 0xB1, 0x4D, 0x01, 
   0x2B, 0xB0, 0x53, 0xCD, 0xB0, 0x53, 0x10, 0xB1, 0x5E, 0x01, 
   0x2B, 0xB0, 0x65, 0xCD, 0xB0, 0x65, 0x10, 0xB1, 0x70, 0x01, 
   0x2B, 0xB0, 0x78, 0xCD, 0xB0, 0x19, 0x32, 0xB0, 0x78, 0x10, 
   0xB1, 0x88, 0x01, 0x2B, 0xB0, 0x38, 0xCD, 0xB0, 0x38, 0x10, 
   0xB1, 0x1F, 0x01, 0x2B, 0xB0, 0x2A, 0xCD, 0xB1, 0x93, 0x01, 
   0x2B, 0xB0, 0x36, 0x1A, 0xBA, 0x3D, 0xCA, 0xEF, 0x54, 0x00, 
   0x15, 0x2B, 0x0A, 0x04, 0xB0, 0x65, 0x2E, 0x0E, 0xB0, 0x66, 
   0xC0, 0xB1, 0x6D, 0x05, 0xF9, 0xB0, 0x6C, 0xC0, 0x00, 0xB3, 
   0x65, 0x66, 0x6C, 0x6D, 0x2E, 0x2E, 0x2E, 0x2E, 0x01, 0xB2, 
   0x66, 0x6C, 0x6D, 0x2E, 0x2E, 0x2E, 0xB0, 0x40, 0x1A, 0x01, 
   0xB1, 0x4D, 0x0B, 0x11, 0x12, 0xB2, 0x05, 0x12, 0x4A, 0x39, 
   0x39, 0x39, 0xB0, 0x53, 0x11, 0xB1, 0x13, 0x5A, 0x39, 0x39, 
   0xB1, 0x65, 0x5E, 0x11, 0x12, 0xB2, 0x47, 0x15, 0x55, 0x39, 
   0x39, 0x39, 0xB0, 0x70, 0x11, 0xB0, 0x45, 0x39, 0xB0, 0x78, 
   0x12, 0xB1, 0x18, 0x82, 0x39, 0x39, 0xB0, 0x88, 0x11, 0xB6, 
   0x1C, 0x22, 0x24, 0x25, 0x40, 0x7A, 0x90, 0x24, 0x17, 0x39, 
   0xB1, 0x1F, 0x38, 0x11, 0x12, 0xB2, 0x3A, 0x3C, 0x8D, 0x39, 
   0x39, 0x39, 0xB0, 0x2A, 0x11, 0xB2, 0x2C, 0x35, 0x8B, 0x39, 
   0x39, 0x39, 0x00, 0xB1, 0x08, 0x03, 0x11, 0x12, 0xB0, 0x02, 
   0x39, 0xB0, 0x1C, 0x11, 0xB7, 0x00, 0x0E, 0x2A, 0x2C, 0x58, 
   0x5A, 0x6A, 0x7D, 0x24, 0x17, 0x39, 0xB0, 0x90, 0x12, 0xB4, 
   0x12, 0x18, 0x4A, 0x8B, 0x8D, 0x24, 0x17, 0x39, 0xB0, 0x15, 
   0x11, 0xB2, 0x13, 0x2F, 0x35, 0x39, 0x39, 0x39, 0xB0, 0x47, 
   0x12, 0xB1, 0x45, 0x82, 0x39, 0x39, 0xB0, 0x85, 0x11, 0xB0, 
   0x87, 0x39, 0xB0, 0x40, 0x12, 0xB0, 0x3A, 0x39, 0x30, 0x31, 
   0x11, 0x14, 0x00, 0x17, 0x32, 0x3D, 0x01, 0x34, 0x23, 0x2E, 
   0x01, 0x35, 0x34, 0x36, 0x3F, 0x01, 0x32, 0x35, 0x37, 0x36, 
   0x24, 0x33, 0x32, 0x04, 0x1F, 0x01, 0x14, 0x3B, 0x01, 0x32, 
   0x16, 0x15, 0x14, 0x06, 0x07, 0x22, 0x1D, 0x01, 0x14, 0x33, 
   0x36, 0x00, 0x35, 0x34, 0x27, 0x36, 0x3F, 0x01, 0x36, 0x35, 
   0x34, 0x2F, 0x01, 0x2E, 0x02, 0x35, 0x26, 0x3F, 0x01, 0x36, 
   0x2F, 0x01, 0x26, 0x23, 0x22, 0x0E, 0x02, 0x07, 0x26, 0x23, 
   0x22, 0x00, 0x07, 0x06, 0x02, 0x01, 0x14, 0x16, 0x17, 0x16, 
   0x36, 0x37, 0x13, 0x36, 0x26, 0x27, 0x26, 0x06, 0x07, 0x03, 
   0x14, 0x06, 0x01, 0x14, 0x16, 0x17, 0x16, 0x33, 0x32, 0x37, 
   0x13, 0x36, 0x26, 0x27, 0x26, 0x06, 0x07, 0x03, 0x14, 0x06, 
   0x01, 0x14, 0x17, 0x16, 0x33, 0x32, 0x37, 0x36, 0x37, 0x13, 
   0x36, 0x26, 0x27, 0x26, 0x06, 0x07, 0x03, 0x06, 0x13, 0x3E, 
   0x01, 0x17, 0x32, 0x17, 0x15, 0x06, 0x12, 0x17, 0x06, 0x07, 
   0x26, 0x2B, 0x01, 0x26, 0x01, 0x2A, 0xD6, 0x13, 0x13, 0x89, 
   0xC1, 0xB5, 0x86, 0x39, 0x15, 0x07, 0x11, 0x01, 0x04, 0xAF, 
   0xAE, 0x01, 0x06, 0x12, 0x08, 0x12, 0xAD, 0x8F, 0xD1, 0xC1, 
   0x89, 0x16, 0x16, 0xD5, 0x01, 0x28, 0x49, 0x81, 0x28, 0x0F, 
   0x02, 0x11, 0x3C, 0x5B, 0x82, 0x37, 0x03, 0x0C, 0x0F, 0x07, 
   0x16, 0x54, 0x48, 0x3F, 0x3C, 0x7C, 0x84, 0x7C, 0x2D, 0x84, 
   0x75, 0xE2, 0xFE, 0xA1, 0x32, 0xB1, 0xE6, 0x02, 0x51, 0x23, 
   0x23, 0x25, 0x3F, 0x0B, 0x99, 0x0A, 0x26, 0x25, 0x23, 0x41, 
   0x0B, 0x9A, 0x04, 0x01, 0x16, 0x21, 0x1F, 0x12, 0x08, 0x46, 
   0x11, 0xF0, 0x0A, 0x23, 0x24, 0x25, 0x43, 0x08, 0xF1, 0x03, 
   0x01, 0xBC, 0x43, 0x16, 0x0A, 0x12, 0x13, 0x21, 0x09, 0x99, 
   0x0A, 0x24, 0x24, 0x25, 0x42, 0x08, 0x99, 0x05, 0x7E, 0x33, 
   0xB1, 0x63, 0x13, 0x0A, 0x02, 0xA8, 0x98, 0x24, 0x30, 0x93, 
   0xC5, 0x21, 0x2C, 0x02, 0x10, 0xD5, 0xFE, 0xCD, 0x0A, 0x12, 
   0x8F, 0x12, 0x08, 0xCC, 0x8B, 0x85, 0xC5, 0x10, 0x04, 0x12, 
   0x3A, 0xAD, 0xEB, 0xEB, 0xAD, 0x3D, 0x13, 0xCD, 0x8D, 0x8B, 
   0xCC, 0x08, 0x12, 0x8F, 0x12, 0x07, 0x01, 0x35, 0xD6, 0x8D, 
   0x79, 0x75, 0xA2, 0x4D, 0x01, 0x06, 0x0C, 0x05, 0x13, 0x1A, 
   0x7D, 0x8A, 0x44, 0x24, 0x34, 0x41, 0x10, 0x0A, 0x1A, 0x10, 
   0x1C, 0x3B, 0x6F, 0x4B, 0x30, 0xFE, 0xE7, 0xDB, 0x29, 0xFE, 
   0xE0, 0xFC, 0x6E, 0x1B, 0x33, 0x0A, 0x0B, 0x1F, 0x2C, 0x02, 
   0x72, 0x28, 0x40, 0x07, 0x0B, 0x24, 0x24, 0xFD, 0x8B, 0x02, 
   0x10, 0xFE, 0xB3, 0x19, 0x30, 0x09, 0x04, 0x3F, 0x03, 0xB9, 
   0x27, 0x3D, 0x0B, 0x0B, 0x25, 0x23, 0xFC, 0x48, 0x02, 0x15, 
   0x01, 0x3A, 0x39, 0x16, 0x06, 0x08, 0x0D, 0x31, 0x02, 0x72, 
   0x26, 0x3E, 0x0B, 0x0B, 0x24, 0x24, 0xFD, 0x8B, 0x1C, 0x06, 
   0x41, 0x5D, 0x61, 0x02, 0x01, 0x20, 0x9B, 0xFE, 0xEC, 0x48, 
   0x49, 0x29, 0x79, 0xCB, 0x00, 0x00, 0x00, 0x08, 0x00, 0x00, 
   0xFD, 0x93, 0x09, 0x1B, 0x06, 0xE0, 0x00, 0x47, 0x00, 0x57, 
   0x00, 0x68, 0x00, 0x7B, 0x00, 0x8A, 0x00, 0x9D, 0x00, 0xB0, 
   0x00, 0xC0, 0x02, 0x37, 0x00, 0xB2, 0x03, 0x00, 0x00, 0x2B, 
   0xB0, 0x27, 0x33, 0xB0, 0x08, 0xCD, 0xB1, 0x22, 0x86, 0x32, 
   0x32, 0xB3, 0x27, 0x08, 0x03, 0x08, 0x2B, 0xB2, 0x02, 0x52, 
   0x97, 0x33, 0x33, 0x33, 0xB0, 0x91, 0xCD, 0xB0, 0x08, 0x10, 
   0xB0, 0x7F, 0xCD, 0xB0, 0x1C, 0x2F, 0xB0, 0xBF, 0xCD, 0xB0, 
   0x15, 0x2F, 0xB0, 0x42, 0xCD, 0xB0, 0xB4, 0x2F, 0xB0, 0x3B, 
   0xCD, 0x01, 0xB0, 0xC1, 0x2F, 0xB0, 0x00, 0xD6, 0xB0, 0x0B, 
   0xCD, 0xB0, 0x0B, 0x10, 0xB1, 0x55, 0x01, 0x2B, 0xB0, 0x4F, 
   0xCD, 0xB0, 0x48, 0x20, 0xD6, 0x11, 0xB0, 0x11, 0x33, 0xB0, 
   0x4E, 0xCD, 0xB0, 0x4F, 0x10, 0xB1, 0x8B, 0x01, 0x2B, 0xB0, 
   0x93, 0xCD, 0xB0, 0x93, 0x10, 0xB1, 0xB7, 0x01, 0x2B, 0xB0, 
   0x34, 0xCD, 0xB0, 0x34, 0x10, 0xB1, 0x1F, 0x01, 0x2B, 0xB0, 
   0x2A, 0xCD, 0xB1, 0xC2, 0x01, 0x2B, 0xB0, 0x36, 0x1A, 0xBA, 
   0x3D, 0x8A, 0xEE, 0x6B, 0x00, 0x15, 0x2B, 0x0A, 0x0E, 0xB0, 
   0x7A, 0x10, 0xB0, 0x89, 0xC0, 0xB1, 0x72, 0x03, 0xF9, 0xB0, 
   0x83, 0xC0, 0xBA, 0x3F, 0x9C, 0xF8, 0xEF, 0x00, 0x15, 0x2B, 
   0x0A, 0x0E, 0xB0, 0x7C, 0x10, 0xB1, 0x7A, 0x89, 0x08, 0xB0, 
   0x89, 0xC0, 0x0E, 0xB1, 0x82, 0x02, 0xF9, 0xB1, 0x72, 0x83, 
   0x08, 0xB0, 0x83, 0xC0, 0xBA, 0x3D, 0xD9, 0xEF, 0x8B, 0x00, 
   0x15, 0x2B, 0x0A, 0x04, 0xB0, 0x93, 0x2E, 0x0E, 0xB0, 0xA8, 
   0xC0, 0xB1, 0x9B, 0x03, 0xF9, 0xB0, 0xAE, 0xC0, 0xB0, 0x72, 
   0x10, 0xB3, 0x73, 0x72, 0x83, 0x13, 0x2B, 0xB0, 0x7A, 0x10, 
   0xB3, 0x79, 0x7A, 0x89, 0x13, 0x2B, 0xB1, 0x82, 0x83, 0x08, 
   0xB0, 0x72, 0x10, 0xB3, 0x82, 0x72, 0x83, 0x13, 0x2B, 0xBA, 
   0x3D, 0xBF, 0xEF, 0x29, 0x00, 0x15, 0x2B, 0x0B, 0xB0, 0x7A, 
   0x10, 0xB3, 0x8A, 0x7A, 0x89, 0x13, 0x2B, 0xB0, 0x93, 0x10, 
   0xB3, 0x94, 0x93, 0xA8, 0x13, 0x2B, 0xB0, 0x9B, 0x10, 0xB3, 
   0x9A, 0x9B, 0xAE, 0x13, 0x2B, 0xB0, 0x93, 0x10, 0xB3, 0xA7, 
   0x93, 0xA8, 0x13, 0x2B, 0xB0, 0x9B, 0x10, 0xB3, 0xAF, 0x9B, 
   0xAE, 0x13, 0x2B, 0xB2, 0x79, 0x7A, 0x89, 0x20, 0x8A, 0x20, 
   0x8A, 0x23, 0x06, 0x0E, 0x11, 0x12, 0x39, 0xB0, 0x8A, 0x39, 
   0xB2, 0x73, 0x72, 0x83, 0x11, 0x12, 0x39, 0xB2, 0x9A, 0x9B, 
   0xAE, 0x11, 0x12, 0x39, 0xB0, 0xAF, 0x39, 0xB2, 0x94, 0x93, 
   0xA8, 0x11, 0x12, 0x39, 0xB0, 0xA7, 0x39, 0x00, 0x40, 0x11, 
   0x72, 0x73, 0x79, 0x7A, 0x7C, 0x82, 0x83, 0x89, 0x8A, 0x93, 
   0x94, 0x9A, 0x9B, 0xA7, 0xA8, 0xAE, 0xAF, 0x2E, 0x2E, 0x2E, 
   0x2E, 0x2E, 0x2E, 0x2E, 0x2E, 0x2E, 0x2E, 0x2E, 0x2E, 0x2E, 
   0x2E, 0x2E, 0x2E, 0x2E, 0x01, 0x40, 0x10, 0x72, 0x73, 0x79, 
   0x7A, 0x7C, 0x82, 0x83, 0x89, 0x8A, 0x94, 0x9A, 0x9B, 0xA7, 
   0xA8, 0xAE, 0xAF, 0x2E, 0x2E, 0x2E, 0x2E, 0x2E, 0x2E, 0x2E, 
   0x2E, 0x2E, 0x2E, 0x2E, 0x2E, 0x2E, 0x2E, 0x2E, 0x2E, 0xB0, 
   0x40, 0x1A, 0x01, 0xB1, 0x48, 0x0B, 0x11, 0x12, 0xB1, 0x05, 
   0x45, 0x39, 0x39, 0xB0, 0x55, 0x11, 0xB1, 0x13, 0x12, 0x39, 
   0x39, 0xB1, 0x8B, 0x4F, 0x11, 0x12, 0xB5, 0x40, 0x42, 0x15, 
   0x50, 0x61, 0x69, 0x24, 0x17, 0x39, 0xB0, 0x93, 0x11, 0xB1, 
   0x9E, 0xB1, 0x39, 0x39, 0xB0, 0xB7, 0x12, 0xB7, 0x18, 0x1C, 
   0x22, 0x24, 0x25, 0x3B, 0xA3, 0xBF, 0x24, 0x17, 0x39, 0xB1, 
   0x1F, 0x34, 0x11, 0x12, 0xB1, 0x37, 0xBC, 0x39, 0x39, 0xB0, 
   0x2A, 0x11, 0xB1, 0x2C, 0xBA, 0x39, 0x39, 0x00, 0xB1, 0x7F, 
   0x91, 0x11, 0x12, 0xB2, 0x48, 0x8B, 0x80, 0x39, 0x39, 0x39, 
   0xB1, 0x08, 0x27, 0x11, 0x12, 0xB1, 0x53, 0x98, 0x39, 0x39, 
   0xB0, 0x1C, 0x11, 0x40, 0x09, 0x00, 0x0E, 0x2A, 0x2C, 0x5D, 
   0x64, 0x87, 0xA3, 0xAC, 0x24, 0x17, 0x39, 0xB0, 0xBF, 0x12, 
   0xB4, 0x12, 0x18, 0x45, 0xBA, 0xBC, 0x24, 0x17, 0x39, 0xB0, 
   0x15, 0x11, 0xB1, 0x13, 0x30, 0x39, 0x39, 0xB0, 0x42, 0x12, 
   0xB1, 0x40, 0xB1, 0x39, 0x39, 0xB0, 0xB4, 0x11, 0xB1, 0x34, 
   0xB7, 0x39, 0x39, 0xB0, 0x3B, 0x12, 0xB0, 0x37, 0x39, 0x30, 
   0x31, 0x11, 0x14, 0x00, 0x17, 0x32, 0x3D, 0x01, 0x34, 0x23, 
   0x2E, 0x01, 0x35, 0x34, 0x36, 0x3F, 0x01, 0x32, 0x35, 0x37, 
   0x36, 0x24, 0x33, 0x32, 0x04, 0x1F, 0x01, 0x14, 0x3B, 0x01, 
   0x32, 0x16, 0x15, 0x14, 0x06, 0x07, 0x22, 0x1D, 0x01, 0x14, 
   0x33, 0x36, 0x00, 0x35, 0x34, 0x27, 0x36, 0x37, 0x35, 0x37, 
   0x27, 0x2E, 0x01, 0x35, 0x34, 0x3F, 0x01, 0x2F, 0x01, 0x26, 
   0x23, 0x22, 0x0E, 0x02, 0x07, 0x26, 0x23, 0x22, 0x00, 0x07, 
   0x06, 0x02, 0x01, 0x14, 0x16, 0x17, 0x16, 0x36, 0x3F, 0x01, 
   0x36, 0x26, 0x27, 0x26, 0x06, 0x0F, 0x01, 0x06, 0x13, 0x14, 
   0x17, 0x16, 0x17, 0x16, 0x36, 0x3F, 0x01, 0x36, 0x26, 0x27, 
   0x26, 0x06, 0x0F, 0x01, 0x06, 0x13, 0x14, 0x16, 0x17, 0x16, 
   0x33, 0x32, 0x37, 0x36, 0x3F, 0x01, 0x36, 0x26, 0x27, 0x26, 
   0x06, 0x0F, 0x01, 0x06, 0x13, 0x14, 0x16, 0x17, 0x16, 0x36, 
   0x3F, 0x01, 0x36, 0x26, 0x27, 0x26, 0x06, 0x0F, 0x01, 0x05, 
   0x14, 0x17, 0x16, 0x33, 0x32, 0x37, 0x36, 0x3F, 0x01, 0x36, 
   0x26, 0x27, 0x26, 0x06, 0x0F, 0x01, 0x14, 0x06, 0x13, 0x14, 
   0x16, 0x17, 0x16, 0x33, 0x32, 0x37, 0x36, 0x3F, 0x01, 0x36, 
   0x26, 0x27, 0x26, 0x06, 0x0F, 0x01, 0x06, 0x13, 0x3E, 0x01, 
   0x3B, 0x01, 0x06, 0x15, 0x14, 0x12, 0x17, 0x06, 0x07, 0x26, 
   0x2B, 0x01, 0x26, 0x01, 0x29, 0xD6, 0x12, 0x12, 0x8B, 0xBE, 
   0xB4, 0x86, 0x38, 0x15, 0x08, 0x11, 0x01, 0x02, 0xAF, 0xAE, 
   0x01, 0x04, 0x12, 0x08, 0x13, 0xAC, 0x90, 0xCE, 0xBE, 0x8B, 
   0x15, 0x15, 0xD5, 0x01, 0x27, 0x45, 0x82, 0x27, 0x14, 0x51, 
   0x82, 0x90, 0x09, 0x15, 0x5B, 0x0E, 0x4B, 0x3A, 0x3C, 0x7C, 
   0x85, 0x7B, 0x2D, 0x77, 0x85, 0xE2, 0xFE, 0xA5, 0x2F, 0xB4, 
   0xE7, 0x02, 0x40, 0x20, 0x20, 0x23, 0x42, 0x0B, 0x1E, 0x0B, 
   0x25, 0x24, 0x25, 0x41, 0x0C, 0x19, 0x05, 0x8A, 0x0B, 0x0C, 
   0x2D, 0x27, 0x3E, 0x0C, 0x1E, 0x0B, 0x25, 0x24, 0x27, 0x40, 
   0x0B, 0x1D, 0x06, 0x86, 0x21, 0x20, 0x11, 0x07, 0x0E, 0x1A, 
   0x20, 0x0E, 0x20, 0x0B, 0x25, 0x24, 0x27, 0x41, 0x0B, 0x1B, 
   0x03, 0x8E, 0x20, 0x21, 0x24, 0x40, 0x0B, 0x1D, 0x0B, 0x23, 
   0x23, 0x27, 0x43, 0x0B, 0x1A, 0x01, 0x28, 0x44, 0x0E, 0x0C, 
   0x18, 0x0F, 0x22, 0x0D, 0x1D, 0x0A, 0x25, 0x26, 0x25, 0x3F, 
   0x0B, 0x1D, 0x04, 0x94, 0x21, 0x21, 0x17, 0x02, 0x0E, 0x1A, 
   0x21, 0x0E, 0x1E, 0x0A, 0x26, 0x26, 0x23, 0x40, 0x0B, 0x1C, 
   0x04, 0x04, 0x33, 0xB5, 0x67, 0x16, 0x01, 0xA7, 0x94, 0x23, 
   0x30, 0x95, 0xC6, 0x22, 0x28, 0x02, 0x0F, 0xD5, 0xFE, 0xCE, 
   0x0A, 0x12, 0x92, 0x13, 0x0B, 0xC7, 0x88, 0x84, 0xC4, 0x10, 
   0x08, 0x12, 0x37, 0xAD, 0xE9, 0xE8, 0xAE, 0x3E, 0x13, 0xCA, 
   0x8E, 0x88, 0xC7, 0x0B, 0x13, 0x92, 0x12, 0x07, 0x01, 0x34, 
   0xD6, 0x8B, 0x78, 0x75, 0xA2, 0x0E, 0x54, 0x16, 0x27, 0xD3, 
   0x6F, 0x2A, 0x29, 0x55, 0x1B, 0x04, 0x0F, 0x1C, 0x3C, 0x6F, 
   0x4C, 0x34, 0xFE, 0xE8, 0xDA, 0x29, 0xFE, 0xE2, 0xFC, 0x75, 
   0x18, 0x2F, 0x0C, 0x0C, 0x23, 0x25, 0x71, 0x21, 0x42, 0x0B, 
   0x0A, 0x26, 0x26, 0x6A, 0x19, 0x01, 0xF6, 0x12, 0x14, 0x1C, 
   0x0D, 0x0A, 0x21, 0x27, 0x6E, 0x25, 0x3F, 0x0A, 0x0A, 0x23, 
   0x26, 0x6C, 0x16, 0xFC, 0xB0, 0x1B, 0x33, 0x0A, 0x05, 0x0B, 
   0x0D, 0x2E, 0x70, 0x22, 0x42, 0x0B, 0x0A, 0x25, 0x26, 0x6C, 
   0x0D, 0x01, 0xEF, 0x18, 0x2F, 0x0C, 0x0B, 0x22, 0x27, 0x6F, 
   0x22, 0x41, 0x0B, 0x0A, 0x26, 0x26, 0x6B, 0xD7, 0x3C, 0x14, 
   0x03, 0x07, 0x0D, 0x30, 0x6D, 0x28, 0x3F, 0x08, 0x0B, 0x25, 
   0x24, 0x6F, 0x04, 0x17, 0x01, 0xFD, 0x19, 0x30, 0x0A, 0x05, 
   0x0B, 0x0D, 0x2E, 0x6F, 0x23, 0x40, 0x0B, 0x0B, 0x25, 0x25, 
   0x71, 0x12, 0x04, 0x33, 0x5A, 0x64, 0x0E, 0x1A, 0x98, 0xFE, 
   0xEE, 0x48, 0x45, 0x30, 0x81, 0xBD, 0x00, 0x09, 0x00, 0x00, 
   0xFD, 0xAA, 0x09, 0x1B, 0x06, 0xE3, 0x00, 0x4D, 0x00, 0x59, 
   0x00, 0x63, 0x00, 0x70, 0x00, 0x7D, 0x00, 0x8A, 0x00, 0x94, 
   0x00, 0x9E, 0x00, 0xAE, 0x01, 0x2C, 0x00, 0xB2, 0x6E, 0x00, 
   0x00, 0x2B, 0xB0, 0x68, 0xCD, 0xB2, 0x03, 0x00, 0x00, 0x2B, 
   0xB2, 0x26, 0x51, 0x8D, 0x33, 0x33, 0x33, 0xB0, 0x08, 0xCD, 
   0xB2, 0x21, 0x57, 0x92, 0x32, 0x32, 0x32, 0xB0, 0x82, 0x2F, 
   0xB0, 0x88, 0xCD, 0xB0, 0x5D, 0x2F, 0xB0, 0x97, 0x33, 0xB0, 
   0x62, 0xCD, 0xB0, 0x9C, 0x32, 0xB0, 0x75, 0x2F, 0xB1, 0x09, 
   0x20, 0x33, 0x33, 0xB0, 0x7B, 0xCD, 0xB0, 0x1B, 0x2F, 0xB0, 
   0x0E, 0x33, 0xB0, 0xAD, 0xCD, 0xB0, 0x14, 0x2F, 0xB0, 0x48, 
   0xCD, 0xB0, 0xA2, 0x2F, 0xB0, 0x41, 0xCD, 0x01, 0xB0, 0xAF, 
   0x2F, 0xB0, 0x00, 0xD6, 0xB0, 0x0B, 0xCD, 0xB0, 0x0B, 0x10, 
   0xB1, 0x4E, 0x01, 0x2B, 0xB0, 0x5A, 0x32, 0xB0, 0x54, 0xCD, 
   0xB0, 0x5F, 0x32, 0xB0, 0x54, 0x10, 0xB1, 0x7E, 0x01, 0x2B, 
   0xB1, 0x64, 0x71, 0x32, 0x32, 0xB0, 0x85, 0xCD, 0xB1, 0x6B, 
   0x78, 0x32, 0x32, 0xB0, 0x85, 0x10, 0xB1, 0x95, 0x01, 0x2B, 
   0xB0, 0x8B, 0x32, 0xB0, 0x9A, 0xCD, 0xB0, 0x90, 0x32, 0xB0, 
   0x9A, 0x10, 0xB1, 0xA5, 0x01, 0x2B, 0xB0, 0x39, 0xCD, 0xB0, 
   0x39, 0x10, 0xB1, 0x1E, 0x01, 0x2B, 0xB0, 0x2A, 0xCD, 0xB1, 
   0xB0, 0x01, 0x2B, 0xB1, 0x4E, 0x0B, 0x11, 0x12, 0xB2, 0x05, 
   0x12, 0x4B, 0x39, 0x39, 0x39, 0xB1, 0x85, 0x7E, 0x11, 0x12, 
   0xB1, 0x48, 0x14, 0x39, 0x39, 0xB0, 0x95, 0x11, 0xB0, 0x46, 
   0x39, 0xB0, 0x9A, 0x12, 0xB2, 0x17, 0x1A, 0x9F, 0x39, 0x39, 
   0x39, 0xB0, 0xA5, 0x11, 0xB5, 0x21, 0x23, 0x24, 0x41, 0x1B, 
   0xAD, 0x24, 0x17, 0x39, 0xB1, 0x1E, 0x39, 0x11, 0x12, 0xB1, 
   0x3D, 0xAA, 0x39, 0x39, 0xB0, 0x2A, 0x11, 0xB2, 0x2C, 0x35, 
   0xA8, 0x39, 0x39, 0x39, 0x00, 0xB1, 0x1B, 0x7B, 0x11, 0x12, 
   0xB5, 0x0A, 0x00, 0x0D, 0x1E, 0x2A, 0x2C, 0x24, 0x17, 0x39, 
   0xB0, 0xAD, 0x11, 0xB4, 0x11, 0x17, 0x4B, 0xA8, 0xAA, 0x24, 
   0x17, 0x39, 0xB0, 0x14, 0x12, 0xB2, 0x12, 0x2F, 0x35, 0x39, 
   0x39, 0x39, 0xB0, 0x48, 0x11, 0xB2, 0x39, 0x46, 0x9F, 0x39, 
   0x39, 0x39, 0xB0, 0xA2, 0x12, 0xB0, 0xA4, 0x39, 0xB0, 0x41, 
   0x11, 0xB0, 0x3B, 0x39, 0x30, 0x31, 0x11, 0x14, 0x00, 0x17, 
   0x32, 0x3D, 0x01, 0x34, 0x23, 0x2E, 0x01, 0x10, 0x36, 0x3F, 
   0x01, 0x32, 0x35, 0x37, 0x36, 0x24, 0x33, 0x32, 0x04, 0x1F, 
   0x01, 0x14, 0x3B, 0x01, 0x32, 0x16, 0x15, 0x14, 0x06, 0x07, 
   0x22, 0x1D, 0x01, 0x14, 0x33, 0x3E, 0x02, 0x35, 0x34, 0x27, 
   0x36, 0x3F, 0x01, 0x36, 0x35, 0x34, 0x2F, 0x01, 0x2E, 0x03, 
   0x35, 0x34, 0x3F, 0x01, 0x36, 0x2F, 0x01, 0x26, 0x23, 0x22, 
   0x0E, 0x02, 0x07, 0x26, 0x23, 0x22, 0x00, 0x07, 0x06, 0x02, 
   0x01, 0x14, 0x16, 0x33, 0x32, 0x36, 0x35, 0x34, 0x26, 0x23, 
   0x22, 0x06, 0x11, 0x14, 0x16, 0x33, 0x32, 0x36, 0x34, 0x26, 
   0x22, 0x06, 0x25, 0x14, 0x17, 0x16, 0x33, 0x32, 0x36, 0x35, 
   0x34, 0x26, 0x23, 0x22, 0x06, 0x11, 0x14, 0x17, 0x16, 0x33, 
   0x32, 0x36, 0x35, 0x34, 0x26, 0x23, 0x22, 0x06, 0x11, 0x14, 
   0x17, 0x16, 0x33, 0x32, 0x36, 0x35, 0x34, 0x26, 0x23, 0x22, 
   0x06, 0x01, 0x14, 0x16, 0x32, 0x36, 0x35, 0x34, 0x26, 0x22, 
   0x06, 0x11, 0x14, 0x16, 0x32, 0x36, 0x35, 0x34, 0x26, 0x22, 
   0x06, 0x13, 0x3E, 0x01, 0x37, 0x32, 0x17, 0x15, 0x14, 0x12, 
   0x17, 0x06, 0x07, 0x26, 0x2B, 0x01, 0x26, 0x01, 0x2A, 0xD6, 
   0x13, 0x13, 0x88, 0xC2, 0xB5, 0x86, 0x39, 0x15, 0x07, 0x11, 
   0x01, 0x03, 0xB0, 0xAE, 0x01, 0x06, 0x12, 0x08, 0x12, 0xAD, 
   0x91, 0xCF, 0xC2, 0x88, 0x16, 0x16, 0x8C, 0xEA, 0x87, 0x45, 
   0x76, 0x2C, 0x12, 0x02, 0x11, 0x41, 0x46, 0x6D, 0x3F, 0x1F, 
   0x0B, 0x0C, 0x04, 0x13, 0x55, 0x46, 0x3F, 0x3B, 0x7A, 0x82, 
   0x7A, 0x2D, 0x81, 0x7D, 0xE2, 0xFE, 0xA1, 0x32, 0xB4, 0xE3, 
   0x02, 0xA9, 0x33, 0x25, 0x26, 0x33, 0x33, 0x26, 0x25, 0x33, 
   0x34, 0x24, 0x26, 0x33, 0x33, 0x4C, 0x32, 0x01, 0x56, 0x1A, 
   0x1A, 0x24, 0x26, 0x36, 0x36, 0x26, 0x23, 0x35, 0x1A, 0x1A, 
   0x24, 0x27, 0x35, 0x36, 0x26, 0x24, 0x34, 0x1A, 0x1B, 0x23, 
   0x26, 0x36, 0x36, 0x26, 0x23, 0x35, 0x01, 0x59, 0x35, 0x4A, 
   0x33, 0x33, 0x4A, 0x35, 0x34, 0x4C, 0x32, 0x32, 0x4C, 0x34, 
   0x49, 0x32, 0xB1, 0x5E, 0x18, 0x0B, 0xA7, 0x94, 0x19, 0x38, 
   0x8E, 0xCA, 0x21, 0x2C, 0x02, 0x0D, 0xD4, 0xFE, 0xCC, 0x07, 
   0x12, 0x8F, 0x12, 0x07, 0xCD, 0x01, 0x10, 0xC6, 0x0B, 0x08, 
   0x12, 0x37, 0xAF, 0xEC, 0xEB, 0xAD, 0x3D, 0x13, 0xCE, 0x8F, 
   0x88, 0xCD, 0x07, 0x12, 0x8F, 0x12, 0x04, 0x90, 0xF0, 0x8B, 
   0x92, 0x77, 0x6A, 0xA9, 0x4D, 0x02, 0x06, 0x0C, 0x05, 0x12, 
   0x15, 0x50, 0x63, 0x67, 0x32, 0x2B, 0x31, 0x42, 0x0F, 0x09, 
   0x1A, 0x11, 0x1C, 0x3C, 0x6F, 0x4B, 0x35, 0xFE, 0xE7, 0xDB, 
   0x2D, 0xFE, 0xE2, 0xFD, 0x92, 0x26, 0x35, 0x35, 0x26, 0x24, 
   0x34, 0x34, 0xFE, 0x58, 0x24, 0x34, 0x32, 0x4C, 0x32, 0x32, 
   0x8F, 0x27, 0x18, 0x1A, 0x34, 0x25, 0x26, 0x37, 0x37, 0x01, 
   0x5E, 0x26, 0x18, 0x1A, 0x32, 0x26, 0x25, 0x35, 0x35, 0xFC, 
   0xCF, 0x23, 0x1A, 0x1B, 0x33, 0x25, 0x26, 0x37, 0x37, 0x02, 
   0x31, 0x26, 0x35, 0x35, 0x26, 0x24, 0x34, 0x34, 0xFE, 0x58, 
   0x24, 0x34, 0x33, 0x25, 0x26, 0x32, 0x32, 0x06, 0x78, 0x57, 
   0x5F, 0x02, 0x02, 0x21, 0x9B, 0xFE, 0xED, 0x48, 0x3A, 0x38, 
   0x7E, 0xC5, 0x00, 0x00, 0x00, 0x05, 0x00, 0x00, 0xFF, 0x11, 
   0x09, 0x13, 0x06, 0xE2, 0x00, 0x4D, 0x00, 0x5B, 0x00, 0x6D, 
   0x00, 0x79, 0x00, 0x89, 0x01, 0x02, 0x00, 0xB2, 0x03, 0x00, 
   0x00, 0x2B, 0xB0, 0x27, 0x33, 0xB0, 0x08, 0xCD, 0xB0, 0x22, 
   0x32, 0xB0, 0x1C, 0x2F, 0xB0, 0x0F, 0x33, 0xB0, 0x88, 0xCD, 
   0xB0, 0x15, 0x2F, 0xB0, 0x48, 0xCD, 0xB0, 0x7D, 0x2F, 0xB0, 
   0x41, 0xCD, 0x01, 0xB0, 0x8A, 0x2F, 0xB0, 0x00, 0xD6, 0xB0, 
   0x0B, 0xCD, 0xB0, 0x0B, 0x10, 0xB1, 0x4E, 0x01, 0x2B, 0xB0, 
   0x53, 0xCD, 0xB0, 0x53, 0x10, 0xB1, 0x5C, 0x01, 0x2B, 0xB0, 
   0x62, 0xCD, 0xB3, 0x74, 0x62, 0x5C, 0x08, 0x2B, 0xB0, 0x6E, 
   0xCD, 0xB0, 0x6E, 0x2F, 0xB0, 0x74, 0xCD, 0xB0, 0x62, 0x10, 
   0xB1, 0x80, 0x01, 0x2B, 0xB0, 0x39, 0xCD, 0xB0, 0x39, 0x10, 
   0xB1, 0x1F, 0x01, 0x2B, 0xB0, 0x2B, 0xCD, 0xB1, 0x8B, 0x01, 
   0x2B, 0xB1, 0x4E, 0x0B, 0x11, 0x12, 0xB2, 0x05, 0x13, 0x4B, 
   0x39, 0x39, 0x39, 0xB1, 0x6E, 0x5C, 0x11, 0x12, 0xB1, 0x48, 
   0x15, 0x39, 0x39, 0xB0, 0x74, 0x11, 0xB3, 0x46, 0x66, 0x68, 
   0x5F, 0x24, 0x17, 0x39, 0xB0, 0x62, 0x12, 0xB0, 0x7A, 0x39, 
   0xB0, 0x80, 0x11, 0xB7, 0x18, 0x1C, 0x22, 0x24, 0x25, 0x41, 
   0x7D, 0x88, 0x24, 0x17, 0x39, 0xB1, 0x1F, 0x39, 0x11, 0x12, 
   0xB1, 0x3D, 0x85, 0x39, 0x39, 0xB0, 0x2B, 0x11, 0xB2, 0x2D, 
   0x36, 0x83, 0x39, 0x39, 0x39, 0x00, 0xB1, 0x08, 0x03, 0x11, 
   0x12, 0xB2, 0x02, 0x5C, 0x62, 0x39, 0x39, 0x39, 0xB0, 0x1C, 
   0x11, 0x40, 0x0B, 0x00, 0x0E, 0x2B, 0x2D, 0x50, 0x58, 0x66, 
   0x68, 0x6E, 0x71, 0x74, 0x24, 0x17, 0x39, 0xB0, 0x88, 0x12, 
   0xB5, 0x12, 0x18, 0x4B, 0x76, 0x83, 0x85, 0x24, 0x17, 0x39, 
   0xB0, 0x15, 0x11, 0xB2, 0x13, 0x30, 0x36, 0x39, 0x39, 0x39, 
   0xB0, 0x48, 0x12, 0xB2, 0x39, 0x46, 0x7A, 0x39, 0x39, 0x39, 
   0xB0, 0x7D, 0x11, 0xB0, 0x7F, 0x39, 0xB0, 0x41, 0x12, 0xB0, 
   0x3B, 0x39, 0x30, 0x31, 0x11, 0x14, 0x00, 0x17, 0x32, 0x3D, 
   0x01, 0x34, 0x23, 0x2E, 0x01, 0x35, 0x34, 0x36, 0x3F, 0x01, 
   0x32, 0x35, 0x37, 0x36, 0x24, 0x33, 0x32, 0x04, 0x1F, 0x01, 
   0x14, 0x3B, 0x01, 0x32, 0x16, 0x15, 0x14, 0x06, 0x07, 0x22, 
   0x1D, 0x01, 0x14, 0x33, 0x3E, 0x02, 0x35, 0x34, 0x27, 0x36, 
   0x3F, 0x01, 0x36, 0x35, 0x34, 0x2F, 0x01, 0x2E, 0x02, 0x35, 
   0x34, 0x3F, 0x01, 0x36, 0x2F, 0x01, 0x26, 0x23, 0x22, 0x0E, 
   0x02, 0x07, 0x26, 0x23, 0x22, 0x00, 0x07, 0x06, 0x02, 0x01, 
   0x14, 0x16, 0x32, 0x36, 0x35, 0x34, 0x26, 0x27, 0x26, 0x27, 
   0x07, 0x0E, 0x01, 0x01, 0x14, 0x16, 0x33, 0x32, 0x36, 0x35, 
   0x34, 0x27, 0x26, 0x27, 0x26, 0x27, 0x07, 0x06, 0x07, 0x0E, 
   0x01, 0x13, 0x14, 0x16, 0x33, 0x32, 0x36, 0x35, 0x34, 0x27, 
   0x07, 0x0E, 0x01, 0x01, 0x3E, 0x01, 0x33, 0x32, 0x17, 0x15, 
   0x14, 0x12, 0x17, 0x06, 0x07, 0x26, 0x2B, 0x01, 0x26, 0x01, 
   0x29, 0xD6, 0x13, 0x13, 0x89, 0xC0, 0xB4, 0x86, 0x38, 0x15, 
   0x08, 0x11, 0x01, 0x03, 0xAF, 0xAE, 0x01, 0x06, 0x12, 0x07, 
   0x13, 0xAD, 0x8E, 0xCF, 0xC0, 0x89, 0x14, 0x14, 0x8C, 0xEB, 
   0x87, 0x49, 0x7D, 0x27, 0x0F, 0x02, 0x11, 0x3D, 0x5B, 0x82, 
   0x37, 0x0C, 0x0E, 0x04, 0x12, 0x55, 0x48, 0x3F, 0x3A, 0x7A, 
   0x83, 0x7C, 0x2D, 0x82, 0x77, 0xE2, 0xFE, 0xA2, 0x32, 0xB1, 
   0xE5, 0x02, 0x79, 0x59, 0x80, 0x56, 0x4A, 0x20, 0x11, 0x1B, 
   0x25, 0x2B, 0x49, 0x01, 0x3F, 0x92, 0x67, 0x69, 0x91, 0x55, 
   0x47, 0x42, 0x0D, 0x0F, 0x19, 0x3F, 0x49, 0x26, 0x32, 0x9D, 
   0x3D, 0x2C, 0x29, 0x3A, 0x63, 0x1B, 0x1D, 0x31, 0x01, 0x46, 
   0x38, 0xAE, 0x60, 0x13, 0x0A, 0xA8, 0x95, 0x19, 0x37, 0x94, 
   0xC2, 0x23, 0x31, 0x02, 0x11, 0xD5, 0xFE, 0xCE, 0x0B, 0x13, 
   0x8E, 0x13, 0x07, 0xCC, 0x8B, 0x85, 0xC4, 0x10, 0x04, 0x13, 
   0x3A, 0xAD, 0xE9, 0xEA, 0xAC, 0x3D, 0x14, 0xCD, 0x8C, 0x8B, 
   0xCC, 0x07, 0x13, 0x8E, 0x13, 0x05, 0x90, 0xF1, 0x8C, 0x8B, 
   0x7A, 0x77, 0x9C, 0x4E, 0x01, 0x06, 0x0C, 0x05, 0x12, 0x1A, 
   0x7B, 0x88, 0x45, 0x2E, 0x2D, 0x41, 0x10, 0x09, 0x1A, 0x10, 
   0x1C, 0x3A, 0x6E, 0x49, 0x31, 0xFE, 0xE7, 0xDA, 0x2A, 0xFE, 
   0xE1, 0xFE, 0xE9, 0x3D, 0x56, 0x55, 0x3E, 0x29, 0x88, 0x25, 
   0x13, 0x1B, 0x2C, 0x2F, 0x7F, 0xFE, 0x2D, 0x69, 0x90, 0x92, 
   0x67, 0x58, 0x7D, 0x5D, 0x42, 0x09, 0x0F, 0x18, 0x3A, 0x64, 
   0x35, 0x74, 0x02, 0x9A, 0x29, 0x3A, 0x3A, 0x29, 0x44, 0x69, 
   0x1D, 0x20, 0x55, 0x02, 0x87, 0x5B, 0x5D, 0x02, 0x20, 0x9A, 
   0xFE, 0xEC, 0x48, 0x3C, 0x32, 0x7A, 0xD2, 0x00, 0x00, 0x00, 
   0x00, 0x06, 0x00, 0x00, 0xFD, 0x8D, 0x09, 0x18, 0x06, 0xE1, 
   0x00, 0x59, 0x00, 0x6B, 0x00, 0x7B, 0x00, 0x8D, 0x00, 0x9D, 
   0x00, 0xB3, 0x01, 0x9A, 0x00, 0xB2, 0x34, 0x00, 0x00, 0x2B, 
   0xB0, 0x0D, 0x33, 0xB0, 0x2F, 0xCD, 0xB0, 0xA2, 0x2F, 0xB0, 
   0xAD, 0xCD, 0xB0, 0x11, 0x32, 0xB0, 0x29, 0x2F, 0xB0, 0x9C, 
   0xCD, 0xB0, 0x22, 0x2F, 0xB0, 0x54, 0xCD, 0xB0, 0x91, 0x2F, 
   0xB0, 0x4D, 0xCD, 0x01, 0xB0, 0xB4, 0x2F, 0xB0, 0x00, 0xD6, 
   0xB0, 0x18, 0xCD, 0xB0, 0x18, 0x10, 0xB1, 0x6C, 0x01, 0x2B, 
   0xB0, 0x72, 0xCD, 0xB0, 0x72, 0x10, 0xB1, 0x9E, 0x01, 0x2B, 
   0xB0, 0xA7, 0xCD, 0xB3, 0x83, 0xA7, 0x9E, 0x08, 0x2B, 0xB0, 
   0x7C, 0xCD, 0xB0, 0x7C, 0x2F, 0xB0, 0x83, 0xCD, 0xB0, 0x26, 
   0x32, 0xB0, 0xA7, 0x10, 0xB1, 0x93, 0x01, 0x2B, 0xB0, 0x45, 
   0xCD, 0xB0, 0x45, 0x10, 0xB1, 0x2C, 0x01, 0x2B, 0xB0, 0x37, 
   0xCD, 0xB1, 0xB5, 0x01, 0x2B, 0xB0, 0x36, 0x1A, 0xBA, 0x3D, 
   0xD2, 0xEF, 0x71, 0x00, 0x15, 0x2B, 0x0A, 0x0E, 0xB0, 0x6B, 
   0x10, 0xB0, 0x79, 0xC0, 0xB1, 0x63, 0x01, 0xF9, 0xB0, 0x73, 
   0xC0, 0xB3, 0x64, 0x63, 0x73, 0x13, 0x2B, 0xB0, 0x6B, 0x10, 
   0xB3, 0x6A, 0x6B, 0x79, 0x13, 0x2B, 0x04, 0xB0, 0x63, 0x10, 
   0xB3, 0x72, 0x63, 0x73, 0x13, 0x2B, 0xBA, 0x3D, 0xB5, 0xEF, 
   0x06, 0x00, 0x15, 0x2B, 0x0B, 0xB0, 0x6B, 0x10, 0xB3, 0x7A, 
   0x6B, 0x79, 0x13, 0x2B, 0xB2, 0x6A, 0x6B, 0x79, 0x20, 0x8A, 
   0x20, 0x8A, 0x23, 0x06, 0x0E, 0x11, 0x12, 0x39, 0xB0, 0x7A, 
   0x39, 0xB2, 0x64, 0x63, 0x73, 0x11, 0x12, 0x39, 0x00, 0xB7, 
   0x63, 0x64, 0x6A, 0x6B, 0x72, 0x73, 0x79, 0x7A, 0x2E, 0x2E, 
   0x2E, 0x2E, 0x2E, 0x2E, 0x2E, 0x2E, 0x01, 0xB6, 0x63, 0x64, 
   0x6A, 0x6B, 0x73, 0x79, 0x7A, 0x2E, 0x2E, 0x2E, 0x2E, 0x2E, 
   0x2E, 0x2E, 0xB0, 0x40, 0x1A, 0x01, 0xB1, 0x6C, 0x18, 0x11, 
   0x12, 0xB5, 0x03, 0x10, 0x20, 0x57, 0x5A, 0x5F, 0x24, 0x17, 
   0x39, 0xB0, 0x72, 0x11, 0xB1, 0x54, 0x22, 0x39, 0x39, 0xB0, 
   0x7C, 0x12, 0xB0, 0x52, 0x39, 0xB0, 0x9E, 0x11, 0xB2, 0x81, 
   0x8B, 0x8E, 0x39, 0x39, 0x39, 0xB0, 0x83, 0x12, 0xB1, 0x25, 
   0xB0, 0x39, 0x39, 0xB0, 0xA7, 0x11, 0xB4, 0x28, 0x85, 0x9C, 
   0xA2, 0xAA, 0x24, 0x17, 0x39, 0xB0, 0x93, 0x12, 0xB3, 0x29, 
   0x31, 0x32, 0x2F, 0x24, 0x17, 0x39, 0xB1, 0x2C, 0x45, 0x11, 
   0x12, 0xB1, 0x49, 0x99, 0x39, 0x39, 0xB0, 0x37, 0x11, 0xB2, 
   0x39, 0x42, 0x97, 0x39, 0x39, 0x39, 0x00, 0xB1, 0x2F, 0x34, 
   0x11, 0x12, 0xB2, 0x03, 0x35, 0x88, 0x39, 0x39, 0x39, 0xB0, 
   0xA2, 0x11, 0xB2, 0x2E, 0x15, 0x77, 0x39, 0x39, 0x39, 0xB1, 
   0x29, 0xAD, 0x11, 0x12, 0xB5, 0x18, 0x1B, 0x00, 0x2C, 0x37, 
   0x39, 0x24, 0x17, 0x39, 0xB0, 0x9C, 0x11, 0xB4, 0x1F, 0x25, 
   0x57, 0x97, 0x99, 0x24, 0x17, 0x39, 0xB0, 0x22, 0x12, 0xB2, 
   0x20, 0x3E, 0x42, 0x39, 0x39, 0x39, 0xB0, 0x54, 0x11, 0xB1, 
   0x52, 0x8E, 0x39, 0x39, 0xB1, 0x4D, 0x91, 0x11, 0x12, 0xB0, 
   0x47, 0x39, 0x30, 0x31, 0x11, 0x14, 0x12, 0x17, 0x07, 0x06, 
   0x3B, 0x01, 0x03, 0x33, 0x01, 0x36, 0x26, 0x2B, 0x01, 0x01, 
   0x36, 0x23, 0x21, 0x22, 0x07, 0x03, 0x2E, 0x01, 0x35, 0x34, 
   0x36, 0x3F, 0x01, 0x32, 0x35, 0x37, 0x36, 0x24, 0x33, 0x32, 
   0x04, 0x1F, 0x01, 0x14, 0x3B, 0x01, 0x32, 0x16, 0x15, 0x14, 
   0x06, 0x07, 0x22, 0x1D, 0x01, 0x14, 0x33, 0x36, 0x00, 0x35, 
   0x34, 0x27, 0x36, 0x3F, 0x01, 0x36, 0x35, 0x34, 0x2F, 0x01, 
   0x2E, 0x02, 0x37, 0x34, 0x3F, 0x01, 0x36, 0x2F, 0x01, 0x26, 
   0x23, 0x26, 0x0E, 0x02, 0x07, 0x26, 0x23, 0x22, 0x00, 0x07, 
   0x06, 0x02, 0x01, 0x14, 0x16, 0x17, 0x16, 0x33, 0x32, 0x37, 
   0x36, 0x3F, 0x01, 0x36, 0x26, 0x27, 0x26, 0x06, 0x0F, 0x01, 
   0x13, 0x14, 0x17, 0x16, 0x33, 0x32, 0x3F, 0x01, 0x36, 0x26, 
   0x27, 0x26, 0x06, 0x0F, 0x01, 0x06, 0x05, 0x1E, 0x01, 0x17, 
   0x16, 0x33, 0x32, 0x3F, 0x01, 0x36, 0x26, 0x27, 0x26, 0x06, 
   0x0F, 0x01, 0x14, 0x06, 0x13, 0x3E, 0x01, 0x3B, 0x01, 0x15, 
   0x14, 0x1E, 0x01, 0x17, 0x06, 0x07, 0x26, 0x2B, 0x01, 0x26, 
   0x03, 0x14, 0x17, 0x16, 0x33, 0x32, 0x3F, 0x01, 0x36, 0x35, 
   0x36, 0x26, 0x27, 0x22, 0x26, 0x23, 0x22, 0x06, 0x0F, 0x01, 
   0x14, 0x06, 0xD4, 0xA9, 0x45, 0x07, 0x16, 0xE2, 0x8A, 0x1E, 
   0x01, 0xC3, 0x06, 0x08, 0x0B, 0xE8, 0x01, 0x08, 0x0B, 0x19, 
   0xFE, 0xC4, 0x0E, 0x0A, 0x72, 0x72, 0x97, 0xB5, 0x86, 0x38, 
   0x15, 0x08, 0x11, 0x01, 0x03, 0xAF, 0xAE, 0x01, 0x06, 0x12, 
   0x08, 0x12, 0xAD, 0x91, 0xCE, 0xC0, 0x8B, 0x14, 0x14, 0xD5, 
   0x01, 0x29, 0x46, 0x7A, 0x27, 0x14, 0x01, 0x10, 0x42, 0x5C, 
   0x80, 0x35, 0x01, 0x0B, 0x0C, 0x04, 0x13, 0x55, 0x4B, 0x39, 
   0x3B, 0x7B, 0x82, 0x79, 0x2D, 0x88, 0x76, 0xE2, 0xFE, 0xA2, 
   0x32, 0xB1, 0xE6, 0x03, 0x68, 0x21, 0x20, 0x19, 0x04, 0x0F, 
   0x18, 0x21, 0x0C, 0x1E, 0x0A, 0x25, 0x26, 0x23, 0x41, 0x0B, 
   0x1D, 0x8C, 0x41, 0x16, 0x07, 0x3C, 0x16, 0x20, 0x0A, 0x26, 
   0x26, 0x24, 0x41, 0x0B, 0x1B, 0x03, 0x01, 0x2B, 0x02, 0x22, 
   0x22, 0x1A, 0x09, 0x37, 0x15, 0x1A, 0x0B, 0x23, 0x24, 0x28, 
   0x41, 0x07, 0x1F, 0x04, 0x7E, 0x35, 0xB4, 0x62, 0x17, 0x48, 
   0x91, 0x63, 0x1B, 0x36, 0x92, 0xC5, 0x23, 0x2D, 0x91, 0x45, 
   0x16, 0x0A, 0x3A, 0x15, 0x1E, 0x01, 0x02, 0x22, 0x23, 0x02, 
   0x11, 0x05, 0x1A, 0x32, 0x0A, 0x1F, 0x03, 0x02, 0x11, 0xB1, 
   0xFE, 0xE9, 0x33, 0xB5, 0x16, 0xFE, 0x42, 0x02, 0x58, 0x07, 
   0x0F, 0x01, 0xEF, 0x17, 0x10, 0xFE, 0xCD, 0x1D, 0xBF, 0x77, 
   0x85, 0xC4, 0x10, 0x08, 0x13, 0x36, 0xAD, 0xEA, 0xEB, 0xAC, 
   0x3D, 0x14, 0xCB, 0x8E, 0x88, 0xC8, 0x0A, 0x14, 0x91, 0x13, 
   0x07, 0x01, 0x35, 0xD6, 0x8B, 0x7A, 0x76, 0xA2, 0x49, 0x01, 
   0x06, 0x0D, 0x04, 0x12, 0x1B, 0x7D, 0x87, 0x43, 0x2C, 0x2F, 
   0x41, 0x10, 0x09, 0x1A, 0x0F, 0x01, 0x1B, 0x3B, 0x6D, 0x4A, 
   0x31, 0xFE, 0xE7, 0xDA, 0x2A, 0xFE, 0xE1, 0xFB, 0x2B, 0x19, 
   0x32, 0x0A, 0x05, 0x0B, 0x10, 0x28, 0x70, 0x23, 0x41, 0x0B, 
   0x0A, 0x26, 0x26, 0x6B, 0x01, 0xE0, 0x45, 0x0B, 0x05, 0x43, 
   0x6D, 0x23, 0x41, 0x0B, 0x0B, 0x25, 0x26, 0x6C, 0x0E, 0xC2, 
   0x1B, 0x31, 0x0C, 0x06, 0x48, 0x6D, 0x25, 0x42, 0x0B, 0x0A, 
   0x26, 0x26, 0x6E, 0x04, 0x11, 0x06, 0x31, 0x59, 0x61, 0x22, 
   0x66, 0xC0, 0xA2, 0x30, 0x3C, 0x32, 0x7D, 0xC9, 0xFC, 0x53, 
   0x45, 0x13, 0x04, 0x45, 0x6F, 0x08, 0x0F, 0x1B, 0x33, 0x0A, 
   0x03, 0x21, 0x22, 0x6D, 0x01, 0x14, 0x00, 0x04, 0x00, 0x00, 
   0xFD, 0xA6, 0x09, 0x1A, 0x06, 0xE9, 0x00, 0x5A, 0x00, 0x6B, 
   0x00, 0x7D, 0x00, 0x8D, 0x01, 0x0A, 0x00, 0xB2, 0x34, 0x00, 
   0x00, 0x2B, 0xB0, 0x0D, 0x33, 0xB0, 0x2F, 0xCD, 0xB0, 0x29, 
   0x2F, 0xB0, 0x8C, 0xCD, 0xB0, 0x22, 0x2F, 0xB0, 0x55, 0xCD, 
   0xB0, 0x81, 0x2F, 0xB0, 0x4E, 0xCD, 0x01, 0xB0, 0x8E, 0x2F, 
   0xB0, 0x00, 0xD6, 0xB0, 0x18, 0xCD, 0xB0, 0x18, 0x10, 0xB1, 
   0x84, 0x01, 0x2B, 0xB0, 0x46, 0xCD, 0xB0, 0x46, 0x10, 0xB1, 
   0x2C, 0x01, 0x2B, 0xB0, 0x38, 0xCD, 0xB1, 0x8F, 0x01, 0x2B, 
   0xB0, 0x36, 0x1A, 0xBA, 0x3E, 0x40, 0xF1, 0x22, 0x00, 0x15, 
   0x2B, 0x0A, 0x0E, 0xB0, 0x6A, 0x10, 0xB0, 0x69, 0xC0, 0xB1, 
   0x62, 0x06, 0xF9, 0xB0, 0x63, 0xC0, 0xBA, 0x3D, 0xF2, 0xEF, 
   0xE9, 0x00, 0x15, 0x2B, 0x0A, 0xB0, 0x7C, 0x10, 0xB0, 0x7B, 
   0xC0, 0xB1, 0x74, 0x01, 0xF9, 0xB0, 0x75, 0xC0, 0x00, 0xB7, 
   0x62, 0x63, 0x69, 0x6A, 0x74, 0x75, 0x7B, 0x7C, 0x2E, 0x2E, 
   0x2E, 0x2E, 0x2E, 0x2E, 0x2E, 0x2E, 0x01, 0xB7, 0x62, 0x63, 
   0x69, 0x6A, 0x74, 0x75, 0x7B, 0x7C, 0x2E, 0x2E, 0x2E, 0x2E, 
   0x2E, 0x2E, 0x2E, 0x2E, 0xB0, 0x40, 0x1A, 0x01, 0xB1, 0x84, 
   0x18, 0x11, 0x12, 0x40, 0x0C, 0x03, 0x10, 0x29, 0x2F, 0x31, 
   0x32, 0x4E, 0x58, 0x5B, 0x6C, 0x7E, 0x8C, 0x24, 0x17, 0x39, 
   0xB1, 0x2C, 0x46, 0x11, 0x12, 0xB1, 0x4A, 0x89, 0x39, 0x39, 
   0xB0, 0x38, 0x11, 0xB2, 0x3A, 0x43, 0x87, 0x39, 0x39, 0x39, 
   0x00, 0xB1, 0x2F, 0x34, 0x11, 0x12, 0xB1, 0x03, 0x35, 0x39, 
   0x39, 0xB0, 0x29, 0x11, 0xB7, 0x11, 0x00, 0x1B, 0x15, 0x38, 
   0x3A, 0x67, 0x79, 0x24, 0x17, 0x39, 0xB0, 0x8C, 0x12, 0xB4, 
   0x1F, 0x25, 0x58, 0x87, 0x89, 0x24, 0x17, 0x39, 0xB0, 0x22, 
   0x11, 0xB2, 0x20, 0x3D, 0x43, 0x39, 0x39, 0x39, 0xB0, 0x55, 
   0x12, 0xB1, 0x53, 0x7E, 0x39, 0x39, 0xB0, 0x81, 0x11, 0xB1, 
   0x46, 0x83, 0x39, 0x39, 0xB0, 0x4E, 0x12, 0xB0, 0x48, 0x39, 
   0x30, 0x31, 0x11, 0x14, 0x12, 0x17, 0x07, 0x06, 0x3B, 0x01, 
   0x03, 0x33, 0x01, 0x36, 0x26, 0x2B, 0x01, 0x01, 0x36, 0x23, 
   0x21, 0x22, 0x07, 0x03, 0x2E, 0x01, 0x35, 0x34, 0x36, 0x3F, 
   0x01, 0x32, 0x35, 0x37, 0x36, 0x24, 0x33, 0x32, 0x04, 0x1F, 
   0x01, 0x14, 0x3B, 0x01, 0x32, 0x16, 0x15, 0x14, 0x06, 0x07, 
   0x22, 0x1D, 0x01, 0x14, 0x33, 0x3E, 0x02, 0x35, 0x34, 0x27, 
   0x36, 0x3F, 0x01, 0x36, 0x35, 0x34, 0x2F, 0x01, 0x2E, 0x02, 
   0x35, 0x34, 0x3F, 0x01, 0x36, 0x27, 0x2E, 0x01, 0x23, 0x22, 
   0x0E, 0x02, 0x07, 0x26, 0x23, 0x22, 0x00, 0x07, 0x06, 0x02, 
   0x01, 0x14, 0x16, 0x17, 0x16, 0x33, 0x32, 0x37, 0x13, 0x36, 
   0x26, 0x27, 0x26, 0x06, 0x07, 0x03, 0x06, 0x01, 0x14, 0x16, 
   0x17, 0x32, 0x16, 0x33, 0x32, 0x37, 0x13, 0x36, 0x26, 0x27, 
   0x26, 0x06, 0x07, 0x03, 0x06, 0x13, 0x3E, 0x01, 0x33, 0x32, 
   0x17, 0x15, 0x14, 0x12, 0x17, 0x06, 0x07, 0x26, 0x2B, 0x01, 
   0x26, 0xD4, 0xA9, 0x46, 0x04, 0x14, 0xE2, 0x68, 0x1F, 0x01, 
   0xA1, 0x06, 0x09, 0x0B, 0xE8, 0x01, 0x08, 0x0B, 0x19, 0xFE, 
   0xC4, 0x0E, 0x0A, 0x72, 0x73, 0x96, 0xB5, 0x86, 0x38, 0x15, 
   0x08, 0x11, 0x01, 0x03, 0xAF, 0xAD, 0x01, 0x07, 0x13, 0x07, 
   0x13, 0xAD, 0x91, 0xCE, 0xC0, 0x8B, 0x14, 0x14, 0x8C, 0xEB, 
   0x87, 0x46, 0x7F, 0x27, 0x0F, 0x02, 0x11, 0x3C, 0x5B, 0x82, 
   0x37, 0x09, 0x0F, 0x07, 0x16, 0x22, 0x7D, 0x3C, 0x3A, 0x7A, 
   0x83, 0x7C, 0x2D, 0x84, 0x7A, 0xE2, 0xFE, 0xA2, 0x32, 0xB1, 
   0xE6, 0x03, 0x60, 0x1F, 0x20, 0x11, 0x0F, 0x41, 0x10, 0xF7, 
   0x0A, 0x23, 0x24, 0x25, 0x41, 0x0A, 0xF7, 0x03, 0x01, 0xBD, 
   0x1F, 0x22, 0x05, 0x17, 0x06, 0x3D, 0x10, 0xA0, 0x0A, 0x24, 
   0x24, 0x25, 0x40, 0x0A, 0xA0, 0x03, 0x84, 0x35, 0xB1, 0x63, 
   0x14, 0x09, 0xA7, 0x94, 0x1D, 0x37, 0x93, 0xC4, 0x22, 0x2D, 
   0x02, 0x13, 0xB2, 0xFE, 0xE9, 0x33, 0xB4, 0x16, 0xFE, 0x8A, 
   0x02, 0x0F, 0x08, 0x0F, 0x01, 0xEE, 0x17, 0x0F, 0xFE, 0xCD, 
   0x1D, 0xBF, 0x77, 0x85, 0xC5, 0x10, 0x08, 0x12, 0x37, 0xAD, 
   0xEA, 0xEB, 0xAC, 0x3F, 0x12, 0xCB, 0x8F, 0x88, 0xC8, 0x0B, 
   0x12, 0x93, 0x13, 0x05, 0x90, 0xF1, 0x8D, 0x8B, 0x7A, 0x79, 
   0x9F, 0x4D, 0x02, 0x06, 0x0B, 0x05, 0x13, 0x1A, 0x7B, 0x8C, 
   0x47, 0x2A, 0x2B, 0x41, 0x10, 0x09, 0x0E, 0x1C, 0x1C, 0x3B, 
   0x6F, 0x4B, 0x30, 0xFE, 0xE8, 0xDA, 0x2A, 0xFE, 0xE0, 0xFB, 
   0x2F, 0x1A, 0x2F, 0x09, 0x03, 0x43, 0x03, 0xAA, 0x26, 0x3F, 
   0x0A, 0x0B, 0x23, 0x23, 0xFC, 0x51, 0x0E, 0x01, 0x33, 0x1A, 
   0x2E, 0x0A, 0x03, 0x43, 0x02, 0x68, 0x27, 0x3E, 0x0A, 0x0B, 
   0x22, 0x24, 0xFD, 0x93, 0x10, 0x06, 0x2C, 0x5B, 0x60, 0x01, 
   0x22, 0x9A, 0xFE, 0xEE, 0x49, 0x43, 0x2F, 0x7E, 0xC7, 0x00, 
   0x00, 0x02, 0x00, 0x00, 0x00, 0x1D, 0x05, 0xE5, 0x06, 0x07, 
   0x00, 0x18, 0x00, 0x29, 0x00, 0x18, 0x00, 0xB0, 0x14, 0x2F, 
   0xB0, 0x1E, 0xCD, 0x01, 0xB0, 0x2A, 0x2F, 0xB0, 0x00, 0xD6, 
   0xB0, 0x19, 0xCD, 0xB1, 0x2B, 0x01, 0x2B, 0x00, 0x30, 0x31, 
   0x11, 0x34, 0x12, 0x36, 0x24, 0x3B, 0x01, 0x16, 0x15, 0x17, 
   0x16, 0x00, 0x1F, 0x01, 0x32, 0x1D, 0x01, 0x16, 0x02, 0x04, 
   0x23, 0x22, 0x24, 0x26, 0x02, 0x37, 0x14, 0x1E, 0x02, 0x33, 
   0x32, 0x3E, 0x02, 0x37, 0x24, 0x00, 0x27, 0x0E, 0x01, 0x02, 
   0x78, 0xCB, 0x01, 0x19, 0x99, 0x7A, 0x19, 0x05, 0x06, 0x01, 
   0x18, 0xC8, 0x58, 0x1A, 0x01, 0xC9, 0xFE, 0xA5, 0xCD, 0x9C, 
   0xFE, 0xE7, 0xC9, 0x77, 0xC3, 0x61, 0x9D, 0xCB, 0x69, 0x5D, 
   0xBD, 0xA2, 0x75, 0x11, 0xFE, 0xFB, 0xFE, 0xC5, 0x18, 0x97, 
   0xFB, 0x8A, 0x03, 0x12, 0x99, 0x01, 0x18, 0xCB, 0x79, 0x07, 
   0x17, 0x5E, 0xCB, 0xFE, 0xE2, 0x08, 0x07, 0x19, 0x68, 0xCD, 
   0xFE, 0xA3, 0xCB, 0x78, 0xCB, 0x01, 0x18, 0x9A, 0x7A, 0xD8, 
   0x92, 0x55, 0x49, 0x83, 0xCC, 0x79, 0x36, 0x01, 0x53, 0xE5, 
   0x08, 0xAA, 0xFE, 0xFB, 0x00, 0x04, 0x00, 0x00, 0xFE, 0x7E, 
   0x09, 0xF5, 0x06, 0x7B, 0x00, 0x1E, 0x00, 0x3B, 0x00, 0x77, 
   0x00, 0x83, 0x00, 0xF9, 0x00, 0xB2, 0x04, 0x00, 0x00, 0x2B, 
   0xB0, 0x5D, 0x33, 0xB0, 0x1C, 0xCD, 0xB0, 0x57, 0x32, 0xB0, 
   0x15, 0x2F, 0xB0, 0x0B, 0xCD, 0xB0, 0x23, 0x2F, 0xB0, 0x39, 
   0xCD, 0xB0, 0x51, 0x2F, 0xB0, 0x82, 0xCD, 0xB3, 0x29, 0x82, 
   0x51, 0x08, 0x2B, 0xB0, 0x33, 0xCD, 0xB0, 0x4B, 0x2F, 0xB0, 
   0x6F, 0xCD, 0xB3, 0x7A, 0x6F, 0x4B, 0x08, 0x2B, 0xB0, 0x6D, 
   0x33, 0xB0, 0x6B, 0xCD, 0x01, 0xB0, 0x84, 0x2F, 0xB0, 0x08, 
   0xD6, 0xB0, 0x18, 0xCD, 0xB0, 0x18, 0x10, 0xB1, 0x36, 0x01, 
   0x2B, 0xB0, 0x27, 0xCD, 0xB0, 0x27, 0x10, 0xB1, 0x7D, 0x01, 
   0x2B, 0xB0, 0x66, 0xCD, 0xB0, 0x54, 0x20, 0xD6, 0x11, 0xB0, 
   0x62, 0xCD, 0xB1, 0x85, 0x01, 0x2B, 0xB1, 0x18, 0x08, 0x11, 
   0x12, 0xB1, 0x47, 0x49, 0x39, 0x39, 0xB0, 0x36, 0x11, 0xB7, 
   0x29, 0x2D, 0x38, 0x4A, 0x58, 0x5A, 0x5B, 0x6F, 0x24, 0x17, 
   0x39, 0xB0, 0x27, 0x12, 0xB0, 0x4B, 0x39, 0xB0, 0x54, 0x11, 
   0xB6, 0x4D, 0x57, 0x6B, 0x6D, 0x78, 0x7A, 0x82, 0x24, 0x17, 
   0x39, 0xB0, 0x7D, 0x12, 0xB0, 0x7F, 0x39, 0xB0, 0x62, 0x11, 
   0xB0, 0x64, 0x39, 0x00, 0xB1, 0x0B, 0x15, 0x11, 0x12, 0xB0, 
   0x12, 0x39, 0xB0, 0x04, 0x11, 0xB2, 0x0F, 0x11, 0x18, 0x39, 
   0x39, 0x39, 0xB1, 0x39, 0x23, 0x11, 0x12, 0xB0, 0x26, 0x39, 
   0xB0, 0x33, 0x11, 0xB5, 0x2F, 0x3E, 0x41, 0x54, 0x62, 0x75, 
   0x24, 0x17, 0x39, 0xB0, 0x51, 0x12, 0xB4, 0x27, 0x2D, 0x42, 
   0x44, 0x64, 0x24, 0x17, 0x39, 0xB0, 0x29, 0x11, 0xB1, 0x45, 
   0x4E, 0x39, 0x39, 0xB0, 0x82, 0x12, 0xB4, 0x47, 0x48, 0x4D, 
   0x72, 0x7F, 0x24, 0x17, 0x39, 0xB0, 0x4B, 0x11, 0xB2, 0x49, 
   0x66, 0x7D, 0x39, 0x39, 0x39, 0xB0, 0x7A, 0x12, 0xB0, 0x78, 
   0x39, 0x30, 0x31, 0x35, 0x14, 0x17, 0x16, 0x33, 0x21, 0x32, 
   0x16, 0x15, 0x14, 0x06, 0x23, 0x22, 0x27, 0x26, 0x23, 0x22, 
   0x06, 0x14, 0x17, 0x16, 0x33, 0x32, 0x36, 0x35, 0x34, 0x26, 
   0x23, 0x21, 0x22, 0x06, 0x11, 0x14, 0x17, 0x16, 0x33, 0x21, 
   0x32, 0x36, 0x34, 0x26, 0x23, 0x22, 0x07, 0x06, 0x15, 0x14, 
   0x16, 0x32, 0x37, 0x36, 0x33, 0x32, 0x16, 0x14, 0x06, 0x23, 
   0x21, 0x22, 0x06, 0x25, 0x14, 0x3B, 0x01, 0x32, 0x37, 0x3E, 
   0x01, 0x3F, 0x01, 0x32, 0x35, 0x37, 0x36, 0x24, 0x20, 0x04, 
   0x1F, 0x01, 0x14, 0x3B, 0x01, 0x32, 0x16, 0x15, 0x14, 0x06, 
   0x23, 0x21, 0x22, 0x1D, 0x01, 0x14, 0x33, 0x21, 0x32, 0x3E, 
   0x01, 0x35, 0x34, 0x27, 0x36, 0x35, 0x34, 0x2E, 0x02, 0x23, 
   0x22, 0x07, 0x26, 0x23, 0x22, 0x00, 0x07, 0x0E, 0x01, 0x07, 
   0x15, 0x06, 0x01, 0x36, 0x33, 0x32, 0x16, 0x15, 0x14, 0x07, 
   0x26, 0x2B, 0x01, 0x26, 0x1D, 0x1D, 0x24, 0x02, 0x73, 0x2A, 
   0x3F, 0x40, 0x29, 0x28, 0x20, 0x1E, 0x24, 0x25, 0x34, 0x1A, 
   0x53, 0x76, 0x77, 0xA6, 0xA7, 0x76, 0xFD, 0x8D, 0x26, 0x38, 
   0x1D, 0x18, 0x29, 0x04, 0x94, 0x76, 0xA7, 0xA7, 0x76, 0x7A, 
   0x50, 0x18, 0x30, 0x50, 0x19, 0x1E, 0x2B, 0x29, 0x3E, 0x3E, 
   0x29, 0xFB, 0x6C, 0x26, 0x38, 0x01, 0x1B, 0x12, 0x99, 0x0D, 
   0x0A, 0x24, 0x97, 0x5E, 0x38, 0x14, 0x07, 0x11, 0x01, 0x04, 
   0x01, 0x5E, 0x01, 0x02, 0x13, 0x07, 0x13, 0xAE, 0x90, 0xCC, 
   0xCC, 0x90, 0xFD, 0x1F, 0x12, 0x12, 0x02, 0xE1, 0x8F, 0xF3, 
   0x8D, 0x2D, 0x7A, 0x59, 0x96, 0xCF, 0x71, 0xF7, 0xA7, 0x7D, 
   0x9E, 0xE2, 0xFE, 0xA5, 0x2F, 0x88, 0xD2, 0x29, 0x03, 0x05, 
   0xA3, 0x73, 0x95, 0x9C, 0xDF, 0x36, 0x99, 0xD9, 0x23, 0x25, 
   0x5D, 0x26, 0x1A, 0x1D, 0x3C, 0x2B, 0x29, 0x3F, 0x20, 0x1C, 
   0x36, 0x4C, 0x1A, 0x53, 0xA5, 0x76, 0x77, 0xA8, 0x36, 0x01, 
   0x1C, 0x24, 0x1A, 0x1A, 0xA6, 0xEC, 0xA5, 0x50, 0x1B, 0x28, 
   0x26, 0x31, 0x18, 0x1E, 0x3C, 0x56, 0x3E, 0x36, 0xD5, 0x0D, 
   0x0F, 0x57, 0x72, 0x07, 0x07, 0x14, 0x35, 0xAD, 0xE9, 0xE7, 
   0xAF, 0x3D, 0x13, 0xCA, 0x8E, 0x8F, 0xCB, 0x13, 0x92, 0x13, 
   0x8E, 0xF4, 0x90, 0x77, 0x61, 0xA0, 0xC3, 0x72, 0xCF, 0x95, 
   0x58, 0xB9, 0x41, 0xFE, 0xE9, 0xDA, 0x20, 0xC6, 0x86, 0x04, 
   0x08, 0x02, 0xC1, 0x6D, 0xE0, 0x9B, 0x61, 0x64, 0x99, 0xAB, 
   0x00, 0x00, 0x00, 0x05, 0x00, 0x00, 0xFE, 0xB9, 0x0A, 0x79, 
   0x06, 0x77, 0x00, 0x0D, 0x00, 0x1B, 0x00, 0x55, 0x00, 0x62, 
   0x00, 0x6E, 0x00, 0x83, 0x00, 0xB2, 0x04, 0x00, 0x00, 0x2B, 
   0xB0, 0x3D, 0x33, 0xB0, 0x0B, 0xCD, 0xB0, 0x37, 0x32, 0xB0, 
   0x5A, 0x2F, 0xB0, 0x61, 0xCD, 0xB0, 0x12, 0x2F, 0xB0, 0x19, 
   0xCD, 0xB0, 0x31, 0x2F, 0xB0, 0x6D, 0xCD, 0xB0, 0x2B, 0x2F, 
   0xB0, 0x4E, 0xCD, 0xB3, 0x65, 0x4E, 0x2B, 0x08, 0x2B, 0xB0, 
   0x4C, 0x33, 0xB0, 0x4A, 0xCD, 0x01, 0xB0, 0x6F, 0x2F, 0xB0, 
   0x68, 0xD6, 0xB0, 0x46, 0xCD, 0xB0, 0x34, 0x20, 0xD6, 0x11, 
   0xB0, 0x42, 0xCD, 0xB1, 0x70, 0x01, 0x2B, 0xB1, 0x68, 0x34, 
   0x11, 0x12, 0xB0, 0x6A, 0x39, 0xB0, 0x42, 0x11, 0xB0, 0x44, 
   0x39, 0x00, 0xB1, 0x31, 0x19, 0x11, 0x12, 0xB4, 0x1E, 0x24, 
   0x34, 0x42, 0x44, 0x24, 0x17, 0x39, 0xB0, 0x6D, 0x11, 0xB3, 
   0x28, 0x2D, 0x52, 0x6A, 0x24, 0x17, 0x39, 0xB0, 0x2B, 0x12, 
   0xB2, 0x29, 0x46, 0x68, 0x39, 0x39, 0x39, 0xB0, 0x65, 0x11, 
   0xB0, 0x63, 0x39, 0x30, 0x31, 0x35, 0x14, 0x17, 0x16, 0x33, 
   0x21, 0x32, 0x36, 0x34, 0x26, 0x23, 0x21, 0x22, 0x06, 0x01, 
   0x14, 0x17, 0x16, 0x33, 0x21, 0x32, 0x36, 0x34, 0x26, 0x23, 
   0x21, 0x22, 0x06, 0x37, 0x14, 0x3B, 0x01, 0x32, 0x37, 0x3E, 
   0x01, 0x3F, 0x01, 0x32, 0x35, 0x37, 0x36, 0x24, 0x20, 0x04, 
   0x1F, 0x01, 0x14, 0x3B, 0x01, 0x32, 0x16, 0x15, 0x14, 0x06, 
   0x23, 0x21, 0x22, 0x1D, 0x01, 0x14, 0x33, 0x21, 0x32, 0x3E, 
   0x01, 0x35, 0x34, 0x27, 0x36, 0x35, 0x34, 0x02, 0x24, 0x23, 
   0x22, 0x07, 0x26, 0x23, 0x22, 0x04, 0x06, 0x07, 0x0E, 0x01, 
   0x07, 0x12, 0x14, 0x17, 0x16, 0x33, 0x21, 0x32, 0x36, 0x34, 
   0x26, 0x23, 0x21, 0x22, 0x01, 0x36, 0x33, 0x32, 0x16, 0x15, 
   0x14, 0x07, 0x26, 0x2B, 0x01, 0x26, 0x1D, 0x1B, 0x26, 0x03, 
   0xFA, 0x25, 0x33, 0x33, 0x25, 0xFC, 0x06, 0x26, 0x38, 0x01, 
   0x19, 0x1D, 0x1A, 0x26, 0x03, 0xFB, 0x26, 0x32, 0x33, 0x25, 
   0xFC, 0x05, 0x26, 0x37, 0x7A, 0x15, 0x98, 0x0E, 0x0A, 0x24, 
   0x98, 0x5D, 0x3A, 0x13, 0x08, 0x11, 0x01, 0x04, 0x01, 0x60, 
   0x01, 0x04, 0x12, 0x08, 0x12, 0xAD, 0x92, 0xCD, 0xCD, 0x92, 
   0xFD, 0x1F, 0x12, 0x12, 0x02, 0xE1, 0x91, 0xF5, 0x8F, 0x2F, 
   0x7B, 0x97, 0xFE, 0xFE, 0x99, 0xF4, 0xA6, 0x88, 0x9A, 0x95, 
   0xFE, 0xF9, 0xB3, 0x1F, 0x8C, 0xD1, 0x29, 0x3E, 0x1C, 0x1A, 
   0x26, 0x03, 0xFC, 0x26, 0x35, 0x36, 0x25, 0xFC, 0x04, 0x25, 
   0x05, 0x34, 0x6C, 0x9B, 0x9E, 0xDE, 0x34, 0x9D, 0xDA, 0x22, 
   0x27, 0x5B, 0x28, 0x18, 0x1C, 0x36, 0x4C, 0x36, 0x37, 0x01, 
   0x1E, 0x24, 0x1A, 0x1A, 0x32, 0x4C, 0x35, 0x36, 0xD4, 0x0C, 
   0x0F, 0x57, 0x72, 0x07, 0x08, 0x13, 0x36, 0xAD, 0xEA, 0xE8, 
   0xAF, 0x3D, 0x14, 0xCA, 0x8F, 0x8E, 0xCC, 0x12, 0x93, 0x13, 
   0x8E, 0xF4, 0x90, 0x71, 0x65, 0xA1, 0xBE, 0x98, 0x01, 0x03, 
   0x96, 0xB2, 0x41, 0x7E, 0xE4, 0x91, 0x20, 0xC1, 0x87, 0xFC, 
   0x8B, 0x4A, 0x19, 0x1A, 0x32, 0x4C, 0x36, 0x05, 0xEC, 0x68, 
   0xDD, 0x9E, 0x65, 0x58, 0x99, 0xAF, 0x00, 0x03, 0x00, 0x00, 
   0x00, 0x01, 0x08, 0xEA, 0x06, 0x75, 0x00, 0x1A, 0x00, 0x31, 
   0x00, 0x3D, 0x00, 0x8C, 0x00, 0xB2, 0x04, 0x00, 0x00, 0x2B, 
   0xB0, 0x2F, 0xCD, 0xB0, 0x28, 0x2F, 0xB0, 0x1E, 0x33, 0xB0, 
   0x3C, 0xCD, 0xB0, 0x23, 0x2F, 0xB0, 0x15, 0xCD, 0xB3, 0x34, 
   0x15, 0x23, 0x08, 0x2B, 0xB0, 0x13, 0x33, 0xB0, 0x11, 0xCD, 
   0x01, 0xB0, 0x3E, 0x2F, 0xB0, 0x00, 0xD6, 0xB0, 0x1B, 0xCD, 
   0xB0, 0x1B, 0x10, 0xB1, 0x37, 0x01, 0x2B, 0xB0, 0x0D, 0xCD, 
   0xB0, 0x0D, 0x10, 0xB0, 0x09, 0x20, 0xD6, 0x11, 0xB0, 0x2B, 
   0xCD, 0xB0, 0x2B, 0x2F, 0xB0, 0x09, 0xCD, 0xB1, 0x3F, 0x01, 
   0x2B, 0xB1, 0x2B, 0x1B, 0x11, 0x12, 0xB4, 0x11, 0x18, 0x32, 
   0x34, 0x3C, 0x24, 0x17, 0x39, 0xB0, 0x37, 0x11, 0xB0, 0x39, 
   0x39, 0xB0, 0x09, 0x12, 0xB0, 0x0B, 0x39, 0x00, 0xB1, 0x28, 
   0x2F, 0x11, 0x12, 0xB2, 0x09, 0x0B, 0x00, 0x39, 0x39, 0x39, 
   0xB0, 0x3C, 0x11, 0xB1, 0x18, 0x39, 0x39, 0x39, 0xB0, 0x23, 
   0x12, 0xB1, 0x0D, 0x37, 0x39, 0x39, 0xB0, 0x34, 0x11, 0xB0, 
   0x32, 0x39, 0x30, 0x31, 0x11, 0x14, 0x1E, 0x01, 0x33, 0x21, 
   0x32, 0x3E, 0x01, 0x35, 0x34, 0x27, 0x36, 0x35, 0x34, 0x02, 
   0x24, 0x23, 0x22, 0x07, 0x26, 0x23, 0x22, 0x00, 0x07, 0x06, 
   0x02, 0x17, 0x34, 0x36, 0x3F, 0x02, 0x36, 0x24, 0x33, 0x32, 
   0x04, 0x1F, 0x01, 0x33, 0x32, 0x16, 0x15, 0x14, 0x06, 0x23, 
   0x21, 0x22, 0x26, 0x01, 0x36, 0x33, 0x32, 0x16, 0x15, 0x14, 
   0x07, 0x26, 0x2B, 0x01, 0x26, 0x8C, 0xF2, 0x8F, 0x04, 0x81, 
   0x8F, 0xF3, 0x8E, 0x2D, 0x79, 0x94, 0xFE, 0xFF, 0x98, 0xEF, 
   0xAE, 0x7A, 0xA5, 0xE1, 0xFE, 0xA7, 0x31, 0xB3, 0xE3, 0xB6, 
   0xB2, 0x87, 0x49, 0x07, 0x16, 0x01, 0x00, 0xAC, 0xAF, 0x01, 
   0x04, 0x11, 0x0B, 0xBE, 0x8D, 0xCC, 0xCB, 0x8E, 0xFB, 0x7F, 
   0x8B, 0xCC, 0x05, 0x03, 0x6E, 0x96, 0x9E, 0xDD, 0x37, 0x99, 
   0xDA, 0x21, 0x2C, 0x02, 0x11, 0x8F, 0xF3, 0x8E, 0x8E, 0xF3, 
   0x8F, 0x66, 0x6F, 0x94, 0xCC, 0x98, 0x01, 0x01, 0x96, 0xBA, 
   0x45, 0xFE, 0xEA, 0xDA, 0x28, 0xFE, 0xE2, 0xB9, 0x85, 0xC2, 
   0x10, 0x03, 0x4D, 0xAD, 0xE9, 0xEA, 0xAC, 0x50, 0xCB, 0x8C, 
   0x90, 0xCE, 0xD0, 0x03, 0xD2, 0x6A, 0xDB, 0x9E, 0x63, 0x61, 
   0x99, 0xB2, 0x00, 0x00, 0x00, 0x08, 0x00, 0x00, 0xFD, 0xAA, 
   0x08, 0xF7, 0x06, 0x79, 0x00, 0x3C, 0x00, 0x49, 0x00, 0x58, 
   0x00, 0x68, 0x00, 0x7C, 0x00, 0x8E, 0x00, 0xA0, 0x00, 0xAC, 
   0x01, 0x3D, 0x00, 0xB2, 0x03, 0x00, 0x00, 0x2B, 0xB1, 0x27, 
   0x93, 0x33, 0x33, 0xB0, 0x08, 0xCD, 0xB0, 0x22, 0x32, 0xB0, 
   0x83, 0x2F, 0xB0, 0x8A, 0xCD, 0xB0, 0x45, 0x32, 0xB0, 0x1C, 
   0x2F, 0xB0, 0xAB, 0xCD, 0xB0, 0x15, 0x2F, 0xB0, 0x37, 0xCD, 
   0xB3, 0xA3, 0x37, 0x15, 0x08, 0x2B, 0xB0, 0x35, 0x33, 0xB0, 
   0x33, 0xCD, 0x01, 0xB0, 0xAD, 0x2F, 0xB0, 0x00, 0xD6, 0xB0, 
   0x0B, 0xCD, 0xB0, 0x0B, 0x10, 0xB1, 0x3D, 0x01, 0x2B, 0xB0, 
   0x11, 0x32, 0xB0, 0x42, 0xCD, 0xB0, 0x4A, 0x20, 0xD6, 0x11, 
   0xB0, 0x50, 0xCD, 0xB0, 0x42, 0x10, 0xB1, 0x59, 0x01, 0x2B, 
   0xB1, 0x7D, 0x01, 0x2B, 0xB0, 0x8F, 0x20, 0xD6, 0x11, 0xB0, 
   0x97, 0xCD, 0xB1, 0xA6, 0x01, 0x2B, 0xB0, 0x2F, 0xCD, 0xB0, 
   0x1F, 0x20, 0xD6, 0x11, 0xB0, 0x2B, 0xCD, 0xB1, 0xAE, 0x01, 
   0x2B, 0xB0, 0x36, 0x1A, 0xBA, 0x3D, 0xA7, 0xEE, 0xD2, 0x00, 
   0x15, 0x2B, 0x0A, 0x0E, 0xB0, 0x79, 0x10, 0xB0, 0x78, 0xC0, 
   0xB1, 0x71, 0x07, 0xF9, 0xB0, 0x72, 0xC0, 0x00, 0xB3, 0x71, 
   0x72, 0x78, 0x79, 0x2E, 0x2E, 0x2E, 0x2E, 0x01, 0xB3, 0x71, 
   0x72, 0x78, 0x79, 0x2E, 0x2E, 0x2E, 0x2E, 0xB0, 0x40, 0x1A, 
   0x01, 0xB1, 0x3D, 0x0B, 0x11, 0x12, 0xB2, 0x05, 0x3A, 0x49, 
   0x39, 0x39, 0x39, 0xB0, 0x4A, 0x11, 0xB0, 0x13, 0x39, 0xB1, 
   0x7D, 0x59, 0x11, 0x12, 0xB4, 0x37, 0x15, 0x52, 0x63, 0x69, 
   0x24, 0x17, 0x39, 0xB0, 0x8F, 0x11, 0xB0, 0x35, 0x39, 0xB0, 
   0x97, 0x12, 0xB4, 0x18, 0x1B, 0x83, 0x88, 0xA1, 0x24, 0x17, 
   0x39, 0xB0, 0x1F, 0x11, 0xB6, 0x1C, 0x24, 0x25, 0x33, 0x99, 
   0xA3, 0xAB, 0x24, 0x17, 0x39, 0xB0, 0xA6, 0x12, 0xB0, 0xA8, 
   0x39, 0xB0, 0x2B, 0x11, 0xB0, 0x2D, 0x39, 0x00, 0xB1, 0x8A, 
   0x83, 0x11, 0x12, 0xB1, 0x69, 0x7D, 0x39, 0x39, 0xB0, 0x03, 
   0x11, 0xB2, 0x46, 0x4E, 0x8B, 0x39, 0x39, 0x39, 0xB0, 0x08, 
   0x12, 0xB1, 0x02, 0x8F, 0x39, 0x39, 0xB0, 0x1C, 0x11, 0xB6, 
   0x00, 0x0E, 0x2B, 0x2D, 0x55, 0x76, 0x9C, 0x24, 0x17, 0x39, 
   0xB0, 0xAB, 0x12, 0xB3, 0x12, 0x18, 0x3A, 0xA8, 0x24, 0x17, 
   0x39, 0xB0, 0x15, 0x11, 0xB2, 0x13, 0x2F, 0xA6, 0x39, 0x39, 
   0x39, 0xB0, 0xA3, 0x12, 0xB0, 0xA1, 0x39, 0x30, 0x31, 0x11, 
   0x14, 0x00, 0x17, 0x32, 0x3D, 0x01, 0x34, 0x23, 0x2E, 0x01, 
   0x35, 0x34, 0x36, 0x3F, 0x01, 0x32, 0x35, 0x37, 0x36, 0x24, 
   0x33, 0x32, 0x04, 0x1F, 0x01, 0x14, 0x3B, 0x01, 0x32, 0x16, 
   0x15, 0x14, 0x06, 0x07, 0x22, 0x1D, 0x01, 0x14, 0x33, 0x3E, 
   0x02, 0x35, 0x34, 0x27, 0x36, 0x35, 0x34, 0x02, 0x24, 0x23, 
   0x22, 0x07, 0x26, 0x23, 0x22, 0x00, 0x07, 0x06, 0x02, 0x01, 
   0x16, 0x17, 0x16, 0x36, 0x37, 0x36, 0x26, 0x27, 0x26, 0x06, 
   0x07, 0x06, 0x13, 0x14, 0x16, 0x17, 0x16, 0x36, 0x37, 0x13, 
   0x36, 0x26, 0x27, 0x26, 0x06, 0x07, 0x03, 0x13, 0x14, 0x17, 
   0x16, 0x17, 0x16, 0x33, 0x32, 0x37, 0x3E, 0x01, 0x2E, 0x01, 
   0x07, 0x0E, 0x01, 0x13, 0x14, 0x16, 0x17, 0x32, 0x16, 0x33, 
   0x36, 0x37, 0x13, 0x36, 0x26, 0x27, 0x26, 0x06, 0x07, 0x03, 
   0x14, 0x0E, 0x01, 0x25, 0x14, 0x17, 0x16, 0x17, 0x16, 0x33, 
   0x32, 0x37, 0x36, 0x37, 0x36, 0x26, 0x27, 0x26, 0x06, 0x07, 
   0x06, 0x37, 0x14, 0x17, 0x16, 0x33, 0x32, 0x37, 0x36, 0x37, 
   0x13, 0x36, 0x26, 0x27, 0x26, 0x06, 0x07, 0x03, 0x06, 0x13, 
   0x36, 0x33, 0x32, 0x16, 0x15, 0x14, 0x07, 0x26, 0x2B, 0x01, 
   0x26, 0x01, 0x29, 0xD6, 0x13, 0x13, 0x89, 0xC0, 0xB4, 0x86, 
   0x38, 0x15, 0x08, 0x11, 0x01, 0x03, 0xAF, 0xAE, 0x01, 0x06, 
   0x12, 0x07, 0x13, 0xAD, 0x91, 0xCC, 0xC0, 0x89, 0x14, 0x14, 
   0x8C, 0xEB, 0x87, 0x2E, 0x7E, 0x97, 0xFE, 0xFE, 0x97, 0xF9, 
   0xA5, 0x83, 0x9E, 0xE2, 0xFE, 0xA2, 0x32, 0xB0, 0xE6, 0x02, 
   0x3D, 0x0E, 0x23, 0x20, 0x45, 0x0D, 0x0E, 0x1A, 0x22, 0x20, 
   0x43, 0x10, 0x10, 0x51, 0x21, 0x21, 0x24, 0x42, 0x0D, 0x69, 
   0x0C, 0x28, 0x27, 0x23, 0x3F, 0x0B, 0x6B, 0xC4, 0x06, 0x0F, 
   0x22, 0x0D, 0x16, 0x0A, 0x16, 0x23, 0x1F, 0x20, 0x40, 0x22, 
   0x1F, 0x1B, 0x4F, 0x20, 0x23, 0x03, 0x12, 0x05, 0x45, 0x11, 
   0xBC, 0x0B, 0x23, 0x24, 0x25, 0x40, 0x0B, 0xC0, 0x02, 0x01, 
   0x01, 0x6F, 0x05, 0x0D, 0x24, 0x0F, 0x17, 0x13, 0x0C, 0x24, 
   0x0D, 0x0D, 0x19, 0x20, 0x23, 0x45, 0x10, 0x08, 0x4C, 0x42, 
   0x16, 0x0A, 0x13, 0x11, 0x1C, 0x0F, 0x69, 0x0C, 0x25, 0x24, 
   0x25, 0x3E, 0x0C, 0x69, 0x05, 0x6E, 0x6E, 0x9A, 0x9C, 0xDD, 
   0x37, 0x9D, 0xD7, 0x23, 0x31, 0x02, 0x11, 0xD5, 0xFE, 0xCE, 
   0x0B, 0x13, 0x8E, 0x13, 0x07, 0xCC, 0x8B, 0x85, 0xC4, 0x10, 
   0x08, 0x13, 0x36, 0xAD, 0xE9, 0xEA, 0xAC, 0x3E, 0x13, 0xCA, 
   0x8F, 0x8B, 0xCC, 0x07, 0x13, 0x8E, 0x13, 0x05, 0x90, 0xF1, 
   0x8C, 0x76, 0x60, 0x99, 0xC9, 0x97, 0x01, 0x02, 0x97, 0xB9, 
   0x46, 0xFE, 0xE7, 0xDA, 0x2A, 0xFE, 0xE1, 0xFC, 0x5F, 0x23, 
   0x0E, 0x10, 0x1B, 0x22, 0x23, 0x45, 0x10, 0x0D, 0x1C, 0x20, 
   0x1B, 0x01, 0x04, 0x19, 0x30, 0x09, 0x0B, 0x22, 0x2A, 0x01, 
   0x4C, 0x27, 0x40, 0x08, 0x0B, 0x23, 0x24, 0xFE, 0xAD, 0xFD, 
   0x8F, 0x0B, 0x14, 0x24, 0x0C, 0x08, 0x06, 0x0D, 0x47, 0x46, 
   0x1C, 0x0D, 0x0D, 0x33, 0x01, 0x05, 0x1C, 0x2E, 0x07, 0x04, 
   0x05, 0x3D, 0x02, 0x87, 0x27, 0x3D, 0x0B, 0x0B, 0x23, 0x24, 
   0xFD, 0x79, 0x04, 0x0D, 0x0B, 0x27, 0x10, 0x12, 0x22, 0x0D, 
   0x07, 0x06, 0x0E, 0x20, 0x23, 0x44, 0x11, 0x0D, 0x1C, 0x20, 
   0x11, 0xFB, 0x39, 0x17, 0x06, 0x09, 0x0E, 0x2D, 0x01, 0x4C, 
   0x25, 0x3F, 0x0B, 0x0B, 0x23, 0x24, 0xFE, 0xB2, 0x1C, 0x04, 
   0xFE, 0x6A, 0xDE, 0x9C, 0x63, 0x61, 0x9D, 0xB9, 0x00, 0x00, 
   0x00, 0x03, 0x00, 0x00, 0xFE, 0x4D, 0x08, 0xEE, 0x06, 0x76, 
   0x00, 0x3E, 0x00, 0x4F, 0x00, 0x5A, 0x00, 0xA3, 0x00, 0xB2, 
   0x05, 0x00, 0x00, 0x2B, 0xB0, 0x2A, 0x33, 0xB0, 0x0A, 0xCD, 
   0xB1, 0x25, 0x48, 0x32, 0x32, 0xB0, 0x1F, 0x2F, 0xB0, 0x11, 
   0x33, 0xB0, 0x59, 0xCD, 0xB0, 0x18, 0x2F, 0xB0, 0x39, 0xCD, 
   0xB3, 0x52, 0x39, 0x18, 0x08, 0x2B, 0xB0, 0x37, 0x33, 0xB0, 
   0x35, 0xCD, 0x01, 0xB0, 0x5B, 0x2F, 0xB0, 0x00, 0xD6, 0xB0, 
   0x0D, 0xCD, 0xB0, 0x0D, 0x10, 0xB1, 0x54, 0x01, 0x2B, 0xB0, 
   0x31, 0xCD, 0xB0, 0x22, 0x20, 0xD6, 0x11, 0xB0, 0x2D, 0xCD, 
   0xB1, 0x5C, 0x01, 0x2B, 0xB1, 0x22, 0x0D, 0x11, 0x12, 0x40, 
   0x0A, 0x07, 0x27, 0x28, 0x35, 0x3C, 0x40, 0x4B, 0x50, 0x52, 
   0x59, 0x24, 0x17, 0x39, 0xB0, 0x54, 0x11, 0xB0, 0x56, 0x39, 
   0xB0, 0x2D, 0x12, 0xB0, 0x2F, 0x39, 0x00, 0xB1, 0x0A, 0x05, 
   0x11, 0x12, 0xB2, 0x2B, 0x41, 0x42, 0x39, 0x39, 0x39, 0xB0, 
   0x1F, 0x11, 0xB5, 0x00, 0x10, 0x2D, 0x2F, 0x4C, 0x4D, 0x24, 
   0x17, 0x39, 0xB0, 0x59, 0x12, 0xB3, 0x14, 0x1B, 0x3C, 0x56, 
   0x24, 0x17, 0x39, 0xB0, 0x18, 0x11, 0xB2, 0x15, 0x31, 0x54, 
   0x39, 0x39, 0x39, 0xB0, 0x52, 0x12, 0xB0, 0x50, 0x39, 0x30, 
   0x31, 0x11, 0x14, 0x1E, 0x02, 0x17, 0x32, 0x3D, 0x01, 0x34, 
   0x23, 0x2E, 0x01, 0x35, 0x34, 0x36, 0x3F, 0x01, 0x32, 0x35, 
   0x37, 0x3E, 0x02, 0x33, 0x32, 0x04, 0x1F, 0x01, 0x14, 0x3B, 
   0x01, 0x32, 0x16, 0x15, 0x14, 0x06, 0x07, 0x22, 0x1D, 0x01, 
   0x14, 0x33, 0x36, 0x00, 0x35, 0x34, 0x27, 0x36, 0x35, 0x34, 
   0x02, 0x24, 0x23, 0x22, 0x07, 0x26, 0x23, 0x22, 0x00, 0x07, 
   0x06, 0x02, 0x01, 0x06, 0x3B, 0x01, 0x03, 0x33, 0x01, 0x36, 
   0x26, 0x2B, 0x01, 0x13, 0x36, 0x23, 0x21, 0x22, 0x07, 0x01, 
   0x36, 0x20, 0x16, 0x15, 0x14, 0x07, 0x26, 0x2B, 0x01, 0x26, 
   0x50, 0x89, 0xBC, 0x69, 0x13, 0x13, 0x8B, 0xBE, 0xB5, 0x85, 
   0x38, 0x14, 0x08, 0x0B, 0x7E, 0xC6, 0x74, 0xAE, 0x01, 0x03, 
   0x13, 0x07, 0x14, 0xAB, 0x90, 0xCE, 0xBE, 0x8B, 0x15, 0x15, 
   0xD6, 0x01, 0x26, 0x32, 0x7F, 0x97, 0xFE, 0xFF, 0x97, 0xFE, 
   0x9F, 0x82, 0x9A, 0xE1, 0xFE, 0xA2, 0x31, 0xB3, 0xE3, 0x03, 
   0x30, 0x04, 0x13, 0xE7, 0x8D, 0x1F, 0x01, 0xBE, 0x06, 0x07, 
   0x0B, 0xE9, 0xF5, 0x0C, 0x1B, 0xFE, 0xC6, 0x0C, 0x0A, 0x01, 
   0xA0, 0x6B, 0x01, 0x3A, 0xDB, 0x37, 0x9B, 0xD5, 0x21, 0x2F, 
   0x02, 0x0D, 0x69, 0xBF, 0x8B, 0x56, 0x05, 0x12, 0x8F, 0x12, 
   0x0A, 0xC8, 0x89, 0x86, 0xC6, 0x0C, 0x06, 0x13, 0x37, 0x72, 
   0xBA, 0x69, 0xE6, 0xAC, 0x3E, 0x12, 0xCD, 0x8E, 0x89, 0xC8, 
   0x0A, 0x12, 0x8F, 0x12, 0x0A, 0x01, 0x2F, 0xD5, 0x66, 0x76, 
   0x9F, 0xBE, 0x98, 0x01, 0x02, 0x96, 0xB9, 0x44, 0xFE, 0xE7, 
   0xDB, 0x29, 0xFE, 0xE2, 0xFD, 0x5A, 0x16, 0xFE, 0x43, 0x02, 
   0x53, 0x07, 0x0F, 0x01, 0xC4, 0x17, 0x0F, 0x02, 0xD4, 0x6A, 
   0xDC, 0x9E, 0x5F, 0x61, 0x95, 0xBE, 0x00, 0x00, 0x00, 0x0B, 
   0x00, 0x00, 0xFD, 0x75, 0x09, 0x03, 0x06, 0x80, 0x00, 0x3D, 
   0x00, 0x4D, 0x00, 0x59, 0x00, 0x6A, 0x00, 0x7B, 0x00, 0x87, 
   0x00, 0x97, 0x00, 0xAA, 0x00, 0xB6, 0x00, 0xCB, 0x00, 0xD6, 
   0x00, 0x00, 0x11, 0x14, 0x1E, 0x01, 0x17, 0x32, 0x3D, 0x01, 
   0x34, 0x23, 0x2E, 0x01, 0x10, 0x36, 0x3F, 0x01, 0x32, 0x35, 
   0x37, 0x36, 0x24, 0x33, 0x32, 0x04, 0x1F, 0x01, 0x14, 0x3B, 
   0x01, 0x32, 0x16, 0x15, 0x14, 0x06, 0x07, 0x22, 0x1D, 0x01, 
   0x14, 0x33, 0x3E, 0x02, 0x35, 0x34, 0x27, 0x36, 0x35, 0x34, 
   0x02, 0x24, 0x23, 0x22, 0x06, 0x07, 0x26, 0x23, 0x22, 0x00, 
   0x07, 0x06, 0x02, 0x01, 0x14, 0x16, 0x17, 0x16, 0x36, 0x3F, 
   0x01, 0x36, 0x26, 0x27, 0x26, 0x06, 0x0F, 0x01, 0x06, 0x13, 
   0x14, 0x17, 0x16, 0x33, 0x32, 0x36, 0x34, 0x26, 0x23, 0x22, 
   0x06, 0x37, 0x06, 0x16, 0x17, 0x16, 0x36, 0x3F, 0x01, 0x36, 
   0x26, 0x27, 0x26, 0x06, 0x0F, 0x01, 0x14, 0x06, 0x13, 0x14, 
   0x16, 0x17, 0x16, 0x33, 0x32, 0x3F, 0x01, 0x36, 0x26, 0x27, 
   0x26, 0x06, 0x0F, 0x01, 0x06, 0x13, 0x14, 0x17, 0x16, 0x33, 
   0x32, 0x36, 0x35, 0x34, 0x26, 0x22, 0x06, 0x37, 0x06, 0x16, 
   0x17, 0x16, 0x36, 0x3F, 0x01, 0x36, 0x26, 0x27, 0x26, 0x06, 
   0x0F, 0x01, 0x06, 0x05, 0x14, 0x16, 0x17, 0x32, 0x16, 0x33, 
   0x32, 0x3F, 0x01, 0x36, 0x26, 0x27, 0x26, 0x06, 0x0F, 0x01, 
   0x14, 0x06, 0x13, 0x14, 0x17, 0x16, 0x33, 0x32, 0x36, 0x35, 
   0x34, 0x26, 0x22, 0x06, 0x37, 0x14, 0x16, 0x17, 0x32, 0x16, 
   0x33, 0x32, 0x37, 0x36, 0x3F, 0x01, 0x36, 0x26, 0x27, 0x26, 
   0x06, 0x0F, 0x01, 0x14, 0x06, 0x13, 0x36, 0x20, 0x16, 0x15, 
   0x14, 0x07, 0x26, 0x2B, 0x01, 0x26, 0x88, 0xEC, 0x8D, 0x14, 
   0x14, 0x89, 0xC2, 0xB6, 0x86, 0x38, 0x15, 0x08, 0x11, 0x01, 
   0x05, 0xB0, 0xAE, 0x01, 0x06, 0x12, 0x08, 0x13, 0xAD, 0x90, 
   0xCF, 0xC2, 0x88, 0x15, 0x15, 0x8D, 0xEB, 0x87, 0x2D, 0x81, 
   0x97, 0xFE, 0xFD, 0x98, 0x77, 0xDC, 0x50, 0x8D, 0x94, 0xE3, 
   0xFE, 0xA0, 0x32, 0xB4, 0xE4, 0x02, 0x39, 0x23, 0x21, 0x25, 
   0x3E, 0x0B, 0x0F, 0x08, 0x24, 0x25, 0x24, 0x41, 0x0A, 0x0F, 
   0x02, 0x51, 0x1B, 0x19, 0x23, 0x26, 0x34, 0x34, 0x26, 0x25, 
   0x32, 0x41, 0x02, 0x21, 0x23, 0x21, 0x42, 0x0B, 0x1E, 0x0C, 
   0x26, 0x27, 0x23, 0x41, 0x0B, 0x1A, 0x04, 0x7C, 0x21, 0x23, 
   0x0D, 0x0E, 0x44, 0x10, 0x0F, 0x0A, 0x26, 0x25, 0x22, 0x42, 
   0x0B, 0x0F, 0x03, 0x53, 0x1B, 0x1A, 0x23, 0x26, 0x32, 0x32, 
   0x4C, 0x32, 0x43, 0x02, 0x20, 0x20, 0x25, 0x3E, 0x0D, 0x1D, 
   0x0B, 0x25, 0x26, 0x23, 0x42, 0x0B, 0x18, 0x03, 0x01, 0x26, 
   0x21, 0x21, 0x05, 0x13, 0x05, 0x41, 0x10, 0x0F, 0x0B, 0x24, 
   0x24, 0x28, 0x41, 0x0B, 0x0A, 0x04, 0x4F, 0x1B, 0x18, 0x25, 
   0x26, 0x32, 0x32, 0x4C, 0x32, 0x41, 0x23, 0x23, 0x03, 0x14, 
   0x05, 0x10, 0x16, 0x22, 0x0A, 0x1A, 0x0A, 0x24, 0x24, 0x25, 
   0x3E, 0x0B, 0x1E, 0x04, 0x32, 0x6F, 0x01, 0x3A, 0xDD, 0x36, 
   0x9A, 0xE0, 0x22, 0x2D, 0x02, 0x0F, 0x8B, 0xF0, 0x91, 0x04, 
   0x12, 0x8F, 0x13, 0x07, 0xCD, 0x01, 0x10, 0xC7, 0x0B, 0x08, 
   0x12, 0x37, 0xB0, 0xED, 0xEB, 0xAE, 0x3E, 0x12, 0xCF, 0x90, 
   0x88, 0xCD, 0x07, 0x13, 0x8F, 0x12, 0x04, 0x91, 0xF0, 0x8B, 
   0x74, 0x63, 0x9F, 0xC8, 0x99, 0x01, 0x03, 0x97, 0x63, 0x57, 
   0x45, 0xFE, 0xE7, 0xDB, 0x2E, 0xFE, 0xE0, 0xFC, 0x54, 0x1B, 
   0x36, 0x0A, 0x0B, 0x1E, 0x2D, 0x41, 0x24, 0x3F, 0x0B, 0x0B, 
   0x26, 0x26, 0x3F, 0x06, 0x01, 0x27, 0x22, 0x1B, 0x1B, 0x33, 
   0x4A, 0x33, 0x32, 0xCD, 0x19, 0x2F, 0x0B, 0x0A, 0x23, 0x25, 
   0x60, 0x27, 0x3D, 0x0B, 0x0B, 0x24, 0x23, 0x62, 0x03, 0x13, 
   0xFC, 0x85, 0x1C, 0x32, 0x0A, 0x03, 0x41, 0x3F, 0x29, 0x40, 
   0x07, 0x0B, 0x25, 0x24, 0x3F, 0x0E, 0x01, 0x2C, 0x23, 0x1B, 
   0x1A, 0x32, 0x26, 0x25, 0x32, 0x32, 0xCD, 0x18, 0x34, 0x06, 
   0x0A, 0x20, 0x2C, 0x60, 0x23, 0x40, 0x0B, 0x0B, 0x27, 0x25, 
   0x60, 0x0D, 0xF5, 0x1A, 0x32, 0x0A, 0x04, 0x46, 0x40, 0x22, 
   0x42, 0x0B, 0x0A, 0x25, 0x26, 0x3F, 0x04, 0x12, 0x01, 0x36, 
   0x24, 0x19, 0x1A, 0x32, 0x25, 0x26, 0x32, 0x32, 0xD1, 0x1B, 
   0x31, 0x0A, 0x04, 0x0A, 0x12, 0x26, 0x60, 0x24, 0x3F, 0x0B, 
   0x0B, 0x22, 0x25, 0x61, 0x04, 0x11, 0x04, 0x11, 0x6F, 0xDF, 
   0x9D, 0x6B, 0x5A, 0x9A, 0xBB, 0x00, 0x00, 0x07, 0x00, 0x00, 
   0xFD, 0x7F, 0x09, 0x13, 0x06, 0x7B, 0x00, 0x3F, 0x00, 0x4E, 
   0x00, 0x5C, 0x00, 0x6E, 0x00, 0x7E, 0x00, 0x8E, 0x00, 0x9A, 
   0x00, 0xC2, 0x00, 0xB0, 0x4A, 0x2F, 0xB0, 0x1A, 0x2F, 0xB0, 
   0x0D, 0x33, 0xB0, 0x99, 0xCD, 0xB0, 0x13, 0x2F, 0xB0, 0x3A, 
   0xCD, 0xB3, 0x91, 0x3A, 0x13, 0x08, 0x2B, 0xB0, 0x38, 0x33, 
   0xB0, 0x36, 0xCD, 0x01, 0xB0, 0x9B, 0x2F, 0xB0, 0x00, 0xD6, 
   0xB0, 0x09, 0xCD, 0xB0, 0x09, 0x10, 0xB1, 0x81, 0x01, 0x2B, 
   0xB0, 0x7F, 0x32, 0xB0, 0x89, 0xCD, 0xB0, 0x89, 0x10, 0xB1, 
   0x94, 0x01, 0x2B, 0xB0, 0x32, 0xCD, 0xB0, 0x32, 0x10, 0xB0, 
   0x2E, 0x20, 0xD6, 0x11, 0xB0, 0x1D, 0xCD, 0xB0, 0x1D, 0x2F, 
   0xB0, 0x2E, 0xCD, 0xB1, 0x9C, 0x01, 0x2B, 0xB1, 0x81, 0x09, 
   0x11, 0x12, 0x40, 0x0D, 0x06, 0x13, 0x3A, 0x3D, 0x40, 0x48, 
   0x4F, 0x55, 0x5D, 0x68, 0x6F, 0x71, 0x80, 0x24, 0x17, 0x39, 
   0xB0, 0x89, 0x11, 0xB0, 0x38, 0x39, 0xB0, 0x1D, 0x12, 0x40, 
   0x09, 0x16, 0x20, 0x2A, 0x36, 0x77, 0x8A, 0x8F, 0x91, 0x99, 
   0x24, 0x17, 0x39, 0xB0, 0x94, 0x11, 0xB0, 0x96, 0x39, 0xB0, 
   0x2E, 0x12, 0xB0, 0x30, 0x39, 0x00, 0xB1, 0x1A, 0x4A, 0x11, 
   0x12, 0x40, 0x0B, 0x00, 0x04, 0x0C, 0x20, 0x2A, 0x30, 0x4B, 
   0x52, 0x58, 0x7A, 0x7B, 0x24, 0x17, 0x39, 0xB0, 0x99, 0x11, 
   0xB3, 0x10, 0x16, 0x3D, 0x96, 0x24, 0x17, 0x39, 0xB0, 0x13, 
   0x12, 0xB2, 0x11, 0x32, 0x94, 0x39, 0x39, 0x39, 0xB0, 0x91, 
   0x11, 0xB0, 0x8F, 0x39, 0x30, 0x31, 0x11, 0x14, 0x12, 0x17, 
   0x16, 0x3F, 0x01, 0x22, 0x26, 0x35, 0x34, 0x36, 0x3F, 0x01, 
   0x32, 0x35, 0x37, 0x36, 0x24, 0x33, 0x32, 0x04, 0x1F, 0x01, 
   0x16, 0x3B, 0x01, 0x32, 0x16, 0x15, 0x14, 0x06, 0x07, 0x22, 
   0x07, 0x03, 0x06, 0x16, 0x17, 0x16, 0x36, 0x3F, 0x01, 0x3E, 
   0x02, 0x35, 0x34, 0x27, 0x36, 0x35, 0x34, 0x02, 0x24, 0x23, 
   0x22, 0x07, 0x26, 0x23, 0x22, 0x00, 0x07, 0x06, 0x02, 0x01, 
   0x14, 0x17, 0x16, 0x17, 0x16, 0x36, 0x37, 0x36, 0x26, 0x27, 
   0x26, 0x06, 0x07, 0x06, 0x37, 0x14, 0x17, 0x16, 0x37, 0x13, 
   0x36, 0x26, 0x27, 0x26, 0x06, 0x0F, 0x01, 0x06, 0x13, 0x14, 
   0x17, 0x16, 0x17, 0x16, 0x33, 0x32, 0x37, 0x36, 0x37, 0x36, 
   0x26, 0x27, 0x26, 0x06, 0x07, 0x06, 0x37, 0x15, 0x16, 0x17, 
   0x16, 0x36, 0x37, 0x01, 0x36, 0x26, 0x27, 0x26, 0x06, 0x07, 
   0x01, 0x06, 0x05, 0x06, 0x17, 0x16, 0x17, 0x16, 0x33, 0x32, 
   0x37, 0x36, 0x37, 0x36, 0x26, 0x27, 0x26, 0x06, 0x13, 0x36, 
   0x33, 0x32, 0x16, 0x15, 0x14, 0x07, 0x26, 0x2B, 0x01, 0x26, 
   0xD5, 0xAD, 0x10, 0x0B, 0x79, 0x8F, 0xCF, 0xB7, 0x89, 0x38, 
   0x11, 0x08, 0x13, 0x01, 0x07, 0xB0, 0xB2, 0x01, 0x09, 0x11, 
   0x08, 0x04, 0x12, 0xAE, 0x90, 0xD0, 0xB6, 0x85, 0x4C, 0x15, 
   0xE9, 0x19, 0x09, 0x1D, 0x15, 0x53, 0x17, 0xD1, 0x84, 0xDE, 
   0x81, 0x2E, 0x7B, 0x98, 0xFE, 0xFA, 0x9A, 0xFB, 0xA5, 0x8B, 
   0x9D, 0xE5, 0xFE, 0xA1, 0x32, 0xB7, 0xE6, 0x01, 0x95, 0x05, 
   0x0D, 0x22, 0x24, 0x49, 0x0C, 0x10, 0x1C, 0x23, 0x24, 0x44, 
   0x10, 0x06, 0xC4, 0x22, 0x44, 0x42, 0xEA, 0x18, 0x09, 0x1D, 
   0x1D, 0x4C, 0x19, 0xEB, 0x17, 0x45, 0x08, 0x0E, 0x1E, 0x13, 
   0x14, 0x0C, 0x16, 0x22, 0x0D, 0x10, 0x1B, 0x22, 0x24, 0x44, 
   0x12, 0x05, 0xB2, 0x03, 0x1F, 0x17, 0x51, 0x17, 0x01, 0xC2, 
   0x19, 0x08, 0x21, 0x1C, 0x49, 0x19, 0xFE, 0x3E, 0x13, 0x01, 
   0x83, 0x0B, 0x0B, 0x0E, 0x22, 0x11, 0x15, 0x0A, 0x16, 0x24, 
   0x0D, 0x10, 0x1A, 0x22, 0x24, 0x45, 0xEE, 0x6D, 0x9B, 0xA1, 
   0xE1, 0x37, 0x9C, 0xDF, 0x22, 0x28, 0x02, 0x03, 0xB5, 0xFE, 
   0xE8, 0x34, 0x02, 0x0A, 0x9C, 0xCD, 0x90, 0x8A, 0xCA, 0x0B, 
   0x08, 0x0F, 0x3C, 0xB0, 0xEC, 0xEA, 0xAF, 0x3F, 0x12, 0xD2, 
   0x92, 0x87, 0xC9, 0x0D, 0x1E, 0xFF, 0x00, 0x1D, 0x4B, 0x1E, 
   0x1C, 0x07, 0x25, 0xDE, 0x0D, 0x95, 0xEB, 0x86, 0x65, 0x79, 
   0x9C, 0xC6, 0x9C, 0x01, 0x05, 0x97, 0xB6, 0x45, 0xFE, 0xE4, 
   0xE0, 0x29, 0xFE, 0xDD, 0xFC, 0x21, 0x17, 0x0B, 0x22, 0x0D, 
   0x10, 0x1B, 0x23, 0x23, 0x49, 0x0D, 0x0D, 0x1B, 0x22, 0x0D, 
   0xEC, 0x25, 0x22, 0x3A, 0x4A, 0x01, 0x04, 0x1C, 0x4B, 0x17, 
   0x16, 0x0A, 0x1A, 0xFE, 0x22, 0xFD, 0xD5, 0x13, 0x0F, 0x24, 
   0x0D, 0x08, 0x06, 0x0F, 0x21, 0x20, 0x48, 0x0D, 0x11, 0x1C, 
   0x25, 0x0F, 0xEE, 0x0E, 0x27, 0x19, 0x1D, 0x07, 0x25, 0x02, 
   0x0C, 0x1D, 0x4E, 0x16, 0x17, 0x06, 0x1D, 0xFD, 0xF3, 0x14, 
   0x7A, 0x24, 0x1E, 0x23, 0x11, 0x08, 0x06, 0x0E, 0x23, 0x24, 
   0x44, 0x0D, 0x11, 0x1B, 0x06, 0xB4, 0x6D, 0xE1, 0xA1, 0x64, 
   0x5E, 0x9C, 0xB6, 0x00, 0x00, 0x05, 0x00, 0x00, 0xFD, 0xA7, 
   0x08, 0xF3, 0x06, 0x76, 0x00, 0x3D, 0x00, 0x4C, 0x00, 0x60, 
   0x00, 0x72, 0x00, 0x7E, 0x01, 0x11, 0x00, 0xB2, 0x05, 0x00, 
   0x00, 0x2B, 0xB0, 0x29, 0x33, 0xB0, 0x0A, 0xCD, 0xB0, 0x24, 
   0x32, 0xB0, 0x1E, 0x2F, 0xB0, 0x11, 0x33, 0xB0, 0x7D, 0xCD, 
   0xB0, 0x17, 0x2F, 0xB0, 0x38, 0xCD, 0xB3, 0x75, 0x38, 0x17, 
   0x08, 0x2B, 0xB0, 0x36, 0x33, 0xB0, 0x34, 0xCD, 0x01, 0xB0, 
   0x7F, 0x2F, 0xB0, 0x00, 0xD6, 0xB0, 0x0D, 0xCD, 0xB0, 0x0D, 
   0x10, 0xB1, 0x3E, 0x01, 0x2B, 0xB0, 0x43, 0xCD, 0xB0, 0x43, 
   0x10, 0xB1, 0x78, 0x01, 0x2B, 0xB0, 0x30, 0xCD, 0xB0, 0x21, 
   0x20, 0xD6, 0x11, 0xB0, 0x2C, 0xCD, 0xB1, 0x80, 0x01, 0x2B, 
   0xB0, 0x36, 0x1A, 0xBA, 0x3D, 0xE6, 0xEF, 0xBB, 0x00, 0x15, 
   0x2B, 0x0A, 0x0E, 0xB0, 0x5F, 0x10, 0xB0, 0x5E, 0xC0, 0xB1, 
   0x57, 0x01, 0xF9, 0xB0, 0x58, 0xC0, 0xBA, 0x3D, 0xEA, 0xEF, 
   0xCA, 0x00, 0x15, 0x2B, 0x0A, 0xB0, 0x71, 0x10, 0xB0, 0x70, 
   0xC0, 0xB1, 0x69, 0x02, 0xF9, 0xB0, 0x6A, 0xC0, 0x00, 0xB7, 
   0x57, 0x58, 0x5E, 0x5F, 0x69, 0x6A, 0x70, 0x71, 0x2E, 0x2E, 
   0x2E, 0x2E, 0x2E, 0x2E, 0x2E, 0x2E, 0x01, 0xB7, 0x57, 0x58, 
   0x5E, 0x5F, 0x69, 0x6A, 0x70, 0x71, 0x2E, 0x2E, 0x2E, 0x2E, 
   0x2E, 0x2E, 0x2E, 0x2E, 0xB0, 0x40, 0x1A, 0x01, 0xB1, 0x3E, 
   0x0D, 0x11, 0x12, 0xB2, 0x07, 0x14, 0x3B, 0x39, 0x39, 0x39, 
   0xB0, 0x43, 0x11, 0xB0, 0x15, 0x39, 0xB0, 0x21, 0x12, 0x40, 
   0x0B, 0x17, 0x26, 0x27, 0x34, 0x38, 0x45, 0x4D, 0x61, 0x73, 
   0x75, 0x7D, 0x24, 0x17, 0x39, 0xB0, 0x78, 0x11, 0xB0, 0x7A, 
   0x39, 0xB0, 0x2C, 0x12, 0xB0, 0x2E, 0x39, 0x00, 0xB1, 0x0A, 
   0x05, 0x11, 0x12, 0xB0, 0x2A, 0x39, 0xB0, 0x1E, 0x11, 0xB6, 
   0x00, 0x10, 0x2C, 0x2E, 0x48, 0x5C, 0x6E, 0x24, 0x17, 0x39, 
   0xB0, 0x7D, 0x12, 0xB3, 0x14, 0x1A, 0x3B, 0x7A, 0x24, 0x17, 
   0x39, 0xB0, 0x17, 0x11, 0xB2, 0x15, 0x30, 0x78, 0x39, 0x39, 
   0x39, 0xB0, 0x75, 0x12, 0xB0, 0x73, 0x39, 0x30, 0x31, 0x11, 
   0x14, 0x1E, 0x02, 0x17, 0x32, 0x3D, 0x01, 0x34, 0x23, 0x2E, 
   0x01, 0x35, 0x34, 0x36, 0x3F, 0x01, 0x32, 0x35, 0x37, 0x36, 
   0x24, 0x33, 0x32, 0x04, 0x1F, 0x01, 0x14, 0x3B, 0x01, 0x32, 
   0x16, 0x15, 0x14, 0x06, 0x07, 0x22, 0x1D, 0x01, 0x14, 0x33, 
   0x36, 0x00, 0x35, 0x34, 0x27, 0x36, 0x35, 0x34, 0x02, 0x24, 
   0x23, 0x22, 0x07, 0x26, 0x23, 0x22, 0x00, 0x07, 0x06, 0x02, 
   0x01, 0x14, 0x17, 0x16, 0x36, 0x37, 0x13, 0x36, 0x26, 0x27, 
   0x26, 0x06, 0x07, 0x03, 0x06, 0x01, 0x14, 0x17, 0x16, 0x17, 
   0x32, 0x1E, 0x01, 0x33, 0x32, 0x37, 0x13, 0x36, 0x26, 0x27, 
   0x26, 0x06, 0x07, 0x03, 0x06, 0x01, 0x14, 0x16, 0x17, 0x16, 
   0x33, 0x32, 0x36, 0x37, 0x13, 0x36, 0x26, 0x27, 0x26, 0x06, 
   0x07, 0x03, 0x06, 0x13, 0x36, 0x33, 0x32, 0x16, 0x15, 0x14, 
   0x07, 0x26, 0x2B, 0x01, 0x26, 0x50, 0x89, 0xBD, 0x69, 0x12, 
   0x12, 0x8B, 0xBE, 0xB5, 0x85, 0x38, 0x15, 0x06, 0x11, 0x01, 
   0x03, 0xB0, 0xAF, 0x01, 0x03, 0x12, 0x07, 0x14, 0xAB, 0x90, 
   0xCE, 0xBE, 0x8B, 0x15, 0x15, 0xD6, 0x01, 0x27, 0x2D, 0x7D, 
   0x96, 0xFE, 0xFE, 0x96, 0xF9, 0xA5, 0x8D, 0x93, 0xE2, 0xFE, 
   0xA3, 0x32, 0xB0, 0xE6, 0x02, 0x49, 0x45, 0x21, 0x44, 0x0A, 
   0xA0, 0x0A, 0x27, 0x26, 0x23, 0x40, 0x0A, 0xA0, 0x04, 0x01, 
   0x15, 0x09, 0x10, 0x26, 0x04, 0x0D, 0x0B, 0x04, 0x45, 0x0C, 
   0xF5, 0x0B, 0x23, 0x24, 0x27, 0x42, 0x07, 0xF6, 0x03, 0x01, 
   0xBB, 0x22, 0x1F, 0x0A, 0x0E, 0x1B, 0x32, 0x09, 0xA0, 0x0C, 
   0x26, 0x24, 0x27, 0x3F, 0x07, 0xA0, 0x04, 0xA4, 0x6B, 0x9D, 
   0x9C, 0xDC, 0x37, 0x99, 0xDC, 0x21, 0x2D, 0x02, 0x0D, 0x69, 
   0xBF, 0x8B, 0x56, 0x05, 0x12, 0x8F, 0x12, 0x0A, 0xC8, 0x89, 
   0x86, 0xC7, 0x0B, 0x06, 0x14, 0x36, 0xAE, 0xE7, 0xE5, 0xAC, 
   0x3E, 0x13, 0xCD, 0x8E, 0x89, 0xC8, 0x0A, 0x12, 0x8F, 0x12, 
   0x0A, 0x01, 0x2F, 0xD5, 0x73, 0x61, 0x97, 0xCF, 0x96, 0x01, 
   0x02, 0x97, 0xB9, 0x45, 0xFE, 0xE7, 0xDC, 0x29, 0xFE, 0xE1, 
   0xFC, 0x80, 0x40, 0x13, 0x0B, 0x23, 0x24, 0x02, 0x63, 0x23, 
   0x40, 0x0B, 0x0B, 0x25, 0x25, 0xFD, 0xA0, 0x12, 0xFE, 0xB1, 
   0x13, 0x14, 0x21, 0x0D, 0x02, 0x01, 0x46, 0x03, 0xA4, 0x23, 
   0x40, 0x0B, 0x0B, 0x25, 0x25, 0xFC, 0x5B, 0x0F, 0x01, 0x3A, 
   0x19, 0x32, 0x09, 0x03, 0x1D, 0x22, 0x02, 0x63, 0x21, 0x42, 
   0x0B, 0x0B, 0x25, 0x25, 0xFD, 0xA0, 0x12, 0x06, 0x04, 0x6B, 
   0xDA, 0x9C, 0x64, 0x61, 0x99, 0xBB, 0x00, 0x08, 0x00, 0x00, 
   0xFD, 0x93, 0x08, 0xF6, 0x06, 0x73, 0x00, 0x3C, 0x00, 0x4D, 
   0x00, 0x5E, 0x00, 0x71, 0x00, 0x81, 0x00, 0x93, 0x00, 0xA3, 
   0x00, 0xAF, 0x02, 0x57, 0x00, 0xB2, 0x05, 0x00, 0x00, 0x2B, 
   0xB0, 0x28, 0x33, 0xB0, 0x0A, 0xCD, 0xB0, 0x23, 0x32, 0xB0, 
   0x53, 0x2F, 0xB0, 0x97, 0x33, 0xB0, 0x59, 0xCD, 0xB0, 0x9E, 
   0x32, 0xB0, 0x1D, 0x2F, 0xB0, 0x10, 0x33, 0xB0, 0xAE, 0xCD, 
   0xB0, 0x16, 0x2F, 0xB0, 0x37, 0xCD, 0xB3, 0xA6, 0x37, 0x16, 
   0x08, 0x2B, 0xB0, 0x35, 0x33, 0xB0, 0x33, 0xCD, 0x01, 0xB0, 
   0xB0, 0x2F, 0xB0, 0x00, 0xD6, 0xB0, 0x0D, 0xCD, 0xB0, 0x0D, 
   0x10, 0xB1, 0x4E, 0x01, 0x2B, 0xB0, 0x55, 0xCD, 0xB0, 0x55, 
   0x10, 0xB1, 0x72, 0x01, 0x2B, 0xB0, 0x78, 0xCD, 0xB0, 0x78, 
   0x10, 0xB1, 0xA9, 0x01, 0x2B, 0xB0, 0x2F, 0xCD, 0xB0, 0x20, 
   0x20, 0xD6, 0x11, 0xB0, 0x2B, 0xCD, 0xB1, 0xB1, 0x01, 0x2B, 
   0xB0, 0x36, 0x1A, 0xBA, 0x3D, 0xAA, 0xEE, 0xDF, 0x00, 0x15, 
   0x2B, 0x0A, 0x0E, 0xB0, 0x4C, 0x10, 0xB0, 0x5C, 0xC0, 0xB1, 
   0x44, 0x03, 0xF9, 0xB0, 0x56, 0xC0, 0xBA, 0x3D, 0x5D, 0xED, 
   0xD1, 0x00, 0x15, 0x2B, 0x0A, 0xB0, 0x70, 0x10, 0xB0, 0x7F, 
   0xC0, 0xB1, 0x68, 0x03, 0xF9, 0xB0, 0x79, 0xC0, 0xBA, 0x3D, 
   0xD2, 0xEF, 0x71, 0x00, 0x15, 0x2B, 0x0A, 0xB0, 0x92, 0x10, 
   0xB0, 0xA1, 0xC0, 0xB1, 0x8A, 0x02, 0xF9, 0xB0, 0x9B, 0xC0, 
   0xB0, 0x44, 0x10, 0xB3, 0x45, 0x44, 0x56, 0x13, 0x2B, 0xB0, 
   0x4C, 0x10, 0xB3, 0x4B, 0x4C, 0x5C, 0x13, 0x2B, 0x04, 0xB0, 
   0x44, 0x10, 0xB3, 0x55, 0x44, 0x56, 0x13, 0x2B, 0xBA, 0x3D, 
   0xAB, 0xEE, 0xE0, 0x00, 0x15, 0x2B, 0x0B, 0xB0, 0x4C, 0x10, 
   0xB3, 0x5D, 0x4C, 0x5C, 0x13, 0x2B, 0xB0, 0x68, 0x10, 0xB3, 
   0x69, 0x68, 0x79, 0x13, 0x2B, 0xB0, 0x70, 0x10, 0xB3, 0x6F, 
   0x70, 0x7F, 0x13, 0x2B, 0x04, 0xB0, 0x68, 0x10, 0xB3, 0x78, 
   0x68, 0x79, 0x13, 0x2B, 0xBA, 0x3D, 0xA7, 0xEE, 0xD3, 0x00, 
   0x15, 0x2B, 0x0B, 0xB0, 0x70, 0x10, 0xB3, 0x80, 0x70, 0x7F, 
   0x13, 0x2B, 0xB0, 0x8A, 0x10, 0xB3, 0x8B, 0x8A, 0x9B, 0x13, 
   0x2B, 0xB0, 0x92, 0x10, 0xB3, 0x91, 0x92, 0xA1, 0x13, 0x2B, 
   0xB0, 0x8A, 0x10, 0xB3, 0x9A, 0x8A, 0x9B, 0x13, 0x2B, 0xB0, 
   0x92, 0x10, 0xB3, 0xA2, 0x92, 0xA1, 0x13, 0x2B, 0xB2, 0x4B, 
   0x4C, 0x5C, 0x20, 0x8A, 0x20, 0x8A, 0x23, 0x06, 0x0E, 0x11, 
   0x12, 0x39, 0xB0, 0x5D, 0x39, 0xB2, 0x45, 0x44, 0x56, 0x11, 
   0x12, 0x39, 0xB2, 0x6F, 0x70, 0x7F, 0x11, 0x12, 0x39, 0xB0, 
   0x80, 0x39, 0xB2, 0x69, 0x68, 0x79, 0x11, 0x12, 0x39, 0xB2, 
   0x91, 0x92, 0xA1, 0x11, 0x12, 0x39, 0xB0, 0xA2, 0x39, 0xB2, 
   0x8B, 0x8A, 0x9B, 0x11, 0x12, 0x39, 0xB0, 0x9A, 0x39, 0x00, 
   0x40, 0x18, 0x44, 0x45, 0x4B, 0x4C, 0x55, 0x56, 0x5C, 0x5D, 
   0x68, 0x69, 0x6F, 0x70, 0x78, 0x79, 0x7F, 0x80, 0x8A, 0x8B, 
   0x91, 0x92, 0x9A, 0x9B, 0xA1, 0xA2, 0x2E, 0x2E, 0x2E, 0x2E, 
   0x2E, 0x2E, 0x2E, 0x2E, 0x2E, 0x2E, 0x2E, 0x2E, 0x2E, 0x2E, 
   0x2E, 0x2E, 0x2E, 0x2E, 0x2E, 0x2E, 0x2E, 0x2E, 0x2E, 0x2E, 
   0x01, 0x40, 0x16, 0x44, 0x45, 0x4B, 0x4C, 0x56, 0x5C, 0x5D, 
   0x68, 0x69, 0x6F, 0x70, 0x79, 0x7F, 0x80, 0x8A, 0x8B, 0x91, 
   0x92, 0x9A, 0x9B, 0xA1, 0xA2, 0x2E, 0x2E, 0x2E, 0x2E, 0x2E, 
   0x2E, 0x2E, 0x2E, 0x2E, 0x2E, 0x2E, 0x2E, 0x2E, 0x2E, 0x2E, 
   0x2E, 0x2E, 0x2E, 0x2E, 0x2E, 0x2E, 0x2E, 0xB0, 0x40, 0x1A, 
   0x01, 0xB1, 0x4E, 0x0D, 0x11, 0x12, 0xB3, 0x07, 0x14, 0x3A, 
   0x3D, 0x24, 0x17, 0x39, 0xB0, 0x55, 0x11, 0xB0, 0x5F, 0x39, 
   0xB0, 0x72, 0x12, 0xB0, 0x64, 0x39, 0xB0, 0x78, 0x11, 0xB1, 
   0x37, 0x16, 0x39, 0x39, 0xB0, 0x20, 0x12, 0x40, 0x0B, 0x19, 
   0x25, 0x26, 0x33, 0x35, 0x82, 0x83, 0x94, 0xA4, 0xA6, 0xAE, 
   0x24, 0x17, 0x39, 0xB0, 0xA9, 0x11, 0xB0, 0xAB, 0x39, 0xB0, 
   0x2B, 0x12, 0xB0, 0x2D, 0x39, 0x00, 0xB1, 0x0A, 0x05, 0x11, 
   0x12, 0xB2, 0x29, 0x49, 0x8F, 0x39, 0x39, 0x39, 0xB0, 0x53, 
   0x11, 0xB0, 0x7D, 0x39, 0xB0, 0x59, 0x12, 0xB0, 0x0C, 0x39, 
   0xB0, 0x1D, 0x11, 0xB6, 0x0D, 0x00, 0x0F, 0x20, 0x2B, 0x2D, 
   0x5A, 0x24, 0x17, 0x39, 0xB0, 0xAE, 0x12, 0xB3, 0x13, 0x19, 
   0x3A, 0xAB, 0x24, 0x17, 0x39, 0xB0, 0x16, 0x11, 0xB2, 0x14, 
   0x2F, 0xA9, 0x39, 0x39, 0x39, 0xB0, 0xA6, 0x12, 0xB0, 0xA4, 
   0x39, 0x30, 0x31, 0x11, 0x14, 0x1E, 0x02, 0x17, 0x32, 0x3D, 
   0x01, 0x34, 0x23, 0x2E, 0x01, 0x10, 0x36, 0x3F, 0x01, 0x32, 
   0x35, 0x37, 0x36, 0x24, 0x33, 0x32, 0x04, 0x1F, 0x01, 0x14, 
   0x3B, 0x01, 0x32, 0x16, 0x15, 0x14, 0x06, 0x07, 0x22, 0x1D, 
   0x01, 0x14, 0x33, 0x36, 0x00, 0x35, 0x34, 0x27, 0x36, 0x35, 
   0x34, 0x02, 0x24, 0x23, 0x22, 0x07, 0x26, 0x23, 0x22, 0x00, 
   0x07, 0x06, 0x02, 0x01, 0x14, 0x16, 0x17, 0x16, 0x3E, 0x01, 
   0x3F, 0x01, 0x36, 0x26, 0x27, 0x26, 0x06, 0x0F, 0x01, 0x06, 
   0x13, 0x1E, 0x01, 0x17, 0x16, 0x33, 0x32, 0x3F, 0x01, 0x36, 
   0x26, 0x27, 0x26, 0x06, 0x0F, 0x01, 0x06, 0x13, 0x14, 0x16, 
   0x17, 0x16, 0x33, 0x32, 0x37, 0x36, 0x3F, 0x01, 0x36, 0x26, 
   0x27, 0x26, 0x06, 0x0F, 0x01, 0x06, 0x13, 0x14, 0x16, 0x17, 
   0x16, 0x36, 0x3F, 0x01, 0x36, 0x26, 0x27, 0x26, 0x06, 0x0F, 
   0x01, 0x06, 0x05, 0x06, 0x16, 0x1F, 0x01, 0x16, 0x37, 0x36, 
   0x3F, 0x01, 0x36, 0x26, 0x27, 0x26, 0x06, 0x0F, 0x01, 0x06, 
   0x13, 0x14, 0x16, 0x1F, 0x01, 0x32, 0x3F, 0x01, 0x36, 0x26, 
   0x27, 0x26, 0x06, 0x0F, 0x01, 0x06, 0x13, 0x36, 0x33, 0x32, 
   0x16, 0x15, 0x14, 0x07, 0x26, 0x2B, 0x01, 0x26, 0x50, 0x89, 
   0xBE, 0x69, 0x13, 0x13, 0x88, 0xC1, 0xB4, 0x86, 0x39, 0x10, 
   0x08, 0x12, 0x01, 0x06, 0xB0, 0xAE, 0x01, 0x05, 0x13, 0x07, 
   0x13, 0xAD, 0x8E, 0xCC, 0xBE, 0x88, 0x14, 0x14, 0xD6, 0x01, 
   0x28, 0x2C, 0x79, 0x97, 0xFE, 0xFE, 0x97, 0xF5, 0xA7, 0x8B, 
   0x95, 0xE3, 0xFE, 0xA2, 0x31, 0xB5, 0xE3, 0x02, 0x3F, 0x1F, 
   0x24, 0x12, 0x2B, 0x2B, 0x08, 0x1E, 0x0A, 0x25, 0x26, 0x22, 
   0x42, 0x0B, 0x1E, 0x03, 0x8C, 0x01, 0x22, 0x22, 0x1C, 0x04, 
   0x3C, 0x15, 0x1E, 0x0A, 0x25, 0x26, 0x24, 0x40, 0x0B, 0x20, 
   0x04, 0x84, 0x21, 0x23, 0x16, 0x08, 0x0E, 0x1A, 0x1B, 0x0E, 
   0x20, 0x0A, 0x26, 0x25, 0x23, 0x43, 0x0B, 0x1E, 0x03, 0x8E, 
   0x22, 0x23, 0x24, 0x3F, 0x0C, 0x1E, 0x0B, 0x25, 0x26, 0x23, 
   0x42, 0x0B, 0x1E, 0x04, 0x01, 0x30, 0x02, 0x21, 0x21, 0x1B, 
   0x12, 0x16, 0x22, 0x0B, 0x1E, 0x0B, 0x25, 0x24, 0x28, 0x3F, 
   0x07, 0x1F, 0x03, 0x90, 0x23, 0x22, 0x1B, 0x45, 0x11, 0x1E, 
   0x0A, 0x26, 0x26, 0x25, 0x3F, 0x0A, 0x20, 0x04, 0x24, 0x6B, 
   0x9A, 0x9C, 0xDC, 0x33, 0x9A, 0xDA, 0x22, 0x27, 0x02, 0x0E, 
   0x69, 0xBF, 0x8C, 0x56, 0x05, 0x12, 0x8F, 0x12, 0x07, 0xCD, 
   0x01, 0x10, 0xC6, 0x0B, 0x07, 0x10, 0x39, 0xAF, 0xE9, 0xE7, 
   0xAD, 0x3D, 0x14, 0xCC, 0x90, 0x88, 0xCD, 0x07, 0x12, 0x8F, 
   0x12, 0x0A, 0x01, 0x30, 0xD5, 0x67, 0x6E, 0x9F, 0xC0, 0x97, 
   0x01, 0x03, 0x97, 0xB2, 0x45, 0xFE, 0xE6, 0xDC, 0x2A, 0xFE, 
   0xE5, 0xFC, 0x73, 0x1B, 0x31, 0x0C, 0x09, 0x03, 0x27, 0x20, 
   0x6C, 0x28, 0x40, 0x07, 0x0B, 0x25, 0x23, 0x6F, 0x0E, 0x01, 
   0xF3, 0x1F, 0x31, 0x05, 0x05, 0x46, 0x6B, 0x25, 0x43, 0x0B, 
   0x0A, 0x25, 0x25, 0x70, 0x14, 0xFC, 0xAF, 0x1C, 0x32, 0x0A, 
   0x05, 0x0B, 0x0D, 0x2E, 0x6C, 0x28, 0x41, 0x07, 0x0B, 0x25, 
   0x24, 0x6F, 0x0E, 0x01, 0xF6, 0x1B, 0x33, 0x0A, 0x0B, 0x20, 
   0x2C, 0x6C, 0x28, 0x3E, 0x07, 0x0C, 0x25, 0x24, 0x6F, 0x0E, 
   0xC2, 0x19, 0x31, 0x0B, 0x03, 0x01, 0x09, 0x0D, 0x2D, 0x70, 
   0x25, 0x3F, 0x0B, 0x0A, 0x26, 0x26, 0x6B, 0x1B, 0x01, 0xFF, 
   0x1C, 0x32, 0x07, 0x03, 0x42, 0x6E, 0x28, 0x40, 0x07, 0x0B, 
   0x25, 0x26, 0x6D, 0x12, 0x04, 0x18, 0x67, 0xDF, 0x9C, 0x66, 
   0x57, 0x9A, 0xAF, 0x00, 0x00, 0x09, 0x00, 0x00, 0xFD, 0xAD, 
   0x08, 0xF9, 0x06, 0x7A, 0x00, 0x3B, 0x00, 0x46, 0x00, 0x50, 
   0x00, 0x5C, 0x00, 0x67, 0x00, 0x73, 0x00, 0x7D, 0x00, 0x86, 
   0x00, 0x91, 0x01, 0x1C, 0x00, 0xB2, 0x5A, 0x00, 0x00, 0x2B, 
   0xB0, 0x54, 0xCD, 0xB1, 0x4F, 0x84, 0x32, 0x32, 0xB0, 0x6B, 
   0x2F, 0xB0, 0x71, 0xCD, 0xB0, 0x4B, 0x2F, 0xB0, 0x80, 0x33, 
   0xB0, 0x50, 0xCD, 0xB0, 0x40, 0x2F, 0xB2, 0x03, 0x27, 0x77, 
   0x33, 0x33, 0x33, 0xB0, 0x45, 0xCD, 0xB2, 0x08, 0x22, 0x7B, 
   0x32, 0x32, 0x32, 0xB0, 0x60, 0x2F, 0xB0, 0x09, 0x33, 0xB0, 
   0x65, 0xCD, 0xB0, 0x1C, 0x2F, 0xB0, 0x0F, 0x33, 0xB0, 0x90, 
   0xCD, 0xB0, 0x15, 0x2F, 0xB0, 0x36, 0xCD, 0xB3, 0x89, 0x36, 
   0x15, 0x08, 0x2B, 0xB0, 0x34, 0x33, 0xB0, 0x32, 0xCD, 0x01, 
   0xB0, 0x92, 0x2F, 0xB0, 0x00, 0xD6, 0xB0, 0x0B, 0xCD, 0xB0, 
   0x0B, 0x10, 0xB1, 0x3C, 0x01, 0x2B, 0xB0, 0x47, 0x32, 0xB0, 
   0x43, 0xCD, 0xB0, 0x4D, 0x32, 0xB0, 0x43, 0x10, 0xB1, 0x68, 
   0x01, 0x2B, 0xB1, 0x51, 0x5D, 0x32, 0x32, 0xB0, 0x6E, 0xCD, 
   0xB1, 0x57, 0x62, 0x32, 0x32, 0xB0, 0x6E, 0x10, 0xB1, 0x7E, 
   0x01, 0x2B, 0xB0, 0x74, 0x32, 0xB0, 0x83, 0xCD, 0xB0, 0x79, 
   0x32, 0xB0, 0x83, 0x10, 0xB1, 0x8B, 0x01, 0x2B, 0xB0, 0x2E, 
   0xCD, 0xB0, 0x1F, 0x20, 0xD6, 0x11, 0xB0, 0x2A, 0xCD, 0xB1, 
   0x93, 0x01, 0x2B, 0xB1, 0x3C, 0x0B, 0x11, 0x12, 0xB2, 0x05, 
   0x13, 0x39, 0x39, 0x39, 0x39, 0xB1, 0x6E, 0x68, 0x11, 0x12, 
   0xB1, 0x36, 0x15, 0x39, 0x39, 0xB0, 0x7E, 0x11, 0xB0, 0x34, 
   0x39, 0xB0, 0x83, 0x12, 0xB2, 0x18, 0x1B, 0x87, 0x39, 0x39, 
   0x39, 0xB0, 0x1F, 0x11, 0xB6, 0x1C, 0x24, 0x25, 0x32, 0x88, 
   0x89, 0x90, 0x24, 0x17, 0x39, 0xB0, 0x8B, 0x12, 0xB0, 0x8D, 
   0x39, 0xB0, 0x2A, 0x11, 0xB0, 0x2C, 0x39, 0x00, 0xB1, 0x65, 
   0x60, 0x11, 0x12, 0xB0, 0x21, 0x39, 0xB0, 0x1C, 0x11, 0xB5, 
   0x0B, 0x00, 0x0E, 0x1F, 0x2A, 0x2C, 0x24, 0x17, 0x39, 0xB0, 
   0x90, 0x12, 0xB3, 0x12, 0x18, 0x39, 0x8D, 0x24, 0x17, 0x39, 
   0xB0, 0x15, 0x11, 0xB2, 0x13, 0x2E, 0x8B, 0x39, 0x39, 0x39, 
   0xB0, 0x89, 0x12, 0xB0, 0x87, 0x39, 0x30, 0x31, 0x11, 0x14, 
   0x00, 0x17, 0x32, 0x3D, 0x01, 0x34, 0x23, 0x2E, 0x01, 0x35, 
   0x34, 0x36, 0x3F, 0x01, 0x32, 0x35, 0x37, 0x36, 0x24, 0x33, 
   0x32, 0x04, 0x1F, 0x01, 0x14, 0x3B, 0x01, 0x32, 0x16, 0x15, 
   0x14, 0x06, 0x07, 0x22, 0x1D, 0x01, 0x14, 0x33, 0x36, 0x00, 
   0x35, 0x34, 0x27, 0x36, 0x35, 0x34, 0x02, 0x24, 0x23, 0x22, 
   0x07, 0x26, 0x23, 0x22, 0x00, 0x07, 0x06, 0x02, 0x01, 0x14, 
   0x17, 0x16, 0x33, 0x32, 0x36, 0x34, 0x26, 0x22, 0x06, 0x10, 
   0x14, 0x17, 0x16, 0x33, 0x32, 0x36, 0x34, 0x26, 0x22, 0x25, 
   0x14, 0x16, 0x33, 0x32, 0x36, 0x35, 0x34, 0x26, 0x23, 0x22, 
   0x06, 0x11, 0x14, 0x16, 0x33, 0x32, 0x36, 0x34, 0x26, 0x23, 
   0x22, 0x06, 0x11, 0x14, 0x16, 0x33, 0x32, 0x36, 0x35, 0x34, 
   0x26, 0x23, 0x22, 0x06, 0x01, 0x14, 0x17, 0x16, 0x32, 0x36, 
   0x34, 0x26, 0x22, 0x06, 0x11, 0x14, 0x16, 0x32, 0x36, 0x34, 
   0x26, 0x22, 0x06, 0x13, 0x36, 0x20, 0x16, 0x15, 0x14, 0x07, 
   0x26, 0x2B, 0x01, 0x26, 0x01, 0x2A, 0xD6, 0x13, 0x13, 0x89, 
   0xC1, 0xB5, 0x86, 0x38, 0x15, 0x08, 0x11, 0x01, 0x03, 0xAF, 
   0xAE, 0x01, 0x06, 0x12, 0x08, 0x12, 0xAD, 0x91, 0xCE, 0xC2, 
   0x89, 0x14, 0x14, 0xD6, 0x01, 0x29, 0x2E, 0x7E, 0x97, 0xFE, 
   0xFE, 0x97, 0xF8, 0xA7, 0x81, 0xA0, 0xE2, 0xFE, 0xA2, 0x32, 
   0xB1, 0xE6, 0x02, 0xA9, 0x1A, 0x1B, 0x23, 0x25, 0x33, 0x32, 
   0x4C, 0x32, 0x1A, 0x1A, 0x24, 0x26, 0x32, 0x33, 0x4A, 0x01, 
   0x22, 0x36, 0x23, 0x25, 0x36, 0x36, 0x25, 0x23, 0x36, 0x34, 
   0x25, 0x26, 0x35, 0x35, 0x26, 0x24, 0x35, 0x35, 0x24, 0x25, 
   0x36, 0x36, 0x25, 0x23, 0x36, 0x01, 0x59, 0x1A, 0x1B, 0x4A, 
   0x33, 0x32, 0x4C, 0x34, 0x34, 0x4C, 0x32, 0x33, 0x4A, 0x35, 
   0x69, 0x6C, 0x01, 0x3A, 0xDB, 0x36, 0x9A, 0xDB, 0x21, 0x2F, 
   0x02, 0x11, 0xD5, 0xFE, 0xCD, 0x0A, 0x12, 0x8F, 0x12, 0x08, 
   0xCC, 0x8B, 0x85, 0xC4, 0x10, 0x04, 0x13, 0x3A, 0xAD, 0xEA, 
   0xEA, 0xAD, 0x3D, 0x14, 0xCB, 0x8E, 0x8A, 0xCD, 0x08, 0x12, 
   0x8F, 0x12, 0x07, 0x01, 0x35, 0xD6, 0x72, 0x64, 0x9A, 0xC8, 
   0x98, 0x01, 0x03, 0x96, 0xB9, 0x45, 0xFE, 0xE7, 0xDA, 0x2A, 
   0xFE, 0xE1, 0xFD, 0x90, 0x23, 0x1A, 0x1B, 0x32, 0x4C, 0x32, 
   0x32, 0xFE, 0x7D, 0x4C, 0x18, 0x1A, 0x32, 0x4C, 0x35, 0x5E, 
   0x25, 0x39, 0x38, 0x26, 0x23, 0x35, 0x35, 0x01, 0x5C, 0x24, 
   0x34, 0x33, 0x4A, 0x35, 0x35, 0xFC, 0xD4, 0x25, 0x36, 0x35, 
   0x26, 0x23, 0x35, 0x35, 0x02, 0x2F, 0x21, 0x1C, 0x1B, 0x32, 
   0x4C, 0x32, 0x32, 0xFE, 0x57, 0x24, 0x34, 0x32, 0x4C, 0x35, 
   0x35, 0x06, 0x5C, 0x6C, 0xDE, 0x9E, 0x5E, 0x66, 0x9A, 0xBA, 
   0x00, 0x05, 0xFF, 0xFE, 0xFF, 0x11, 0x08, 0xF6, 0x06, 0x7E, 
   0x00, 0x3B, 0x00, 0x4A, 0x00, 0x5B, 0x00, 0x67, 0x00, 0x73, 
   0x00, 0xE8, 0x00, 0xB2, 0x03, 0x00, 0x00, 0x2B, 0xB0, 0x27, 
   0x33, 0xB0, 0x08, 0xCD, 0xB0, 0x22, 0x32, 0xB0, 0x1C, 0x2F, 
   0xB0, 0x72, 0xCD, 0xB0, 0x15, 0x2F, 0xB0, 0x36, 0xCD, 0xB3, 
   0x6A, 0x36, 0x15, 0x08, 0x2B, 0xB0, 0x34, 0x33, 0xB0, 0x32, 
   0xCD, 0x01, 0xB0, 0x74, 0x2F, 0xB0, 0x00, 0xD6, 0xB0, 0x0B, 
   0xCD, 0xB0, 0x0B, 0x10, 0xB1, 0x3C, 0x01, 0x2B, 0xB0, 0x41, 
   0xCD, 0xB0, 0x41, 0x10, 0xB1, 0x4B, 0x01, 0x2B, 0xB0, 0x51, 
   0xCD, 0xB3, 0x62, 0x51, 0x4B, 0x08, 0x2B, 0xB0, 0x5C, 0xCD, 
   0xB0, 0x5C, 0x2F, 0xB0, 0x62, 0xCD, 0xB0, 0x51, 0x10, 0xB1, 
   0x6D, 0x01, 0x2B, 0xB0, 0x2E, 0xCD, 0xB0, 0x1F, 0x20, 0xD6, 
   0x11, 0xB0, 0x2A, 0xCD, 0xB1, 0x75, 0x01, 0x2B, 0xB1, 0x3C, 
   0x0B, 0x11, 0x12, 0xB2, 0x05, 0x13, 0x39, 0x39, 0x39, 0x39, 
   0xB1, 0x5C, 0x4B, 0x11, 0x12, 0xB1, 0x36, 0x15, 0x39, 0x39, 
   0xB0, 0x62, 0x11, 0xB2, 0x56, 0x58, 0x4E, 0x39, 0x39, 0x39, 
   0xB0, 0x51, 0x12, 0xB0, 0x34, 0x39, 0xB0, 0x1F, 0x11, 0xB6, 
   0x18, 0x24, 0x25, 0x32, 0x68, 0x6A, 0x72, 0x24, 0x17, 0x39, 
   0xB0, 0x6D, 0x12, 0xB0, 0x6F, 0x39, 0xB0, 0x2A, 0x11, 0xB0, 
   0x2C, 0x39, 0x00, 0xB1, 0x08, 0x03, 0x11, 0x12, 0xB2, 0x02, 
   0x4B, 0x51, 0x39, 0x39, 0x39, 0xB0, 0x1C, 0x11, 0x40, 0x0B, 
   0x00, 0x0E, 0x2A, 0x2C, 0x3E, 0x47, 0x56, 0x58, 0x5C, 0x5F, 
   0x62, 0x24, 0x17, 0x39, 0xB0, 0x72, 0x12, 0xB4, 0x12, 0x18, 
   0x39, 0x64, 0x6F, 0x24, 0x17, 0x39, 0xB0, 0x15, 0x11, 0xB2, 
   0x13, 0x2E, 0x6D, 0x39, 0x39, 0x39, 0xB0, 0x6A, 0x12, 0xB0, 
   0x68, 0x39, 0x30, 0x31, 0x03, 0x14, 0x00, 0x17, 0x32, 0x3D, 
   0x01, 0x34, 0x23, 0x2E, 0x01, 0x35, 0x34, 0x36, 0x3F, 0x01, 
   0x32, 0x35, 0x37, 0x36, 0x24, 0x33, 0x32, 0x04, 0x1F, 0x01, 
   0x14, 0x3B, 0x01, 0x32, 0x16, 0x15, 0x14, 0x06, 0x07, 0x22, 
   0x1D, 0x01, 0x14, 0x33, 0x36, 0x00, 0x35, 0x34, 0x27, 0x36, 
   0x35, 0x34, 0x02, 0x24, 0x23, 0x22, 0x07, 0x26, 0x23, 0x22, 
   0x00, 0x07, 0x06, 0x02, 0x01, 0x14, 0x16, 0x32, 0x36, 0x35, 
   0x34, 0x26, 0x27, 0x2E, 0x01, 0x27, 0x07, 0x0E, 0x01, 0x01, 
   0x14, 0x16, 0x33, 0x32, 0x36, 0x35, 0x34, 0x26, 0x27, 0x26, 
   0x27, 0x26, 0x27, 0x07, 0x0E, 0x01, 0x13, 0x14, 0x16, 0x33, 
   0x32, 0x36, 0x35, 0x34, 0x27, 0x07, 0x0E, 0x01, 0x01, 0x36, 
   0x33, 0x32, 0x16, 0x15, 0x14, 0x07, 0x26, 0x2B, 0x01, 0x26, 
   0x02, 0x01, 0x29, 0xD7, 0x12, 0x12, 0x8C, 0xBF, 0xB6, 0x86, 
   0x38, 0x14, 0x07, 0x11, 0x01, 0x04, 0xB0, 0xAF, 0x01, 0x04, 
   0x13, 0x06, 0x14, 0xAB, 0x91, 0xCE, 0xBE, 0x8B, 0x16, 0x16, 
   0xD5, 0x01, 0x29, 0x2E, 0x7E, 0x97, 0xFE, 0xFE, 0x97, 0xF4, 
   0xAF, 0x84, 0x98, 0xE2, 0xFE, 0xA1, 0x31, 0xB1, 0xE6, 0x02, 
   0x79, 0x5B, 0x7E, 0x57, 0x4B, 0x21, 0x03, 0x21, 0x06, 0x26, 
   0x2C, 0x48, 0x01, 0x3F, 0x93, 0x66, 0x67, 0x94, 0x32, 0x23, 
   0x4A, 0x40, 0x09, 0x13, 0x3E, 0x47, 0x74, 0x9D, 0x3C, 0x2E, 
   0x29, 0x3A, 0x63, 0x1B, 0x1E, 0x31, 0x01, 0x6A, 0x6B, 0x9E, 
   0x9C, 0xDC, 0x36, 0xA0, 0xD6, 0x21, 0x2D, 0x02, 0x11, 0xD5, 
   0xFE, 0xCD, 0x0A, 0x12, 0x92, 0x14, 0x0A, 0xC8, 0x88, 0x87, 
   0xC7, 0x0B, 0x07, 0x14, 0x35, 0xAD, 0xEA, 0xE9, 0xAE, 0x3D, 
   0x13, 0xCB, 0x8E, 0x88, 0xC8, 0x0A, 0x14, 0x92, 0x12, 0x07, 
   0x01, 0x35, 0xD6, 0x76, 0x60, 0x99, 0xCD, 0x97, 0x01, 0x03, 
   0x97, 0xBB, 0x43, 0xFE, 0xE8, 0xDB, 0x2A, 0xFE, 0xE1, 0xFE, 
   0xE9, 0x3C, 0x58, 0x56, 0x3E, 0x29, 0x88, 0x27, 0x04, 0x23, 
   0x08, 0x2B, 0x30, 0x81, 0xFE, 0x2C, 0x65, 0x94, 0x94, 0x65, 
   0x2B, 0x78, 0x33, 0x5F, 0x40, 0x07, 0x13, 0x3E, 0x44, 0xC5, 
   0x02, 0x83, 0x2B, 0x39, 0x39, 0x2B, 0x41, 0x6B, 0x1C, 0x20, 
   0x55, 0x02, 0x69, 0x6A, 0xDA, 0x9C, 0x65, 0x60, 0x9A, 0xBC, 
   0x00, 0x00, 0x00, 0x06, 0x00, 0x00, 0xFD, 0x9D, 0x08, 0xF7, 
   0x06, 0x79, 0x00, 0x4A, 0x00, 0x5D, 0x00, 0x6F, 0x00, 0x80, 
   0x00, 0x93, 0x00, 0x9F, 0x01, 0x44, 0x00, 0xB2, 0x34, 0x00, 
   0x00, 0x2B, 0xB0, 0x0D, 0x33, 0xB0, 0x2F, 0xCD, 0xB0, 0x29, 
   0x2F, 0xB0, 0x9E, 0xCD, 0xB0, 0x22, 0x2F, 0xB0, 0x45, 0xCD, 
   0xB3, 0x96, 0x45, 0x22, 0x08, 0x2B, 0xB0, 0x43, 0x33, 0xB0, 
   0x40, 0xCD, 0x01, 0xB0, 0xA0, 0x2F, 0xB0, 0x00, 0xD6, 0xB0, 
   0x18, 0xCD, 0xB0, 0x18, 0x10, 0xB1, 0x5E, 0x01, 0x2B, 0xB0, 
   0x64, 0xCD, 0xB0, 0x64, 0x10, 0xB1, 0x99, 0x01, 0x2B, 0xB0, 
   0x3B, 0xCD, 0xB0, 0x2C, 0x20, 0xD6, 0x11, 0xB0, 0x37, 0xCD, 
   0xB1, 0xA1, 0x01, 0x2B, 0xB0, 0x36, 0x1A, 0xBA, 0x3D, 0x93, 
   0xEE, 0x8E, 0x00, 0x15, 0x2B, 0x0A, 0x0E, 0xB0, 0x5C, 0x10, 
   0xB0, 0x6B, 0xC0, 0xB1, 0x54, 0x03, 0xF9, 0xB0, 0x65, 0xC0, 
   0xB3, 0x55, 0x54, 0x65, 0x13, 0x2B, 0xB0, 0x5C, 0x10, 0xB3, 
   0x5B, 0x5C, 0x6B, 0x13, 0x2B, 0x04, 0xB0, 0x54, 0x10, 0xB3, 
   0x64, 0x54, 0x65, 0x13, 0x2B, 0xBA, 0x3D, 0xC4, 0xEF, 0x3D, 
   0x00, 0x15, 0x2B, 0x0B, 0xB0, 0x5C, 0x10, 0xB3, 0x6C, 0x5C, 
   0x6B, 0x13, 0x2B, 0xB2, 0x5B, 0x5C, 0x6B, 0x20, 0x8A, 0x20, 
   0x8A, 0x23, 0x06, 0x0E, 0x11, 0x12, 0x39, 0xB0, 0x6C, 0x39, 
   0xB2, 0x55, 0x54, 0x65, 0x11, 0x12, 0x39, 0x00, 0xB7, 0x54, 
   0x55, 0x5B, 0x5C, 0x64, 0x65, 0x6B, 0x6C, 0x2E, 0x2E, 0x2E, 
   0x2E, 0x2E, 0x2E, 0x2E, 0x2E, 0x01, 0xB6, 0x54, 0x55, 0x5B, 
   0x5C, 0x65, 0x6B, 0x6C, 0x2E, 0x2E, 0x2E, 0x2E, 0x2E, 0x2E, 
   0x2E, 0xB0, 0x40, 0x1A, 0x01, 0xB1, 0x5E, 0x18, 0x11, 0x12, 
   0xB5, 0x03, 0x10, 0x20, 0x48, 0x4B, 0x50, 0x24, 0x17, 0x39, 
   0xB0, 0x64, 0x11, 0xB1, 0x45, 0x22, 0x39, 0x39, 0xB0, 0x2C, 
   0x12, 0x40, 0x0C, 0x25, 0x31, 0x32, 0x40, 0x43, 0x70, 0x79, 
   0x81, 0x8C, 0x94, 0x96, 0x9E, 0x24, 0x17, 0x39, 0xB0, 0x99, 
   0x11, 0xB0, 0x9B, 0x39, 0xB0, 0x37, 0x12, 0xB0, 0x39, 0x39, 
   0x00, 0xB1, 0x2F, 0x34, 0x11, 0x12, 0xB3, 0x03, 0x35, 0x6E, 
   0x7C, 0x24, 0x17, 0x39, 0xB0, 0x29, 0x11, 0x40, 0x09, 0x11, 
   0x00, 0x1B, 0x15, 0x37, 0x39, 0x69, 0x86, 0x8F, 0x24, 0x17, 
   0x39, 0xB0, 0x9E, 0x12, 0xB3, 0x1F, 0x25, 0x48, 0x9B, 0x24, 
   0x17, 0x39, 0xB0, 0x22, 0x11, 0xB2, 0x20, 0x3B, 0x99, 0x39, 
   0x39, 0x39, 0xB0, 0x96, 0x12, 0xB0, 0x94, 0x39, 0x30, 0x31, 
   0x11, 0x14, 0x12, 0x17, 0x07, 0x06, 0x3B, 0x01, 0x03, 0x33, 
   0x01, 0x36, 0x26, 0x2B, 0x01, 0x01, 0x36, 0x23, 0x21, 0x22, 
   0x07, 0x03, 0x2E, 0x01, 0x35, 0x34, 0x36, 0x3F, 0x01, 0x32, 
   0x35, 0x37, 0x36, 0x24, 0x33, 0x32, 0x04, 0x1F, 0x01, 0x14, 
   0x3B, 0x01, 0x32, 0x16, 0x15, 0x14, 0x06, 0x07, 0x22, 0x1D, 
   0x01, 0x14, 0x33, 0x36, 0x00, 0x35, 0x34, 0x27, 0x36, 0x35, 
   0x34, 0x2E, 0x02, 0x23, 0x22, 0x06, 0x07, 0x26, 0x23, 0x22, 
   0x00, 0x07, 0x06, 0x02, 0x01, 0x14, 0x16, 0x17, 0x32, 0x1E, 
   0x01, 0x33, 0x36, 0x3F, 0x01, 0x36, 0x26, 0x27, 0x26, 0x06, 
   0x0F, 0x01, 0x06, 0x13, 0x14, 0x16, 0x17, 0x16, 0x36, 0x3F, 
   0x01, 0x36, 0x26, 0x27, 0x26, 0x06, 0x0F, 0x01, 0x14, 0x0E, 
   0x01, 0x05, 0x14, 0x16, 0x17, 0x16, 0x33, 0x32, 0x3F, 0x01, 
   0x36, 0x26, 0x27, 0x26, 0x06, 0x0F, 0x01, 0x06, 0x13, 0x14, 
   0x16, 0x17, 0x16, 0x33, 0x32, 0x37, 0x36, 0x3F, 0x01, 0x36, 
   0x26, 0x27, 0x26, 0x06, 0x0F, 0x01, 0x06, 0x13, 0x36, 0x33, 
   0x32, 0x16, 0x15, 0x14, 0x07, 0x26, 0x2B, 0x01, 0x26, 0xD5, 
   0xA8, 0x45, 0x07, 0x16, 0xE2, 0x7A, 0x1F, 0x01, 0xB3, 0x06, 
   0x09, 0x0B, 0xE8, 0x01, 0x08, 0x0C, 0x1A, 0xFE, 0xC4, 0x0F, 
   0x05, 0x76, 0x72, 0x97, 0xB5, 0x86, 0x38, 0x15, 0x08, 0x11, 
   0x01, 0x03, 0xB0, 0xAF, 0x01, 0x04, 0x13, 0x07, 0x13, 0xAD, 
   0x91, 0xCE, 0xC0, 0x8B, 0x14, 0x14, 0xD5, 0x01, 0x29, 0x2C, 
   0x7A, 0x5A, 0x96, 0xD0, 0x71, 0x76, 0xD8, 0x4E, 0x83, 0x9D, 
   0xE3, 0xFE, 0xA2, 0x32, 0xB1, 0xE6, 0x03, 0x68, 0x22, 0x20, 
   0x03, 0x0B, 0x09, 0x04, 0x44, 0x11, 0x1F, 0x0A, 0x27, 0x25, 
   0x23, 0x41, 0x0B, 0x1B, 0x05, 0x8F, 0x21, 0x21, 0x23, 0x40, 
   0x0B, 0x20, 0x0A, 0x25, 0x26, 0x24, 0x41, 0x0C, 0x1B, 0x02, 
   0x01, 0x01, 0x2E, 0x22, 0x21, 0x19, 0x04, 0x3F, 0x13, 0x1A, 
   0x0B, 0x22, 0x24, 0x28, 0x42, 0x07, 0x1E, 0x02, 0x91, 0x22, 
   0x23, 0x1B, 0x01, 0x13, 0x15, 0x1F, 0x0B, 0x1F, 0x0A, 0x27, 
   0x25, 0x24, 0x40, 0x0B, 0x1E, 0x03, 0x0B, 0x6A, 0x9B, 0x9D, 
   0xDC, 0x34, 0x9E, 0xD6, 0x22, 0x31, 0x02, 0x15, 0xB0, 0xFE, 
   0xE5, 0x32, 0xB1, 0x16, 0xFE, 0x4C, 0x02, 0x4A, 0x07, 0x10, 
   0x01, 0xF2, 0x17, 0x0F, 0xFE, 0xC8, 0x1D, 0xC0, 0x78, 0x86, 
   0xC7, 0x0C, 0x07, 0x12, 0x37, 0xAE, 0xE9, 0xE9, 0xAE, 0x3E, 
   0x12, 0xCB, 0x8E, 0x89, 0xC9, 0x0A, 0x13, 0x93, 0x12, 0x07, 
   0x01, 0x36, 0xD7, 0x74, 0x61, 0xA0, 0xBF, 0x72, 0xCF, 0x96, 
   0x59, 0x60, 0x56, 0x46, 0xFE, 0xE9, 0xDC, 0x29, 0xFE, 0xE0, 
   0xFB, 0x2B, 0x1C, 0x35, 0x06, 0x02, 0x01, 0x05, 0x3C, 0x71, 
   0x23, 0x41, 0x0B, 0x0A, 0x26, 0x26, 0x6B, 0x19, 0x01, 0xFC, 
   0x18, 0x30, 0x0C, 0x0C, 0x23, 0x27, 0x6F, 0x28, 0x40, 0x07, 
   0x0B, 0x25, 0x26, 0x6D, 0x03, 0x0B, 0x09, 0xB1, 0x1E, 0x33, 
   0x09, 0x05, 0x40, 0x71, 0x23, 0x40, 0x0C, 0x0A, 0x27, 0x25, 
   0x6A, 0x08, 0x01, 0xED, 0x1A, 0x31, 0x0C, 0x03, 0x09, 0x10, 
   0x28, 0x6F, 0x23, 0x41, 0x0B, 0x0B, 0x25, 0x26, 0x6D, 0x0E, 
   0x04, 0x11, 0x66, 0xDD, 0x9D, 0x65, 0x59, 0x9A, 0xB9, 0x00, 
   0x00, 0x00, 0x00, 0x04, 0x00, 0x00, 0xFD, 0x8F, 0x08, 0xF0, 
   0x06, 0x76, 0x00, 0x4B, 0x00, 0x5B, 0x00, 0x6D, 0x00, 0x79, 
   0x01, 0x03, 0x00, 0xB2, 0x35, 0x00, 0x00, 0x2B, 0xB0, 0x0D, 
   0x33, 0xB0, 0x30, 0xCD, 0xB0, 0x2A, 0x2F, 0xB0, 0x1C, 0x33, 
   0xB0, 0x78, 0xCD, 0xB0, 0x23, 0x2F, 0xB0, 0x46, 0xCD, 0xB3, 
   0x70, 0x46, 0x23, 0x08, 0x2B, 0xB0, 0x44, 0x33, 0xB0, 0x42, 
   0xCD, 0x01, 0xB0, 0x7A, 0x2F, 0xB0, 0x00, 0xD6, 0xB0, 0x18, 
   0xCD, 0xB0, 0x18, 0x10, 0xB1, 0x4C, 0x01, 0x2B, 0xB0, 0x52, 
   0xCD, 0xB0, 0x52, 0x10, 0xB1, 0x5C, 0x01, 0x2B, 0xB0, 0x64, 
   0xCD, 0xB0, 0x64, 0x10, 0xB1, 0x73, 0x01, 0x2B, 0xB0, 0x3D, 
   0xCD, 0xB0, 0x2D, 0x20, 0xD6, 0x11, 0xB0, 0x39, 0xCD, 0xB1, 
   0x7B, 0x01, 0x2B, 0xB0, 0x36, 0x1A, 0xBA, 0x3D, 0x9C, 0xEE, 
   0xAC, 0x00, 0x15, 0x2B, 0x0A, 0x04, 0xB0, 0x52, 0x2E, 0x0E, 
   0xB0, 0x53, 0xC0, 0xB1, 0x5A, 0x08, 0xF9, 0xB0, 0x59, 0xC0, 
   0x00, 0xB3, 0x52, 0x53, 0x59, 0x5A, 0x2E, 0x2E, 0x2E, 0x2E, 
   0x01, 0xB2, 0x53, 0x59, 0x5A, 0x2E, 0x2E, 0x2E, 0xB0, 0x40, 
   0x1A, 0x01, 0xB1, 0x4C, 0x18, 0x11, 0x12, 0xB7, 0x05, 0x03, 
   0x09, 0x0E, 0x15, 0x07, 0x20, 0x49, 0x24, 0x17, 0x39, 0xB0, 
   0x52, 0x11, 0xB1, 0x0B, 0x10, 0x39, 0x39, 0xB0, 0x5C, 0x12, 
   0xB1, 0x46, 0x23, 0x39, 0x39, 0xB0, 0x64, 0x11, 0xB0, 0x44, 
   0x39, 0xB0, 0x2D, 0x12, 0xB7, 0x26, 0x32, 0x33, 0x42, 0x66, 
   0x6E, 0x70, 0x78, 0x24, 0x17, 0x39, 0xB0, 0x73, 0x11, 0xB0, 
   0x75, 0x39, 0xB0, 0x39, 0x12, 0xB0, 0x3B, 0x39, 0x00, 0xB1, 
   0x30, 0x35, 0x11, 0x12, 0xB0, 0x03, 0x39, 0xB0, 0x2A, 0x11, 
   0xB7, 0x11, 0x00, 0x1B, 0x15, 0x39, 0x3B, 0x57, 0x69, 0x24, 
   0x17, 0x39, 0xB0, 0x78, 0x12, 0xB3, 0x1F, 0x26, 0x49, 0x75, 
   0x24, 0x17, 0x39, 0xB0, 0x23, 0x11, 0xB2, 0x20, 0x3D, 0x73, 
   0x39, 0x39, 0x39, 0xB0, 0x70, 0x12, 0xB0, 0x6E, 0x39, 0x30, 
   0x31, 0x11, 0x14, 0x12, 0x17, 0x07, 0x06, 0x3B, 0x01, 0x03, 
   0x33, 0x01, 0x36, 0x26, 0x2B, 0x01, 0x01, 0x36, 0x23, 0x21, 
   0x22, 0x07, 0x03, 0x2E, 0x01, 0x35, 0x34, 0x36, 0x3F, 0x01, 
   0x32, 0x35, 0x37, 0x3E, 0x02, 0x33, 0x32, 0x04, 0x1F, 0x01, 
   0x14, 0x3B, 0x01, 0x32, 0x16, 0x15, 0x14, 0x06, 0x07, 0x22, 
   0x1D, 0x01, 0x14, 0x33, 0x3E, 0x02, 0x35, 0x34, 0x27, 0x36, 
   0x35, 0x34, 0x2E, 0x02, 0x23, 0x22, 0x07, 0x26, 0x23, 0x22, 
   0x00, 0x07, 0x06, 0x02, 0x01, 0x14, 0x16, 0x1F, 0x01, 0x32, 
   0x37, 0x01, 0x36, 0x26, 0x27, 0x26, 0x06, 0x07, 0x01, 0x06, 
   0x01, 0x14, 0x17, 0x16, 0x33, 0x32, 0x37, 0x36, 0x37, 0x13, 
   0x36, 0x26, 0x27, 0x26, 0x06, 0x07, 0x03, 0x06, 0x13, 0x36, 
   0x33, 0x32, 0x16, 0x15, 0x14, 0x07, 0x26, 0x2B, 0x01, 0x26, 
   0xD4, 0xA7, 0x44, 0x08, 0x17, 0xE2, 0x6F, 0x1E, 0x01, 0xA7, 
   0x06, 0x09, 0x0B, 0xE8, 0x01, 0x08, 0x0B, 0x1A, 0xFE, 0xC6, 
   0x0E, 0x0A, 0x72, 0x72, 0x95, 0xB3, 0x86, 0x39, 0x13, 0x08, 
   0x0B, 0x7E, 0xC7, 0x73, 0xAD, 0x01, 0x04, 0x12, 0x08, 0x12, 
   0xAD, 0x8E, 0xCF, 0xC0, 0x88, 0x15, 0x15, 0x8B, 0xEA, 0x86, 
   0x2D, 0x7D, 0x59, 0x96, 0xCE, 0x71, 0xF7, 0xA5, 0x81, 0x9F, 
   0xE1, 0xFE, 0xA2, 0x31, 0xB0, 0xE6, 0x03, 0x4E, 0x1F, 0x21, 
   0x1B, 0x43, 0x12, 0x01, 0x03, 0x0A, 0x22, 0x23, 0x25, 0x41, 
   0x0A, 0xFE, 0xFB, 0x03, 0x01, 0xBA, 0x42, 0x1B, 0x01, 0x12, 
   0x13, 0x20, 0x0D, 0xAF, 0x0A, 0x24, 0x24, 0x25, 0x40, 0x0A, 
   0xAD, 0x05, 0xB2, 0x6C, 0x9C, 0x9B, 0xDC, 0x36, 0x9A, 0xD9, 
   0x22, 0x2D, 0x02, 0x11, 0xB2, 0xFE, 0xE8, 0x2F, 0xB3, 0x17, 
   0xFE, 0x41, 0x02, 0x58, 0x07, 0x10, 0x01, 0xEC, 0x17, 0x0F, 
   0xFE, 0xCE, 0x1C, 0xBC, 0x79, 0x85, 0xC3, 0x10, 0x04, 0x13, 
   0x39, 0x71, 0xBB, 0x6A, 0xEA, 0xAC, 0x3C, 0x14, 0xCC, 0x8C, 
   0x8A, 0xCB, 0x07, 0x13, 0x8F, 0x12, 0x04, 0x91, 0xF0, 0x8B, 
   0x75, 0x61, 0x94, 0xCD, 0x71, 0xCE, 0x96, 0x59, 0xB9, 0x45, 
   0xFE, 0xE9, 0xDA, 0x29, 0xFE, 0xE1, 0xFB, 0x2A, 0x1A, 0x2E, 
   0x0A, 0x03, 0x40, 0x03, 0xB4, 0x25, 0x3F, 0x0B, 0x0B, 0x23, 
   0x24, 0xFC, 0x4B, 0x1B, 0x01, 0x42, 0x40, 0x15, 0x03, 0x08, 
   0x0E, 0x2D, 0x02, 0x70, 0x25, 0x3F, 0x0B, 0x0B, 0x23, 0x24, 
   0xFD, 0x8C, 0x17, 0x06, 0x1D, 0x66, 0xDA, 0x9B, 0x65, 0x60, 
   0x9A, 0xB7, 0x00, 0x03, 0x00, 0x00, 0x01, 0x68, 0x04, 0x58, 
   0x05, 0x4F, 0x00, 0x09, 0x00, 0x13, 0x00, 0x4F, 0x00, 0x7F, 
   0x00, 0xB0, 0x19, 0x2F, 0xB0, 0x28, 0xCD, 0xB0, 0x08, 0x2F, 
   0xB0, 0x0E, 0xCD, 0xB0, 0x12, 0x2F, 0xB0, 0x35, 0x33, 0xB0, 
   0x03, 0xCD, 0xB0, 0x4A, 0x32, 0x01, 0xB0, 0x50, 0x2F, 0xB0, 
   0x01, 0xD6, 0xB0, 0x0B, 0xCD, 0xB0, 0x0B, 0x10, 0xB1, 0x10, 
   0x01, 0x2B, 0xB0, 0x06, 0xCD, 0xB0, 0x06, 0x10, 0xB1, 0x14, 
   0x01, 0x2B, 0xB0, 0x2E, 0xCD, 0xB0, 0x2E, 0x10, 0xB1, 0x39, 
   0x01, 0x2B, 0xB0, 0x21, 0x32, 0xB0, 0x44, 0xCD, 0xB0, 0x1B, 
   0x32, 0xB1, 0x51, 0x01, 0x2B, 0xB1, 0x10, 0x0B, 0x11, 0x12, 
   0xB1, 0x08, 0x03, 0x39, 0x39, 0xB1, 0x39, 0x2E, 0x11, 0x12, 
   0xB1, 0x19, 0x4A, 0x39, 0x39, 0xB0, 0x44, 0x11, 0xB0, 0x3D, 
   0x39, 0x00, 0xB1, 0x08, 0x28, 0x11, 0x12, 0xB0, 0x1F, 0x39, 
   0xB1, 0x12, 0x0E, 0x11, 0x12, 0xB5, 0x01, 0x05, 0x06, 0x00, 
   0x3E, 0x43, 0x24, 0x17, 0x39, 0x30, 0x31, 0x10, 0x34, 0x36, 
   0x33, 0x32, 0x16, 0x14, 0x06, 0x23, 0x22, 0x26, 0x14, 0x17, 
   0x16, 0x32, 0x36, 0x34, 0x26, 0x23, 0x22, 0x01, 0x14, 0x17, 
   0x1E, 0x01, 0x33, 0x32, 0x37, 0x36, 0x26, 0x27, 0x26, 0x06, 
   0x07, 0x14, 0x06, 0x07, 0x06, 0x07, 0x06, 0x23, 0x22, 0x27, 
   0x26, 0x27, 0x26, 0x35, 0x11, 0x34, 0x37, 0x36, 0x37, 0x36, 
   0x33, 0x32, 0x17, 0x16, 0x17, 0x1E, 0x01, 0x15, 0x1E, 0x01, 
   0x37, 0x3E, 0x01, 0x27, 0x35, 0x27, 0x2E, 0x01, 0x27, 0x2E, 
   0x01, 0x23, 0x22, 0x06, 0x07, 0x06, 0x15, 0x72, 0x50, 0x4F, 
   0x71, 0x71, 0x4F, 0x50, 0x14, 0x1D, 0x1E, 0x52, 0x3C, 0x3C, 
   0x29, 0x2A, 0x01, 0x65, 0x44, 0x24, 0x7E, 0x50, 0xEA, 0x3B, 
   0x06, 0x19, 0x17, 0x17, 0x28, 0x05, 0x03, 0x01, 0x12, 0x1E, 
   0x32, 0x51, 0x32, 0x27, 0x40, 0x1B, 0x12, 0x03, 0x06, 0x2A, 
   0x2F, 0x64, 0x53, 0x30, 0x20, 0x10, 0x01, 0x03, 0x06, 0x26, 
   0x18, 0x17, 0x19, 0x06, 0x09, 0x08, 0x2B, 0x1B, 0x21, 0x6D, 
   0x40, 0x51, 0x7D, 0x23, 0x45, 0x04, 0x38, 0xA0, 0x72, 0x72, 
   0xA0, 0x72, 0xEC, 0x54, 0x1D, 0x1E, 0x3C, 0x52, 0x3C, 0xFD, 
   0xC3, 0x7B, 0x60, 0x32, 0x3B, 0xB2, 0x17, 0x29, 0x04, 0x06, 
   0x1A, 0x17, 0x01, 0x09, 0x03, 0x1E, 0x12, 0x1E, 0x11, 0x1B, 
   0x44, 0x2C, 0x3C, 0x01, 0x58, 0x18, 0x18, 0x3D, 0x32, 0x38, 
   0x1D, 0x13, 0x1D, 0x03, 0x0B, 0x01, 0x16, 0x15, 0x05, 0x05, 
   0x27, 0x17, 0x01, 0x19, 0x12, 0x38, 0x13, 0x18, 0x20, 0x39, 
   0x31, 0x5F, 0x7E, 0x00, 0x00, 0x00, 0x00, 0x02, 0x00, 0x00, 
   0x00, 0x01, 0x08, 0xA8, 0x06, 0x08, 0x00, 0x38, 0x00, 0x53, 
   0x00, 0x92, 0x00, 0xB2, 0x03, 0x00, 0x00, 0x2B, 0xB1, 0x27, 
   0x3E, 0x33, 0x33, 0xB0, 0x08, 0xCD, 0xB0, 0x22, 0x32, 0xB0, 
   0x1C, 0x2F, 0xB0, 0x0F, 0x33, 0xB0, 0x30, 0xCD, 0xB0, 0x15, 
   0x2F, 0xB0, 0x33, 0xCD, 0x01, 0xB0, 0x54, 0x2F, 0xB0, 0x00, 
   0xD6, 0xB0, 0x0B, 0xCD, 0xB0, 0x0B, 0x10, 0xB1, 0x4F, 0x01, 
   0x2B, 0xB0, 0x48, 0xCD, 0xB0, 0x48, 0x10, 0xB1, 0x1F, 0x01, 
   0x2B, 0xB0, 0x2B, 0xCD, 0xB1, 0x55, 0x01, 0x2B, 0xB1, 0x4F, 
   0x0B, 0x11, 0x12, 0xB4, 0x05, 0x13, 0x36, 0x39, 0x3A, 0x24, 
   0x17, 0x39, 0xB0, 0x48, 0x11, 0xB2, 0x33, 0x15, 0x3E, 0x39, 
   0x39, 0x39, 0xB0, 0x1F, 0x12, 0xB4, 0x18, 0x24, 0x25, 0x30, 
   0x43, 0x24, 0x17, 0x39, 0x00, 0xB1, 0x08, 0x03, 0x11, 0x12, 
   0xB0, 0x02, 0x39, 0xB0, 0x1C, 0x11, 0x40, 0x09, 0x00, 0x0E, 
   0x2B, 0x3A, 0x43, 0x48, 0x4B, 0x4F, 0x52, 0x24, 0x17, 0x39, 
   0xB0, 0x30, 0x12, 0xB2, 0x12, 0x18, 0x36, 0x39, 0x39, 0x39, 
   0xB0, 0x15, 0x11, 0xB0, 0x13, 0x39, 0x30, 0x31, 0x11, 0x14, 
   0x00, 0x17, 0x32, 0x3D, 0x01, 0x34, 0x23, 0x2E, 0x01, 0x35, 
   0x34, 0x36, 0x3F, 0x01, 0x32, 0x35, 0x37, 0x36, 0x24, 0x33, 
   0x32, 0x04, 0x1F, 0x01, 0x14, 0x3B, 0x01, 0x32, 0x16, 0x15, 
   0x14, 0x06, 0x07, 0x22, 0x1D, 0x01, 0x14, 0x33, 0x3E, 0x02, 
   0x35, 0x34, 0x2E, 0x01, 0x2B, 0x01, 0x26, 0x00, 0x23, 0x22, 
   0x00, 0x07, 0x06, 0x02, 0x00, 0x14, 0x17, 0x01, 0x16, 0x33, 
   0x32, 0x37, 0x01, 0x36, 0x35, 0x34, 0x26, 0x22, 0x0F, 0x01, 
   0x11, 0x34, 0x26, 0x22, 0x06, 0x15, 0x11, 0x27, 0x26, 0x23, 
   0x22, 0x01, 0x2A, 0xD6, 0x12, 0x12, 0x89, 0xC1, 0xB5, 0x86, 
   0x38, 0x15, 0x08, 0x10, 0x01, 0x03, 0xB0, 0xAE, 0x01, 0x06, 
   0x12, 0x08, 0x12, 0xAD, 0x8E, 0xD1, 0xC2, 0x89, 0x14, 0x14, 
   0x8C, 0xEB, 0x87, 0x8E, 0xF4, 0x90, 0x23, 0x34, 0xFE, 0xA7, 
   0xDD, 0xE2, 0xFE, 0xA2, 0x32, 0xB0, 0xE7, 0x02, 0xE7, 0x1A, 
   0x01, 0x14, 0x14, 0x29, 0x2D, 0x14, 0x01, 0x15, 0x1A, 0x34, 
   0x4C, 0x1C, 0x78, 0x36, 0x4C, 0x32, 0x75, 0x1C, 0x27, 0x28, 
   0x02, 0x13, 0xD6, 0xFE, 0xCE, 0x0A, 0x12, 0x8F, 0x13, 0x07, 
   0xCC, 0x8B, 0x85, 0xC5, 0x10, 0x03, 0x12, 0x3B, 0xAD, 0xE9, 
   0xE9, 0xAD, 0x3E, 0x12, 0xCE, 0x8C, 0x8B, 0xCC, 0x07, 0x13, 
   0x8F, 0x12, 0x04, 0x91, 0xF0, 0x8D, 0x90, 0xF2, 0x8B, 0xD6, 
   0x01, 0x12, 0xFE, 0xE8, 0xDB, 0x29, 0xFE, 0xDF, 0xFE, 0xCB, 
   0x4C, 0x1A, 0xFE, 0xEA, 0x19, 0x19, 0x01, 0x16, 0x1C, 0x24, 
   0x25, 0x32, 0x19, 0x76, 0x01, 0xA9, 0x26, 0x32, 0x32, 0x26, 
   0xFE, 0x57, 0x76, 0x19, 0x00, 0x02, 0x00, 0x00, 0xFF, 0xCE, 
   0x08, 0xA5, 0x06, 0x06, 0x00, 0x3A, 0x00, 0x67, 0x00, 0xB3, 
   0x00, 0xB2, 0x05, 0x00, 0x00, 0x2B, 0xB0, 0x2A, 0x33, 0xB0, 
   0x0A, 0xCD, 0xB0, 0x25, 0x32, 0xB0, 0x0A, 0x10, 0xB0, 0x4A, 
   0x20, 0xD6, 0x11, 0xB0, 0x3F, 0xCD, 0xB0, 0x1F, 0x2F, 0xB0, 
   0x11, 0x33, 0xB0, 0x32, 0xCD, 0xB0, 0x18, 0x2F, 0xB0, 0x35, 
   0xCD, 0x01, 0xB0, 0x68, 0x2F, 0xB0, 0x00, 0xD6, 0xB0, 0x0D, 
   0xCD, 0xB0, 0x0D, 0x10, 0xB1, 0x3B, 0x01, 0x2B, 0xB0, 0x4D, 
   0xCD, 0xB0, 0x4D, 0x10, 0xB1, 0x47, 0x01, 0x2B, 0xB0, 0x42, 
   0xCD, 0xB0, 0x42, 0x10, 0xB1, 0x22, 0x01, 0x2B, 0xB0, 0x2D, 
   0xCD, 0xB1, 0x69, 0x01, 0x2B, 0xB1, 0x3B, 0x0D, 0x11, 0x12, 
   0xB2, 0x07, 0x15, 0x38, 0x39, 0x39, 0x39, 0xB1, 0x47, 0x4D, 
   0x11, 0x12, 0xB4, 0x35, 0x18, 0x3F, 0x5B, 0x65, 0x24, 0x17, 
   0x39, 0xB0, 0x42, 0x11, 0xB1, 0x1B, 0x1E, 0x39, 0x39, 0xB0, 
   0x22, 0x12, 0xB3, 0x1F, 0x27, 0x28, 0x32, 0x24, 0x17, 0x39, 
   0x00, 0xB1, 0x4A, 0x05, 0x11, 0x12, 0xB0, 0x2B, 0x39, 0xB1, 
   0x1F, 0x0A, 0x11, 0x12, 0x40, 0x0A, 0x00, 0x10, 0x2D, 0x3B, 
   0x42, 0x44, 0x47, 0x4D, 0x5B, 0x65, 0x24, 0x17, 0x39, 0xB0, 
   0x32, 0x11, 0xB4, 0x14, 0x1B, 0x38, 0x60, 0x63, 0x24, 0x17, 
   0x39, 0xB0, 0x18, 0x12, 0xB0, 0x15, 0x39, 0x30, 0x31, 0x11, 
   0x14, 0x1E, 0x02, 0x17, 0x32, 0x3D, 0x01, 0x34, 0x23, 0x2E, 
   0x01, 0x35, 0x34, 0x36, 0x3F, 0x01, 0x32, 0x35, 0x37, 0x3E, 
   0x02, 0x33, 0x32, 0x04, 0x1F, 0x01, 0x14, 0x3B, 0x01, 0x32, 
   0x16, 0x15, 0x14, 0x06, 0x07, 0x22, 0x1D, 0x01, 0x14, 0x33, 
   0x36, 0x00, 0x35, 0x34, 0x2E, 0x01, 0x2B, 0x01, 0x26, 0x00, 
   0x23, 0x22, 0x00, 0x07, 0x06, 0x02, 0x01, 0x14, 0x1E, 0x01, 
   0x33, 0x32, 0x00, 0x35, 0x34, 0x26, 0x22, 0x06, 0x15, 0x14, 
   0x06, 0x23, 0x22, 0x26, 0x35, 0x34, 0x36, 0x37, 0x07, 0x06, 
   0x15, 0x14, 0x17, 0x1E, 0x01, 0x3F, 0x01, 0x36, 0x35, 0x34, 
   0x2F, 0x01, 0x26, 0x23, 0x22, 0x06, 0x14, 0x1F, 0x01, 0x0E, 
   0x01, 0x50, 0x89, 0xBD, 0x69, 0x12, 0x12, 0x8B, 0xBE, 0xB5, 
   0x85, 0x38, 0x15, 0x08, 0x0B, 0x7D, 0xC7, 0x73, 0xAF, 0x01, 
   0x05, 0x12, 0x06, 0x14, 0xAC, 0x90, 0xCE, 0xBE, 0x8B, 0x15, 
   0x15, 0xD6, 0x01, 0x27, 0x8F, 0xF4, 0x8F, 0x22, 0x35, 0xFE, 
   0xA7, 0xDC, 0xE1, 0xFE, 0xA2, 0x32, 0xB1, 0xE5, 0x02, 0x98, 
   0x77, 0xCB, 0x76, 0xB8, 0x01, 0x06, 0x36, 0x4C, 0x37, 0x99, 
   0x6C, 0x6A, 0x99, 0x72, 0x53, 0x2C, 0x18, 0x18, 0x16, 0x45, 
   0x28, 0xC2, 0x1B, 0x1B, 0xC2, 0x1E, 0x24, 0x25, 0x34, 0x18, 
   0x25, 0xA0, 0xD3, 0x02, 0x0F, 0x69, 0xBF, 0x8B, 0x56, 0x05, 
   0x12, 0x8E, 0x14, 0x0A, 0xC8, 0x88, 0x86, 0xC7, 0x0B, 0x08, 
   0x12, 0x37, 0x72, 0xBB, 0x69, 0xE6, 0xAD, 0x3D, 0x13, 0xCE, 
   0x8E, 0x88, 0xC8, 0x0A, 0x14, 0x8E, 0x12, 0x0A, 0x01, 0x2F, 
   0xD5, 0x8F, 0xF3, 0x8E, 0xD5, 0x01, 0x12, 0xFE, 0xE5, 0xDB, 
   0x2A, 0xFE, 0xE1, 0xFE, 0xC1, 0x77, 0xCB, 0x78, 0x01, 0x05, 
   0xB5, 0x25, 0x36, 0x36, 0x25, 0x6B, 0x9A, 0x9A, 0x6B, 0x60, 
   0x96, 0x07, 0x2A, 0x18, 0x25, 0x28, 0x1E, 0x18, 0x02, 0x1A, 
   0xC7, 0x1B, 0x23, 0x28, 0x19, 0xC3, 0x1C, 0x36, 0x4C, 0x18, 
   0x26, 0x1B, 0xF4, 0x00, 0x00, 0x00, 0x00, 0x02, 0x00, 0x00, 
   0x00, 0x01, 0x08, 0xA3, 0x06, 0x05, 0x00, 0x39, 0x00, 0x57, 
   0x00, 0x8D, 0x00, 0xB2, 0x03, 0x00, 0x00, 0x2B, 0xB1, 0x27, 
   0x45, 0x33, 0x33, 0xB0, 0x08, 0xCD, 0xB0, 0x22, 0x32, 0xB0, 
   0x1C, 0x2F, 0xB0, 0x0E, 0x33, 0xB0, 0x31, 0xCD, 0xB0, 0x15, 
   0x2F, 0xB0, 0x34, 0xCD, 0x01, 0xB0, 0x58, 0x2F, 0xB0, 0x00, 
   0xD6, 0xB0, 0x0B, 0xCD, 0xB0, 0x0B, 0x10, 0xB1, 0x42, 0x01, 
   0x2B, 0xB0, 0x48, 0xCD, 0xB0, 0x48, 0x10, 0xB1, 0x1F, 0x01, 
   0x2B, 0xB0, 0x2B, 0xCD, 0xB1, 0x59, 0x01, 0x2B, 0xB1, 0x42, 
   0x0B, 0x11, 0x12, 0xB3, 0x05, 0x13, 0x37, 0x3A, 0x24, 0x17, 
   0x39, 0xB0, 0x48, 0x11, 0xB2, 0x34, 0x15, 0x53, 0x39, 0x39, 
   0x39, 0xB0, 0x1F, 0x12, 0xB4, 0x18, 0x24, 0x25, 0x31, 0x4E, 
   0x24, 0x17, 0x39, 0x00, 0xB1, 0x08, 0x03, 0x11, 0x12, 0xB0, 
   0x02, 0x39, 0xB0, 0x1C, 0x11, 0xB5, 0x00, 0x2B, 0x41, 0x49, 
   0x4B, 0x53, 0x24, 0x17, 0x39, 0xB0, 0x31, 0x12, 0xB2, 0x12, 
   0x18, 0x37, 0x39, 0x39, 0x39, 0xB0, 0x15, 0x11, 0xB0, 0x13, 
   0x39, 0x30, 0x31, 0x11, 0x14, 0x00, 0x17, 0x32, 0x3D, 0x01, 
   0x34, 0x23, 0x2E, 0x01, 0x35, 0x34, 0x36, 0x37, 0x33, 0x32, 
   0x35, 0x37, 0x36, 0x24, 0x33, 0x32, 0x04, 0x1F, 0x01, 0x14, 
   0x3B, 0x01, 0x32, 0x16, 0x15, 0x14, 0x06, 0x07, 0x22, 0x1D, 
   0x01, 0x14, 0x33, 0x3E, 0x02, 0x35, 0x34, 0x2E, 0x02, 0x2B, 
   0x01, 0x26, 0x00, 0x23, 0x22, 0x00, 0x07, 0x06, 0x02, 0x05, 
   0x14, 0x17, 0x16, 0x33, 0x32, 0x3F, 0x01, 0x11, 0x14, 0x16, 
   0x33, 0x32, 0x36, 0x35, 0x11, 0x17, 0x16, 0x37, 0x36, 0x35, 
   0x34, 0x27, 0x01, 0x26, 0x23, 0x22, 0x07, 0x01, 0x06, 0x01, 
   0x29, 0xD6, 0x12, 0x12, 0x89, 0xC0, 0xB4, 0x86, 0x38, 0x15, 
   0x06, 0x11, 0x01, 0x04, 0xAF, 0xAD, 0x01, 0x05, 0x12, 0x08, 
   0x13, 0xAC, 0x8E, 0xD0, 0xC1, 0x88, 0x15, 0x15, 0x8B, 0xEA, 
   0x87, 0x54, 0x8E, 0xC4, 0x6B, 0x22, 0x35, 0xFE, 0xA8, 0xDC, 
   0xE2, 0xFE, 0xA2, 0x31, 0xB1, 0xE5, 0x02, 0xE5, 0x1A, 0x18, 
   0x29, 0x27, 0x1B, 0x76, 0x32, 0x26, 0x25, 0x36, 0x78, 0x40, 
   0x42, 0x1A, 0x1A, 0xFE, 0xEC, 0x1A, 0x26, 0x27, 0x18, 0xFE, 
   0xED, 0x1A, 0x02, 0x12, 0xD5, 0xFE, 0xCE, 0x0A, 0x12, 0x8E, 
   0x14, 0x07, 0xCB, 0x8B, 0x84, 0xC4, 0x10, 0x13, 0x3D, 0xAD, 
   0xEA, 0xEA, 0xAD, 0x3D, 0x13, 0xCD, 0x8B, 0x8A, 0xCC, 0x07, 
   0x14, 0x8E, 0x12, 0x04, 0x90, 0xF1, 0x8C, 0x6B, 0xC2, 0x8C, 
   0x53, 0xD6, 0x01, 0x11, 0xFE, 0xE7, 0xDA, 0x29, 0xFE, 0xE1, 
   0xFB, 0x28, 0x1C, 0x18, 0x18, 0x7A, 0xFE, 0x58, 0x26, 0x36, 
   0x36, 0x26, 0x01, 0xA4, 0x76, 0x31, 0x31, 0x18, 0x2A, 0x26, 
   0x1C, 0x01, 0x12, 0x1A, 0x1A, 0xFE, 0xEE, 0x1A, 0x00, 0x02, 
   0x00, 0x00, 0x00, 0x00, 0x08, 0xA8, 0x06, 0x07, 0x00, 0x15, 
   0x00, 0x30, 0x00, 0x5F, 0x00, 0xB2, 0x13, 0x00, 0x00, 0x2B, 
   0xB0, 0x19, 0xCD, 0xB0, 0x20, 0x2F, 0xB0, 0x2D, 0x33, 0xB0, 
   0x09, 0xCD, 0xB0, 0x27, 0x2F, 0xB0, 0x06, 0xCD, 0x01, 0xB0, 
   0x31, 0x2F, 0xB0, 0x00, 0xD6, 0xB0, 0x16, 0xCD, 0xB0, 0x16, 
   0x10, 0xB1, 0x1D, 0x01, 0x2B, 0xB0, 0x0E, 0xCD, 0xB1, 0x32, 
   0x01, 0x2B, 0xB1, 0x1D, 0x16, 0x11, 0x12, 0xB2, 0x03, 0x09, 
   0x12, 0x39, 0x39, 0x39, 0x00, 0xB1, 0x19, 0x13, 0x11, 0x12, 
   0xB0, 0x14, 0x39, 0xB0, 0x20, 0x11, 0xB1, 0x0E, 0x00, 0x39, 
   0x39, 0xB0, 0x09, 0x12, 0xB2, 0x03, 0x24, 0x2A, 0x39, 0x39, 
   0x39, 0xB0, 0x27, 0x11, 0xB0, 0x25, 0x39, 0x30, 0x31, 0x11, 
   0x34, 0x12, 0x37, 0x36, 0x00, 0x33, 0x32, 0x00, 0x17, 0x33, 
   0x32, 0x1E, 0x01, 0x15, 0x14, 0x0E, 0x01, 0x07, 0x21, 0x26, 
   0x00, 0x37, 0x14, 0x16, 0x17, 0x21, 0x3E, 0x01, 0x35, 0x34, 
   0x26, 0x2B, 0x01, 0x22, 0x35, 0x27, 0x26, 0x24, 0x23, 0x22, 
   0x04, 0x0F, 0x01, 0x14, 0x2B, 0x01, 0x0E, 0x01, 0xE6, 0xB1, 
   0x32, 0x01, 0x5E, 0xE2, 0xDD, 0x01, 0x59, 0x34, 0x23, 0x90, 
   0xF4, 0x8E, 0x87, 0xEB, 0x8C, 0xFB, 0x56, 0xD6, 0xFE, 0xD6, 
   0xB6, 0xC1, 0x89, 0x04, 0xAA, 0x89, 0xC2, 0xD0, 0x8F, 0xAD, 
   0x12, 0x08, 0x12, 0xFE, 0xFA, 0xAE, 0xAF, 0xFE, 0xFD, 0x11, 
   0x08, 0x15, 0x38, 0x86, 0xB5, 0x02, 0x12, 0xB8, 0x01, 0x20, 
   0x29, 0xDB, 0x01, 0x19, 0xFE, 0xEE, 0xD6, 0x8B, 0xF2, 0x90, 
   0x8D, 0xF0, 0x91, 0x04, 0x0A, 0x01, 0x32, 0xD6, 0x8B, 0xCD, 
   0x07, 0x07, 0xCD, 0x8B, 0x8C, 0xCD, 0x13, 0x3D, 0xAD, 0xEA, 
   0xEA, 0xAD, 0x3D, 0x13, 0x10, 0xC4, 0x00, 0x02, 0x00, 0x00, 
   0x04, 0x82, 0x01, 0x82, 0x06, 0x07, 0x00, 0x08, 0x00, 0x12, 
   0x00, 0x41, 0x00, 0xB0, 0x08, 0x2F, 0xB0, 0x0D, 0xCD, 0xB0, 
   0x11, 0x2F, 0xB0, 0x03, 0xCD, 0x01, 0xB0, 0x13, 0x2F, 0xB0, 
   0x01, 0xD6, 0xB0, 0x0A, 0xCD, 0xB0, 0x0A, 0x10, 0xB1, 0x0F, 
   0x01, 0x2B, 0xB0, 0x06, 0xCD, 0xB1, 0x14, 0x01, 0x2B, 0xB1, 
   0x0F, 0x0A, 0x11, 0x12, 0xB2, 0x07, 0x08, 0x03, 0x39, 0x39, 
   0x39, 0x00, 0xB1, 0x11, 0x0D, 0x11, 0x12, 0xB3, 0x01, 0x05, 
   0x06, 0x00, 0x24, 0x17, 0x39, 0x30, 0x31, 0x10, 0x34, 0x36, 
   0x33, 0x32, 0x16, 0x14, 0x06, 0x22, 0x26, 0x14, 0x17, 0x16, 
   0x32, 0x36, 0x34, 0x26, 0x23, 0x22, 0x72, 0x50, 0x4F, 0x71, 
   0x71, 0x9E, 0x15, 0x1D, 0x1E, 0x52, 0x3C, 0x3C, 0x29, 0x2A, 
   0x04, 0xF5, 0xA0, 0x72, 0x72, 0xA0, 0x73, 0xED, 0x54, 0x1D, 
   0x1E, 0x3C, 0x52, 0x3B, 0x00, 0x01, 0x00, 0x00, 0x01, 0xD6, 
   0x02, 0xA6, 0x04, 0x7A, 0x00, 0x1C, 0x00, 0x18, 0x00, 0xB0, 
   0x04, 0x2F, 0xB0, 0x0B, 0xCD, 0x01, 0xB0, 0x1D, 0x2F, 0xB0, 
   0x1C, 0xD6, 0xB0, 0x15, 0xCD, 0xB1, 0x1E, 0x01, 0x2B, 0x00, 
   0x30, 0x31, 0x11, 0x14, 0x16, 0x33, 0x21, 0x32, 0x36, 0x35, 
   0x34, 0x26, 0x2B, 0x01, 0x01, 0x36, 0x35, 0x34, 0x27, 0x26, 
   0x23, 0x22, 0x07, 0x01, 0x35, 0x34, 0x26, 0x23, 0x22, 0x06, 
   0x15, 0x29, 0x1E, 0x01, 0x32, 0x1E, 0x29, 0x29, 0x1E, 0x84, 
   0x01, 0x9E, 0x13, 0x13, 0x14, 0x21, 0x20, 0x13, 0xFE, 0x64, 
   0x29, 0x1F, 0x1E, 0x29, 0x02, 0x1E, 0x1F, 0x29, 0x29, 0x1F, 
   0x1E, 0x27, 0x01, 0x9E, 0x16, 0x1F, 0x1D, 0x14, 0x13, 0x13, 
   0xFE, 0x63, 0x85, 0x1F, 0x29, 0x2A, 0x1E, 0x00, 0x00, 0x00, 
   0x00, 0x01, 0x00, 0x00, 0x00, 0xE5, 0x02, 0xB2, 0x05, 0x1D, 
   0x00, 0x1A, 0x00, 0x1A, 0x00, 0x01, 0xB0, 0x1B, 0x2F, 0xB0, 
   0x15, 0xD6, 0xB0, 0x0E, 0xCD, 0xB1, 0x1C, 0x01, 0x2B, 0xB1, 
   0x0E, 0x15, 0x11, 0x12, 0xB0, 0x05, 0x39, 0x00, 0x30, 0x31, 
   0x11, 0x14, 0x17, 0x01, 0x16, 0x33, 0x32, 0x37, 0x01, 0x36, 
   0x34, 0x26, 0x22, 0x0F, 0x01, 0x11, 0x34, 0x26, 0x22, 0x06, 
   0x15, 0x11, 0x27, 0x26, 0x23, 0x22, 0x06, 0x1B, 0x01, 0x00, 
   0x19, 0x25, 0x26, 0x19, 0x01, 0x00, 0x1A, 0x30, 0x48, 0x19, 
   0x71, 0x33, 0x48, 0x33, 0x71, 0x19, 0x22, 0x24, 0x32, 0x02, 
   0x3E, 0x23, 0x18, 0xFE, 0xFB, 0x19, 0x19, 0x01, 0x05, 0x17, 
   0x48, 0x31, 0x19, 0x70, 0x02, 0xBF, 0x24, 0x30, 0x30, 0x24, 
   0xFD, 0x41, 0x70, 0x19, 0x31, 0x00, 0x00, 0x03, 0x00, 0x00, 
   0x01, 0x6E, 0x04, 0x72, 0x05, 0x47, 0x00, 0x08, 0x00, 0x12, 
   0x00, 0x2B, 0x00, 0x6B, 0x00, 0xB0, 0x19, 0x2F, 0xB0, 0x21, 
   0xCD, 0xB0, 0x08, 0x2F, 0xB0, 0x0D, 0xCD, 0xB0, 0x11, 0x2F, 
   0xB0, 0x03, 0xCD, 0xB0, 0x28, 0x32, 0xB0, 0x03, 0x10, 0xB0, 
   0x22, 0xCD, 0x01, 0xB0, 0x2C, 0x2F, 0xB0, 0x01, 0xD6, 0xB0, 
   0x0A, 0xCD, 0xB0, 0x0A, 0x10, 0xB1, 0x0F, 0x01, 0x2B, 0xB0, 
   0x06, 0xCD, 0xB0, 0x06, 0x10, 0xB1, 0x13, 0x01, 0x2B, 0xB0, 
   0x18, 0xCD, 0xB0, 0x21, 0x32, 0xB1, 0x2D, 0x01, 0x2B, 0xB1, 
   0x0F, 0x0A, 0x11, 0x12, 0xB2, 0x07, 0x08, 0x03, 0x39, 0x39, 
   0x39, 0x00, 0xB1, 0x22, 0x0D, 0x11, 0x12, 0xB3, 0x06, 0x00, 
   0x09, 0x0F, 0x24, 0x17, 0x39, 0xB0, 0x11, 0x11, 0xB1, 0x05, 
   0x01, 0x39, 0x39, 0xB0, 0x03, 0x12, 0xB0, 0x25, 0x39, 0x30, 
   0x31, 0x10, 0x34, 0x36, 0x33, 0x32, 0x16, 0x14, 0x06, 0x22, 
   0x26, 0x14, 0x17, 0x16, 0x32, 0x36, 0x34, 0x26, 0x23, 0x22, 
   0x01, 0x14, 0x16, 0x32, 0x36, 0x35, 0x11, 0x21, 0x32, 0x36, 
   0x35, 0x34, 0x26, 0x23, 0x21, 0x11, 0x21, 0x32, 0x36, 0x34, 
   0x26, 0x23, 0x21, 0x22, 0x15, 0x72, 0x50, 0x4F, 0x71, 0x71, 
   0x9E, 0x15, 0x1D, 0x1E, 0x52, 0x3C, 0x3C, 0x29, 0x2A, 0x01, 
   0x9D, 0x21, 0x2E, 0x21, 0x01, 0x31, 0x17, 0x21, 0x20, 0x18, 
   0xFE, 0xCF, 0x01, 0x98, 0x17, 0x1E, 0x1E, 0x17, 0xFE, 0x03, 
   0x0B, 0x04, 0x35, 0xA0, 0x72, 0x72, 0xA0, 0x73, 0xED, 0x54, 
   0x1D, 0x1E, 0x3C, 0x52, 0x3B, 0xFC, 0xBD, 0x17, 0x21, 0x21, 
   0x17, 0x01, 0x94, 0x22, 0x17, 0x18, 0x20, 0x01, 0x23, 0x20, 
   0x30, 0x20, 0x0C, 0x00, 0x00, 0x00, 0x00, 0x07, 0x00, 0x00, 
   0x00, 0x00, 0x09, 0x15, 0x07, 0x06, 0x00, 0x0E, 0x00, 0x1C, 
   0x00, 0x2D, 0x00, 0x50, 0x00, 0x5C, 0x00, 0x6C, 0x00, 0x7B, 
   0x00, 0xE6, 0x00, 0xB2, 0x1A, 0x00, 0x00, 0x2B, 0xB0, 0x13, 
   0xCD, 0xB0, 0x0C, 0x2F, 0xB0, 0x78, 0x33, 0xB0, 0x04, 0xCD, 
   0xB0, 0x71, 0x32, 0xB0, 0x3B, 0x2F, 0xB0, 0x4E, 0xCD, 0xB0, 
   0x5B, 0x2F, 0xB0, 0x55, 0xCD, 0x01, 0xB0, 0x7C, 0x2F, 0xB0, 
   0x00, 0xD6, 0xB0, 0x08, 0xCD, 0xB0, 0x08, 0x10, 0xB1, 0x2E, 
   0x01, 0x2B, 0xB0, 0x38, 0xCD, 0xB3, 0x26, 0x38, 0x2E, 0x08, 
   0x2B, 0xB0, 0x1D, 0xCD, 0xB0, 0x1D, 0x2F, 0xB0, 0x26, 0xCD, 
   0xB0, 0x38, 0x10, 0xB1, 0x51, 0x01, 0x2B, 0xB0, 0x58, 0xCD, 
   0xB0, 0x58, 0x10, 0xB1, 0x3E, 0x01, 0x2B, 0xB0, 0x4A, 0xCD, 
   0xB3, 0x5D, 0x4A, 0x3E, 0x08, 0x2B, 0xB0, 0x65, 0xCD, 0xB0, 
   0x4A, 0x10, 0xB1, 0x6D, 0x01, 0x2B, 0xB0, 0x75, 0xCD, 0xB1, 
   0x7D, 0x01, 0x2B, 0xB1, 0x1D, 0x00, 0x11, 0x12, 0xB0, 0x0F, 
   0x39, 0xB1, 0x2E, 0x08, 0x11, 0x12, 0xB1, 0x21, 0x29, 0x39, 
   0x39, 0xB1, 0x51, 0x38, 0x11, 0x12, 0xB1, 0x35, 0x4E, 0x39, 
   0x39, 0xB0, 0x58, 0x11, 0xB0, 0x3B, 0x39, 0xB0, 0x3E, 0x12, 
   0xB1, 0x43, 0x4D, 0x39, 0x39, 0xB1, 0x6D, 0x4A, 0x11, 0x12, 
   0xB0, 0x62, 0x39, 0xB1, 0x75, 0x65, 0x11, 0x12, 0xB1, 0x17, 
   0x16, 0x39, 0x39, 0x00, 0xB1, 0x0C, 0x13, 0x11, 0x12, 0xB4, 
   0x32, 0x36, 0x40, 0x45, 0x46, 0x24, 0x17, 0x39, 0xB0, 0x04, 
   0x11, 0xB3, 0x2E, 0x38, 0x3E, 0x4A, 0x24, 0x17, 0x39, 0xB1, 
   0x4E, 0x3B, 0x11, 0x12, 0xB2, 0x29, 0x6A, 0x6B, 0x39, 0x39, 
   0x39, 0xB0, 0x5B, 0x11, 0xB1, 0x26, 0x5D, 0x39, 0x39, 0xB0, 
   0x55, 0x12, 0xB3, 0x1D, 0x21, 0x62, 0x65, 0x24, 0x17, 0x39, 
   0x30, 0x31, 0x11, 0x34, 0x37, 0x36, 0x3B, 0x01, 0x32, 0x16, 
   0x15, 0x14, 0x06, 0x2B, 0x01, 0x22, 0x26, 0x13, 0x34, 0x37, 
   0x36, 0x33, 0x21, 0x32, 0x16, 0x14, 0x06, 0x23, 0x21, 0x22, 
   0x26, 0x13, 0x34, 0x37, 0x36, 0x33, 0x32, 0x1F, 0x01, 0x16, 
   0x15, 0x14, 0x06, 0x23, 0x22, 0x2F, 0x01, 0x26, 0x01, 0x14, 
   0x17, 0x16, 0x3B, 0x01, 0x32, 0x36, 0x27, 0x26, 0x35, 0x34, 
   0x36, 0x33, 0x32, 0x16, 0x15, 0x14, 0x07, 0x06, 0x15, 0x06, 
   0x16, 0x3B, 0x01, 0x32, 0x37, 0x36, 0x35, 0x34, 0x02, 0x24, 
   0x20, 0x04, 0x02, 0x01, 0x35, 0x34, 0x36, 0x32, 0x16, 0x1D, 
   0x01, 0x14, 0x06, 0x22, 0x26, 0x05, 0x34, 0x3F, 0x01, 0x36, 
   0x33, 0x32, 0x16, 0x15, 0x14, 0x0F, 0x01, 0x06, 0x23, 0x06, 
   0x26, 0x13, 0x34, 0x37, 0x36, 0x3B, 0x01, 0x32, 0x16, 0x15, 
   0x14, 0x06, 0x2B, 0x01, 0x22, 0x26, 0x1D, 0x17, 0x2B, 0xDE, 
   0x27, 0x33, 0x34, 0x26, 0xDE, 0x27, 0x38, 0x63, 0x1C, 0x1A, 
   0x27, 0x07, 0x96, 0x27, 0x36, 0x37, 0x26, 0xF8, 0x6A, 0x26, 
   0x37, 0xDA, 0x19, 0x1B, 0x27, 0x26, 0x1B, 0x9A, 0x1C, 0x33, 
   0x27, 0x23, 0x1D, 0x9F, 0x19, 0x01, 0x15, 0x39, 0x05, 0x15, 
   0xB2, 0x0C, 0x05, 0x0A, 0x55, 0xE4, 0x9E, 0x9F, 0xE1, 0x55, 
   0x06, 0x01, 0x08, 0x07, 0xB5, 0x0E, 0x08, 0x3C, 0x9A, 0xFE, 
   0xF9, 0xFE, 0xCE, 0xFE, 0xF9, 0x99, 0x01, 0xDD, 0x36, 0x4C, 
   0x38, 0x38, 0x4C, 0x36, 0x02, 0x58, 0x1A, 0x9A, 0x1B, 0x27, 
   0x28, 0x35, 0x18, 0xA1, 0x1A, 0x25, 0x28, 0x33, 0xF8, 0x1A, 
   0x17, 0x28, 0xDF, 0x27, 0x37, 0x38, 0x26, 0xDF, 0x25, 0x34, 
   0x02, 0x7B, 0x2A, 0x18, 0x18, 0x33, 0x27, 0x26, 0x36, 0x36, 
   0xFE, 0x08, 0x25, 0x1C, 0x19, 0x34, 0x4C, 0x37, 0x37, 0x05, 
   0x38, 0x29, 0x16, 0x1D, 0x1D, 0x9C, 0x1A, 0x26, 0x28, 0x33, 
   0x1A, 0x9D, 0x16, 0xFD, 0x37, 0x8B, 0x6E, 0x0F, 0x0D, 0x0B, 
   0x68, 0x88, 0x9F, 0xE0, 0xE0, 0x9F, 0x89, 0x67, 0x0A, 0x03, 
   0x05, 0x06, 0x0F, 0x71, 0x88, 0x99, 0x01, 0x07, 0x9A, 0x9A, 
   0xFE, 0xF9, 0x02, 0xB5, 0xDF, 0x26, 0x38, 0x38, 0x26, 0xDF, 
   0x26, 0x38, 0x38, 0xD1, 0x27, 0x19, 0x9C, 0x1D, 0x35, 0x27, 
   0x29, 0x18, 0x9D, 0x18, 0x01, 0x32, 0xFD, 0xD1, 0x2B, 0x17, 
   0x18, 0x33, 0x27, 0x26, 0x36, 0x36, 0x00, 0x05, 0x00, 0x00, 
   0xFF, 0xFF, 0x08, 0x65, 0x05, 0x73, 0x00, 0x0E, 0x00, 0x1E, 
   0x00, 0x34, 0x00, 0x42, 0x00, 0x52, 0x00, 0x71, 0x00, 0xB2, 
   0x0C, 0x00, 0x00, 0x2B, 0xB0, 0x04, 0xCD, 0xB0, 0x27, 0x2F, 
   0xB0, 0x32, 0xCD, 0xB0, 0x40, 0x2F, 0xB0, 0x39, 0xCD, 0x01, 
   0xB0, 0x53, 0x2F, 0xB0, 0x35, 0xD6, 0xB0, 0x3D, 0xCD, 0xB0, 
   0x3D, 0x10, 0xB1, 0x43, 0x01, 0x2B, 0xB0, 0x4B, 0xCD, 0xB1, 
   0x54, 0x01, 0x2B, 0xB1, 0x3D, 0x35, 0x11, 0x12, 0xB1, 0x32, 
   0x27, 0x39, 0x39, 0xB0, 0x43, 0x11, 0xB0, 0x2A, 0x39, 0xB0, 
   0x4B, 0x12, 0xB0, 0x2E, 0x39, 0x00, 0xB1, 0x27, 0x04, 0x11, 
   0x12, 0xB2, 0x21, 0x2C, 0x2D, 0x39, 0x39, 0x39, 0xB0, 0x32, 
   0x11, 0xB2, 0x1C, 0x1B, 0x51, 0x39, 0x39, 0x39, 0xB0, 0x40, 
   0x12, 0xB2, 0x0F, 0x18, 0x43, 0x39, 0x39, 0x39, 0xB0, 0x39, 
   0x11, 0xB3, 0x10, 0x13, 0x48, 0x4B, 0x24, 0x17, 0x39, 0x30, 
   0x31, 0x35, 0x34, 0x37, 0x36, 0x33, 0x21, 0x32, 0x16, 0x15, 
   0x14, 0x06, 0x23, 0x21, 0x22, 0x26, 0x12, 0x34, 0x37, 0x36, 
   0x33, 0x32, 0x1F, 0x01, 0x16, 0x15, 0x14, 0x07, 0x06, 0x26, 
   0x2F, 0x01, 0x01, 0x06, 0x3B, 0x01, 0x32, 0x37, 0x3E, 0x01, 
   0x33, 0x32, 0x16, 0x17, 0x16, 0x3B, 0x01, 0x32, 0x27, 0x26, 
   0x24, 0x23, 0x22, 0x04, 0x01, 0x35, 0x34, 0x36, 0x33, 0x32, 
   0x16, 0x1D, 0x01, 0x14, 0x06, 0x23, 0x22, 0x26, 0x05, 0x34, 
   0x3F, 0x01, 0x36, 0x33, 0x32, 0x16, 0x15, 0x14, 0x0F, 0x01, 
   0x06, 0x07, 0x06, 0x26, 0x1E, 0x16, 0x2D, 0x07, 0xA4, 0x28, 
   0x38, 0x39, 0x27, 0xF8, 0x5C, 0x28, 0x39, 0xD2, 0x19, 0x1B, 
   0x2A, 0x25, 0x1B, 0xA0, 0x1D, 0x1D, 0x18, 0x51, 0x1C, 0xA0, 
   0x01, 0x20, 0x07, 0x17, 0x9F, 0x0B, 0x0D, 0x30, 0xBC, 0x73, 
   0x74, 0xC0, 0x30, 0x0D, 0x0B, 0x9E, 0x14, 0x04, 0x36, 0xFE, 
   0xCD, 0xC1, 0xC0, 0xFE, 0xD0, 0x01, 0x95, 0x34, 0x27, 0x28, 
   0x36, 0x36, 0x28, 0x27, 0x34, 0x02, 0x62, 0x1B, 0xA4, 0x19, 
   0x29, 0x27, 0x32, 0x19, 0x9E, 0x1B, 0x21, 0x24, 0x43, 0x5E, 
   0x2A, 0x18, 0x19, 0x34, 0x27, 0x26, 0x39, 0x39, 0x03, 0x70, 
   0x54, 0x19, 0x1C, 0x1C, 0xA0, 0x1D, 0x26, 0x25, 0x1D, 0x1D, 
   0x01, 0x1C, 0xA0, 0xFD, 0xEE, 0x19, 0x12, 0x66, 0x78, 0x78, 
   0x66, 0x12, 0x19, 0xB5, 0xE2, 0xE2, 0x01, 0xFC, 0xE4, 0x28, 
   0x38, 0x37, 0x29, 0xE4, 0x29, 0x36, 0x37, 0xD5, 0x26, 0x1D, 
   0xA0, 0x1C, 0x36, 0x29, 0x2A, 0x18, 0xA0, 0x1B, 0x03, 0x04, 
   0x3C, 0x00, 0x00, 0x01, 0x00, 0x00, 0x01, 0x85, 0x04, 0x38, 
   0x04, 0x37, 0x00, 0x1B, 0x00, 0x00, 0x11, 0x14, 0x17, 0x01, 
   0x16, 0x33, 0x32, 0x36, 0x34, 0x2F, 0x01, 0x21, 0x32, 0x36, 
   0x34, 0x26, 0x27, 0x21, 0x37, 0x36, 0x35, 0x34, 0x26, 0x23, 
   0x22, 0x07, 0x01, 0x06, 0x19, 0x01, 0x06, 0x17, 0x23, 0x24, 
   0x32, 0x19, 0x70, 0x02, 0xBF, 0x24, 0x2F, 0x2F, 0x24, 0xFD, 
   0x41, 0x70, 0x19, 0x32, 0x24, 0x21, 0x19, 0xFE, 0xFA, 0x19, 
   0x02, 0xDE, 0x26, 0x19, 0xFF, 0x00, 0x1A, 0x30, 0x48, 0x19, 
   0x70, 0x33, 0x48, 0x33, 0x01, 0x71, 0x19, 0x22, 0x24, 0x32, 
   0x1C, 0xFF, 0x00, 0x19, 0x00, 0x09, 0x00, 0x28, 0x00, 0xC0, 
   0x04, 0x55, 0x05, 0x99, 0x00, 0x15, 0x00, 0x25, 0x00, 0x35, 
   0x00, 0x4B, 0x00, 0x5D, 0x00, 0x6D, 0x00, 0x83, 0x00, 0x93, 
   0x00, 0xA3, 0x00, 0x57, 0x00, 0xB0, 0x32, 0x2F, 0xB2, 0x24, 
   0x92, 0xA0, 0x33, 0x33, 0x33, 0xB0, 0x06, 0xCD, 0xB0, 0x73, 
   0x32, 0x01, 0xB0, 0xA4, 0x2F, 0xB0, 0x1E, 0xD6, 0xB0, 0x26, 
   0xCD, 0xB0, 0x26, 0x10, 0xB1, 0x55, 0x01, 0x2B, 0xB0, 0x5E, 
   0xCD, 0xB0, 0x5E, 0x10, 0xB1, 0x8B, 0x01, 0x2B, 0xB0, 0x94, 
   0xCD, 0xB1, 0xA5, 0x01, 0x2B, 0xB1, 0x26, 0x1E, 0x11, 0x12, 
   0xB0, 0x37, 0x39, 0xB0, 0x55, 0x11, 0xB1, 0x30, 0x5D, 0x39, 
   0x39, 0xB0, 0x5E, 0x12, 0xB0, 0x09, 0x39, 0xB0, 0x8B, 0x11, 
   0xB3, 0x3F, 0x68, 0x6F, 0x93, 0x24, 0x17, 0x39, 0x00, 0x30, 
   0x31, 0x13, 0x26, 0x37, 0x36, 0x3F, 0x01, 0x33, 0x16, 0x17, 
   0x16, 0x07, 0x06, 0x07, 0x06, 0x07, 0x06, 0x07, 0x06, 0x27, 
   0x26, 0x27, 0x26, 0x27, 0x16, 0x17, 0x1E, 0x01, 0x17, 0x16, 
   0x36, 0x35, 0x27, 0x26, 0x27, 0x26, 0x27, 0x26, 0x22, 0x17, 
   0x06, 0x16, 0x37, 0x36, 0x37, 0x36, 0x37, 0x36, 0x37, 0x36, 
   0x26, 0x07, 0x06, 0x07, 0x06, 0x13, 0x26, 0x37, 0x36, 0x3F, 
   0x01, 0x33, 0x16, 0x17, 0x16, 0x07, 0x06, 0x07, 0x06, 0x07, 
   0x06, 0x07, 0x06, 0x27, 0x26, 0x27, 0x26, 0x27, 0x1E, 0x01, 
   0x15, 0x1E, 0x01, 0x17, 0x16, 0x36, 0x35, 0x27, 0x26, 0x27, 
   0x26, 0x27, 0x26, 0x23, 0x22, 0x17, 0x06, 0x16, 0x37, 0x36, 
   0x37, 0x36, 0x37, 0x36, 0x37, 0x36, 0x26, 0x07, 0x06, 0x07, 
   0x06, 0x13, 0x26, 0x37, 0x36, 0x3F, 0x01, 0x33, 0x16, 0x17, 
   0x16, 0x07, 0x06, 0x07, 0x06, 0x07, 0x06, 0x07, 0x06, 0x27, 
   0x26, 0x27, 0x26, 0x27, 0x17, 0x1E, 0x01, 0x17, 0x16, 0x36, 
   0x35, 0x27, 0x26, 0x27, 0x26, 0x27, 0x26, 0x23, 0x22, 0x17, 
   0x06, 0x16, 0x37, 0x36, 0x37, 0x36, 0x37, 0x36, 0x37, 0x36, 
   0x26, 0x07, 0x06, 0x07, 0x06, 0x28, 0x3D, 0x4F, 0x38, 0x71, 
   0x14, 0x17, 0x9B, 0x48, 0x23, 0x12, 0x0C, 0x21, 0x41, 0x4E, 
   0x04, 0x08, 0x2C, 0x2F, 0x12, 0x08, 0x6A, 0x2E, 0x01, 0x04, 
   0x0F, 0x5F, 0x45, 0x10, 0x05, 0x03, 0x0D, 0x38, 0x0B, 0x4F, 
   0x0C, 0x22, 0xF4, 0x01, 0x08, 0x10, 0x0E, 0x1C, 0x38, 0x26, 
   0x1D, 0x0F, 0x02, 0x07, 0x0B, 0x20, 0x1A, 0x79, 0x14, 0x3C, 
   0x4F, 0x38, 0x71, 0x13, 0x17, 0x9B, 0x48, 0x23, 0x11, 0x0C, 
   0x22, 0x3F, 0x50, 0x08, 0x03, 0x2D, 0x2F, 0x0F, 0x0B, 0x6B, 
   0x2D, 0x01, 0x05, 0x0F, 0x5E, 0x45, 0x10, 0x06, 0x04, 0x0D, 
   0x37, 0x09, 0x52, 0x0F, 0x0D, 0x12, 0xF4, 0x01, 0x08, 0x10, 
   0x0E, 0x1C, 0x37, 0x27, 0x1D, 0x0F, 0x02, 0x07, 0x0B, 0x1C, 
   0x1E, 0x79, 0x42, 0x3C, 0x4F, 0x38, 0x71, 0x13, 0x17, 0x9B, 
   0x48, 0x23, 0x11, 0x0C, 0x22, 0x41, 0x4E, 0x06, 0x05, 0x2D, 
   0x2F, 0x12, 0x08, 0x6A, 0x2E, 0x06, 0x0F, 0x5E, 0x45, 0x10, 
   0x06, 0x04, 0x0D, 0x37, 0x09, 0x52, 0x0C, 0x10, 0x12, 0xF4, 
   0x01, 0x08, 0x10, 0x0E, 0x1C, 0x38, 0x26, 0x1D, 0x0F, 0x02, 
   0x07, 0x0B, 0x20, 0x1A, 0x79, 0x04, 0x42, 0x81, 0x72, 0x4F, 
   0x12, 0x03, 0x05, 0x86, 0x3E, 0x4E, 0x3D, 0x33, 0x68, 0x47, 
   0x05, 0x04, 0x23, 0x20, 0x0C, 0x08, 0x6E, 0xB8, 0x0A, 0x14, 
   0x44, 0x4A, 0x06, 0x02, 0x05, 0x11, 0x1B, 0x48, 0x21, 0x07, 
   0x21, 0x04, 0xAE, 0x11, 0x06, 0x01, 0x02, 0x06, 0x0D, 0x2F, 
   0x23, 0x4B, 0x0B, 0x08, 0x01, 0x03, 0x0A, 0x2D, 0xFD, 0x42, 
   0x80, 0x73, 0x4F, 0x12, 0x03, 0x05, 0x86, 0x3F, 0x4D, 0x3B, 
   0x35, 0x66, 0x48, 0x08, 0x02, 0x23, 0x20, 0x0A, 0x0B, 0x6F, 
   0xB6, 0x06, 0x15, 0x02, 0x44, 0x4B, 0x06, 0x01, 0x05, 0x11, 
   0x1A, 0x48, 0x21, 0x06, 0x22, 0x05, 0xAF, 0x11, 0x06, 0x01, 
   0x02, 0x06, 0x0D, 0x30, 0x24, 0x49, 0x0B, 0x09, 0x01, 0x03, 
   0x0B, 0x2D, 0x02, 0x70, 0x80, 0x73, 0x4F, 0x12, 0x03, 0x05, 
   0x86, 0x3F, 0x4D, 0x3B, 0x35, 0x68, 0x47, 0x06, 0x03, 0x23, 
   0x20, 0x0C, 0x08, 0x6E, 0xB8, 0x1E, 0x44, 0x4A, 0x06, 0x02, 
   0x06, 0x10, 0x1B, 0x48, 0x21, 0x06, 0x22, 0x04, 0xAE, 0x11, 
   0x06, 0x01, 0x02, 0x06, 0x0D, 0x2F, 0x23, 0x4B, 0x0B, 0x08, 
   0x01, 0x03, 0x0A, 0x2D, 0x00, 0x05, 0x00, 0x00, 0xFE, 0xC2, 
   0x0A, 0x48, 0x06, 0xD8, 0x00, 0x0D, 0x00, 0x1C, 0x00, 0x56, 
   0x00, 0x65, 0x00, 0x72, 0x00, 0x59, 0x00, 0xB0, 0x5B, 0x2F, 
   0xB0, 0x63, 0xCD, 0xB0, 0x03, 0x2F, 0xB0, 0x0B, 0xCD, 0xB0, 
   0x12, 0x2F, 0xB0, 0x1A, 0xCD, 0xB0, 0x34, 0x2F, 0xB0, 0x26, 
   0x33, 0xB0, 0x71, 0xCD, 0xB0, 0x54, 0x32, 0xB0, 0x2D, 0x2F, 
   0xB0, 0x51, 0xCD, 0x01, 0xB0, 0x73, 0x2F, 0xB1, 0x74, 0x01, 
   0x2B, 0x00, 0xB1, 0x34, 0x1A, 0x11, 0x12, 0xB3, 0x1D, 0x20, 
   0x39, 0x3E, 0x24, 0x17, 0x39, 0xB0, 0x71, 0x11, 0xB4, 0x2A, 
   0x30, 0x27, 0x6C, 0x6E, 0x24, 0x17, 0x39, 0xB0, 0x2D, 0x12, 
   0xB1, 0x2B, 0x44, 0x39, 0x39, 0xB0, 0x51, 0x11, 0xB1, 0x4F, 
   0x66, 0x39, 0x39, 0x30, 0x31, 0x35, 0x14, 0x16, 0x33, 0x21, 
   0x32, 0x36, 0x35, 0x34, 0x26, 0x23, 0x21, 0x22, 0x06, 0x01, 
   0x14, 0x17, 0x16, 0x33, 0x21, 0x32, 0x36, 0x35, 0x34, 0x26, 
   0x23, 0x21, 0x22, 0x06, 0x37, 0x35, 0x06, 0x3B, 0x01, 0x32, 
   0x37, 0x3E, 0x01, 0x3F, 0x01, 0x32, 0x35, 0x37, 0x36, 0x24, 
   0x33, 0x32, 0x04, 0x1F, 0x01, 0x14, 0x3B, 0x01, 0x32, 0x16, 
   0x17, 0x16, 0x3B, 0x01, 0x32, 0x27, 0x26, 0x27, 0x36, 0x3F, 
   0x01, 0x36, 0x26, 0x23, 0x27, 0x26, 0x02, 0x3F, 0x01, 0x36, 
   0x2F, 0x01, 0x26, 0x04, 0x07, 0x26, 0x23, 0x22, 0x00, 0x07, 
   0x0E, 0x01, 0x13, 0x14, 0x17, 0x16, 0x33, 0x21, 0x32, 0x36, 
   0x35, 0x34, 0x26, 0x23, 0x21, 0x22, 0x06, 0x01, 0x3E, 0x01, 
   0x17, 0x06, 0x12, 0x17, 0x06, 0x07, 0x26, 0x2B, 0x01, 0x26, 
   0x36, 0x27, 0x07, 0xC1, 0x26, 0x35, 0x34, 0x27, 0xF8, 0x3F, 
   0x26, 0x37, 0x01, 0x16, 0x1C, 0x16, 0x29, 0x07, 0xC1, 0x25, 
   0x32, 0x32, 0x25, 0xF8, 0x3F, 0x26, 0x35, 0x10, 0x07, 0x14, 
   0x9A, 0x09, 0x0B, 0x26, 0x97, 0x5A, 0x39, 0x14, 0x06, 0x11, 
   0x01, 0x01, 0xAE, 0xAC, 0x01, 0x02, 0x12, 0x07, 0x16, 0xA9, 
   0x67, 0xA8, 0x29, 0x0B, 0x0C, 0x97, 0x13, 0x03, 0x23, 0x0E, 
   0x74, 0x2C, 0x12, 0x04, 0x0B, 0x07, 0x42, 0x8F, 0x95, 0x23, 
   0x0E, 0x08, 0x16, 0x5A, 0xAF, 0xFE, 0xB0, 0x5F, 0x7F, 0x75, 
   0xDE, 0xFE, 0xA5, 0x32, 0x87, 0xCB, 0x81, 0x1C, 0x1B, 0x24, 
   0x07, 0xC5, 0x25, 0x34, 0x34, 0x25, 0xF8, 0x3B, 0x26, 0x35, 
   0x04, 0xCB, 0x38, 0xBD, 0x69, 0x0B, 0xAC, 0x97, 0x18, 0x38, 
   0x93, 0xBC, 0x22, 0x33, 0x63, 0x24, 0x32, 0x32, 0x24, 0x27, 
   0x35, 0x36, 0x01, 0x26, 0x26, 0x19, 0x1D, 0x36, 0x26, 0x25, 
   0x32, 0x32, 0xDD, 0x05, 0x18, 0x10, 0x53, 0x6A, 0x07, 0x08, 
   0x13, 0x35, 0xAC, 0xE7, 0xE4, 0xAB, 0x3D, 0x13, 0x6E, 0x5A, 
   0x10, 0x18, 0x59, 0x18, 0x68, 0xAA, 0x46, 0x0A, 0x0E, 0x17, 
   0x29, 0x01, 0x00, 0x91, 0x3E, 0x0F, 0x0A, 0x19, 0x2B, 0x8E, 
   0x9B, 0x31, 0xFE, 0xE8, 0xD9, 0x20, 0xC2, 0xFB, 0xE6, 0x26, 
   0x19, 0x1D, 0x36, 0x26, 0x25, 0x32, 0x32, 0x06, 0x38, 0x5C, 
   0x64, 0x0A, 0xA7, 0xFE, 0xDD, 0x46, 0x38, 0x3A, 0x79, 0xD2, 
   0x00, 0x00, 0x00, 0x01, 0x00, 0x00, 0x01, 0x18, 0x02, 0xAF, 
   0x05, 0x50, 0x00, 0x26, 0x00, 0x18, 0x00, 0xB0, 0x04, 0x2F, 
   0xB0, 0x09, 0xCD, 0x01, 0xB0, 0x27, 0x2F, 0xB0, 0x00, 0xD6, 
   0xB0, 0x0C, 0xCD, 0xB1, 0x28, 0x01, 0x2B, 0x00, 0x30, 0x31, 
   0x11, 0x14, 0x1E, 0x01, 0x33, 0x32, 0x36, 0x34, 0x26, 0x23, 
   0x22, 0x26, 0x35, 0x34, 0x36, 0x33, 0x07, 0x06, 0x17, 0x14, 
   0x16, 0x33, 0x32, 0x3F, 0x01, 0x36, 0x35, 0x34, 0x2F, 0x01, 
   0x26, 0x22, 0x06, 0x15, 0x14, 0x1F, 0x01, 0x06, 0x02, 0x7A, 
   0xD5, 0x7E, 0x1E, 0x2B, 0x2A, 0x1F, 0x82, 0xB5, 0xAA, 0x73, 
   0x23, 0x18, 0x02, 0x2A, 0x1F, 0x20, 0x16, 0xA1, 0x15, 0x15, 
   0xA1, 0x15, 0x3E, 0x2D, 0x17, 0x20, 0xB8, 0xF8, 0x02, 0xE5, 
   0x7E, 0xD4, 0x7B, 0x2E, 0x3E, 0x29, 0xB6, 0x82, 0x7C, 0xB8, 
   0x22, 0x18, 0x1C, 0x1D, 0x2D, 0x16, 0xA0, 0x11, 0x25, 0x23, 
   0x0F, 0xA3, 0x16, 0x2C, 0x1F, 0x21, 0x15, 0x1E, 0x0D, 0xFE, 
   0xF9, 0x00, 0x00, 0x01, 0x00, 0x00, 0x00, 0x75, 0x04, 0x5B, 
   0x05, 0x8A, 0x00, 0x2D, 0x00, 0x2F, 0x00, 0xB0, 0x04, 0x2F, 
   0xB0, 0x10, 0xCD, 0x01, 0xB0, 0x2E, 0x2F, 0xB0, 0x00, 0xD6, 
   0xB0, 0x13, 0xCD, 0xB0, 0x13, 0x10, 0xB1, 0x0D, 0x01, 0x2B, 
   0xB0, 0x08, 0xCD, 0xB1, 0x2F, 0x01, 0x2B, 0xB1, 0x0D, 0x13, 
   0x11, 0x12, 0xB3, 0x04, 0x20, 0x28, 0x2B, 0x24, 0x17, 0x39, 
   0x00, 0x30, 0x31, 0x11, 0x14, 0x12, 0x04, 0x33, 0x32, 0x24, 
   0x12, 0x35, 0x34, 0x26, 0x22, 0x06, 0x15, 0x14, 0x06, 0x23, 
   0x22, 0x26, 0x35, 0x34, 0x36, 0x37, 0x07, 0x06, 0x15, 0x14, 
   0x17, 0x16, 0x3F, 0x01, 0x36, 0x35, 0x34, 0x2F, 0x01, 0x26, 
   0x23, 0x22, 0x06, 0x15, 0x14, 0x1F, 0x01, 0x06, 0x00, 0x97, 
   0x01, 0x01, 0x96, 0x99, 0x01, 0x00, 0x94, 0x33, 0x4A, 0x36, 
   0xDD, 0x9D, 0x9B, 0xDA, 0xA9, 0x70, 0x29, 0x1A, 0x1A, 0x3A, 
   0x47, 0xC4, 0x1A, 0x1A, 0xC4, 0x1C, 0x21, 0x28, 0x36, 0x1A, 
   0x29, 0xC8, 0xFE, 0xF6, 0x02, 0xA2, 0x97, 0xFE, 0xFF, 0x95, 
   0x94, 0x01, 0x00, 0x99, 0x26, 0x36, 0x36, 0x26, 0x9D, 0xDD, 
   0xDD, 0x9D, 0x88, 0xDD, 0x07, 0x27, 0x1C, 0x22, 0x24, 0x1C, 
   0x38, 0x38, 0xC2, 0x14, 0x2E, 0x29, 0x14, 0xC6, 0x1A, 0x35, 
   0x26, 0x27, 0x1A, 0x26, 0x23, 0xFE, 0xC7, 0x00, 0x00, 0x00, 
   0x00, 0x01, 0x00, 0x01, 0x01, 0xC9, 0x04, 0x39, 0x04, 0x7B, 
   0x00, 0x1C, 0x00, 0x12, 0x00, 0xB0, 0x03, 0x2F, 0xB0, 0x1A, 
   0xCD, 0x01, 0xB0, 0x1D, 0x2F, 0xB1, 0x1E, 0x01, 0x2B, 0x00, 
   0x30, 0x31, 0x13, 0x14, 0x16, 0x37, 0x21, 0x07, 0x06, 0x15, 
   0x14, 0x16, 0x33, 0x36, 0x37, 0x01, 0x36, 0x35, 0x26, 0x27, 
   0x01, 0x26, 0x07, 0x22, 0x06, 0x14, 0x1F, 0x01, 0x21, 0x0E, 
   0x01, 0x01, 0x31, 0x23, 0x02, 0xBE, 0x6E, 0x1A, 0x33, 0x24, 
   0x22, 0x17, 0x01, 0x05, 0x19, 0x01, 0x19, 0xFE, 0xF9, 0x18, 
   0x22, 0x24, 0x32, 0x19, 0x71, 0xFD, 0x41, 0x24, 0x2F, 0x03, 
   0x1F, 0x24, 0x32, 0x04, 0x73, 0x1A, 0x21, 0x24, 0x32, 0x01, 
   0x1C, 0x01, 0x01, 0x19, 0x25, 0x26, 0x18, 0x00, 0xFF, 0x1A, 
   0x01, 0x30, 0x48, 0x19, 0x73, 0x01, 0x33, 0x00, 0x00, 0x00, 
   0x00, 0x03, 0x00, 0x00, 0x01, 0x45, 0x03, 0x53, 0x05, 0xDD, 
   0x00, 0x0E, 0x00, 0x21, 0x00, 0x2D, 0x00, 0x37, 0x00, 0x01, 
   0xB0, 0x2E, 0x2F, 0xB0, 0x00, 0xD6, 0xB0, 0x0A, 0xCD, 0xB0, 
   0x0A, 0x10, 0xB1, 0x0F, 0x01, 0x2B, 0xB0, 0x1C, 0xCD, 0xB3, 
   0x28, 0x1C, 0x0F, 0x08, 0x2B, 0xB0, 0x22, 0xCD, 0xB0, 0x22, 
   0x2F, 0xB0, 0x28, 0xCD, 0xB1, 0x2F, 0x01, 0x2B, 0xB1, 0x28, 
   0x22, 0x11, 0x12, 0xB2, 0x14, 0x1F, 0x16, 0x39, 0x39, 0x39, 
   0x00, 0x30, 0x31, 0x11, 0x34, 0x36, 0x37, 0x3E, 0x01, 0x37, 
   0x17, 0x1E, 0x01, 0x15, 0x14, 0x06, 0x22, 0x26, 0x01, 0x34, 
   0x36, 0x37, 0x36, 0x37, 0x36, 0x37, 0x17, 0x16, 0x17, 0x1E, 
   0x01, 0x15, 0x14, 0x06, 0x23, 0x22, 0x26, 0x13, 0x34, 0x37, 
   0x17, 0x1E, 0x01, 0x15, 0x14, 0x06, 0x23, 0x22, 0x26, 0x51, 
   0x25, 0x0A, 0x1E, 0x02, 0x27, 0x2C, 0x4A, 0x5B, 0x84, 0x5E, 
   0x01, 0x4D, 0x34, 0x26, 0x49, 0x43, 0x07, 0x15, 0x1B, 0x3E, 
   0x4F, 0x29, 0x33, 0x96, 0x6E, 0x6C, 0x96, 0xA2, 0x6B, 0x1B, 
   0x1E, 0x30, 0x3D, 0x2C, 0x2E, 0x3D, 0x04, 0x03, 0x29, 0x86, 
   0x2C, 0x0C, 0x23, 0x02, 0x2E, 0x31, 0x82, 0x2B, 0x42, 0x5E, 
   0x5E, 0xFE, 0x87, 0x2E, 0x7B, 0x34, 0x62, 0x41, 0x05, 0x15, 
   0x1A, 0x3B, 0x67, 0x37, 0x78, 0x2F, 0x6E, 0x95, 0x98, 0x03, 
   0x4B, 0x45, 0x70, 0x1E, 0x23, 0x57, 0x1D, 0x2C, 0x3B, 0x3B, 
   0x00, 0x02, 0x00, 0x00, 0x00, 0x12, 0x09, 0xEB, 0x05, 0x5F, 
   0x00, 0x1D, 0x00, 0x3C, 0x00, 0x66, 0x00, 0xB0, 0x15, 0x2F, 
   0xB0, 0x0B, 0xCD, 0xB0, 0x04, 0x2F, 0xB0, 0x1B, 0xCD, 0xB0, 
   0x22, 0x2F, 0xB0, 0x3A, 0xCD, 0xB0, 0x34, 0x2F, 0xB0, 0x29, 
   0xCD, 0x01, 0xB0, 0x3D, 0x2F, 0xB0, 0x08, 0xD6, 0xB0, 0x18, 
   0xCD, 0xB0, 0x18, 0x10, 0xB1, 0x37, 0x01, 0x2B, 0xB0, 0x26, 
   0xCD, 0xB1, 0x3E, 0x01, 0x2B, 0xB1, 0x37, 0x18, 0x11, 0x12, 
   0xB2, 0x29, 0x2D, 0x39, 0x39, 0x39, 0x39, 0x00, 0xB1, 0x0B, 
   0x15, 0x11, 0x12, 0xB1, 0x11, 0x17, 0x39, 0x39, 0xB0, 0x04, 
   0x11, 0xB0, 0x0E, 0x39, 0xB0, 0x1B, 0x12, 0xB0, 0x18, 0x39, 
   0xB1, 0x34, 0x3A, 0x11, 0x12, 0xB1, 0x26, 0x30, 0x39, 0x39, 
   0xB0, 0x29, 0x11, 0xB0, 0x2D, 0x39, 0x30, 0x31, 0x11, 0x14, 
   0x17, 0x16, 0x33, 0x21, 0x32, 0x16, 0x15, 0x14, 0x06, 0x22, 
   0x27, 0x26, 0x23, 0x22, 0x06, 0x15, 0x14, 0x17, 0x16, 0x33, 
   0x32, 0x36, 0x34, 0x26, 0x23, 0x21, 0x22, 0x06, 0x11, 0x14, 
   0x17, 0x16, 0x33, 0x21, 0x32, 0x36, 0x35, 0x34, 0x26, 0x23, 
   0x22, 0x07, 0x06, 0x15, 0x14, 0x16, 0x33, 0x32, 0x37, 0x36, 
   0x33, 0x32, 0x16, 0x14, 0x06, 0x23, 0x21, 0x22, 0x06, 0x1E, 
   0x1A, 0x29, 0x06, 0x1F, 0x2E, 0x40, 0x3F, 0x5E, 0x1F, 0x1A, 
   0x26, 0x28, 0x39, 0x1E, 0x5A, 0x77, 0x7D, 0xB2, 0xB3, 0x7C, 
   0xF9, 0xE1, 0x28, 0x39, 0x1E, 0x1C, 0x27, 0x08, 0x5A, 0x7D, 
   0xB3, 0xB3, 0x7D, 0x7B, 0x55, 0x1D, 0x37, 0x28, 0x27, 0x1C, 
   0x1E, 0x2D, 0x2E, 0x3F, 0x3F, 0x2E, 0xF7, 0xA6, 0x28, 0x39, 
   0x02, 0x09, 0x27, 0x1B, 0x1E, 0x40, 0x2F, 0x2E, 0x3D, 0x1F, 
   0x1C, 0x37, 0x26, 0x28, 0x1B, 0x58, 0xAC, 0xF8, 0xB3, 0x38, 
   0x01, 0x36, 0x25, 0x1C, 0x1C, 0xAE, 0x7B, 0x7C, 0xB0, 0x55, 
   0x1A, 0x2D, 0x29, 0x34, 0x1A, 0x21, 0x40, 0x5C, 0x3E, 0x38, 
   0x00, 0x00, 0x00, 0x07, 0x00, 0x00, 0xFF, 0xFF, 0x0A, 0x36, 
   0x07, 0xCE, 0x00, 0x0E, 0x00, 0x1F, 0x00, 0x3A, 0x00, 0x5E, 
   0x00, 0x6C, 0x00, 0x7B, 0x00, 0x89, 0x00, 0xEF, 0x00, 0xB2, 
   0x38, 0x00, 0x00, 0x2B, 0xB0, 0x30, 0x33, 0xB0, 0x24, 0xCD, 
   0xB0, 0x29, 0x32, 0xB0, 0x0C, 0x2F, 0xB0, 0x86, 0x33, 0xB0, 
   0x04, 0xCD, 0xB0, 0x7F, 0x32, 0xB0, 0x48, 0x2F, 0xB0, 0x5A, 
   0xCD, 0xB0, 0x6A, 0x2F, 0xB0, 0x63, 0xCD, 0x01, 0xB0, 0x8A, 
   0x2F, 0xB0, 0x00, 0xD6, 0xB0, 0x08, 0xCD, 0xB0, 0x08, 0x10, 
   0xB1, 0x3B, 0x01, 0x2B, 0xB0, 0x45, 0xCD, 0xB0, 0x45, 0x10, 
   0xB1, 0x5F, 0x01, 0x2B, 0xB0, 0x67, 0xCD, 0xB0, 0x67, 0x10, 
   0xB1, 0x4B, 0x01, 0x2B, 0xB0, 0x55, 0xCD, 0xB0, 0x55, 0x10, 
   0xB1, 0x7C, 0x01, 0x2B, 0xB0, 0x83, 0xCD, 0xB1, 0x8B, 0x01, 
   0x2B, 0xB1, 0x08, 0x00, 0x11, 0x12, 0xB0, 0x0F, 0x39, 0xB0, 
   0x3B, 0x11, 0xB2, 0x13, 0x1B, 0x20, 0x39, 0x39, 0x39, 0xB0, 
   0x45, 0x12, 0xB1, 0x18, 0x3D, 0x39, 0x39, 0xB0, 0x5F, 0x11, 
   0xB1, 0x25, 0x42, 0x39, 0x39, 0xB0, 0x67, 0x12, 0xB2, 0x34, 
   0x5A, 0x48, 0x39, 0x39, 0x39, 0xB0, 0x4B, 0x11, 0xB2, 0x29, 
   0x33, 0x4E, 0x39, 0x39, 0x39, 0xB0, 0x55, 0x12, 0xB1, 0x53, 
   0x6D, 0x39, 0x39, 0xB0, 0x7C, 0x11, 0xB2, 0x2D, 0x71, 0x79, 
   0x39, 0x39, 0x39, 0xB0, 0x83, 0x12, 0xB1, 0x72, 0x74, 0x39, 
   0x39, 0x00, 0xB1, 0x24, 0x38, 0x11, 0x12, 0xB0, 0x33, 0x39, 
   0xB0, 0x0C, 0x11, 0xB7, 0x27, 0x34, 0x3D, 0x3F, 0x43, 0x4D, 
   0x50, 0x53, 0x24, 0x17, 0x39, 0xB0, 0x04, 0x12, 0xB3, 0x3B, 
   0x45, 0x4B, 0x55, 0x24, 0x17, 0x39, 0xB1, 0x5A, 0x48, 0x11, 
   0x12, 0xB1, 0x1B, 0x79, 0x39, 0x39, 0xB0, 0x6A, 0x11, 0xB1, 
   0x18, 0x6D, 0x39, 0x39, 0xB0, 0x63, 0x12, 0xB3, 0x0F, 0x13, 
   0x71, 0x74, 0x24, 0x17, 0x39, 0x30, 0x31, 0x11, 0x34, 0x37, 
   0x36, 0x3B, 0x01, 0x32, 0x16, 0x15, 0x14, 0x06, 0x2B, 0x01, 
   0x22, 0x26, 0x01, 0x34, 0x37, 0x36, 0x33, 0x32, 0x1F, 0x01, 
   0x16, 0x15, 0x14, 0x06, 0x23, 0x22, 0x2F, 0x01, 0x26, 0x13, 
   0x34, 0x37, 0x36, 0x33, 0x21, 0x01, 0x36, 0x17, 0x01, 0x21, 
   0x32, 0x16, 0x15, 0x14, 0x06, 0x23, 0x21, 0x22, 0x27, 0x25, 
   0x07, 0x06, 0x23, 0x21, 0x22, 0x26, 0x13, 0x14, 0x17, 0x16, 
   0x3B, 0x01, 0x32, 0x36, 0x27, 0x26, 0x35, 0x34, 0x24, 0x33, 
   0x32, 0x16, 0x15, 0x14, 0x07, 0x06, 0x16, 0x3B, 0x01, 0x32, 
   0x37, 0x36, 0x35, 0x34, 0x2E, 0x02, 0x23, 0x22, 0x0E, 0x02, 
   0x01, 0x35, 0x34, 0x36, 0x33, 0x32, 0x16, 0x1D, 0x01, 0x14, 
   0x06, 0x23, 0x22, 0x26, 0x05, 0x34, 0x3F, 0x01, 0x36, 0x32, 
   0x16, 0x15, 0x14, 0x0F, 0x01, 0x06, 0x23, 0x22, 0x26, 0x01, 
   0x34, 0x36, 0x3B, 0x01, 0x32, 0x16, 0x15, 0x14, 0x06, 0x2B, 
   0x01, 0x22, 0x26, 0x20, 0x24, 0x27, 0xF8, 0x2B, 0x3A, 0x3A, 
   0x2B, 0xF8, 0x2B, 0x40, 0x01, 0x63, 0x1C, 0x24, 0x27, 0x2A, 
   0x1F, 0xAF, 0x1E, 0x3A, 0x29, 0x27, 0x24, 0xB3, 0x1C, 0xD5, 
   0x1F, 0x1C, 0x2D, 0x01, 0x19, 0x01, 0x4C, 0x10, 0x14, 0x01, 
   0x51, 0x01, 0x27, 0x2B, 0x3D, 0x3D, 0x2B, 0xFE, 0x97, 0x10, 
   0x0F, 0xFE, 0xFF, 0xFF, 0x0D, 0x11, 0xFE, 0xA5, 0x2B, 0x3D, 
   0x63, 0x42, 0x04, 0x17, 0xC9, 0x0C, 0x08, 0x06, 0x66, 0x01, 
   0x00, 0xB4, 0xB3, 0xFD, 0x65, 0x07, 0x07, 0x0D, 0xCB, 0x15, 
   0x04, 0x42, 0x66, 0xAB, 0xEC, 0x81, 0x82, 0xED, 0xAD, 0x66, 
   0x02, 0x18, 0x3C, 0x2E, 0x2D, 0x3B, 0x3B, 0x2D, 0x2E, 0x3C, 
   0x02, 0xA5, 0x1D, 0xAD, 0x1F, 0x58, 0x3C, 0x1C, 0xB4, 0x22, 
   0x29, 0x2B, 0x37, 0x01, 0x17, 0x39, 0x2A, 0xFB, 0x2B, 0x3E, 
   0x3E, 0x2B, 0xFB, 0x2B, 0x38, 0x02, 0xB5, 0x28, 0x22, 0x1F, 
   0x3E, 0x2B, 0x2E, 0x3E, 0x41, 0x03, 0x7E, 0x2B, 0x1E, 0x1F, 
   0x1F, 0xB0, 0x23, 0x27, 0x2D, 0x3C, 0x1F, 0xAD, 0x22, 0xFA, 
   0x8C, 0x2D, 0x1C, 0x1C, 0x01, 0x38, 0x0D, 0x0D, 0xFE, 0xC8, 
   0x3B, 0x2A, 0x2B, 0x3E, 0x08, 0xF2, 0xF2, 0x08, 0x3E, 0x02, 
   0x78, 0x9B, 0x7F, 0x13, 0x12, 0x0B, 0x7B, 0x95, 0xB4, 0xFC, 
   0xFC, 0xB4, 0x96, 0x7A, 0x0B, 0x12, 0x13, 0x7B, 0x9F, 0x82, 
   0xEC, 0xAB, 0x65, 0x65, 0xAB, 0xEC, 0x03, 0x39, 0xF5, 0x2E, 
   0x3B, 0x3C, 0x2D, 0xF5, 0x2E, 0x3B, 0x3B, 0xEB, 0x28, 0x22, 
   0xB0, 0x1F, 0x3D, 0x2B, 0x2E, 0x20, 0xAD, 0x1F, 0x3B, 0xFD, 
   0x8C, 0x2B, 0x3E, 0x3E, 0x2B, 0x2C, 0x40, 0x3E, 0x00, 0x00, 
   0x00, 0x07, 0x00, 0x00, 0xFE, 0xD0, 0x0A, 0x19, 0x07, 0xB5, 
   0x00, 0x0E, 0x00, 0x1E, 0x00, 0x38, 0x00, 0x5B, 0x00, 0x67, 
   0x00, 0x77, 0x00, 0x85, 0x00, 0xE3, 0x00, 0xB2, 0x36, 0x00, 
   0x00, 0x2B, 0xB0, 0x30, 0x33, 0xB0, 0x23, 0xCD, 0xB0, 0x2A, 
   0x32, 0xB2, 0x27, 0x00, 0x00, 0x2B, 0xB0, 0x0C, 0x2F, 0xB0, 
   0x82, 0x33, 0xB0, 0x04, 0xCD, 0xB0, 0x7B, 0x32, 0xB0, 0x47, 
   0x2F, 0xB0, 0x59, 0xCD, 0xB0, 0x66, 0x2F, 0xB0, 0x60, 0xCD, 
   0x01, 0xB0, 0x86, 0x2F, 0xB0, 0x00, 0xD6, 0xB0, 0x08, 0xCD, 
   0xB0, 0x08, 0x10, 0xB1, 0x3A, 0x01, 0x2B, 0xB0, 0x44, 0xCD, 
   0xB0, 0x44, 0x10, 0xB1, 0x5C, 0x01, 0x2B, 0xB0, 0x63, 0xCD, 
   0xB0, 0x63, 0x10, 0xB1, 0x4A, 0x01, 0x2B, 0xB0, 0x54, 0xCD, 
   0xB3, 0x68, 0x54, 0x4A, 0x08, 0x2B, 0xB0, 0x70, 0xCD, 0xB0, 
   0x54, 0x10, 0xB1, 0x78, 0x01, 0x2B, 0xB0, 0x7F, 0xCD, 0xB1, 
   0x87, 0x01, 0x2B, 0xB1, 0x08, 0x00, 0x11, 0x12, 0xB0, 0x0F, 
   0x39, 0xB0, 0x3A, 0x11, 0xB2, 0x13, 0x1A, 0x1F, 0x39, 0x39, 
   0x39, 0xB0, 0x44, 0x12, 0xB0, 0x17, 0x39, 0xB0, 0x5C, 0x11, 
   0xB2, 0x35, 0x41, 0x59, 0x39, 0x39, 0x39, 0xB0, 0x63, 0x12, 
   0xB1, 0x27, 0x47, 0x39, 0x39, 0xB0, 0x4A, 0x11, 0xB2, 0x31, 
   0x4D, 0x58, 0x39, 0x39, 0x39, 0xB1, 0x78, 0x54, 0x11, 0x12, 
   0xB3, 0x2E, 0x2D, 0x6D, 0x75, 0x24, 0x17, 0x39, 0x00, 0xB1, 
   0x0C, 0x23, 0x11, 0x12, 0xB4, 0x3E, 0x42, 0x4C, 0x4F, 0x50, 
   0x24, 0x17, 0x39, 0xB0, 0x04, 0x11, 0xB3, 0x3A, 0x44, 0x4A, 
   0x54, 0x24, 0x17, 0x39, 0xB1, 0x59, 0x47, 0x11, 0x12, 0xB1, 
   0x1A, 0x75, 0x39, 0x39, 0xB0, 0x66, 0x11, 0xB0, 0x68, 0x39, 
   0xB0, 0x60, 0x12, 0xB3, 0x0F, 0x13, 0x6D, 0x70, 0x24, 0x17, 
   0x39, 0x30, 0x31, 0x11, 0x34, 0x37, 0x36, 0x3B, 0x01, 0x32, 
   0x16, 0x15, 0x14, 0x06, 0x2B, 0x01, 0x22, 0x26, 0x01, 0x34, 
   0x37, 0x36, 0x33, 0x32, 0x1F, 0x01, 0x16, 0x07, 0x06, 0x23, 
   0x22, 0x2F, 0x01, 0x26, 0x13, 0x34, 0x37, 0x36, 0x33, 0x21, 
   0x32, 0x1F, 0x01, 0x25, 0x36, 0x33, 0x21, 0x32, 0x16, 0x14, 
   0x06, 0x23, 0x21, 0x01, 0x06, 0x27, 0x01, 0x21, 0x22, 0x26, 
   0x12, 0x15, 0x14, 0x17, 0x16, 0x3B, 0x01, 0x32, 0x36, 0x27, 
   0x26, 0x35, 0x34, 0x36, 0x33, 0x32, 0x16, 0x15, 0x14, 0x07, 
   0x06, 0x16, 0x3B, 0x01, 0x32, 0x37, 0x36, 0x35, 0x34, 0x2E, 
   0x02, 0x20, 0x0E, 0x01, 0x01, 0x35, 0x34, 0x36, 0x32, 0x16, 
   0x1D, 0x01, 0x14, 0x06, 0x22, 0x26, 0x05, 0x34, 0x3F, 0x01, 
   0x36, 0x33, 0x32, 0x16, 0x15, 0x14, 0x0F, 0x01, 0x06, 0x23, 
   0x22, 0x26, 0x01, 0x34, 0x36, 0x3B, 0x01, 0x32, 0x16, 0x15, 
   0x14, 0x06, 0x2B, 0x01, 0x22, 0x26, 0x20, 0x1C, 0x2D, 0xF6, 
   0x2B, 0x38, 0x39, 0x2A, 0xF6, 0x2B, 0x3E, 0x01, 0x5F, 0x1B, 
   0x20, 0x2B, 0x2E, 0x1A, 0xAD, 0x4A, 0x4A, 0x1E, 0x27, 0x23, 
   0x25, 0xB3, 0x1B, 0xD2, 0x20, 0x1D, 0x2B, 0x01, 0x57, 0x11, 
   0x0D, 0xFB, 0x00, 0xFF, 0x0B, 0x14, 0x01, 0x60, 0x2B, 0x3D, 
   0x3D, 0x2B, 0xFE, 0xE2, 0xFE, 0xB1, 0x14, 0x0F, 0xFE, 0xB7, 
   0xFE, 0xEB, 0x2B, 0x3D, 0x64, 0x3E, 0x09, 0x14, 0xC7, 0x0D, 
   0x06, 0x0B, 0x5F, 0xFC, 0xB2, 0xB0, 0xFB, 0x5F, 0x0B, 0x06, 
   0x0D, 0xC9, 0x15, 0x05, 0x42, 0x65, 0xAA, 0xEA, 0xFF, 0x00, 
   0xEA, 0xAA, 0x01, 0xAC, 0x3D, 0x56, 0x3D, 0x3D, 0x56, 0x3D, 
   0x02, 0x9D, 0x1C, 0xAE, 0x1A, 0x2E, 0x2C, 0x3A, 0x1B, 0xB1, 
   0x25, 0x25, 0x2A, 0x38, 0x01, 0x14, 0x38, 0x2B, 0xF7, 0x2B, 
   0x3D, 0x3D, 0x2B, 0xF7, 0x2A, 0x39, 0x02, 0xA9, 0x2C, 0x1C, 
   0x1C, 0x39, 0x2B, 0x2D, 0x3D, 0x3F, 0x03, 0x71, 0x2D, 0x1B, 
   0x20, 0x20, 0xAE, 0x46, 0x4A, 0x1E, 0x1E, 0xAE, 0x1D, 0xFA, 
   0xA3, 0x2A, 0x20, 0x1D, 0x08, 0xED, 0xED, 0x08, 0x3C, 0x56, 
   0x3D, 0xFE, 0xD1, 0x0E, 0x0E, 0x01, 0x2F, 0x3D, 0x02, 0xEC, 
   0x7F, 0x9F, 0x79, 0x11, 0x10, 0x0B, 0x77, 0x97, 0xB0, 0xF7, 
   0xF8, 0xAF, 0x97, 0x77, 0x0B, 0x10, 0x11, 0x7D, 0x9B, 0x7F, 
   0xEB, 0xAA, 0x65, 0x65, 0xAA, 0x02, 0x42, 0xF8, 0x2B, 0x3D, 
   0x3D, 0x2B, 0xF8, 0x2B, 0x3D, 0x3D, 0xE9, 0x2D, 0x1B, 0xAE, 
   0x20, 0x3D, 0x2B, 0x2D, 0x1B, 0xAE, 0x1E, 0x3B, 0xFD, 0x93, 
   0x2B, 0x39, 0x3A, 0x2A, 0x2B, 0x3F, 0x3D, 0x00, 0x00, 0x02, 
   0x00, 0x00, 0xFE, 0xD6, 0x04, 0x3E, 0x08, 0x0B, 0x00, 0x15, 
   0x00, 0x2F, 0x00, 0x61, 0x00, 0xB0, 0x12, 0x2F, 0xB0, 0x19, 
   0xCD, 0xB0, 0x26, 0x2F, 0xB0, 0x07, 0xCD, 0x01, 0xB0, 0x30, 
   0x2F, 0xB0, 0x00, 0xD6, 0xB0, 0x16, 0xCD, 0xB0, 0x16, 0x10, 
   0xB1, 0x03, 0x01, 0x2B, 0xB0, 0x2A, 0xCD, 0xB0, 0x2A, 0x10, 
   0xB1, 0x22, 0x01, 0x2B, 0xB0, 0x0B, 0xCD, 0xB0, 0x0B, 0x10, 
   0xB1, 0x1C, 0x01, 0x2B, 0xB0, 0x0E, 0xCD, 0xB1, 0x31, 0x01, 
   0x2B, 0xB1, 0x2A, 0x03, 0x11, 0x12, 0xB0, 0x2E, 0x39, 0xB0, 
   0x22, 0x11, 0xB2, 0x12, 0x19, 0x07, 0x39, 0x39, 0x39, 0xB0, 
   0x0B, 0x12, 0xB0, 0x1F, 0x39, 0x00, 0xB1, 0x26, 0x19, 0x11, 
   0x12, 0xB3, 0x00, 0x0B, 0x0E, 0x03, 0x24, 0x17, 0x39, 0x30, 
   0x31, 0x35, 0x34, 0x36, 0x37, 0x11, 0x34, 0x36, 0x33, 0x32, 
   0x16, 0x15, 0x11, 0x1E, 0x01, 0x15, 0x14, 0x0E, 0x01, 0x23, 
   0x22, 0x2E, 0x01, 0x37, 0x14, 0x16, 0x33, 0x32, 0x36, 0x35, 
   0x34, 0x26, 0x2F, 0x01, 0x26, 0x35, 0x11, 0x34, 0x26, 0x23, 
   0x22, 0x06, 0x15, 0x11, 0x14, 0x0F, 0x01, 0x0E, 0x01, 0x7E, 
   0x71, 0xB0, 0x80, 0x81, 0xB1, 0x71, 0x7C, 0x91, 0xFA, 0x94, 
   0x93, 0xFA, 0x92, 0xBB, 0xD1, 0x93, 0x95, 0xD7, 0x67, 0x59, 
   0x1E, 0x10, 0x48, 0x36, 0x34, 0x49, 0x0F, 0x1D, 0x58, 0x63, 
   0xF5, 0x88, 0xEB, 0x4F, 0x04, 0x22, 0x80, 0xB2, 0xB2, 0x80, 
   0xFB, 0xDE, 0x4F, 0xEB, 0x88, 0x94, 0xFA, 0x91, 0x91, 0xFA, 
   0x94, 0x95, 0xD3, 0xD6, 0x92, 0x64, 0xA9, 0x2F, 0x0F, 0x07, 
   0x18, 0x04, 0x7A, 0x34, 0x44, 0x44, 0x34, 0xFB, 0x86, 0x18, 
   0x07, 0x0F, 0x2F, 0xA8, 0x00, 0x01, 0x00, 0x00, 0xFF, 0xE3, 
   0x02, 0x1A, 0x05, 0x30, 0x00, 0x12, 0x00, 0x2C, 0x00, 0x01, 
   0xB0, 0x13, 0x2F, 0xB1, 0x00, 0x0B, 0x2B, 0xB0, 0x05, 0xCD, 
   0xB3, 0x10, 0x05, 0x00, 0x08, 0x2B, 0xB0, 0x08, 0xCD, 0xB1, 
   0x14, 0x01, 0x2B, 0xB1, 0x10, 0x00, 0x11, 0x12, 0xB0, 0x02, 
   0x39, 0xB1, 0x05, 0x08, 0x11, 0x12, 0xB0, 0x03, 0x39, 0x00, 
   0x30, 0x31, 0x35, 0x14, 0x16, 0x32, 0x36, 0x35, 0x34, 0x26, 
   0x27, 0x11, 0x34, 0x26, 0x23, 0x22, 0x06, 0x15, 0x11, 0x0E, 
   0x01, 0x9C, 0xDC, 0xA2, 0x8A, 0x63, 0x16, 0x0D, 0x0E, 0x11, 
   0x62, 0x89, 0xF5, 0x72, 0xA0, 0xA1, 0x71, 0x65, 0x9A, 0x0E, 
   0x03, 0x0F, 0x0A, 0x15, 0x12, 0x0D, 0xFC, 0xF1, 0x0E, 0x9A, 
   0x00, 0x00, 0x00, 0x03, 0x00, 0x00, 0xFE, 0xD6, 0x04, 0x3E, 
   0x08, 0x0B, 0x00, 0x15, 0x00, 0x2F, 0x00, 0x42, 0x00, 0x7E, 
   0x00, 0xB0, 0x12, 0x2F, 0xB0, 0x19, 0xCD, 0xB0, 0x26, 0x2F, 
   0xB0, 0x07, 0xCD, 0x01, 0xB0, 0x43, 0x2F, 0xB0, 0x00, 0xD6, 
   0xB0, 0x16, 0xCD, 0xB0, 0x16, 0x10, 0xB1, 0x03, 0x01, 0x2B, 
   0xB0, 0x2A, 0xCD, 0xB0, 0x2A, 0x10, 0xB1, 0x40, 0x01, 0x2B, 
   0xB0, 0x38, 0xCD, 0xB0, 0x38, 0x10, 0xB1, 0x22, 0x01, 0x2B, 
   0xB0, 0x0B, 0xCD, 0xB0, 0x0B, 0x10, 0xB1, 0x1C, 0x01, 0x2B, 
   0xB0, 0x0E, 0xCD, 0xB1, 0x44, 0x01, 0x2B, 0xB1, 0x2A, 0x03, 
   0x11, 0x12, 0xB1, 0x2E, 0x30, 0x39, 0x39, 0xB0, 0x40, 0x11, 
   0xB0, 0x32, 0x39, 0xB0, 0x38, 0x12, 0xB3, 0x12, 0x19, 0x26, 
   0x07, 0x24, 0x17, 0x39, 0xB0, 0x22, 0x11, 0xB0, 0x33, 0x39, 
   0xB0, 0x0B, 0x12, 0xB1, 0x1F, 0x35, 0x39, 0x39, 0x00, 0xB1, 
   0x26, 0x19, 0x11, 0x12, 0xB5, 0x00, 0x0B, 0x0E, 0x03, 0x32, 
   0x3C, 0x24, 0x17, 0x39, 0x30, 0x31, 0x35, 0x34, 0x36, 0x37, 
   0x11, 0x34, 0x36, 0x33, 0x32, 0x16, 0x15, 0x11, 0x1E, 0x01, 
   0x15, 0x14, 0x0E, 0x01, 0x23, 0x22, 0x2E, 0x01, 0x37, 0x14, 
   0x16, 0x33, 0x32, 0x36, 0x35, 0x34, 0x26, 0x2F, 0x01, 0x26, 
   0x35, 0x11, 0x34, 0x26, 0x23, 0x22, 0x06, 0x15, 0x11, 0x14, 
   0x0F, 0x01, 0x0E, 0x01, 0x17, 0x14, 0x16, 0x32, 0x36, 0x35, 
   0x34, 0x26, 0x27, 0x11, 0x34, 0x26, 0x23, 0x22, 0x06, 0x15, 
   0x11, 0x0E, 0x01, 0x7E, 0x71, 0xB0, 0x80, 0x81, 0xB1, 0x71, 
   0x7C, 0x91, 0xFA, 0x94, 0x93, 0xFA, 0x92, 0xBB, 0xD1, 0x93, 
   0x95, 0xD7, 0x67, 0x59, 0x1E, 0x10, 0x48, 0x36, 0x34, 0x49, 
   0x0F, 0x1D, 0x58, 0x63, 0x53, 0x9C, 0xDC, 0xA2, 0x8B, 0x63, 
   0x15, 0x0D, 0x0E, 0x11, 0x62, 0x89, 0xF5, 0x88, 0xEB, 0x4F, 
   0x04, 0x22, 0x80, 0xB2, 0xB2, 0x80, 0xFB, 0xDE, 0x4F, 0xEB, 
   0x88, 0x94, 0xFA, 0x91, 0x91, 0xFA, 0x94, 0x95, 0xD3, 0xD6, 
   0x92, 0x64, 0xA9, 0x2F, 0x0F, 0x07, 0x18, 0x04, 0x7A, 0x34, 
   0x44, 0x44, 0x34, 0xFB, 0x86, 0x18, 0x07, 0x0F, 0x2F, 0xA8, 
   0x65, 0x72, 0xA0, 0xA1, 0x71, 0x65, 0x9A, 0x0E, 0x03, 0x0F, 
   0x0A, 0x15, 0x12, 0x0D, 0xFC, 0xF1, 0x0E, 0x9A, 0x00, 0x06, 
   0x00, 0x00, 0x00, 0x08, 0x05, 0xCD, 0x06, 0x0D, 0x00, 0x22, 
   0x00, 0x3B, 0x00, 0x4F, 0x00, 0x63, 0x00, 0x78, 0x00, 0x8F, 
   0x01, 0x02, 0x00, 0xB0, 0x53, 0x2F, 0xB0, 0x5D, 0xCD, 0xB0, 
   0x26, 0x2F, 0xB0, 0x32, 0xCD, 0xB0, 0x04, 0x2F, 0xB0, 0x4C, 
   0xCD, 0xB0, 0x44, 0x2F, 0xB0, 0x73, 0xCD, 0xB0, 0x6A, 0x2F, 
   0xB0, 0x8A, 0xCD, 0xB0, 0x7F, 0x2F, 0xB0, 0x16, 0xCD, 0x01, 
   0xB0, 0x90, 0x2F, 0xB0, 0x1B, 0xD6, 0xB0, 0x79, 0xCD, 0xB3, 
   0x64, 0x79, 0x1B, 0x08, 0x2B, 0xB0, 0x1F, 0xCD, 0xB0, 0x1F, 
   0x2F, 0xB0, 0x64, 0xCD, 0xB0, 0x1D, 0x32, 0xB0, 0x64, 0x10, 
   0xB0, 0x3C, 0x20, 0xD6, 0x11, 0xB0, 0x00, 0xCD, 0xB0, 0x00, 
   0x2F, 0xB0, 0x3C, 0xCD, 0xB0, 0x1F, 0x10, 0xB0, 0x23, 0x20, 
   0xD6, 0x11, 0xB0, 0x36, 0xCD, 0xB0, 0x79, 0x10, 0xB1, 0x6D, 
   0x01, 0x2B, 0xB0, 0x0E, 0xCD, 0xB0, 0x0E, 0x10, 0xB1, 0x85, 
   0x01, 0x2B, 0xB0, 0x12, 0xCD, 0xB1, 0x91, 0x01, 0x2B, 0xB1, 
   0x1B, 0x23, 0x11, 0x12, 0xB0, 0x21, 0x39, 0xB1, 0x64, 0x3C, 
   0x11, 0x12, 0xB0, 0x50, 0x39, 0xB0, 0x36, 0x11, 0xB1, 0x61, 
   0x34, 0x39, 0x39, 0xB1, 0x6D, 0x79, 0x11, 0x12, 0x40, 0x11, 
   0x04, 0x09, 0x16, 0x26, 0x0B, 0x32, 0x42, 0x47, 0x4C, 0x53, 
   0x56, 0x5F, 0x68, 0x29, 0x73, 0x7F, 0x8A, 0x24, 0x17, 0x39, 
   0xB0, 0x0E, 0x11, 0xB0, 0x10, 0x39, 0x00, 0xB1, 0x26, 0x5D, 
   0x11, 0x12, 0xB3, 0x50, 0x56, 0x59, 0x61, 0x24, 0x17, 0x39, 
   0xB1, 0x04, 0x32, 0x11, 0x12, 0xB3, 0x23, 0x29, 0x2C, 0x34, 
   0x24, 0x17, 0x39, 0xB0, 0x4C, 0x11, 0xB0, 0x39, 0x39, 0xB0, 
   0x44, 0x12, 0xB2, 0x09, 0x00, 0x47, 0x39, 0x39, 0x39, 0xB0, 
   0x73, 0x11, 0xB2, 0x0B, 0x42, 0x46, 0x39, 0x39, 0x39, 0xB0, 
   0x6A, 0x12, 0xB0, 0x21, 0x39, 0xB0, 0x8A, 0x11, 0xB5, 0x0E, 
   0x1F, 0x64, 0x10, 0x68, 0x6C, 0x24, 0x17, 0x39, 0xB0, 0x7F, 
   0x12, 0xB2, 0x1B, 0x1D, 0x12, 0x39, 0x39, 0x39, 0x30, 0x31, 
   0x11, 0x14, 0x17, 0x16, 0x21, 0x32, 0x37, 0x3E, 0x01, 0x35, 
   0x34, 0x27, 0x3E, 0x01, 0x35, 0x34, 0x27, 0x36, 0x35, 0x34, 
   0x27, 0x26, 0x21, 0x22, 0x07, 0x0E, 0x01, 0x15, 0x14, 0x17, 
   0x06, 0x15, 0x14, 0x17, 0x06, 0x13, 0x14, 0x16, 0x33, 0x32, 
   0x36, 0x35, 0x34, 0x26, 0x23, 0x22, 0x06, 0x07, 0x0E, 0x01, 
   0x23, 0x22, 0x27, 0x3E, 0x01, 0x27, 0x2E, 0x01, 0x07, 0x06, 
   0x37, 0x34, 0x37, 0x3E, 0x01, 0x3F, 0x01, 0x16, 0x33, 0x32, 
   0x37, 0x17, 0x06, 0x07, 0x0E, 0x01, 0x22, 0x26, 0x27, 0x26, 
   0x03, 0x14, 0x16, 0x33, 0x32, 0x36, 0x35, 0x34, 0x26, 0x23, 
   0x22, 0x07, 0x06, 0x23, 0x22, 0x27, 0x26, 0x23, 0x22, 0x06, 
   0x13, 0x34, 0x37, 0x36, 0x37, 0x16, 0x21, 0x32, 0x37, 0x15, 
   0x14, 0x07, 0x06, 0x07, 0x06, 0x23, 0x22, 0x27, 0x26, 0x27, 
   0x26, 0x13, 0x34, 0x37, 0x36, 0x37, 0x36, 0x33, 0x32, 0x17, 
   0x16, 0x17, 0x16, 0x14, 0x07, 0x06, 0x07, 0x06, 0x23, 0x22, 
   0x27, 0x26, 0x27, 0x26, 0x4A, 0x87, 0x01, 0x11, 0x7B, 0x69, 
   0x6F, 0x8C, 0x08, 0x8E, 0xA2, 0x06, 0xEA, 0x66, 0xC8, 0xFE, 
   0x7E, 0xB6, 0x94, 0x9F, 0xC5, 0x21, 0x79, 0x4B, 0x62, 0x29, 
   0xB9, 0x8C, 0x8E, 0xBA, 0x24, 0x1C, 0x17, 0x24, 0x05, 0x14, 
   0x6E, 0x46, 0x71, 0x46, 0x10, 0x03, 0x0C, 0x10, 0x33, 0x16, 
   0x3C, 0x57, 0x0D, 0x09, 0x3B, 0x24, 0x08, 0xA6, 0xDD, 0x61, 
   0x4F, 0x12, 0x09, 0x22, 0x29, 0xAC, 0xC0, 0xAD, 0x2A, 0x22, 
   0x01, 0x93, 0x6D, 0x6F, 0x96, 0x26, 0x1A, 0x30, 0x0F, 0x28, 
   0x5E, 0x52, 0x31, 0x0F, 0x30, 0x1A, 0x24, 0x0E, 0x0A, 0x19, 
   0x48, 0xC5, 0x01, 0x57, 0xAF, 0x9A, 0x13, 0x2A, 0x72, 0x7C, 
   0xBB, 0xBC, 0x7C, 0x77, 0x28, 0x13, 0x59, 0x18, 0x2E, 0x89, 
   0x92, 0xCD, 0xCE, 0x94, 0x8A, 0x2D, 0x17, 0x17, 0x2D, 0x8A, 
   0x94, 0xCE, 0xCD, 0x92, 0x8A, 0x2D, 0x18, 0x02, 0xCE, 0x47, 
   0x32, 0x5F, 0x15, 0x18, 0x66, 0x45, 0x15, 0x15, 0x23, 0x77, 
   0x4D, 0x13, 0x16, 0x53, 0x8D, 0x5A, 0x46, 0x85, 0x20, 0x20, 
   0x8C, 0x59, 0x35, 0x2C, 0x45, 0x63, 0x4D, 0x3A, 0x39, 0xFE, 
   0x7C, 0x4B, 0x55, 0x55, 0x4B, 0x1C, 0x26, 0x20, 0x17, 0x10, 
   0x1B, 0x20, 0x10, 0x32, 0x11, 0x16, 0x0A, 0x0E, 0x28, 0xF6, 
   0x01, 0x0B, 0x09, 0x1C, 0x0A, 0x04, 0x37, 0x0B, 0x10, 0x10, 
   0x12, 0x16, 0x22, 0x22, 0x16, 0x0F, 0xFD, 0xD1, 0x41, 0x46, 
   0x46, 0x41, 0x1A, 0x28, 0x31, 0x19, 0x19, 0x31, 0x26, 0x03, 
   0x34, 0x08, 0x0B, 0x1F, 0x1D, 0x69, 0x20, 0x06, 0x0F, 0x10, 
   0x25, 0x21, 0x25, 0x25, 0x21, 0x25, 0x0F, 0x01, 0x19, 0x12, 
   0x16, 0x2B, 0x28, 0x2B, 0x2B, 0x28, 0x2B, 0x17, 0x22, 0x15, 
   0x2B, 0x29, 0x2B, 0x2B, 0x28, 0x2C, 0x15, 0x00, 0x00, 0x00, 
   0x00, 0x01, 0x00, 0x00, 0x01, 0xE8, 0x02, 0xA5, 0x04, 0x8D, 
   0x00, 0x1B, 0x00, 0x18, 0x00, 0xB0, 0x19, 0x2F, 0xB0, 0x13, 
   0xCD, 0x01, 0xB0, 0x1C, 0x2F, 0xB0, 0x08, 0xD6, 0xB0, 0x0E, 
   0xCD, 0xB1, 0x1D, 0x01, 0x2B, 0x00, 0x30, 0x31, 0x10, 0x14, 
   0x17, 0x16, 0x33, 0x32, 0x37, 0x01, 0x15, 0x14, 0x16, 0x33, 
   0x32, 0x36, 0x35, 0x11, 0x34, 0x26, 0x23, 0x21, 0x22, 0x06, 
   0x15, 0x14, 0x16, 0x3B, 0x01, 0x01, 0x12, 0x14, 0x22, 0x1F, 
   0x13, 0x01, 0x9C, 0x29, 0x1F, 0x1E, 0x29, 0x29, 0x1E, 0xFE, 
   0xCD, 0x1E, 0x28, 0x28, 0x1E, 0x85, 0xFE, 0x62, 0x02, 0x4C, 
   0x3E, 0x13, 0x13, 0x13, 0x01, 0x9D, 0x85, 0x1F, 0x29, 0x2A, 
   0x1E, 0x01, 0x32, 0x1F, 0x29, 0x29, 0x1F, 0x1E, 0x28, 0xFE, 
   0x62, 0x00, 0x00, 0x01, 0x00, 0x01, 0x01, 0x16, 0x02, 0xB3, 
   0x05, 0x4E, 0x00, 0x1D, 0x00, 0x00, 0x13, 0x06, 0x16, 0x37, 
   0x16, 0x3F, 0x01, 0x11, 0x06, 0x16, 0x37, 0x16, 0x36, 0x37, 
   0x11, 0x17, 0x16, 0x33, 0x32, 0x36, 0x35, 0x26, 0x27, 0x03, 
   0x26, 0x27, 0x06, 0x07, 0x01, 0x06, 0x01, 0x01, 0x31, 0x24, 
   0x23, 0x19, 0x71, 0x01, 0x33, 0x25, 0x23, 0x34, 0x01, 0x70, 
   0x18, 0x24, 0x25, 0x31, 0x02, 0x19, 0xFF, 0x19, 0x26, 0x26, 
   0x19, 0xFF, 0x00, 0x1A, 0x03, 0xF5, 0x24, 0x33, 0x01, 0x02, 
   0x1B, 0x70, 0xFD, 0x41, 0x24, 0x30, 0x01, 0x02, 0x30, 0x24, 
   0x02, 0xBF, 0x70, 0x19, 0x31, 0x24, 0x25, 0x15, 0x01, 0x06, 
   0x18, 0x03, 0x02, 0x1A, 0xFE, 0xFC, 0x16, 0x00, 0x00, 0x00, 
   0x00, 0x03, 0x00, 0x00, 0x00, 0x02, 0x05, 0xFE, 0x06, 0x00, 
   0x00, 0x13, 0x00, 0x25, 0x00, 0x35, 0x00, 0x42, 0x00, 0xB0, 
   0x0F, 0x2F, 0xB0, 0x18, 0xCD, 0xB0, 0x21, 0x2F, 0xB0, 0x05, 
   0xCD, 0x01, 0xB0, 0x36, 0x2F, 0xB0, 0x00, 0xD6, 0xB0, 0x14, 
   0xCD, 0xB0, 0x14, 0x10, 0xB1, 0x1D, 0x01, 0x2B, 0xB0, 0x0A, 
   0xCD, 0xB1, 0x37, 0x01, 0x2B, 0xB1, 0x1D, 0x14, 0x11, 0x12, 
   0xB3, 0x05, 0x0F, 0x2B, 0x30, 0x24, 0x17, 0x39, 0x00, 0xB1, 
   0x21, 0x18, 0x11, 0x12, 0xB3, 0x00, 0x0A, 0x2C, 0x34, 0x24, 
   0x17, 0x39, 0x30, 0x31, 0x11, 0x34, 0x12, 0x36, 0x24, 0x33, 
   0x32, 0x04, 0x16, 0x12, 0x15, 0x14, 0x02, 0x06, 0x04, 0x23, 
   0x22, 0x24, 0x26, 0x02, 0x37, 0x14, 0x12, 0x04, 0x33, 0x32, 
   0x3E, 0x02, 0x35, 0x34, 0x27, 0x26, 0x23, 0x22, 0x0E, 0x02, 
   0x01, 0x37, 0x36, 0x2F, 0x01, 0x26, 0x36, 0x17, 0x05, 0x16, 
   0x15, 0x14, 0x07, 0x01, 0x06, 0x26, 0x79, 0xCD, 0x01, 0x1B, 
   0x9C, 0x9D, 0x01, 0x1C, 0xCE, 0x7A, 0x7A, 0xCE, 0xFE, 0xE4, 
   0x9C, 0x9B, 0xFE, 0xE4, 0xCD, 0x7A, 0xA8, 0xA1, 0x01, 0x14, 
   0xA1, 0x79, 0xDE, 0xA1, 0x5F, 0xB2, 0xB2, 0xF4, 0x79, 0xDD, 
   0xA0, 0x5F, 0x01, 0x43, 0x5A, 0x05, 0x05, 0x5A, 0x05, 0x0C, 
   0x0B, 0x02, 0x56, 0x0B, 0x0B, 0xFD, 0xAA, 0x0B, 0x0C, 0x03, 
   0x01, 0x9C, 0x01, 0x1D, 0xCC, 0x7A, 0x7A, 0xCD, 0xFE, 0xE4, 
   0x9B, 0x9C, 0xFE, 0xE3, 0xCE, 0x79, 0x79, 0xCD, 0x01, 0x1C, 
   0x9D, 0xA2, 0xFE, 0xED, 0x9F, 0x5F, 0xA0, 0xDD, 0x79, 0xF4, 
   0xB2, 0xB0, 0x60, 0xA0, 0xDE, 0xFE, 0x8F, 0xEF, 0x0A, 0x0B, 
   0xEB, 0x0A, 0x0C, 0x05, 0xFC, 0x02, 0x09, 0x08, 0x02, 0xFE, 
   0xFF, 0x04, 0x0B, 0x00, 0x00, 0x03, 0x00, 0x00, 0x00, 0x02, 
   0x05, 0xFE, 0x06, 0x00, 0x00, 0x13, 0x00, 0x25, 0x00, 0x36, 
   0x00, 0x42, 0x00, 0xB0, 0x0F, 0x2F, 0xB0, 0x18, 0xCD, 0xB0, 
   0x21, 0x2F, 0xB0, 0x05, 0xCD, 0x01, 0xB0, 0x37, 0x2F, 0xB0, 
   0x00, 0xD6, 0xB0, 0x14, 0xCD, 0xB0, 0x14, 0x10, 0xB1, 0x1D, 
   0x01, 0x2B, 0xB0, 0x0A, 0xCD, 0xB1, 0x38, 0x01, 0x2B, 0xB1, 
   0x1D, 0x14, 0x11, 0x12, 0xB3, 0x05, 0x0F, 0x26, 0x2B, 0x24, 
   0x17, 0x39, 0x00, 0xB1, 0x21, 0x18, 0x11, 0x12, 0xB3, 0x00, 
   0x0A, 0x2A, 0x2F, 0x24, 0x17, 0x39, 0x30, 0x31, 0x11, 0x34, 
   0x12, 0x36, 0x24, 0x33, 0x32, 0x04, 0x16, 0x12, 0x15, 0x14, 
   0x02, 0x06, 0x04, 0x23, 0x22, 0x24, 0x26, 0x02, 0x37, 0x14, 
   0x12, 0x04, 0x33, 0x32, 0x3E, 0x02, 0x35, 0x34, 0x27, 0x26, 
   0x23, 0x22, 0x0E, 0x02, 0x05, 0x34, 0x37, 0x25, 0x36, 0x16, 
   0x07, 0x03, 0x06, 0x23, 0x22, 0x2F, 0x01, 0x26, 0x2F, 0x01, 
   0x26, 0x79, 0xCD, 0x01, 0x1B, 0x9C, 0x9D, 0x01, 0x1C, 0xCE, 
   0x7A, 0x7A, 0xCE, 0xFE, 0xE4, 0x9C, 0x9B, 0xFE, 0xE4, 0xCD, 
   0x7A, 0xA8, 0xA1, 0x01, 0x14, 0xA1, 0x79, 0xDE, 0xA1, 0x5F, 
   0xB2, 0xB2, 0xF4, 0x79, 0xDD, 0xA0, 0x5F, 0x01, 0x0B, 0x0C, 
   0x02, 0x5C, 0x0B, 0x0B, 0x04, 0xF8, 0x02, 0x09, 0x0B, 0x05, 
   0x67, 0x09, 0x05, 0xE6, 0x0C, 0x03, 0x01, 0x9C, 0x01, 0x1D, 
   0xCC, 0x7A, 0x7A, 0xCD, 0xFE, 0xE4, 0x9B, 0x9C, 0xFE, 0xE3, 
   0xCE, 0x79, 0x79, 0xCD, 0x01, 0x1C, 0x9D, 0xA2, 0xFE, 0xED, 
   0x9F, 0x5F, 0xA0, 0xDD, 0x79, 0xF4, 0xB2, 0xB0, 0x60, 0xA0, 
   0xDE, 0x81, 0x07, 0x03, 0xFA, 0x02, 0x0B, 0x0B, 0xFD, 0xA4, 
   0x0B, 0x0B, 0xE6, 0x0E, 0x01, 0x68, 0x05, 0x00, 0x00, 0x03, 
   0x00, 0x00, 0x00, 0x02, 0x05, 0xFE, 0x06, 0x00, 0x00, 0x13, 
   0x00, 0x25, 0x00, 0x36, 0x00, 0x42, 0x00, 0xB0, 0x0F, 0x2F, 
   0xB0, 0x18, 0xCD, 0xB0, 0x21, 0x2F, 0xB0, 0x05, 0xCD, 0x01, 
   0xB0, 0x37, 0x2F, 0xB0, 0x00, 0xD6, 0xB0, 0x14, 0xCD, 0xB0, 
   0x14, 0x10, 0xB1, 0x1D, 0x01, 0x2B, 0xB0, 0x0A, 0xCD, 0xB1, 
   0x38, 0x01, 0x2B, 0xB1, 0x1D, 0x14, 0x11, 0x12, 0xB3, 0x05, 
   0x0F, 0x27, 0x2C, 0x24, 0x17, 0x39, 0x00, 0xB1, 0x21, 0x18, 
   0x11, 0x12, 0xB3, 0x00, 0x0A, 0x28, 0x34, 0x24, 0x17, 0x39, 
   0x30, 0x31, 0x11, 0x34, 0x12, 0x36, 0x24, 0x33, 0x32, 0x04, 
   0x16, 0x12, 0x15, 0x14, 0x02, 0x06, 0x04, 0x23, 0x22, 0x24, 
   0x26, 0x02, 0x37, 0x14, 0x12, 0x04, 0x33, 0x32, 0x3E, 0x02, 
   0x35, 0x34, 0x27, 0x26, 0x23, 0x22, 0x0E, 0x02, 0x25, 0x26, 
   0x36, 0x17, 0x05, 0x16, 0x15, 0x14, 0x0F, 0x01, 0x06, 0x0F, 
   0x01, 0x06, 0x23, 0x22, 0x27, 0x79, 0xCD, 0x01, 0x1B, 0x9C, 
   0x9D, 0x01, 0x1C, 0xCE, 0x7A, 0x7A, 0xCE, 0xFE, 0xE4, 0x9C, 
   0x9B, 0xFE, 0xE4, 0xCD, 0x7A, 0xA8, 0xA1, 0x01, 0x14, 0xA1, 
   0x79, 0xDE, 0xA1, 0x5F, 0xB2, 0xB2, 0xF4, 0x79, 0xDD, 0xA0, 
   0x5F, 0x01, 0x5E, 0x02, 0x0B, 0x0A, 0x02, 0x5A, 0x0C, 0x0C, 
   0xE5, 0x0A, 0x05, 0x68, 0x05, 0x09, 0x08, 0x02, 0x03, 0x01, 
   0x9C, 0x01, 0x1D, 0xCC, 0x7A, 0x7A, 0xCD, 0xFE, 0xE4, 0x9B, 
   0x9C, 0xFE, 0xE3, 0xCE, 0x79, 0x79, 0xCD, 0x01, 0x1C, 0x9D, 
   0xA2, 0xFE, 0xED, 0x9F, 0x5F, 0xA0, 0xDD, 0x79, 0xF4, 0xB2, 
   0xB0, 0x60, 0xA0, 0xDE, 0x6C, 0x0B, 0x0C, 0x04, 0xF9, 0x02, 
   0x08, 0x09, 0x05, 0x68, 0x04, 0x0B, 0xE6, 0x0B, 0x0B, 0x00, 
   0x00, 0x00, 0x00, 0x03, 0x00, 0x00, 0xFF, 0xFE, 0x06, 0x01, 
   0x05, 0xFF, 0x00, 0x12, 0x00, 0x20, 0x00, 0x2F, 0x00, 0x44, 
   0x00, 0xB2, 0x0E, 0x00, 0x00, 0x2B, 0xB0, 0x17, 0xCD, 0xB0, 
   0x1E, 0x2F, 0xB0, 0x04, 0xCD, 0x01, 0xB0, 0x30, 0x2F, 0xB0, 
   0x00, 0xD6, 0xB0, 0x13, 0xCD, 0xB0, 0x13, 0x10, 0xB1, 0x1B, 
   0x01, 0x2B, 0xB0, 0x09, 0xCD, 0xB1, 0x31, 0x01, 0x2B, 0xB1, 
   0x1B, 0x13, 0x11, 0x12, 0xB3, 0x0E, 0x04, 0x2F, 0x27, 0x24, 
   0x17, 0x39, 0x00, 0xB1, 0x1E, 0x17, 0x11, 0x12, 0xB3, 0x09, 
   0x00, 0x23, 0x28, 0x24, 0x17, 0x39, 0x30, 0x31, 0x11, 0x34, 
   0x12, 0x24, 0x33, 0x32, 0x04, 0x16, 0x12, 0x15, 0x14, 0x02, 
   0x06, 0x04, 0x23, 0x22, 0x24, 0x26, 0x02, 0x37, 0x14, 0x17, 
   0x16, 0x33, 0x32, 0x24, 0x12, 0x10, 0x02, 0x24, 0x20, 0x04, 
   0x02, 0x09, 0x01, 0x36, 0x32, 0x17, 0x01, 0x16, 0x06, 0x2F, 
   0x01, 0x26, 0x0F, 0x01, 0x06, 0x26, 0xCF, 0x01, 0x62, 0xD0, 
   0x9C, 0x01, 0x1C, 0xCE, 0x7A, 0x7A, 0xCE, 0xFE, 0xE4, 0x9C, 
   0x9D, 0xFE, 0xE3, 0xCE, 0x79, 0xA9, 0xB1, 0xB1, 0xF6, 0xA2, 
   0x01, 0x14, 0xA2, 0xA2, 0xFE, 0xEC, 0xFE, 0xBC, 0xFE, 0xEC, 
   0xA2, 0x01, 0x4E, 0x01, 0x00, 0x02, 0x10, 0x02, 0x00, 0xFF, 
   0x04, 0x0B, 0x0B, 0xED, 0x0A, 0x0A, 0xEF, 0x0A, 0x0C, 0x02, 
   0xFD, 0xD1, 0x01, 0x63, 0xCE, 0x7A, 0xCE, 0xFE, 0xE3, 0x9D, 
   0x9C, 0xFE, 0xE3, 0xCD, 0x79, 0x7A, 0xCE, 0x01, 0x1B, 0x9C, 
   0xF3, 0xB3, 0xB1, 0xA1, 0x01, 0x14, 0x01, 0x44, 0x01, 0x15, 
   0xA1, 0xA1, 0xFE, 0xEB, 0xFE, 0x5C, 0x02, 0x58, 0x0B, 0x0B, 
   0xFD, 0xA8, 0x0B, 0x0C, 0x06, 0x59, 0x04, 0x04, 0x59, 0x06, 
   0x0C, 0x00, 0x00, 0x03, 0x00, 0x00, 0x00, 0x02, 0x05, 0xFE, 
   0x06, 0x00, 0x00, 0x13, 0x00, 0x25, 0x00, 0x36, 0x00, 0x42, 
   0x00, 0xB0, 0x0F, 0x2F, 0xB0, 0x18, 0xCD, 0xB0, 0x21, 0x2F, 
   0xB0, 0x05, 0xCD, 0x01, 0xB0, 0x37, 0x2F, 0xB0, 0x00, 0xD6, 
   0xB0, 0x14, 0xCD, 0xB0, 0x14, 0x10, 0xB1, 0x1D, 0x01, 0x2B, 
   0xB0, 0x0A, 0xCD, 0xB1, 0x38, 0x01, 0x2B, 0xB1, 0x1D, 0x14, 
   0x11, 0x12, 0xB3, 0x05, 0x0F, 0x26, 0x32, 0x24, 0x17, 0x39, 
   0x00, 0xB1, 0x21, 0x18, 0x11, 0x12, 0xB3, 0x00, 0x0A, 0x2E, 
   0x33, 0x24, 0x17, 0x39, 0x30, 0x31, 0x11, 0x34, 0x12, 0x36, 
   0x24, 0x33, 0x32, 0x04, 0x16, 0x12, 0x15, 0x14, 0x02, 0x06, 
   0x04, 0x23, 0x22, 0x24, 0x26, 0x02, 0x37, 0x14, 0x12, 0x04, 
   0x33, 0x32, 0x3E, 0x02, 0x35, 0x34, 0x27, 0x26, 0x23, 0x22, 
   0x0E, 0x02, 0x17, 0x34, 0x3F, 0x01, 0x36, 0x3F, 0x01, 0x36, 
   0x33, 0x32, 0x17, 0x13, 0x16, 0x06, 0x27, 0x25, 0x26, 0x79, 
   0xCD, 0x01, 0x1B, 0x9C, 0x9D, 0x01, 0x1C, 0xCE, 0x7A, 0x7A, 
   0xCE, 0xFE, 0xE4, 0x9C, 0x9B, 0xFE, 0xE4, 0xCD, 0x7A, 0xA8, 
   0xA1, 0x01, 0x14, 0xA1, 0x79, 0xDE, 0xA1, 0x5F, 0xB2, 0xB2, 
   0xF4, 0x79, 0xDD, 0xA0, 0x5F, 0xCF, 0x0A, 0xE7, 0x0A, 0x05, 
   0x67, 0x09, 0x07, 0x08, 0x03, 0xF8, 0x02, 0x08, 0x0C, 0xFD, 
   0xA2, 0x0A, 0x03, 0x01, 0x9C, 0x01, 0x1D, 0xCC, 0x7A, 0x7A, 
   0xCD, 0xFE, 0xE4, 0x9B, 0x9C, 0xFE, 0xE3, 0xCE, 0x79, 0x79, 
   0xCD, 0x01, 0x1C, 0x9D, 0xA2, 0xFE, 0xED, 0x9F, 0x5F, 0xA0, 
   0xDD, 0x79, 0xF4, 0xB2, 0xB0, 0x60, 0xA0, 0xDE, 0x71, 0x0A, 
   0x04, 0x68, 0x05, 0x0A, 0xE5, 0x0C, 0x0C, 0xFD, 0xA3, 0x0B, 
   0x08, 0x02, 0xF8, 0x03, 0x00, 0x00, 0x00, 0x03, 0x00, 0x00, 
   0x00, 0x02, 0x05, 0xFE, 0x06, 0x00, 0x00, 0x13, 0x00, 0x25, 
   0x00, 0x36, 0x00, 0x42, 0x00, 0xB0, 0x0F, 0x2F, 0xB0, 0x18, 
   0xCD, 0xB0, 0x21, 0x2F, 0xB0, 0x05, 0xCD, 0x01, 0xB0, 0x37, 
   0x2F, 0xB0, 0x00, 0xD6, 0xB0, 0x14, 0xCD, 0xB0, 0x14, 0x10, 
   0xB1, 0x1D, 0x01, 0x2B, 0xB0, 0x0A, 0xCD, 0xB1, 0x38, 0x01, 
   0x2B, 0xB1, 0x1D, 0x14, 0x11, 0x12, 0xB3, 0x05, 0x0F, 0x36, 
   0x31, 0x24, 0x17, 0x39, 0x00, 0xB1, 0x21, 0x18, 0x11, 0x12, 
   0xB3, 0x00, 0x0A, 0x29, 0x35, 0x24, 0x17, 0x39, 0x30, 0x31, 
   0x11, 0x34, 0x12, 0x36, 0x24, 0x33, 0x32, 0x04, 0x16, 0x12, 
   0x15, 0x14, 0x02, 0x06, 0x04, 0x23, 0x22, 0x24, 0x26, 0x02, 
   0x37, 0x14, 0x12, 0x04, 0x33, 0x32, 0x3E, 0x02, 0x35, 0x34, 
   0x27, 0x26, 0x23, 0x22, 0x0E, 0x02, 0x01, 0x13, 0x36, 0x33, 
   0x32, 0x1F, 0x01, 0x16, 0x1F, 0x01, 0x16, 0x15, 0x14, 0x07, 
   0x05, 0x06, 0x26, 0x79, 0xCD, 0x01, 0x1B, 0x9C, 0x9D, 0x01, 
   0x1C, 0xCE, 0x7A, 0x7A, 0xCE, 0xFE, 0xE4, 0x9C, 0x9B, 0xFE, 
   0xE4, 0xCD, 0x7A, 0xA8, 0xA1, 0x01, 0x14, 0xA1, 0x79, 0xDE, 
   0xA1, 0x5F, 0xB2, 0xB2, 0xF4, 0x79, 0xDD, 0xA0, 0x5F, 0x01, 
   0x65, 0xFA, 0x01, 0x09, 0x0A, 0x04, 0x68, 0x02, 0x0E, 0xE6, 
   0x0B, 0x0B, 0xFD, 0xA3, 0x0A, 0x0A, 0x03, 0x01, 0x9C, 0x01, 
   0x1D, 0xCC, 0x7A, 0x7A, 0xCD, 0xFE, 0xE4, 0x9B, 0x9C, 0xFE, 
   0xE3, 0xCE, 0x79, 0x79, 0xCD, 0x01, 0x1C, 0x9D, 0xA2, 0xFE, 
   0xED, 0x9F, 0x5F, 0xA0, 0xDD, 0x79, 0xF4, 0xB2, 0xB0, 0x60, 
   0xA0, 0xDE, 0xFE, 0x9E, 0x02, 0x5D, 0x0A, 0x0A, 0xE7, 0x09, 
   0x05, 0x68, 0x04, 0x0A, 0x09, 0x03, 0xF8, 0x04, 0x0A, 0x00, 
   0x00, 0x03, 0x00, 0x00, 0xFF, 0xFF, 0x06, 0x02, 0x05, 0xFE, 
   0x00, 0x10, 0x00, 0x22, 0x00, 0x32, 0x00, 0x47, 0x00, 0xB2, 
   0x0D, 0x00, 0x00, 0x2B, 0xB0, 0x15, 0xCD, 0xB0, 0x1E, 0x2F, 
   0xB0, 0x05, 0xCD, 0x01, 0xB0, 0x33, 0x2F, 0xB0, 0x00, 0xD6, 
   0xB0, 0x11, 0xCD, 0xB0, 0x11, 0x10, 0xB1, 0x19, 0x01, 0x2B, 
   0xB0, 0x09, 0xCD, 0xB1, 0x34, 0x01, 0x2B, 0xB1, 0x19, 0x11, 
   0x11, 0x12, 0xB5, 0x04, 0x0C, 0x0D, 0x05, 0x24, 0x2C, 0x24, 
   0x17, 0x39, 0x00, 0xB1, 0x1E, 0x15, 0x11, 0x12, 0xB4, 0x08, 
   0x09, 0x00, 0x25, 0x30, 0x24, 0x17, 0x39, 0x30, 0x31, 0x11, 
   0x34, 0x12, 0x36, 0x24, 0x20, 0x04, 0x16, 0x12, 0x10, 0x02, 
   0x06, 0x04, 0x20, 0x24, 0x26, 0x02, 0x37, 0x14, 0x17, 0x16, 
   0x33, 0x32, 0x24, 0x12, 0x35, 0x34, 0x2E, 0x02, 0x23, 0x22, 
   0x0E, 0x02, 0x25, 0x26, 0x36, 0x1F, 0x01, 0x16, 0x3F, 0x01, 
   0x36, 0x16, 0x07, 0x03, 0x06, 0x23, 0x22, 0x27, 0x7B, 0xCE, 
   0x01, 0x1C, 0x01, 0x38, 0x01, 0x1D, 0xCE, 0x7A, 0x7A, 0xCE, 
   0xFE, 0xE3, 0xFE, 0xC8, 0xFE, 0xE3, 0xCE, 0x7A, 0xAA, 0xB1, 
   0xB0, 0xF6, 0xA3, 0x01, 0x15, 0xA1, 0x5F, 0xA2, 0xDE, 0x7A, 
   0x79, 0xDD, 0xA1, 0x60, 0x01, 0x4E, 0x05, 0x0C, 0x0A, 0xEE, 
   0x0A, 0x0D, 0xEB, 0x0A, 0x0C, 0x04, 0xFD, 0x03, 0x0A, 0x07, 
   0x03, 0x02, 0xFE, 0x9C, 0x01, 0x1D, 0xCE, 0x79, 0x79, 0xCE, 
   0xFE, 0xE4, 0xFE, 0xC6, 0xFE, 0xE4, 0xCD, 0x79, 0x7A, 0xCE, 
   0x01, 0x1C, 0x9B, 0xF5, 0xB1, 0xB0, 0xA1, 0x01, 0x13, 0xA2, 
   0x79, 0xDE, 0xA1, 0x5F, 0x5F, 0xA1, 0xDE, 0x8A, 0x0B, 0x0B, 
   0x05, 0x59, 0x04, 0x04, 0x59, 0x05, 0x0B, 0x0B, 0xFD, 0xA9, 
   0x0A, 0x0A, 0x00, 0x00, 0x00, 0x03, 0x00, 0x00, 0xFF, 0xFF, 
   0x06, 0x06, 0x06, 0x05, 0x00, 0x11, 0x00, 0x20, 0x00, 0x2F, 
   0x00, 0x46, 0x00, 0xB2, 0x0D, 0x00, 0x00, 0x2B, 0xB0, 0x16, 
   0xCD, 0xB0, 0x1D, 0x2F, 0xB0, 0x05, 0xCD, 0x01, 0xB0, 0x30, 
   0x2F, 0xB0, 0x00, 0xD6, 0xB0, 0x12, 0xCD, 0xB0, 0x12, 0x10, 
   0xB1, 0x1A, 0x01, 0x2B, 0xB0, 0x09, 0xCD, 0xB1, 0x31, 0x01, 
   0x2B, 0xB1, 0x1A, 0x12, 0x11, 0x12, 0xB4, 0x04, 0x05, 0x0D, 
   0x21, 0x26, 0x24, 0x17, 0x39, 0x00, 0xB1, 0x1D, 0x16, 0x11, 
   0x12, 0xB4, 0x08, 0x09, 0x00, 0x25, 0x2D, 0x24, 0x17, 0x39, 
   0x30, 0x31, 0x11, 0x34, 0x12, 0x36, 0x24, 0x20, 0x04, 0x16, 
   0x12, 0x10, 0x02, 0x06, 0x04, 0x23, 0x22, 0x24, 0x26, 0x02, 
   0x37, 0x14, 0x17, 0x16, 0x33, 0x32, 0x24, 0x12, 0x10, 0x02, 
   0x24, 0x23, 0x22, 0x04, 0x02, 0x16, 0x34, 0x37, 0x01, 0x36, 
   0x16, 0x0F, 0x01, 0x06, 0x1F, 0x01, 0x16, 0x06, 0x27, 0x01, 
   0x7B, 0xCF, 0x01, 0x1D, 0x01, 0x38, 0x01, 0x1E, 0xCE, 0x7B, 
   0x7B, 0xCF, 0xFE, 0xE3, 0x9C, 0x9D, 0xFE, 0xE2, 0xCE, 0x7A, 
   0xAA, 0xB3, 0xB1, 0xF5, 0xA3, 0x01, 0x16, 0xA2, 0xA2, 0xFE, 
   0xEA, 0xA3, 0xA2, 0xFE, 0xEB, 0xA2, 0xF8, 0x0C, 0x02, 0x59, 
   0x0B, 0x0B, 0x05, 0x59, 0x07, 0x07, 0x59, 0x05, 0x0B, 0x0B, 
   0xFD, 0xA7, 0x03, 0x01, 0x9D, 0x01, 0x1E, 0xCF, 0x7A, 0x7A, 
   0xCF, 0xFE, 0xE2, 0xFE, 0xC6, 0xFE, 0xE2, 0xCD, 0x7A, 0x7A, 
   0xCF, 0x01, 0x1D, 0x9C, 0xF5, 0xB3, 0xB1, 0xA2, 0x01, 0x15, 
   0x01, 0x44, 0x01, 0x15, 0xA2, 0xA2, 0xFE, 0xEB, 0xAB, 0x12, 
   0x01, 0x01, 0x02, 0x05, 0x0D, 0x0A, 0xF0, 0x0A, 0x0A, 0xEE, 
   0x0A, 0x0C, 0x05, 0x00, 0xFF, 0x00, 0x00, 0x00, 0x00, 0x02, 
   0x00, 0x00, 0xFF, 0x63, 0x07, 0x18, 0x07, 0x25, 0x00, 0x2E, 
   0x00, 0x53, 0x00, 0xA3, 0x00, 0xB0, 0x1C, 0x2F, 0xB0, 0x37, 
   0xCD, 0xB0, 0x2B, 0x2F, 0xB0, 0x32, 0xCD, 0xB0, 0x44, 0x2F, 
   0xB0, 0x09, 0xCD, 0xB0, 0x4B, 0x2F, 0xB0, 0x06, 0xCD, 0x01, 
   0xB0, 0x54, 0x2F, 0xB0, 0x00, 0xD6, 0xB0, 0x2F, 0xCD, 0xB0, 
   0x2F, 0x10, 0xB1, 0x1E, 0x01, 0x2B, 0xB0, 0x19, 0xCD, 0xB0, 
   0x19, 0x10, 0xB1, 0x3E, 0x01, 0x2B, 0xB0, 0x11, 0xCD, 0xB0, 
   0x11, 0x10, 0xB1, 0x41, 0x01, 0x2B, 0xB0, 0x0D, 0xCD, 0xB1, 
   0x55, 0x01, 0x2B, 0xB1, 0x1E, 0x2F, 0x11, 0x12, 0xB7, 0x06, 
   0x03, 0x24, 0x26, 0x2B, 0x2C, 0x34, 0x4B, 0x24, 0x17, 0x39, 
   0xB0, 0x19, 0x11, 0xB5, 0x17, 0x20, 0x37, 0x39, 0x46, 0x48, 
   0x24, 0x17, 0x39, 0xB0, 0x3E, 0x12, 0xB3, 0x14, 0x09, 0x3B, 
   0x44, 0x24, 0x17, 0x39, 0x00, 0xB1, 0x37, 0x1C, 0x11, 0x12, 
   0xB1, 0x14, 0x26, 0x39, 0x39, 0xB0, 0x2B, 0x11, 0xB0, 0x3B, 
   0x39, 0xB0, 0x32, 0x12, 0xB2, 0x10, 0x2D, 0x39, 0x39, 0x39, 
   0x39, 0xB0, 0x44, 0x11, 0xB5, 0x0D, 0x2F, 0x00, 0x34, 0x3E, 
   0x46, 0x24, 0x17, 0x39, 0xB0, 0x09, 0x12, 0xB3, 0x03, 0x48, 
   0x4E, 0x51, 0x24, 0x17, 0x39, 0x30, 0x31, 0x11, 0x34, 0x36, 
   0x37, 0x36, 0x24, 0x33, 0x32, 0x04, 0x17, 0x33, 0x32, 0x16, 
   0x15, 0x14, 0x06, 0x07, 0x15, 0x14, 0x06, 0x07, 0x0E, 0x01, 
   0x07, 0x16, 0x15, 0x14, 0x06, 0x22, 0x26, 0x35, 0x34, 0x37, 
   0x23, 0x22, 0x26, 0x35, 0x34, 0x37, 0x26, 0x27, 0x2B, 0x02, 
   0x35, 0x2E, 0x01, 0x37, 0x14, 0x16, 0x33, 0x32, 0x37, 0x1E, 
   0x01, 0x33, 0x32, 0x37, 0x16, 0x33, 0x32, 0x36, 0x35, 0x3E, 
   0x01, 0x35, 0x34, 0x26, 0x23, 0x22, 0x07, 0x36, 0x35, 0x34, 
   0x26, 0x23, 0x22, 0x06, 0x07, 0x22, 0x26, 0x23, 0x22, 0x06, 
   0xBD, 0x91, 0x29, 0x01, 0x1F, 0xB9, 0xB4, 0x01, 0x1C, 0x2A, 
   0x1D, 0xB4, 0xFE, 0x4F, 0x46, 0x77, 0x5A, 0x17, 0x94, 0x64, 
   0x2E, 0x6D, 0x9A, 0x6D, 0x0B, 0x0B, 0x5D, 0x86, 0x20, 0x53, 
   0x25, 0x7D, 0x02, 0x09, 0xAC, 0xEE, 0x95, 0xB4, 0x7F, 0x4F, 
   0x43, 0x13, 0xB8, 0x7C, 0x8B, 0x62, 0x42, 0x62, 0x5B, 0x81, 
   0x40, 0x4A, 0xB6, 0x80, 0x59, 0x4A, 0x09, 0xDC, 0x9C, 0x96, 
   0xDA, 0x05, 0x03, 0x0C, 0x04, 0x7E, 0xB5, 0x03, 0xE8, 0x96, 
   0xED, 0x20, 0xB4, 0xE6, 0xE1, 0xAE, 0xFB, 0xB3, 0x60, 0xAB, 
   0x3D, 0x03, 0x5F, 0x95, 0x14, 0x64, 0x8A, 0x10, 0x37, 0x42, 
   0x4D, 0x6E, 0x6E, 0x4D, 0x1F, 0x1E, 0x86, 0x5D, 0x40, 0x32, 
   0x2E, 0x57, 0x01, 0x0B, 0xFA, 0xC7, 0x80, 0xB4, 0x24, 0x77, 
   0x9E, 0x62, 0x4C, 0x81, 0x5B, 0x2B, 0x87, 0x4F, 0x7F, 0xB1, 
   0x2F, 0x27, 0x2D, 0x9A, 0xD8, 0xD0, 0x95, 0x01, 0xB3, 0x00, 
   0x00, 0x0C, 0x00, 0x00, 0x00, 0x99, 0x06, 0x65, 0x04, 0xFB, 
   0x00, 0x0D, 0x00, 0x1B, 0x00, 0x27, 0x00, 0x33, 0x00, 0x3F, 
   0x00, 0x4D, 0x00, 0x5B, 0x00, 0x65, 0x00, 0x73, 0x00, 0x81, 
   0x00, 0x8F, 0x00, 0x9B, 0x00, 0xDA, 0x00, 0xB0, 0x25, 0x2F, 
   0xB1, 0x3C, 0x70, 0x33, 0x33, 0xB0, 0x1F, 0xCD, 0xB1, 0x37, 
   0x69, 0x32, 0x32, 0xB0, 0x0B, 0x2F, 0xB1, 0x63, 0x7E, 0x33, 
   0x33, 0xB0, 0x03, 0xCD, 0xB1, 0x5E, 0x77, 0x32, 0x32, 0xB0, 
   0x31, 0x2F, 0xB1, 0x4A, 0x8C, 0x33, 0x33, 0xB0, 0x2B, 0xCD, 
   0xB1, 0x43, 0x85, 0x32, 0x32, 0xB0, 0x19, 0x2F, 0xB1, 0x58, 
   0x99, 0x33, 0x33, 0xB0, 0x11, 0xCD, 0xB1, 0x51, 0x93, 0x32, 
   0x32, 0x01, 0xB0, 0x9C, 0x2F, 0xB0, 0x28, 0xD6, 0xB0, 0x2E, 
   0xCD, 0xB3, 0x22, 0x2E, 0x28, 0x08, 0x2B, 0xB0, 0x1C, 0xCD, 
   0xB0, 0x1C, 0x2F, 0xB0, 0x22, 0xCD, 0xB0, 0x2E, 0x10, 0xB1, 
   0x5C, 0x01, 0x2B, 0xB0, 0x61, 0xCD, 0xB0, 0x61, 0x10, 0xB1, 
   0x82, 0x01, 0x2B, 0xB0, 0x89, 0xCD, 0xB0, 0x66, 0x20, 0xD6, 
   0x11, 0xB0, 0x6D, 0xCD, 0xB0, 0x89, 0x10, 0xB0, 0x96, 0x20, 
   0xD6, 0x11, 0xB0, 0x90, 0xCD, 0xB0, 0x90, 0x2F, 0xB0, 0x96, 
   0xCD, 0xB1, 0x9D, 0x01, 0x2B, 0xB1, 0x28, 0x1C, 0x11, 0x12, 
   0xB1, 0x1F, 0x25, 0x39, 0x39, 0xB1, 0x2E, 0x22, 0x11, 0x12, 
   0xB2, 0x2B, 0x31, 0x34, 0x39, 0x39, 0x39, 0xB0, 0x5C, 0x11, 
   0xB4, 0x07, 0x15, 0x38, 0x40, 0x4E, 0x24, 0x17, 0x39, 0xB0, 
   0x66, 0x12, 0xB2, 0x39, 0x5F, 0x63, 0x39, 0x39, 0x39, 0xB1, 
   0x82, 0x61, 0x11, 0x12, 0xB1, 0x47, 0x74, 0x39, 0x39, 0xB0, 
   0x6D, 0x11, 0xB0, 0x55, 0x39, 0xB1, 0x89, 0x90, 0x11, 0x12, 
   0xB1, 0x93, 0x99, 0x39, 0x39, 0xB0, 0x96, 0x11, 0xB0, 0x7B, 
   0x39, 0x00, 0x30, 0x31, 0x11, 0x34, 0x36, 0x33, 0x21, 0x32, 
   0x16, 0x15, 0x14, 0x06, 0x23, 0x21, 0x22, 0x26, 0x11, 0x34, 
   0x36, 0x33, 0x21, 0x32, 0x16, 0x15, 0x14, 0x06, 0x23, 0x21, 
   0x22, 0x26, 0x13, 0x34, 0x36, 0x33, 0x32, 0x16, 0x15, 0x14, 
   0x06, 0x23, 0x22, 0x26, 0x13, 0x34, 0x36, 0x33, 0x32, 0x16, 
   0x15, 0x14, 0x06, 0x23, 0x22, 0x26, 0x13, 0x34, 0x36, 0x33, 
   0x21, 0x17, 0x14, 0x06, 0x23, 0x21, 0x22, 0x26, 0x13, 0x34, 
   0x36, 0x33, 0x21, 0x32, 0x16, 0x15, 0x14, 0x06, 0x23, 0x21, 
   0x22, 0x26, 0x13, 0x34, 0x36, 0x33, 0x21, 0x32, 0x16, 0x15, 
   0x14, 0x06, 0x23, 0x21, 0x22, 0x26, 0x01, 0x34, 0x36, 0x32, 
   0x16, 0x15, 0x14, 0x06, 0x22, 0x26, 0x13, 0x34, 0x36, 0x3B, 
   0x01, 0x32, 0x16, 0x15, 0x14, 0x06, 0x2B, 0x01, 0x22, 0x26, 
   0x13, 0x34, 0x36, 0x33, 0x21, 0x32, 0x16, 0x15, 0x14, 0x06, 
   0x23, 0x21, 0x22, 0x26, 0x13, 0x34, 0x36, 0x3B, 0x01, 0x32, 
   0x16, 0x15, 0x14, 0x06, 0x2B, 0x01, 0x22, 0x26, 0x01, 0x34, 
   0x36, 0x33, 0x32, 0x16, 0x15, 0x14, 0x06, 0x23, 0x22, 0x26, 
   0x32, 0x2B, 0x02, 0x61, 0x2B, 0x32, 0x31, 0x2C, 0xFD, 0x9F, 
   0x2B, 0x32, 0x32, 0x2B, 0x01, 0x3C, 0x2B, 0x33, 0x33, 0x2B, 
   0xFE, 0xC4, 0x2B, 0x32, 0x69, 0x3B, 0x23, 0x29, 0x33, 0x31, 
   0x2B, 0x25, 0x39, 0x98, 0x2F, 0x22, 0x2A, 0x34, 0x32, 0x2C, 
   0x24, 0x2D, 0x69, 0x34, 0x2A, 0x01, 0x99, 0x5E, 0x39, 0x25, 
   0xFE, 0x67, 0x2C, 0x32, 0x8D, 0x3B, 0x23, 0x01, 0x99, 0x2A, 
   0x33, 0x32, 0x2B, 0xFE, 0x67, 0x25, 0x39, 0x51, 0x33, 0x2B, 
   0x02, 0x61, 0x24, 0x3A, 0x39, 0x25, 0xFD, 0x9F, 0x2C, 0x32, 
   0x01, 0x19, 0x3A, 0x48, 0x3A, 0x39, 0x4A, 0x39, 0xA4, 0x33, 
   0x2A, 0xC7, 0x2A, 0x33, 0x31, 0x2C, 0xC7, 0x2B, 0x32, 0x5D, 
   0x3A, 0x24, 0x01, 0x47, 0x23, 0x2E, 0x2D, 0x24, 0xFE, 0xB9, 
   0x25, 0x39, 0x2F, 0x3B, 0x23, 0xD1, 0x22, 0x30, 0x2E, 0x24, 
   0xD1, 0x25, 0x39, 0x01, 0x24, 0x2F, 0x23, 0x2B, 0x33, 0x33, 
   0x2B, 0x24, 0x2E, 0x02, 0x32, 0x24, 0x2F, 0x2F, 0x24, 0x2C, 
   0x31, 0x31, 0x02, 0xA3, 0x24, 0x2E, 0x2E, 0x24, 0x2B, 0x33, 
   0x32, 0xFC, 0x7A, 0x23, 0x3B, 0x39, 0x25, 0x2C, 0x32, 0x34, 
   0x02, 0xA2, 0x25, 0x39, 0x39, 0x25, 0x2C, 0x32, 0x33, 0xFD, 
   0xB3, 0x25, 0x39, 0x5E, 0x2A, 0x34, 0x33, 0x02, 0xA3, 0x23, 
   0x3B, 0x39, 0x25, 0x2C, 0x32, 0x34, 0x01, 0x64, 0x24, 0x2E, 
   0x30, 0x22, 0x2A, 0x34, 0x33, 0xFD, 0xB4, 0x22, 0x31, 0x31, 
   0x22, 0x2A, 0x33, 0x33, 0xFE, 0xEF, 0x25, 0x39, 0x38, 0x26, 
   0x2C, 0x32, 0x32, 0x01, 0x67, 0x22, 0x31, 0x30, 0x23, 0x2B, 
   0x32, 0x33, 0x01, 0x67, 0x23, 0x3B, 0x3A, 0x24, 0x2B, 0x33, 
   0x34, 0x01, 0x64, 0x23, 0x2F, 0x2E, 0x24, 0x2B, 0x33, 0x33, 
   0x00, 0x00, 0x00, 0x08, 0x00, 0x00, 0xFD, 0xAD, 0x08, 0xA3, 
   0x06, 0x01, 0x00, 0x37, 0x00, 0x42, 0x00, 0x4C, 0x00, 0x58, 
   0x00, 0x65, 0x00, 0x70, 0x00, 0x7A, 0x00, 0x85, 0x01, 0x55, 
   0x00, 0xB2, 0x5D, 0x00, 0x00, 0x2B, 0xB0, 0x63, 0xCD, 0xB2, 
   0x35, 0x00, 0x00, 0x2B, 0xB2, 0x11, 0x4A, 0x83, 0x33, 0x33, 
   0x33, 0xB0, 0x30, 0xCD, 0xB2, 0x16, 0x45, 0x7D, 0x32, 0x32, 
   0x32, 0xB0, 0x56, 0x2F, 0xB0, 0x51, 0xCD, 0xB0, 0x41, 0x2F, 
   0xB0, 0x78, 0x33, 0xB0, 0x3C, 0xCD, 0xB0, 0x74, 0x32, 0xB0, 
   0x6F, 0x2F, 0xB0, 0x6A, 0xCD, 0xB0, 0x1C, 0x2F, 0xB0, 0x29, 
   0x33, 0xB0, 0x09, 0xCD, 0xB0, 0x23, 0x2F, 0xB0, 0x06, 0xCD, 
   0x01, 0xB0, 0x86, 0x2F, 0xB0, 0x00, 0xD6, 0xB0, 0x2D, 0xCD, 
   0xB2, 0x2D, 0x00, 0x0A, 0x2B, 0xB3, 0x40, 0x2D, 0x33, 0x09, 
   0x2B, 0xB0, 0x2D, 0x10, 0xB1, 0x43, 0x01, 0x2B, 0xB0, 0x48, 
   0xCD, 0xB3, 0x3F, 0x48, 0x43, 0x08, 0x2B, 0xB0, 0x38, 0xCD, 
   0xB0, 0x38, 0x2F, 0xB0, 0x3F, 0xCD, 0xB0, 0x48, 0x10, 0xB1, 
   0x59, 0x01, 0x2B, 0xB0, 0x60, 0xCD, 0xB3, 0x54, 0x60, 0x59, 
   0x08, 0x2B, 0xB0, 0x4D, 0xCD, 0xB0, 0x4D, 0x2F, 0xB0, 0x54, 
   0xCD, 0xB0, 0x59, 0x10, 0xB0, 0x67, 0x20, 0xD6, 0x11, 0xB0, 
   0x6D, 0xCD, 0xB0, 0x60, 0x10, 0xB1, 0x7B, 0x01, 0x2B, 0xB0, 
   0x80, 0xCD, 0xB3, 0x77, 0x80, 0x7B, 0x08, 0x2B, 0xB0, 0x71, 
   0xCD, 0xB0, 0x71, 0x2F, 0xB0, 0x77, 0xCD, 0xB0, 0x80, 0x10, 
   0xB1, 0x19, 0x01, 0x2B, 0xB0, 0x0E, 0xCD, 0xB2, 0x19, 0x0E, 
   0x0A, 0x2B, 0xB3, 0x40, 0x19, 0x13, 0x09, 0x2B, 0xB1, 0x87, 
   0x01, 0x2B, 0xB1, 0x38, 0x2D, 0x11, 0x12, 0xB1, 0x26, 0x03, 
   0x39, 0x39, 0xB0, 0x43, 0x11, 0xB1, 0x3C, 0x41, 0x39, 0x39, 
   0xB0, 0x3F, 0x12, 0xB2, 0x40, 0x45, 0x4B, 0x39, 0x39, 0x39, 
   0xB0, 0x48, 0x11, 0xB1, 0x46, 0x4A, 0x39, 0x39, 0xB1, 0x59, 
   0x4D, 0x11, 0x12, 0xB1, 0x51, 0x56, 0x39, 0x39, 0xB1, 0x54, 
   0x67, 0x11, 0x12, 0xB3, 0x23, 0x06, 0x5D, 0x63, 0x24, 0x17, 
   0x39, 0xB0, 0x60, 0x11, 0xB1, 0x6A, 0x6F, 0x39, 0x39, 0xB1, 
   0x7B, 0x71, 0x11, 0x12, 0xB1, 0x74, 0x79, 0x39, 0x39, 0xB0, 
   0x77, 0x11, 0xB2, 0x75, 0x78, 0x7D, 0x39, 0x39, 0x39, 0xB0, 
   0x80, 0x12, 0xB3, 0x1D, 0x21, 0x7E, 0x83, 0x24, 0x17, 0x39, 
   0xB0, 0x19, 0x11, 0xB1, 0x09, 0x1C, 0x39, 0x39, 0x00, 0xB1, 
   0x1C, 0x6A, 0x11, 0x12, 0xB4, 0x0E, 0x19, 0x00, 0x2A, 0x2D, 
   0x24, 0x17, 0x39, 0xB0, 0x09, 0x11, 0xB2, 0x03, 0x20, 0x26, 
   0x39, 0x39, 0x39, 0xB0, 0x23, 0x12, 0xB0, 0x21, 0x39, 0x30, 
   0x31, 0x11, 0x34, 0x12, 0x37, 0x36, 0x00, 0x33, 0x32, 0x00, 
   0x17, 0x33, 0x32, 0x1E, 0x01, 0x15, 0x14, 0x00, 0x07, 0x22, 
   0x3D, 0x01, 0x34, 0x33, 0x3E, 0x01, 0x35, 0x34, 0x26, 0x2B, 
   0x01, 0x22, 0x35, 0x27, 0x26, 0x24, 0x23, 0x22, 0x04, 0x0F, 
   0x01, 0x14, 0x23, 0x07, 0x0E, 0x01, 0x15, 0x14, 0x16, 0x17, 
   0x32, 0x1D, 0x01, 0x14, 0x23, 0x26, 0x00, 0x01, 0x34, 0x37, 
   0x36, 0x33, 0x32, 0x16, 0x14, 0x06, 0x22, 0x26, 0x13, 0x34, 
   0x36, 0x32, 0x16, 0x15, 0x14, 0x06, 0x22, 0x26, 0x13, 0x34, 
   0x37, 0x36, 0x33, 0x32, 0x16, 0x14, 0x06, 0x23, 0x22, 0x26, 
   0x13, 0x34, 0x37, 0x36, 0x33, 0x32, 0x16, 0x15, 0x14, 0x06, 
   0x23, 0x22, 0x26, 0x12, 0x34, 0x37, 0x36, 0x33, 0x32, 0x16, 
   0x14, 0x06, 0x23, 0x22, 0x13, 0x34, 0x37, 0x36, 0x32, 0x16, 
   0x14, 0x06, 0x22, 0x26, 0x13, 0x34, 0x36, 0x32, 0x16, 0x15, 
   0x14, 0x06, 0x23, 0x22, 0x26, 0xE3, 0xB3, 0x32, 0x01, 0x5D, 
   0xE2, 0xDC, 0x01, 0x59, 0x34, 0x22, 0x8F, 0xF4, 0x8E, 0xFE, 
   0xD8, 0xD4, 0x15, 0x15, 0x88, 0xC1, 0xCE, 0x90, 0xAC, 0x13, 
   0x08, 0x12, 0xFE, 0xFB, 0xAD, 0xB0, 0xFE, 0xFD, 0x11, 0x06, 
   0x15, 0x38, 0x85, 0xB5, 0xC1, 0x88, 0x12, 0x12, 0xD6, 0xFE, 
   0xD7, 0x02, 0x4B, 0x1B, 0x1A, 0x23, 0x25, 0x33, 0x33, 0x4A, 
   0x33, 0x5C, 0x33, 0x4A, 0x33, 0x33, 0x4A, 0x33, 0xCB, 0x1B, 
   0x1A, 0x23, 0x26, 0x36, 0x36, 0x26, 0x24, 0x34, 0x5C, 0x1A, 
   0x1A, 0x24, 0x25, 0x36, 0x35, 0x26, 0x24, 0x34, 0x2D, 0x1B, 
   0x1C, 0x21, 0x26, 0x36, 0x36, 0x26, 0x24, 0xC9, 0x1A, 0x1A, 
   0x4C, 0x32, 0x32, 0x4C, 0x34, 0x5B, 0x36, 0x4A, 0x33, 0x33, 
   0x25, 0x26, 0x35, 0x02, 0x0B, 0xB9, 0x01, 0x1F, 0x2C, 0xDA, 
   0x01, 0x18, 0xFE, 0xEF, 0xD6, 0x8D, 0xF3, 0x8F, 0xD4, 0xFE, 
   0xCE, 0x07, 0x12, 0x8E, 0x13, 0x07, 0xCB, 0x88, 0x8E, 0xCE, 
   0x12, 0x3E, 0xAD, 0xEA, 0xEC, 0xAF, 0x35, 0x14, 0x07, 0x0B, 
   0xC7, 0x86, 0x88, 0xCB, 0x07, 0x13, 0x8E, 0x12, 0x07, 0x01, 
   0x32, 0xFD, 0x9F, 0x25, 0x1B, 0x18, 0x32, 0x4C, 0x32, 0x32, 
   0x01, 0xA9, 0x24, 0x34, 0x34, 0x24, 0x26, 0x35, 0x35, 0xFD, 
   0xD2, 0x24, 0x1D, 0x1A, 0x36, 0x4A, 0x33, 0x33, 0x01, 0xAB, 
   0x26, 0x1C, 0x1A, 0x36, 0x26, 0x25, 0x35, 0x35, 0x01, 0x82, 
   0x4A, 0x1B, 0x1A, 0x35, 0x4A, 0x33, 0xFE, 0x21, 0x24, 0x1C, 
   0x18, 0x32, 0x4C, 0x32, 0x33, 0x01, 0xA8, 0x23, 0x35, 0x34, 
   0x24, 0x26, 0x35, 0x36, 0x00, 0x00, 0x00, 0x0E, 0x00, 0x00, 
   0xFD, 0xB2, 0x0B, 0x30, 0x08, 0xB7, 0x00, 0x3C, 0x00, 0x48, 
   0x00, 0x52, 0x00, 0x5E, 0x00, 0x6D, 0x00, 0x7A, 0x00, 0x85, 
   0x00, 0x91, 0x00, 0x9B, 0x00, 0xA7, 0x00, 0xB3, 0x00, 0xC3, 
   0x00, 0xD2, 0x00, 0xE0, 0x00, 0x00, 0x11, 0x14, 0x1E, 0x01, 
   0x17, 0x32, 0x3D, 0x01, 0x34, 0x23, 0x2E, 0x01, 0x35, 0x34, 
   0x36, 0x3F, 0x01, 0x32, 0x35, 0x37, 0x36, 0x24, 0x33, 0x32, 
   0x04, 0x1F, 0x01, 0x14, 0x3B, 0x01, 0x32, 0x16, 0x15, 0x14, 
   0x06, 0x07, 0x22, 0x1D, 0x01, 0x14, 0x33, 0x36, 0x00, 0x35, 
   0x34, 0x27, 0x36, 0x35, 0x34, 0x02, 0x24, 0x23, 0x22, 0x07, 
   0x26, 0x23, 0x22, 0x00, 0x07, 0x06, 0x02, 0x01, 0x14, 0x17, 
   0x16, 0x33, 0x32, 0x36, 0x35, 0x34, 0x26, 0x22, 0x06, 0x13, 
   0x14, 0x16, 0x32, 0x36, 0x35, 0x34, 0x26, 0x22, 0x06, 0x13, 
   0x14, 0x17, 0x16, 0x33, 0x32, 0x36, 0x34, 0x26, 0x23, 0x22, 
   0x06, 0x13, 0x14, 0x1F, 0x01, 0x16, 0x17, 0x16, 0x36, 0x34, 
   0x2F, 0x01, 0x26, 0x23, 0x22, 0x06, 0x13, 0x14, 0x17, 0x16, 
   0x33, 0x32, 0x36, 0x35, 0x34, 0x26, 0x23, 0x22, 0x06, 0x13, 
   0x14, 0x16, 0x33, 0x32, 0x36, 0x34, 0x26, 0x23, 0x22, 0x06, 
   0x13, 0x14, 0x17, 0x16, 0x33, 0x32, 0x36, 0x35, 0x34, 0x26, 
   0x22, 0x06, 0x13, 0x14, 0x16, 0x32, 0x36, 0x35, 0x34, 0x26, 
   0x22, 0x06, 0x13, 0x36, 0x33, 0x32, 0x16, 0x15, 0x14, 0x07, 
   0x26, 0x2B, 0x01, 0x26, 0x13, 0x14, 0x16, 0x32, 0x36, 0x3D, 
   0x01, 0x34, 0x26, 0x22, 0x06, 0x15, 0x01, 0x14, 0x17, 0x1E, 
   0x01, 0x3F, 0x01, 0x36, 0x35, 0x34, 0x26, 0x23, 0x22, 0x0F, 
   0x01, 0x06, 0x13, 0x14, 0x1F, 0x01, 0x16, 0x33, 0x32, 0x36, 
   0x35, 0x34, 0x2F, 0x01, 0x26, 0x22, 0x06, 0x13, 0x14, 0x17, 
   0x16, 0x3B, 0x01, 0x32, 0x36, 0x34, 0x26, 0x2B, 0x01, 0x22, 
   0x06, 0x88, 0xEB, 0x8B, 0x12, 0x12, 0x88, 0xC1, 0xB5, 0x85, 
   0x38, 0x13, 0x08, 0x11, 0x01, 0x01, 0xAF, 0xAE, 0x01, 0x05, 
   0x11, 0x08, 0x12, 0xAC, 0x90, 0xCC, 0xC1, 0x87, 0x14, 0x14, 
   0xD4, 0x01, 0x28, 0x2E, 0x7E, 0x96, 0xFE, 0xFE, 0x96, 0xF6, 
   0xA7, 0x82, 0x9D, 0xE1, 0xFE, 0xA4, 0x31, 0xB3, 0xE2, 0x02, 
   0x49, 0x1A, 0x1C, 0x22, 0x26, 0x32, 0x33, 0x4A, 0x33, 0x5C, 
   0x33, 0x4A, 0x33, 0x33, 0x4A, 0x33, 0xCA, 0x1A, 0x1B, 0x23, 
   0x26, 0x35, 0x36, 0x25, 0x23, 0x35, 0x10, 0x1A, 0x46, 0x1A, 
   0x1F, 0x21, 0x40, 0x1A, 0x44, 0x18, 0x26, 0x28, 0x36, 0x4B, 
   0x1B, 0x1A, 0x23, 0x26, 0x36, 0x36, 0x26, 0x24, 0x34, 0x2E, 
   0x34, 0x24, 0x26, 0x35, 0x35, 0x26, 0x24, 0x34, 0xFD, 0x19, 
   0x1C, 0x24, 0x26, 0x32, 0x32, 0x4C, 0x33, 0x5B, 0x34, 0x4A, 
   0x33, 0x33, 0x4A, 0x34, 0x68, 0x6E, 0x99, 0x9B, 0xDC, 0x36, 
   0x99, 0xDA, 0x22, 0x2F, 0x27, 0x36, 0x4C, 0x32, 0x33, 0x4A, 
   0x37, 0x02, 0x4C, 0x1B, 0x18, 0x47, 0x1F, 0x99, 0x1C, 0x37, 
   0x25, 0x23, 0x1B, 0x99, 0x1B, 0x56, 0x1A, 0x44, 0x27, 0x1D, 
   0x21, 0x35, 0x1C, 0x42, 0x1C, 0x4A, 0x34, 0x9A, 0x1C, 0x1B, 
   0x27, 0xD8, 0x25, 0x36, 0x36, 0x25, 0xD8, 0x26, 0x38, 0x02, 
   0x0D, 0x8A, 0xEE, 0x90, 0x04, 0x12, 0x8E, 0x14, 0x07, 0xCB, 
   0x86, 0x84, 0xC4, 0x10, 0x06, 0x14, 0x36, 0xAF, 0xE9, 0xE9, 
   0xAC, 0x3E, 0x12, 0xCD, 0x8E, 0x86, 0xCB, 0x07, 0x14, 0x8E, 
   0x12, 0x07, 0x01, 0x32, 0xD3, 0x79, 0x60, 0x97, 0xC9, 0x96, 
   0x01, 0x01, 0x96, 0xB9, 0x46, 0xFE, 0xE9, 0xD9, 0x2C, 0xFE, 
   0xE2, 0xFC, 0x14, 0x21, 0x1C, 0x1A, 0x32, 0x25, 0x26, 0x32, 
   0x32, 0x01, 0x5D, 0x26, 0x36, 0x36, 0x26, 0x24, 0x34, 0x34, 
   0xFD, 0x89, 0x23, 0x1A, 0x1B, 0x32, 0x4C, 0x35, 0x36, 0x08, 
   0xF9, 0x27, 0x18, 0x46, 0x1A, 0x01, 0x05, 0x39, 0x4E, 0x1D, 
   0x41, 0x1B, 0x35, 0xF8, 0x42, 0x23, 0x1D, 0x1A, 0x34, 0x26, 
   0x25, 0x35, 0x35, 0x01, 0x5B, 0x24, 0x34, 0x33, 0x4A, 0x34, 
   0x34, 0xFD, 0xA5, 0x22, 0x1B, 0x1A, 0x32, 0x25, 0x26, 0x32, 
   0x33, 0x01, 0x5E, 0x26, 0x36, 0x36, 0x26, 0x24, 0x34, 0x34, 
   0x04, 0xD4, 0x6A, 0xDE, 0x9B, 0x64, 0x60, 0x99, 0xBB, 0x02, 
   0xAB, 0x25, 0x32, 0x32, 0x25, 0xDA, 0x26, 0x36, 0x37, 0x25, 
   0xFE, 0x34, 0x25, 0x1A, 0x19, 0x05, 0x1E, 0x99, 0x1C, 0x25, 
   0x26, 0x36, 0x1B, 0x9C, 0x19, 0xFA, 0xEF, 0x28, 0x1A, 0x43, 
   0x1A, 0x37, 0x26, 0x24, 0x1A, 0x45, 0x1A, 0x35, 0x02, 0x7B, 
   0x26, 0x19, 0x1D, 0x36, 0x4C, 0x35, 0x36, 0x00, 0x00, 0x09, 
   0x00, 0x00, 0xFD, 0xB2, 0x08, 0xF9, 0x06, 0x7A, 0x00, 0x3B, 
   0x00, 0x47, 0x00, 0x51, 0x00, 0x5D, 0x00, 0x6A, 0x00, 0x75, 
   0x00, 0x81, 0x00, 0x8B, 0x00, 0x96, 0x01, 0x87, 0x00, 0xB2, 
   0x68, 0x00, 0x00, 0x2B, 0xB0, 0x62, 0xCD, 0xB2, 0x4B, 0x00, 
   0x00, 0x2B, 0xB2, 0x03, 0x27, 0x84, 0x33, 0x33, 0x33, 0xB0, 
   0x50, 0xCD, 0xB2, 0x08, 0x22, 0x89, 0x32, 0x32, 0x32, 0xB0, 
   0x56, 0x2F, 0xB0, 0x5B, 0xCD, 0xB0, 0x40, 0x2F, 0xB0, 0x7A, 
   0x33, 0xB0, 0x46, 0xCD, 0xB0, 0x7F, 0x32, 0xB0, 0x6E, 0x2F, 
   0xB0, 0x09, 0x33, 0xB0, 0x73, 0xCD, 0xB0, 0x1C, 0x2F, 0xB0, 
   0x0F, 0x33, 0xB0, 0x95, 0xCD, 0xB0, 0x15, 0x2F, 0xB0, 0x36, 
   0xCD, 0xB3, 0x8E, 0x36, 0x15, 0x08, 0x2B, 0xB0, 0x34, 0x33, 
   0xB0, 0x32, 0xCD, 0x01, 0xB0, 0x97, 0x2F, 0xB0, 0x00, 0xD6, 
   0xB0, 0x0B, 0xCD, 0xB0, 0x0B, 0x10, 0xB1, 0x48, 0x01, 0x2B, 
   0xB0, 0x4D, 0xCD, 0xB3, 0x43, 0x4D, 0x48, 0x08, 0x2B, 0xB0, 
   0x3C, 0xCD, 0xB0, 0x3C, 0x2F, 0xB0, 0x43, 0xCD, 0xB0, 0x4D, 
   0x10, 0xB1, 0x52, 0x01, 0x2B, 0xB0, 0x59, 0xCD, 0xB3, 0x5E, 
   0x59, 0x52, 0x08, 0x2B, 0xB0, 0x65, 0xCD, 0xB0, 0x65, 0x10, 
   0xB0, 0x71, 0x20, 0xD6, 0x11, 0xB0, 0x6B, 0xCD, 0xB0, 0x6B, 
   0x2F, 0xB0, 0x71, 0xCD, 0xB0, 0x59, 0x10, 0xB1, 0x82, 0x01, 
   0x2B, 0xB0, 0x87, 0xCD, 0xB3, 0x7D, 0x87, 0x82, 0x08, 0x2B, 
   0xB0, 0x76, 0xCD, 0xB0, 0x76, 0x2F, 0xB0, 0x7D, 0xCD, 0xB0, 
   0x87, 0x10, 0xB1, 0x90, 0x01, 0x2B, 0xB0, 0x2E, 0xCD, 0xB0, 
   0x1F, 0x20, 0xD6, 0x11, 0xB0, 0x2A, 0xCD, 0xB1, 0x98, 0x01, 
   0x2B, 0xB1, 0x3C, 0x0B, 0x11, 0x12, 0xB2, 0x05, 0x12, 0x39, 
   0x39, 0x39, 0x39, 0xB0, 0x48, 0x11, 0xB2, 0x13, 0x40, 0x46, 
   0x39, 0x39, 0x39, 0xB0, 0x43, 0x12, 0xB2, 0x45, 0x4A, 0x50, 
   0x39, 0x39, 0x39, 0xB0, 0x4D, 0x11, 0xB1, 0x4B, 0x4F, 0x39, 
   0x39, 0xB1, 0x5E, 0x52, 0x11, 0x12, 0xB1, 0x56, 0x5B, 0x39, 
   0x39, 0xB1, 0x59, 0x6B, 0x11, 0x12, 0xB3, 0x36, 0x15, 0x62, 
   0x68, 0x24, 0x17, 0x39, 0xB0, 0x65, 0x11, 0xB1, 0x6E, 0x73, 
   0x39, 0x39, 0xB1, 0x82, 0x76, 0x11, 0x12, 0xB2, 0x34, 0x7A, 
   0x80, 0x39, 0x39, 0x39, 0xB0, 0x7D, 0x11, 0xB2, 0x7F, 0x84, 
   0x8A, 0x39, 0x39, 0x39, 0xB0, 0x87, 0x12, 0xB4, 0x18, 0x1B, 
   0x85, 0x89, 0x8C, 0x24, 0x17, 0x39, 0xB0, 0x1F, 0x11, 0xB6, 
   0x1C, 0x24, 0x25, 0x32, 0x8D, 0x8E, 0x95, 0x24, 0x17, 0x39, 
   0xB0, 0x90, 0x12, 0xB0, 0x92, 0x39, 0xB0, 0x2A, 0x11, 0xB0, 
   0x2C, 0x39, 0x00, 0xB1, 0x50, 0x4B, 0x11, 0x12, 0xB0, 0x02, 
   0x39, 0xB0, 0x73, 0x11, 0xB0, 0x21, 0x39, 0xB0, 0x1C, 0x12, 
   0xB5, 0x0B, 0x00, 0x0E, 0x1F, 0x2A, 0x2C, 0x24, 0x17, 0x39, 
   0xB0, 0x95, 0x11, 0xB3, 0x12, 0x18, 0x39, 0x92, 0x24, 0x17, 
   0x39, 0xB0, 0x15, 0x12, 0xB2, 0x13, 0x2E, 0x90, 0x39, 0x39, 
   0x39, 0xB0, 0x8E, 0x11, 0xB0, 0x8C, 0x39, 0x30, 0x31, 0x11, 
   0x14, 0x00, 0x17, 0x32, 0x3D, 0x01, 0x34, 0x23, 0x2E, 0x01, 
   0x35, 0x34, 0x36, 0x3F, 0x01, 0x32, 0x35, 0x37, 0x36, 0x24, 
   0x33, 0x32, 0x04, 0x1F, 0x01, 0x14, 0x3B, 0x01, 0x32, 0x16, 
   0x15, 0x14, 0x06, 0x07, 0x22, 0x1D, 0x01, 0x14, 0x33, 0x36, 
   0x00, 0x35, 0x34, 0x27, 0x36, 0x35, 0x34, 0x02, 0x24, 0x23, 
   0x22, 0x07, 0x26, 0x23, 0x22, 0x00, 0x07, 0x06, 0x02, 0x01, 
   0x14, 0x17, 0x16, 0x33, 0x32, 0x36, 0x35, 0x34, 0x26, 0x22, 
   0x06, 0x13, 0x14, 0x16, 0x32, 0x36, 0x35, 0x34, 0x26, 0x22, 
   0x06, 0x13, 0x14, 0x17, 0x16, 0x33, 0x32, 0x36, 0x34, 0x26, 
   0x23, 0x22, 0x06, 0x13, 0x14, 0x17, 0x16, 0x33, 0x32, 0x36, 
   0x35, 0x34, 0x26, 0x23, 0x22, 0x06, 0x13, 0x14, 0x16, 0x33, 
   0x32, 0x36, 0x34, 0x26, 0x23, 0x22, 0x06, 0x13, 0x14, 0x17, 
   0x16, 0x33, 0x32, 0x36, 0x35, 0x34, 0x26, 0x22, 0x06, 0x13, 
   0x14, 0x16, 0x32, 0x36, 0x35, 0x34, 0x26, 0x22, 0x06, 0x13, 
   0x36, 0x20, 0x16, 0x15, 0x14, 0x07, 0x26, 0x2B, 0x01, 0x26, 
   0x01, 0x2A, 0xD6, 0x13, 0x13, 0x89, 0xC1, 0xB5, 0x86, 0x38, 
   0x15, 0x08, 0x11, 0x01, 0x03, 0xAF, 0xAE, 0x01, 0x06, 0x12, 
   0x08, 0x12, 0xAD, 0x91, 0xCE, 0xC2, 0x89, 0x14, 0x14, 0xD6, 
   0x01, 0x29, 0x2E, 0x7E, 0x97, 0xFE, 0xFE, 0x97, 0xF8, 0xA7, 
   0x81, 0xA0, 0xE2, 0xFE, 0xA2, 0x32, 0xB1, 0xE6, 0x02, 0x49, 
   0x1A, 0x1C, 0x22, 0x26, 0x32, 0x33, 0x4A, 0x33, 0x5C, 0x33, 
   0x4A, 0x33, 0x33, 0x4A, 0x33, 0xCA, 0x1A, 0x1B, 0x23, 0x26, 
   0x35, 0x36, 0x25, 0x23, 0x35, 0x5B, 0x1B, 0x1A, 0x23, 0x26, 
   0x36, 0x36, 0x26, 0x24, 0x34, 0x2E, 0x34, 0x24, 0x26, 0x35, 
   0x35, 0x26, 0x24, 0x34, 0xFD, 0x19, 0x1C, 0x24, 0x26, 0x32, 
   0x32, 0x4C, 0x33, 0x5B, 0x34, 0x4A, 0x33, 0x33, 0x4A, 0x34, 
   0x70, 0x6C, 0x01, 0x3A, 0xDB, 0x36, 0x9A, 0xDB, 0x21, 0x2F, 
   0x02, 0x11, 0xD5, 0xFE, 0xCD, 0x0A, 0x12, 0x8F, 0x12, 0x08, 
   0xCC, 0x8B, 0x85, 0xC4, 0x10, 0x04, 0x13, 0x3A, 0xAD, 0xEA, 
   0xEA, 0xAD, 0x3D, 0x14, 0xCB, 0x8E, 0x8A, 0xCD, 0x08, 0x12, 
   0x8F, 0x12, 0x07, 0x01, 0x35, 0xD6, 0x72, 0x64, 0x9A, 0xC8, 
   0x98, 0x01, 0x03, 0x96, 0xB9, 0x45, 0xFE, 0xE7, 0xDA, 0x2A, 
   0xFE, 0xE1, 0xFC, 0x10, 0x21, 0x1C, 0x1A, 0x32, 0x25, 0x26, 
   0x32, 0x32, 0x01, 0x5D, 0x26, 0x36, 0x36, 0x26, 0x24, 0x34, 
   0x34, 0xFD, 0x89, 0x23, 0x1A, 0x1B, 0x32, 0x4C, 0x35, 0x36, 
   0x01, 0x61, 0x23, 0x1D, 0x1A, 0x34, 0x26, 0x25, 0x35, 0x35, 
   0x01, 0x5B, 0x24, 0x34, 0x33, 0x4A, 0x34, 0x34, 0xFD, 0xA5, 
   0x22, 0x1B, 0x1A, 0x32, 0x25, 0x26, 0x32, 0x33, 0x01, 0x5E, 
   0x26, 0x36, 0x36, 0x26, 0x24, 0x34, 0x34, 0x04, 0xD8, 0x6C, 
   0xDE, 0x9E, 0x5E, 0x66, 0x9A, 0xBA, 0x00, 0x00, 0x00, 0x09, 
   0x00, 0x00, 0xFD, 0xAA, 0x09, 0x1B, 0x06, 0xE3, 0x00, 0x4D, 
   0x00, 0x57, 0x00, 0x63, 0x00, 0x70, 0x00, 0x7C, 0x00, 0x89, 
   0x00, 0x94, 0x00, 0x9E, 0x00, 0xAE, 0x01, 0x71, 0x00, 0xB2, 
   0x7B, 0x00, 0x00, 0x2B, 0xB0, 0x75, 0xCD, 0xB2, 0x03, 0x00, 
   0x00, 0x2B, 0xB2, 0x26, 0x5B, 0x97, 0x33, 0x33, 0x33, 0xB0, 
   0x08, 0xCD, 0xB2, 0x21, 0x61, 0x9C, 0x32, 0x32, 0x32, 0xB0, 
   0x68, 0x2F, 0xB0, 0x6E, 0xCD, 0xB0, 0x51, 0x2F, 0xB0, 0x8D, 
   0x33, 0xB0, 0x56, 0xCD, 0xB0, 0x92, 0x32, 0xB0, 0x81, 0x2F, 
   0xB1, 0x09, 0x20, 0x33, 0x33, 0xB0, 0x87, 0xCD, 0xB0, 0x1B, 
   0x2F, 0xB0, 0x0E, 0x33, 0xB0, 0xAD, 0xCD, 0xB0, 0x14, 0x2F, 
   0xB0, 0x48, 0xCD, 0xB0, 0xA2, 0x2F, 0xB0, 0x41, 0xCD, 0x01, 
   0xB0, 0xAF, 0x2F, 0xB0, 0x00, 0xD6, 0xB0, 0x0B, 0xCD, 0xB0, 
   0x0B, 0x10, 0xB1, 0x58, 0x01, 0x2B, 0xB0, 0x5E, 0xCD, 0xB0, 
   0x4E, 0x20, 0xD6, 0x11, 0xB0, 0x54, 0xCD, 0xB0, 0x5E, 0x10, 
   0xB1, 0x72, 0x01, 0x2B, 0xB0, 0x78, 0xCD, 0xB0, 0x64, 0x20, 
   0xD6, 0x11, 0xB0, 0x6B, 0xCD, 0xB0, 0x78, 0x10, 0xB0, 0x84, 
   0x20, 0xD6, 0x11, 0xB0, 0x7D, 0xCD, 0xB0, 0x7D, 0x2F, 0xB0, 
   0x84, 0xCD, 0xB0, 0x78, 0x10, 0xB1, 0x95, 0x01, 0x2B, 0xB0, 
   0x9A, 0xCD, 0xB0, 0x18, 0x32, 0xB0, 0x8A, 0x20, 0xD6, 0x11, 
   0xB0, 0x90, 0xCD, 0xB0, 0x9A, 0x10, 0xB1, 0xA5, 0x01, 0x2B, 
   0xB0, 0x39, 0xCD, 0xB0, 0x39, 0x10, 0xB1, 0x1E, 0x01, 0x2B, 
   0xB0, 0x2A, 0xCD, 0xB1, 0xB0, 0x01, 0x2B, 0xB1, 0x4E, 0x0B, 
   0x11, 0x12, 0xB2, 0x05, 0x11, 0x4B, 0x39, 0x39, 0x39, 0xB0, 
   0x58, 0x11, 0xB0, 0x12, 0x39, 0xB0, 0x54, 0x12, 0xB3, 0x51, 
   0x56, 0x5B, 0x61, 0x24, 0x17, 0x39, 0xB1, 0x7D, 0x72, 0x11, 
   0x12, 0xB1, 0x6E, 0x68, 0x39, 0x39, 0xB0, 0x6B, 0x11, 0xB3, 
   0x48, 0x14, 0x75, 0x7B, 0x24, 0x17, 0x39, 0xB0, 0x78, 0x12, 
   0xB1, 0x81, 0x87, 0x39, 0x39, 0xB1, 0x95, 0x8A, 0x11, 0x12, 
   0xB0, 0x46, 0x39, 0xB0, 0x90, 0x11, 0xB4, 0x8D, 0x93, 0x98, 
   0x9C, 0x9F, 0x24, 0x17, 0x39, 0xB0, 0x9A, 0x12, 0xB0, 0x17, 
   0x39, 0xB0, 0xA5, 0x11, 0xB6, 0x1A, 0x21, 0x23, 0x24, 0x41, 
   0x1B, 0xAD, 0x24, 0x17, 0x39, 0xB1, 0x1E, 0x39, 0x11, 0x12, 
   0xB1, 0x3D, 0xAA, 0x39, 0x39, 0xB0, 0x2A, 0x11, 0xB2, 0x2C, 
   0x35, 0xA8, 0x39, 0x39, 0x39, 0x00, 0xB1, 0x1B, 0x87, 0x11, 
   0x12, 0xB5, 0x0A, 0x00, 0x0D, 0x1E, 0x2A, 0x2C, 0x24, 0x17, 
   0x39, 0xB0, 0xAD, 0x11, 0xB4, 0x11, 0x17, 0x4B, 0xA8, 0xAA, 
   0x24, 0x17, 0x39, 0xB0, 0x14, 0x12, 0xB2, 0x12, 0x2F, 0x35, 
   0x39, 0x39, 0x39, 0xB0, 0x48, 0x11, 0xB2, 0x39, 0x46, 0x9F, 
   0x39, 0x39, 0x39, 0xB0, 0xA2, 0x12, 0xB0, 0xA4, 0x39, 0xB0, 
   0x41, 0x11, 0xB0, 0x3B, 0x39, 0x30, 0x31, 0x11, 0x14, 0x00, 
   0x17, 0x32, 0x3D, 0x01, 0x34, 0x23, 0x2E, 0x01, 0x10, 0x36, 
   0x3F, 0x01, 0x32, 0x35, 0x37, 0x36, 0x24, 0x33, 0x32, 0x04, 
   0x1F, 0x01, 0x14, 0x3B, 0x01, 0x32, 0x16, 0x15, 0x14, 0x06, 
   0x07, 0x22, 0x1D, 0x01, 0x14, 0x33, 0x3E, 0x02, 0x35, 0x34, 
   0x27, 0x36, 0x3F, 0x01, 0x36, 0x35, 0x34, 0x2F, 0x01, 0x2E, 
   0x03, 0x35, 0x34, 0x3F, 0x01, 0x36, 0x2F, 0x01, 0x26, 0x23, 
   0x22, 0x0E, 0x02, 0x07, 0x26, 0x23, 0x22, 0x00, 0x07, 0x06, 
   0x02, 0x01, 0x14, 0x16, 0x33, 0x32, 0x36, 0x34, 0x26, 0x22, 
   0x06, 0x13, 0x14, 0x16, 0x33, 0x32, 0x36, 0x35, 0x34, 0x26, 
   0x23, 0x22, 0x06, 0x13, 0x14, 0x17, 0x16, 0x33, 0x32, 0x36, 
   0x35, 0x34, 0x26, 0x23, 0x22, 0x06, 0x12, 0x14, 0x17, 0x16, 
   0x33, 0x32, 0x36, 0x35, 0x34, 0x26, 0x23, 0x22, 0x13, 0x14, 
   0x17, 0x16, 0x33, 0x32, 0x36, 0x35, 0x34, 0x26, 0x23, 0x22, 
   0x06, 0x13, 0x14, 0x16, 0x33, 0x32, 0x36, 0x35, 0x34, 0x26, 
   0x22, 0x06, 0x13, 0x14, 0x16, 0x32, 0x36, 0x35, 0x34, 0x26, 
   0x22, 0x06, 0x13, 0x3E, 0x01, 0x37, 0x32, 0x17, 0x15, 0x14, 
   0x12, 0x17, 0x06, 0x07, 0x26, 0x2B, 0x01, 0x26, 0x01, 0x2A, 
   0xD6, 0x13, 0x13, 0x88, 0xC2, 0xB5, 0x86, 0x39, 0x15, 0x07, 
   0x11, 0x01, 0x03, 0xB0, 0xAE, 0x01, 0x06, 0x12, 0x08, 0x12, 
   0xAD, 0x91, 0xCF, 0xC2, 0x88, 0x16, 0x16, 0x8C, 0xEA, 0x87, 
   0x45, 0x76, 0x2C, 0x12, 0x02, 0x11, 0x41, 0x46, 0x6D, 0x3F, 
   0x1F, 0x0B, 0x0C, 0x04, 0x13, 0x55, 0x46, 0x3F, 0x3B, 0x7A, 
   0x82, 0x7A, 0x2D, 0x81, 0x7D, 0xE2, 0xFE, 0xA1, 0x32, 0xB4, 
   0xE3, 0x02, 0x4E, 0x34, 0x24, 0x26, 0x33, 0x33, 0x4C, 0x32, 
   0x2D, 0x33, 0x25, 0x26, 0x34, 0x34, 0x26, 0x25, 0x33, 0xFB, 
   0x1A, 0x1B, 0x23, 0x26, 0x36, 0x36, 0x26, 0x23, 0x35, 0x44, 
   0x1B, 0x1A, 0x23, 0x26, 0x37, 0x37, 0x26, 0x23, 0x10, 0x1A, 
   0x1A, 0x24, 0x27, 0x35, 0x36, 0x26, 0x24, 0x34, 0xFE, 0x34, 
   0x26, 0x25, 0x33, 0x32, 0x4C, 0x34, 0x2D, 0x36, 0x4A, 0x33, 
   0x33, 0x4A, 0x36, 0x77, 0x32, 0xB1, 0x5E, 0x18, 0x0B, 0xA7, 
   0x94, 0x19, 0x38, 0x8E, 0xCA, 0x21, 0x2C, 0x02, 0x0D, 0xD4, 
   0xFE, 0xCC, 0x07, 0x12, 0x8F, 0x12, 0x07, 0xCD, 0x01, 0x10, 
   0xC6, 0x0B, 0x08, 0x12, 0x37, 0xAF, 0xEC, 0xEB, 0xAD, 0x3D, 
   0x13, 0xCE, 0x8F, 0x88, 0xCD, 0x07, 0x12, 0x8F, 0x12, 0x04, 
   0x90, 0xF0, 0x8B, 0x92, 0x77, 0x6A, 0xA9, 0x4D, 0x02, 0x06, 
   0x0C, 0x05, 0x12, 0x15, 0x50, 0x63, 0x67, 0x32, 0x2B, 0x31, 
   0x42, 0x0F, 0x09, 0x1A, 0x11, 0x1C, 0x3C, 0x6F, 0x4B, 0x35, 
   0xFE, 0xE7, 0xDB, 0x2D, 0xFE, 0xE2, 0xFC, 0x0E, 0x24, 0x34, 
   0x32, 0x4C, 0x32, 0x32, 0x01, 0x5E, 0x26, 0x35, 0x35, 0x26, 
   0x24, 0x34, 0x34, 0xFD, 0x85, 0x23, 0x1A, 0x1B, 0x33, 0x25, 
   0x26, 0x37, 0x37, 0x01, 0x88, 0x4C, 0x19, 0x1A, 0x34, 0x25, 
   0x26, 0x37, 0x01, 0x27, 0x26, 0x18, 0x1A, 0x32, 0x26, 0x25, 
   0x35, 0x35, 0xFD, 0xA2, 0x24, 0x34, 0x33, 0x25, 0x26, 0x32, 
   0x32, 0x01, 0x5E, 0x25, 0x36, 0x35, 0x26, 0x24, 0x34, 0x35, 
   0x04, 0xF7, 0x57, 0x5F, 0x02, 0x02, 0x21, 0x9B, 0xFE, 0xED, 
   0x48, 0x3A, 0x38, 0x7E, 0xC5, 0x00, 0x00, 0x00, 0x00, 0x0C, 
   0x00, 0x00, 0xFD, 0x75, 0x0B, 0x43, 0x08, 0xC3, 0x00, 0x4A, 
   0x00, 0x5B, 0x00, 0x6B, 0x00, 0x76, 0x00, 0x86, 0x00, 0x99, 
   0x00, 0xA4, 0x00, 0xB0, 0x00, 0xBC, 0x00, 0xCB, 0x00, 0xDD, 
   0x00, 0xEB, 0x00, 0x00, 0x11, 0x14, 0x12, 0x17, 0x07, 0x06, 
   0x3B, 0x01, 0x03, 0x33, 0x01, 0x36, 0x26, 0x2B, 0x01, 0x01, 
   0x36, 0x23, 0x21, 0x22, 0x07, 0x03, 0x2E, 0x01, 0x35, 0x34, 
   0x36, 0x3F, 0x01, 0x32, 0x3F, 0x01, 0x36, 0x24, 0x33, 0x32, 
   0x04, 0x1F, 0x01, 0x14, 0x3B, 0x01, 0x32, 0x16, 0x15, 0x14, 
   0x06, 0x07, 0x22, 0x1D, 0x01, 0x14, 0x33, 0x3E, 0x02, 0x35, 
   0x34, 0x27, 0x36, 0x35, 0x34, 0x02, 0x24, 0x23, 0x22, 0x06, 
   0x07, 0x26, 0x23, 0x22, 0x00, 0x07, 0x06, 0x02, 0x01, 0x14, 
   0x16, 0x17, 0x16, 0x33, 0x32, 0x3F, 0x01, 0x36, 0x26, 0x27, 
   0x26, 0x06, 0x0F, 0x01, 0x06, 0x13, 0x14, 0x1F, 0x01, 0x16, 
   0x17, 0x16, 0x36, 0x35, 0x34, 0x2F, 0x01, 0x26, 0x23, 0x22, 
   0x06, 0x13, 0x14, 0x16, 0x33, 0x32, 0x36, 0x35, 0x34, 0x26, 
   0x22, 0x06, 0x37, 0x06, 0x16, 0x17, 0x16, 0x36, 0x3F, 0x01, 
   0x36, 0x26, 0x27, 0x26, 0x06, 0x0F, 0x01, 0x06, 0x05, 0x14, 
   0x16, 0x17, 0x32, 0x16, 0x33, 0x32, 0x3F, 0x01, 0x36, 0x26, 
   0x27, 0x26, 0x06, 0x0F, 0x01, 0x14, 0x06, 0x13, 0x14, 0x17, 
   0x16, 0x32, 0x36, 0x35, 0x34, 0x26, 0x22, 0x06, 0x13, 0x36, 
   0x33, 0x32, 0x16, 0x15, 0x14, 0x07, 0x26, 0x2B, 0x01, 0x26, 
   0x13, 0x14, 0x16, 0x32, 0x36, 0x3D, 0x01, 0x34, 0x26, 0x22, 
   0x06, 0x15, 0x00, 0x14, 0x17, 0x1E, 0x01, 0x3F, 0x01, 0x36, 
   0x34, 0x27, 0x26, 0x23, 0x22, 0x0F, 0x01, 0x13, 0x14, 0x1F, 
   0x01, 0x16, 0x33, 0x17, 0x32, 0x37, 0x36, 0x35, 0x34, 0x2F, 
   0x01, 0x26, 0x23, 0x22, 0x06, 0x13, 0x14, 0x17, 0x16, 0x3B, 
   0x01, 0x32, 0x36, 0x34, 0x26, 0x2B, 0x01, 0x22, 0x06, 0xD5, 
   0xA9, 0x46, 0x08, 0x17, 0xE3, 0x98, 0x1F, 0x01, 0xD1, 0x06, 
   0x08, 0x0B, 0xEA, 0x01, 0x0A, 0x0C, 0x1B, 0xFE, 0xC4, 0x0F, 
   0x0A, 0x72, 0x73, 0x96, 0xB4, 0x87, 0x36, 0x13, 0x05, 0x08, 
   0x11, 0x01, 0x03, 0xB0, 0xAE, 0x01, 0x07, 0x12, 0x08, 0x13, 
   0xAC, 0x8F, 0xCE, 0xBF, 0x89, 0x15, 0x15, 0x8D, 0xEB, 0x88, 
   0x2E, 0x7A, 0x97, 0xFE, 0xFD, 0x98, 0x73, 0xD9, 0x4F, 0x81, 
   0xA1, 0xE3, 0xFE, 0xA1, 0x31, 0xB1, 0xE7, 0x03, 0x49, 0x22, 
   0x23, 0x0E, 0x0C, 0x45, 0x10, 0x0E, 0x0A, 0x26, 0x25, 0x22, 
   0x42, 0x0B, 0x0E, 0x04, 0x39, 0x1B, 0x45, 0x19, 0x22, 0x21, 
   0x40, 0x1B, 0x43, 0x1A, 0x26, 0x28, 0x36, 0x1B, 0x34, 0x24, 
   0x26, 0x32, 0x32, 0x4C, 0x32, 0x42, 0x02, 0x21, 0x20, 0x25, 
   0x3E, 0x0D, 0x1C, 0x0B, 0x25, 0x26, 0x23, 0x42, 0x0B, 0x18, 
   0x03, 0x01, 0x27, 0x20, 0x21, 0x05, 0x14, 0x05, 0x41, 0x10, 
   0x0F, 0x0B, 0x25, 0x24, 0x28, 0x41, 0x0B, 0x0A, 0x03, 0x4F, 
   0x1A, 0x18, 0x4C, 0x32, 0x32, 0x4C, 0x32, 0x6E, 0x6B, 0x9A, 
   0x9D, 0xDD, 0x32, 0x9A, 0xDD, 0x21, 0x2F, 0x24, 0x35, 0x4C, 
   0x33, 0x33, 0x4C, 0x35, 0x02, 0x53, 0x19, 0x16, 0x49, 0x1F, 
   0x9A, 0x1C, 0x1C, 0x1A, 0x26, 0x25, 0x19, 0x9A, 0x3A, 0x1B, 
   0x45, 0x1D, 0x25, 0x02, 0x23, 0x17, 0x1C, 0x1C, 0x42, 0x1D, 
   0x24, 0x26, 0x35, 0x9C, 0x1C, 0x19, 0x27, 0xDC, 0x26, 0x36, 
   0x35, 0x27, 0xDC, 0x27, 0x35, 0x02, 0x12, 0xB3, 0xFE, 0xE6, 
   0x2F, 0xB5, 0x17, 0xFE, 0x3F, 0x02, 0x5C, 0x07, 0x0F, 0x01, 
   0xF0, 0x17, 0x10, 0xFE, 0xCD, 0x1D, 0xBD, 0x79, 0x87, 0xC4, 
   0x10, 0x03, 0x0F, 0x3F, 0xAD, 0xEB, 0xEB, 0xAD, 0x3F, 0x12, 
   0xCD, 0x8E, 0x8B, 0xCD, 0x07, 0x13, 0x8F, 0x12, 0x04, 0x91, 
   0xF1, 0x8D, 0x75, 0x62, 0x9A, 0xC5, 0x98, 0x01, 0x03, 0x97, 
   0x60, 0x55, 0x45, 0xFE, 0xE7, 0xDB, 0x29, 0xFE, 0xDE, 0xFB, 
   0x05, 0x1B, 0x33, 0x0A, 0x03, 0x41, 0x3F, 0x29, 0x40, 0x07, 
   0x0B, 0x25, 0x24, 0x3F, 0x12, 0x09, 0x5B, 0x25, 0x1B, 0x46, 
   0x19, 0x03, 0x05, 0x3A, 0x27, 0x25, 0x1B, 0x46, 0x1A, 0x34, 
   0xF7, 0xAF, 0x24, 0x34, 0x32, 0x26, 0x25, 0x32, 0x32, 0xCD, 
   0x18, 0x34, 0x06, 0x0A, 0x20, 0x2C, 0x60, 0x23, 0x40, 0x0B, 
   0x0B, 0x27, 0x25, 0x60, 0x0D, 0xF5, 0x1B, 0x31, 0x0A, 0x04, 
   0x46, 0x40, 0x22, 0x42, 0x0B, 0x0A, 0x25, 0x26, 0x3F, 0x02, 
   0x14, 0x01, 0x36, 0x25, 0x18, 0x1A, 0x32, 0x25, 0x26, 0x32, 
   0x32, 0x04, 0xE5, 0x67, 0xDB, 0x9D, 0x69, 0x58, 0x9A, 0xBE, 
   0x02, 0xAC, 0x26, 0x36, 0x35, 0x27, 0xDC, 0x27, 0x35, 0x36, 
   0x26, 0xFE, 0x57, 0x4E, 0x19, 0x19, 0x05, 0x1E, 0x9A, 0x1A, 
   0x4C, 0x1A, 0x1C, 0x1C, 0x9A, 0xFA, 0xC9, 0x25, 0x1B, 0x43, 
   0x1B, 0x02, 0x1D, 0x1A, 0x26, 0x25, 0x1C, 0x42, 0x1D, 0x37, 
   0x02, 0x82, 0x27, 0x18, 0x1C, 0x35, 0x4C, 0x33, 0x33, 0x00, 
   0x00, 0x00, 0x00, 0x07, 0x00, 0x00, 0xFD, 0x75, 0x08, 0xFA, 
   0x06, 0x7A, 0x00, 0x4A, 0x00, 0x5B, 0x00, 0x66, 0x00, 0x76, 
   0x00, 0x89, 0x00, 0x94, 0x00, 0xA0, 0x01, 0x80, 0x00, 0xB2, 
   0x34, 0x00, 0x00, 0x2B, 0xB0, 0x0D, 0x33, 0xB0, 0x2F, 0xCD, 
   0xB0, 0x50, 0x2F, 0xB0, 0x56, 0xCD, 0xB0, 0x5F, 0x2F, 0xB0, 
   0x7D, 0x33, 0xB0, 0x65, 0xCD, 0xB0, 0x83, 0xCD, 0xB0, 0x29, 
   0x2F, 0xB0, 0x1C, 0x33, 0xB0, 0x9F, 0xCD, 0xB0, 0x22, 0x2F, 
   0xB0, 0x45, 0xCD, 0xB3, 0x97, 0x45, 0x22, 0x08, 0x2B, 0xB0, 
   0x43, 0x33, 0xB0, 0x40, 0xCD, 0x01, 0xB0, 0xA1, 0x2F, 0xB0, 
   0x00, 0xD6, 0xB0, 0x18, 0xCD, 0xB0, 0x18, 0x10, 0xB1, 0x5C, 
   0x01, 0x2B, 0xB0, 0x62, 0xCD, 0xB0, 0x62, 0x10, 0xB0, 0x52, 
   0x20, 0xD6, 0x11, 0xB0, 0x4B, 0xCD, 0xB0, 0x4B, 0x2F, 0xB0, 
   0x52, 0xCD, 0xB0, 0x62, 0x10, 0xB0, 0x6D, 0x20, 0xD6, 0x11, 
   0xB0, 0x67, 0xCD, 0xB0, 0x67, 0x2F, 0xB0, 0x6D, 0xCD, 0xB0, 
   0x74, 0x20, 0xD6, 0x11, 0xB0, 0x6E, 0xCD, 0xB0, 0x62, 0x10, 
   0xB1, 0x8A, 0x01, 0x2B, 0xB0, 0x90, 0xCD, 0xB0, 0x90, 0x10, 
   0xB0, 0x80, 0x20, 0xD6, 0x11, 0xB0, 0x86, 0xCD, 0xB0, 0x86, 
   0x2F, 0xB0, 0x80, 0xCD, 0xB0, 0x90, 0x10, 0xB1, 0x9A, 0x01, 
   0x2B, 0xB0, 0x3C, 0xCD, 0xB0, 0x2C, 0x20, 0xD6, 0x11, 0xB0, 
   0x38, 0xCD, 0xB1, 0xA2, 0x01, 0x2B, 0xB1, 0x4B, 0x18, 0x11, 
   0x12, 0xB7, 0x05, 0x03, 0x09, 0x0E, 0x15, 0x07, 0x20, 0x48, 
   0x24, 0x17, 0x39, 0xB0, 0x5C, 0x11, 0xB0, 0x0B, 0x39, 0xB0, 
   0x67, 0x12, 0xB2, 0x50, 0x10, 0x65, 0x39, 0x39, 0x39, 0xB0, 
   0x52, 0x11, 0xB0, 0x5F, 0x39, 0xB0, 0x62, 0x12, 0xB3, 0x45, 
   0x22, 0x54, 0x64, 0x24, 0x17, 0x39, 0xB1, 0x86, 0x6E, 0x11, 
   0x12, 0xB1, 0x6F, 0x77, 0x39, 0x39, 0xB0, 0x8A, 0x11, 0xB1, 
   0x7A, 0x43, 0x39, 0x39, 0xB0, 0x80, 0x12, 0xB3, 0x7D, 0x8D, 
   0x93, 0x95, 0x24, 0x17, 0x39, 0xB0, 0x90, 0x11, 0xB4, 0x25, 
   0x28, 0x81, 0x8E, 0x92, 0x24, 0x17, 0x39, 0xB0, 0x2C, 0x12, 
   0xB5, 0x29, 0x31, 0x32, 0x40, 0x97, 0x9F, 0x24, 0x17, 0x39, 
   0xB0, 0x9A, 0x11, 0xB0, 0x9C, 0x39, 0xB0, 0x38, 0x12, 0xB0, 
   0x3A, 0x39, 0x00, 0xB1, 0x56, 0x50, 0x11, 0x12, 0xB2, 0x09, 
   0x4B, 0x08, 0x39, 0x39, 0x39, 0xB0, 0x5F, 0x11, 0xB0, 0x57, 
   0x39, 0xB0, 0x65, 0x12, 0xB2, 0x06, 0x07, 0x87, 0x39, 0x39, 
   0x39, 0xB0, 0x83, 0x11, 0xB1, 0x6B, 0x86, 0x39, 0x39, 0xB0, 
   0x34, 0x12, 0xB1, 0x84, 0x8E, 0x39, 0x39, 0xB0, 0x2F, 0x11, 
   0xB3, 0x03, 0x35, 0x8D, 0x92, 0x24, 0x17, 0x39, 0xB0, 0x29, 
   0x12, 0xB7, 0x00, 0x11, 0x1B, 0x15, 0x38, 0x3A, 0x72, 0x93, 
   0x24, 0x17, 0x39, 0xB0, 0x9F, 0x11, 0xB3, 0x1F, 0x25, 0x48, 
   0x9C, 0x24, 0x17, 0x39, 0xB0, 0x22, 0x12, 0xB2, 0x20, 0x3C, 
   0x9A, 0x39, 0x39, 0x39, 0xB0, 0x97, 0x11, 0xB0, 0x95, 0x39, 
   0x30, 0x31, 0x11, 0x14, 0x12, 0x17, 0x07, 0x06, 0x3B, 0x01, 
   0x03, 0x33, 0x01, 0x36, 0x26, 0x2B, 0x01, 0x01, 0x36, 0x23, 
   0x21, 0x22, 0x07, 0x03, 0x2E, 0x01, 0x35, 0x34, 0x36, 0x3F, 
   0x01, 0x32, 0x3F, 0x01, 0x36, 0x24, 0x33, 0x32, 0x04, 0x1F, 
   0x01, 0x14, 0x3B, 0x01, 0x32, 0x16, 0x15, 0x14, 0x06, 0x07, 
   0x22, 0x1D, 0x01, 0x14, 0x33, 0x3E, 0x02, 0x35, 0x34, 0x27, 
   0x36, 0x35, 0x34, 0x02, 0x24, 0x23, 0x22, 0x06, 0x07, 0x26, 
   0x23, 0x22, 0x00, 0x07, 0x06, 0x02, 0x01, 0x14, 0x16, 0x17, 
   0x16, 0x33, 0x32, 0x3F, 0x01, 0x36, 0x26, 0x27, 0x26, 0x06, 
   0x0F, 0x01, 0x06, 0x13, 0x14, 0x16, 0x33, 0x32, 0x36, 0x35, 
   0x34, 0x26, 0x22, 0x06, 0x37, 0x06, 0x16, 0x17, 0x16, 0x36, 
   0x3F, 0x01, 0x36, 0x26, 0x27, 0x26, 0x06, 0x0F, 0x01, 0x06, 
   0x05, 0x14, 0x16, 0x17, 0x32, 0x16, 0x33, 0x32, 0x3F, 0x01, 
   0x36, 0x26, 0x27, 0x26, 0x06, 0x0F, 0x01, 0x14, 0x06, 0x13, 
   0x14, 0x17, 0x16, 0x32, 0x36, 0x35, 0x34, 0x26, 0x22, 0x06, 
   0x13, 0x36, 0x33, 0x32, 0x16, 0x15, 0x14, 0x07, 0x26, 0x2B, 
   0x01, 0x26, 0xD5, 0xA9, 0x46, 0x08, 0x17, 0xE3, 0x98, 0x1F, 
   0x01, 0xD1, 0x06, 0x08, 0x0B, 0xEA, 0x01, 0x0A, 0x0C, 0x1B, 
   0xFE, 0xC4, 0x0F, 0x0A, 0x72, 0x73, 0x96, 0xB4, 0x87, 0x36, 
   0x13, 0x05, 0x08, 0x11, 0x01, 0x03, 0xB0, 0xAE, 0x01, 0x07, 
   0x12, 0x08, 0x13, 0xAC, 0x8F, 0xCE, 0xBF, 0x89, 0x15, 0x15, 
   0x8D, 0xEB, 0x88, 0x2E, 0x7A, 0x97, 0xFE, 0xFD, 0x98, 0x73, 
   0xD9, 0x4F, 0x81, 0xA1, 0xE3, 0xFE, 0xA1, 0x31, 0xB1, 0xE7, 
   0x03, 0x49, 0x22, 0x23, 0x0E, 0x0C, 0x45, 0x10, 0x0E, 0x0A, 
   0x26, 0x25, 0x22, 0x42, 0x0B, 0x0E, 0x04, 0x54, 0x34, 0x24, 
   0x26, 0x32, 0x32, 0x4C, 0x32, 0x42, 0x02, 0x21, 0x20, 0x25, 
   0x3E, 0x0D, 0x1C, 0x0B, 0x25, 0x26, 0x23, 0x42, 0x0B, 0x18, 
   0x03, 0x01, 0x27, 0x20, 0x21, 0x05, 0x14, 0x05, 0x41, 0x10, 
   0x0F, 0x0B, 0x25, 0x24, 0x28, 0x41, 0x0B, 0x0A, 0x03, 0x4F, 
   0x1A, 0x18, 0x4C, 0x32, 0x32, 0x4C, 0x32, 0x6E, 0x6B, 0x9A, 
   0x9D, 0xDD, 0x32, 0x9A, 0xDD, 0x21, 0x2F, 0x02, 0x12, 0xB3, 
   0xFE, 0xE6, 0x2F, 0xB5, 0x17, 0xFE, 0x3F, 0x02, 0x5C, 0x07, 
   0x0F, 0x01, 0xF0, 0x17, 0x10, 0xFE, 0xCD, 0x1D, 0xBD, 0x79, 
   0x87, 0xC4, 0x10, 0x03, 0x0F, 0x3F, 0xAD, 0xEB, 0xEB, 0xAD, 
   0x3F, 0x12, 0xCD, 0x8E, 0x8B, 0xCD, 0x07, 0x13, 0x8F, 0x12, 
   0x04, 0x91, 0xF1, 0x8D, 0x75, 0x62, 0x9A, 0xC5, 0x98, 0x01, 
   0x03, 0x97, 0x60, 0x55, 0x45, 0xFE, 0xE7, 0xDB, 0x29, 0xFE, 
   0xDE, 0xFB, 0x05, 0x1B, 0x33, 0x0A, 0x03, 0x41, 0x3F, 0x29, 
   0x40, 0x07, 0x0B, 0x25, 0x24, 0x3F, 0x12, 0x01, 0x30, 0x24, 
   0x34, 0x32, 0x26, 0x25, 0x32, 0x32, 0xCD, 0x18, 0x34, 0x06, 
   0x0A, 0x20, 0x2C, 0x60, 0x23, 0x40, 0x0B, 0x0B, 0x27, 0x25, 
   0x60, 0x0D, 0xF5, 0x1B, 0x31, 0x0A, 0x04, 0x46, 0x40, 0x22, 
   0x42, 0x0B, 0x0A, 0x25, 0x26, 0x3F, 0x02, 0x14, 0x01, 0x36, 
   0x25, 0x18, 0x1A, 0x32, 0x25, 0x26, 0x32, 0x32, 0x04, 0xE5, 
   0x67, 0xDB, 0x9D, 0x69, 0x58, 0x9A, 0xBE, 0x00, 0x00, 0x07, 
   0x00, 0x00, 0xFD, 0x75, 0x09, 0x18, 0x06, 0xE1, 0x00, 0x59, 
   0x00, 0x6A, 0x00, 0x75, 0x00, 0x85, 0x00, 0x98, 0x00, 0xA3, 
   0x00, 0xB3, 0x01, 0x94, 0x00, 0xB2, 0x34, 0x00, 0x00, 0x2B, 
   0xB0, 0x0D, 0x33, 0xB0, 0x2F, 0xCD, 0xB2, 0x9D, 0x00, 0x00, 
   0x2B, 0xB0, 0xA2, 0xCD, 0xB0, 0x5F, 0x2F, 0xB0, 0x65, 0xCD, 
   0xB0, 0x6E, 0x2F, 0xB0, 0x8C, 0x33, 0xB0, 0x74, 0xCD, 0xB0, 
   0x92, 0xCD, 0xB0, 0x29, 0x2F, 0xB0, 0xB2, 0xCD, 0xB0, 0x22, 
   0x2F, 0xB0, 0x54, 0xCD, 0xB0, 0xA7, 0x2F, 0xB0, 0x4D, 0xCD, 
   0x01, 0xB0, 0xB4, 0x2F, 0xB0, 0x00, 0xD6, 0xB0, 0x18, 0xCD, 
   0xB0, 0x18, 0x10, 0xB1, 0x6B, 0x01, 0x2B, 0xB0, 0x71, 0xCD, 
   0xB0, 0x71, 0x10, 0xB0, 0x61, 0x20, 0xD6, 0x11, 0xB0, 0x5A, 
   0xCD, 0xB0, 0x5A, 0x2F, 0xB0, 0x61, 0xCD, 0xB0, 0x71, 0x10, 
   0xB0, 0x7C, 0x20, 0xD6, 0x11, 0xB0, 0x76, 0xCD, 0xB0, 0x76, 
   0x2F, 0xB0, 0x7C, 0xCD, 0xB0, 0x83, 0x20, 0xD6, 0x11, 0xB0, 
   0x7D, 0xCD, 0xB0, 0x71, 0x10, 0xB1, 0x99, 0x01, 0x2B, 0xB0, 
   0x9F, 0xCD, 0xB0, 0x9F, 0x10, 0xB0, 0x8F, 0x20, 0xD6, 0x11, 
   0xB0, 0x95, 0xCD, 0xB0, 0x95, 0x2F, 0xB0, 0x8F, 0xCD, 0xB0, 
   0x9F, 0x10, 0xB1, 0xA9, 0x01, 0x2B, 0xB0, 0x45, 0xCD, 0xB0, 
   0x45, 0x10, 0xB1, 0x2C, 0x01, 0x2B, 0xB0, 0x37, 0xCD, 0xB1, 
   0xB5, 0x01, 0x2B, 0xB1, 0x5A, 0x18, 0x11, 0x12, 0xB7, 0x05, 
   0x03, 0x09, 0x0E, 0x15, 0x07, 0x20, 0x57, 0x24, 0x17, 0x39, 
   0xB0, 0x6B, 0x11, 0xB0, 0x0B, 0x39, 0xB0, 0x76, 0x12, 0xB2, 
   0x5F, 0x10, 0x74, 0x39, 0x39, 0x39, 0xB0, 0x61, 0x11, 0xB0, 
   0x6E, 0x39, 0xB0, 0x71, 0x12, 0xB3, 0x54, 0x22, 0x63, 0x73, 
   0x24, 0x17, 0x39, 0xB1, 0x95, 0x7D, 0x11, 0x12, 0xB2, 0x52, 
   0x7E, 0x86, 0x39, 0x39, 0x39, 0xB0, 0x99, 0x11, 0xB0, 0x89, 
   0x39, 0xB0, 0x8F, 0x12, 0xB3, 0x8C, 0x9C, 0xA2, 0xA4, 0x24, 
   0x17, 0x39, 0xB0, 0x9F, 0x11, 0xB4, 0x25, 0x28, 0x90, 0x9D, 
   0xA1, 0x24, 0x17, 0x39, 0xB0, 0xA9, 0x12, 0xB4, 0x2F, 0x31, 
   0x32, 0x29, 0xB2, 0x24, 0x17, 0x39, 0xB1, 0x2C, 0x45, 0x11, 
   0x12, 0xB1, 0x49, 0xAF, 0x39, 0x39, 0xB0, 0x37, 0x11, 0xB2, 
   0x39, 0x42, 0xAD, 0x39, 0x39, 0x39, 0x00, 0xB1, 0x65, 0x5F, 
   0x11, 0x12, 0xB2, 0x09, 0x5A, 0x08, 0x39, 0x39, 0x39, 0xB0, 
   0x6E, 0x11, 0xB0, 0x66, 0x39, 0xB0, 0x74, 0x12, 0xB2, 0x06, 
   0x07, 0x96, 0x39, 0x39, 0x39, 0xB0, 0x92, 0x11, 0xB1, 0x7A, 
   0x95, 0x39, 0x39, 0xB0, 0x9D, 0x12, 0xB0, 0x93, 0x39, 0xB1, 
   0xA2, 0x34, 0x11, 0x12, 0xB3, 0x03, 0x35, 0x99, 0x9F, 0x24, 
   0x17, 0x39, 0xB1, 0x29, 0x2F, 0x11, 0x12, 0xB6, 0x11, 0x00, 
   0x1B, 0x15, 0x37, 0x39, 0x81, 0x24, 0x17, 0x39, 0xB0, 0xB2, 
   0x11, 0xB4, 0x1F, 0x25, 0x57, 0xAD, 0xAF, 0x24, 0x17, 0x39, 
   0xB0, 0x22, 0x12, 0xB2, 0x20, 0x3E, 0x42, 0x39, 0x39, 0x39, 
   0xB0, 0x54, 0x11, 0xB1, 0x52, 0xA4, 0x39, 0x39, 0xB1, 0x4D, 
   0xA7, 0x11, 0x12, 0xB0, 0x47, 0x39, 0x30, 0x31, 0x11, 0x14, 
   0x12, 0x17, 0x07, 0x06, 0x3B, 0x01, 0x03, 0x33, 0x01, 0x36, 
   0x26, 0x2B, 0x01, 0x01, 0x36, 0x23, 0x21, 0x22, 0x07, 0x03, 
   0x2E, 0x01, 0x35, 0x34, 0x36, 0x3F, 0x01, 0x32, 0x35, 0x37, 
   0x36, 0x24, 0x33, 0x32, 0x04, 0x1F, 0x01, 0x14, 0x3B, 0x01, 
   0x32, 0x16, 0x15, 0x14, 0x06, 0x07, 0x22, 0x1D, 0x01, 0x14, 
   0x33, 0x36, 0x00, 0x35, 0x34, 0x27, 0x36, 0x3F, 0x01, 0x36, 
   0x35, 0x34, 0x2F, 0x01, 0x2E, 0x02, 0x37, 0x34, 0x3F, 0x01, 
   0x36, 0x2F, 0x01, 0x26, 0x23, 0x26, 0x0E, 0x02, 0x07, 0x26, 
   0x23, 0x22, 0x00, 0x07, 0x06, 0x02, 0x01, 0x14, 0x16, 0x17, 
   0x16, 0x33, 0x32, 0x3F, 0x01, 0x36, 0x26, 0x27, 0x26, 0x06, 
   0x0F, 0x01, 0x06, 0x13, 0x14, 0x16, 0x33, 0x32, 0x36, 0x35, 
   0x34, 0x26, 0x22, 0x06, 0x37, 0x06, 0x16, 0x17, 0x16, 0x36, 
   0x3F, 0x01, 0x36, 0x26, 0x27, 0x26, 0x06, 0x0F, 0x01, 0x06, 
   0x05, 0x14, 0x16, 0x17, 0x32, 0x16, 0x33, 0x32, 0x3F, 0x01, 
   0x36, 0x26, 0x27, 0x26, 0x06, 0x0F, 0x01, 0x14, 0x06, 0x13, 
   0x14, 0x17, 0x16, 0x32, 0x36, 0x35, 0x34, 0x26, 0x22, 0x06, 
   0x13, 0x3E, 0x01, 0x3B, 0x01, 0x15, 0x14, 0x1E, 0x01, 0x17, 
   0x06, 0x07, 0x26, 0x2B, 0x01, 0x26, 0xD4, 0xA9, 0x45, 0x07, 
   0x16, 0xE2, 0x8A, 0x1E, 0x01, 0xC3, 0x06, 0x08, 0x0B, 0xE8, 
   0x01, 0x08, 0x0B, 0x19, 0xFE, 0xC4, 0x0E, 0x0A, 0x72, 0x72, 
   0x97, 0xB5, 0x86, 0x38, 0x15, 0x08, 0x11, 0x01, 0x03, 0xAF, 
   0xAE, 0x01, 0x06, 0x12, 0x08, 0x12, 0xAD, 0x91, 0xCE, 0xC0, 
   0x8B, 0x14, 0x14, 0xD5, 0x01, 0x29, 0x46, 0x7A, 0x27, 0x14, 
   0x01, 0x10, 0x42, 0x5C, 0x80, 0x35, 0x01, 0x0B, 0x0C, 0x04, 
   0x13, 0x55, 0x4B, 0x39, 0x3B, 0x7B, 0x82, 0x79, 0x2D, 0x88, 
   0x76, 0xE2, 0xFE, 0xA2, 0x32, 0xB1, 0xE6, 0x03, 0x49, 0x22, 
   0x23, 0x0E, 0x0C, 0x45, 0x10, 0x0E, 0x0A, 0x26, 0x25, 0x22, 
   0x42, 0x0B, 0x0E, 0x04, 0x54, 0x34, 0x24, 0x26, 0x32, 0x32, 
   0x4C, 0x32, 0x42, 0x02, 0x21, 0x20, 0x25, 0x3E, 0x0D, 0x1C, 
   0x0B, 0x25, 0x26, 0x23, 0x42, 0x0B, 0x18, 0x03, 0x01, 0x27, 
   0x20, 0x21, 0x05, 0x14, 0x05, 0x41, 0x10, 0x0F, 0x0B, 0x25, 
   0x24, 0x28, 0x41, 0x0B, 0x0A, 0x03, 0x4F, 0x1A, 0x18, 0x4C, 
   0x32, 0x32, 0x4C, 0x32, 0x4B, 0x35, 0xB4, 0x62, 0x17, 0x48, 
   0x91, 0x63, 0x1B, 0x36, 0x92, 0xC5, 0x23, 0x2D, 0x02, 0x11, 
   0xB1, 0xFE, 0xE9, 0x33, 0xB5, 0x16, 0xFE, 0x42, 0x02, 0x58, 
   0x07, 0x0F, 0x01, 0xEF, 0x17, 0x10, 0xFE, 0xCD, 0x1D, 0xBF, 
   0x77, 0x85, 0xC4, 0x10, 0x08, 0x13, 0x36, 0xAD, 0xEA, 0xEB, 
   0xAC, 0x3D, 0x14, 0xCB, 0x8E, 0x88, 0xC8, 0x0A, 0x14, 0x91, 
   0x13, 0x07, 0x01, 0x35, 0xD6, 0x8B, 0x7A, 0x76, 0xA2, 0x49, 
   0x01, 0x06, 0x0D, 0x04, 0x12, 0x1B, 0x7D, 0x87, 0x43, 0x2C, 
   0x2F, 0x41, 0x10, 0x09, 0x1A, 0x0F, 0x01, 0x1B, 0x3B, 0x6D, 
   0x4A, 0x31, 0xFE, 0xE7, 0xDA, 0x2A, 0xFE, 0xE1, 0xFB, 0x06, 
   0x1B, 0x33, 0x0A, 0x03, 0x41, 0x3F, 0x29, 0x40, 0x07, 0x0B, 
   0x25, 0x24, 0x3F, 0x12, 0x01, 0x30, 0x24, 0x34, 0x32, 0x26, 
   0x25, 0x32, 0x32, 0xCD, 0x18, 0x34, 0x06, 0x0A, 0x20, 0x2C, 
   0x60, 0x23, 0x40, 0x0B, 0x0B, 0x27, 0x25, 0x60, 0x0D, 0xF5, 
   0x1B, 0x31, 0x0A, 0x04, 0x46, 0x40, 0x22, 0x42, 0x0B, 0x0A, 
   0x25, 0x26, 0x3F, 0x02, 0x14, 0x01, 0x36, 0x25, 0x18, 0x1A, 
   0x32, 0x25, 0x26, 0x32, 0x32, 0x04, 0xFF, 0x59, 0x61, 0x22, 
   0x66, 0xC0, 0xA2, 0x30, 0x3C, 0x32, 0x7D, 0xC9, 0x00, 0x00, 
   0x00, 0x0C, 0x00, 0x00, 0xFD, 0x89, 0x0B, 0x43, 0x08, 0xC3, 
   0x00, 0x4A, 0x00, 0x5A, 0x00, 0x67, 0x00, 0x74, 0x00, 0x81, 
   0x00, 0x8B, 0x00, 0x95, 0x00, 0xA1, 0x00, 0xAD, 0x00, 0xBC, 
   0x00, 0xCE, 0x00, 0xDC, 0x00, 0x00, 0x11, 0x14, 0x12, 0x17, 
   0x07, 0x06, 0x3B, 0x01, 0x03, 0x33, 0x01, 0x36, 0x26, 0x2B, 
   0x01, 0x01, 0x36, 0x23, 0x21, 0x22, 0x07, 0x03, 0x2E, 0x01, 
   0x35, 0x34, 0x36, 0x3F, 0x01, 0x32, 0x3F, 0x01, 0x36, 0x24, 
   0x33, 0x32, 0x04, 0x1F, 0x01, 0x14, 0x3B, 0x01, 0x32, 0x16, 
   0x15, 0x14, 0x06, 0x07, 0x22, 0x1D, 0x01, 0x14, 0x33, 0x3E, 
   0x02, 0x35, 0x34, 0x27, 0x36, 0x35, 0x34, 0x02, 0x24, 0x23, 
   0x22, 0x06, 0x07, 0x26, 0x23, 0x22, 0x00, 0x07, 0x06, 0x02, 
   0x01, 0x14, 0x1F, 0x01, 0x16, 0x17, 0x16, 0x36, 0x35, 0x34, 
   0x2F, 0x01, 0x26, 0x23, 0x22, 0x06, 0x13, 0x14, 0x17, 0x16, 
   0x33, 0x32, 0x36, 0x35, 0x34, 0x26, 0x23, 0x22, 0x06, 0x11, 
   0x14, 0x17, 0x16, 0x33, 0x32, 0x36, 0x35, 0x34, 0x26, 0x23, 
   0x22, 0x06, 0x11, 0x14, 0x17, 0x16, 0x33, 0x32, 0x36, 0x35, 
   0x34, 0x26, 0x23, 0x22, 0x06, 0x01, 0x14, 0x16, 0x32, 0x36, 
   0x35, 0x34, 0x26, 0x22, 0x06, 0x11, 0x14, 0x16, 0x32, 0x36, 
   0x35, 0x34, 0x26, 0x22, 0x06, 0x13, 0x36, 0x33, 0x32, 0x16, 
   0x15, 0x14, 0x07, 0x26, 0x2B, 0x01, 0x26, 0x13, 0x14, 0x16, 
   0x32, 0x36, 0x3D, 0x01, 0x34, 0x26, 0x22, 0x06, 0x15, 0x00, 
   0x14, 0x17, 0x1E, 0x01, 0x3F, 0x01, 0x36, 0x34, 0x27, 0x26, 
   0x23, 0x22, 0x0F, 0x01, 0x13, 0x14, 0x1F, 0x01, 0x16, 0x33, 
   0x17, 0x32, 0x37, 0x36, 0x35, 0x34, 0x2F, 0x01, 0x26, 0x23, 
   0x22, 0x06, 0x13, 0x14, 0x17, 0x16, 0x3B, 0x01, 0x32, 0x36, 
   0x34, 0x26, 0x2B, 0x01, 0x22, 0x06, 0xD5, 0xA9, 0x46, 0x08, 
   0x17, 0xE3, 0x98, 0x1F, 0x01, 0xD1, 0x06, 0x08, 0x0B, 0xEA, 
   0x01, 0x0A, 0x0C, 0x1B, 0xFE, 0xC4, 0x0F, 0x0A, 0x72, 0x73, 
   0x96, 0xB4, 0x87, 0x36, 0x13, 0x05, 0x08, 0x11, 0x01, 0x03, 
   0xB0, 0xAE, 0x01, 0x07, 0x12, 0x08, 0x13, 0xAC, 0x8F, 0xCE, 
   0xBF, 0x89, 0x15, 0x15, 0x8D, 0xEB, 0x88, 0x2E, 0x7A, 0x97, 
   0xFE, 0xFD, 0x98, 0x73, 0xD9, 0x4F, 0x81, 0xA1, 0xE3, 0xFE, 
   0xA1, 0x31, 0xB1, 0xE7, 0x03, 0x82, 0x1B, 0x45, 0x19, 0x22, 
   0x21, 0x40, 0x1B, 0x43, 0x1A, 0x26, 0x28, 0x36, 0x7D, 0x1A, 
   0x1A, 0x24, 0x26, 0x36, 0x36, 0x26, 0x23, 0x35, 0x1A, 0x1A, 
   0x24, 0x27, 0x35, 0x36, 0x26, 0x24, 0x34, 0x1A, 0x1B, 0x23, 
   0x26, 0x36, 0x36, 0x26, 0x23, 0x35, 0x01, 0x59, 0x35, 0x4A, 
   0x33, 0x33, 0x4A, 0x35, 0x34, 0x4C, 0x32, 0x32, 0x4C, 0x34, 
   0x6B, 0x6B, 0x9A, 0x9D, 0xDD, 0x32, 0x9A, 0xDD, 0x21, 0x2F, 
   0x24, 0x35, 0x4C, 0x33, 0x33, 0x4C, 0x35, 0x02, 0x53, 0x19, 
   0x16, 0x49, 0x1F, 0x9A, 0x1C, 0x1C, 0x1A, 0x26, 0x25, 0x19, 
   0x9A, 0x3A, 0x1B, 0x45, 0x1D, 0x25, 0x02, 0x23, 0x17, 0x1C, 
   0x1C, 0x42, 0x1D, 0x24, 0x26, 0x35, 0x9C, 0x1C, 0x19, 0x27, 
   0xDC, 0x26, 0x36, 0x35, 0x27, 0xDC, 0x27, 0x35, 0x02, 0x12, 
   0xB3, 0xFE, 0xE6, 0x2F, 0xB5, 0x17, 0xFE, 0x3F, 0x02, 0x5C, 
   0x07, 0x0F, 0x01, 0xF0, 0x17, 0x10, 0xFE, 0xCD, 0x1D, 0xBD, 
   0x79, 0x87, 0xC4, 0x10, 0x03, 0x0F, 0x3F, 0xAD, 0xEB, 0xEB, 
   0xAD, 0x3F, 0x12, 0xCD, 0x8E, 0x8B, 0xCD, 0x07, 0x13, 0x8F, 
   0x12, 0x04, 0x91, 0xF1, 0x8D, 0x75, 0x62, 0x9A, 0xC5, 0x98, 
   0x01, 0x03, 0x97, 0x60, 0x55, 0x45, 0xFE, 0xE7, 0xDB, 0x29, 
   0xFE, 0xDE, 0x04, 0x66, 0x25, 0x1B, 0x46, 0x19, 0x03, 0x05, 
   0x3A, 0x27, 0x25, 0x1B, 0x46, 0x1A, 0x34, 0xF8, 0x33, 0x27, 
   0x18, 0x1A, 0x34, 0x25, 0x26, 0x37, 0x37, 0x01, 0x5E, 0x26, 
   0x18, 0x1A, 0x32, 0x26, 0x25, 0x35, 0x35, 0xFC, 0xCF, 0x23, 
   0x1A, 0x1B, 0x33, 0x25, 0x26, 0x37, 0x37, 0x02, 0x31, 0x26, 
   0x35, 0x35, 0x26, 0x24, 0x34, 0x34, 0xFE, 0x58, 0x24, 0x34, 
   0x33, 0x25, 0x26, 0x32, 0x32, 0x06, 0x5E, 0x67, 0xDB, 0x9D, 
   0x69, 0x58, 0x9A, 0xBE, 0x02, 0xAC, 0x26, 0x36, 0x35, 0x27, 
   0xDC, 0x27, 0x35, 0x36, 0x26, 0xFE, 0x57, 0x4E, 0x19, 0x19, 
   0x05, 0x1E, 0x9A, 0x1A, 0x4C, 0x1A, 0x1C, 0x1C, 0x9A, 0xFA, 
   0xC9, 0x25, 0x1B, 0x43, 0x1B, 0x02, 0x1D, 0x1A, 0x26, 0x25, 
   0x1C, 0x42, 0x1D, 0x37, 0x02, 0x82, 0x27, 0x18, 0x1C, 0x35, 
   0x4C, 0x33, 0x33, 0x00, 0x00, 0x07, 0x00, 0x00, 0xFD, 0x89, 
   0x08, 0xFA, 0x06, 0x7A, 0x00, 0x4A, 0x00, 0x57, 0x00, 0x64, 
   0x00, 0x71, 0x00, 0x7B, 0x00, 0x85, 0x00, 0x91, 0x01, 0x14, 
   0x00, 0xB2, 0x55, 0x00, 0x00, 0x2B, 0xB0, 0x4F, 0xCD, 0xB2, 
   0x75, 0x00, 0x00, 0x2B, 0xB1, 0x0D, 0x34, 0x33, 0x33, 0xB0, 
   0x7A, 0xCD, 0xB0, 0x2F, 0x32, 0xB0, 0x69, 0x2F, 0xB0, 0x6F, 
   0xCD, 0xB0, 0x7F, 0x2F, 0xB0, 0x84, 0xCD, 0xB0, 0x5C, 0x2F, 
   0xB0, 0x2E, 0x33, 0xB0, 0x62, 0xCD, 0xB0, 0x29, 0x2F, 0xB0, 
   0x1C, 0x33, 0xB0, 0x90, 0xCD, 0xB0, 0x22, 0x2F, 0xB0, 0x45, 
   0xCD, 0xB3, 0x88, 0x45, 0x22, 0x08, 0x2B, 0xB0, 0x43, 0x33, 
   0xB0, 0x40, 0xCD, 0x01, 0xB0, 0x92, 0x2F, 0xB0, 0x00, 0xD6, 
   0xB0, 0x18, 0xCD, 0xB0, 0x18, 0x10, 0xB1, 0x65, 0x01, 0x2B, 
   0xB1, 0x4B, 0x58, 0x32, 0x32, 0xB0, 0x6C, 0xCD, 0xB1, 0x52, 
   0x5F, 0x32, 0x32, 0xB0, 0x6C, 0x10, 0xB1, 0x7C, 0x01, 0x2B, 
   0xB0, 0x72, 0x32, 0xB0, 0x81, 0xCD, 0xB0, 0x77, 0x32, 0xB0, 
   0x81, 0x10, 0xB1, 0x8B, 0x01, 0x2B, 0xB0, 0x3C, 0xCD, 0xB0, 
   0x2C, 0x20, 0xD6, 0x11, 0xB0, 0x38, 0xCD, 0xB1, 0x93, 0x01, 
   0x2B, 0xB1, 0x65, 0x18, 0x11, 0x12, 0xB3, 0x03, 0x10, 0x20, 
   0x48, 0x24, 0x17, 0x39, 0xB0, 0x6C, 0x11, 0xB1, 0x45, 0x22, 
   0x39, 0x39, 0xB0, 0x7C, 0x12, 0xB0, 0x43, 0x39, 0xB0, 0x81, 
   0x11, 0xB2, 0x25, 0x28, 0x86, 0x39, 0x39, 0x39, 0xB0, 0x2C, 
   0x12, 0xB5, 0x29, 0x31, 0x32, 0x40, 0x88, 0x90, 0x24, 0x17, 
   0x39, 0xB0, 0x8B, 0x11, 0xB0, 0x8D, 0x39, 0xB0, 0x38, 0x12, 
   0xB0, 0x3A, 0x39, 0x00, 0xB1, 0x55, 0x84, 0x11, 0x12, 0xB1, 
   0x06, 0x07, 0x39, 0x39, 0xB1, 0x7A, 0x75, 0x11, 0x12, 0xB1, 
   0x03, 0x35, 0x39, 0x39, 0xB1, 0x62, 0x5C, 0x11, 0x12, 0xB0, 
   0x15, 0x39, 0xB0, 0x29, 0x11, 0xB7, 0x11, 0x12, 0x18, 0x00, 
   0x1B, 0x2C, 0x38, 0x3A, 0x24, 0x17, 0x39, 0xB0, 0x90, 0x12, 
   0xB3, 0x1F, 0x25, 0x48, 0x8D, 0x24, 0x17, 0x39, 0xB0, 0x22, 
   0x11, 0xB2, 0x20, 0x3C, 0x8B, 0x39, 0x39, 0x39, 0xB0, 0x88, 
   0x12, 0xB0, 0x86, 0x39, 0x30, 0x31, 0x11, 0x14, 0x12, 0x17, 
   0x07, 0x06, 0x3B, 0x01, 0x03, 0x33, 0x01, 0x36, 0x26, 0x2B, 
   0x01, 0x01, 0x36, 0x23, 0x21, 0x22, 0x07, 0x03, 0x2E, 0x01, 
   0x35, 0x34, 0x36, 0x3F, 0x01, 0x32, 0x3F, 0x01, 0x36, 0x24, 
   0x33, 0x32, 0x04, 0x1F, 0x01, 0x14, 0x3B, 0x01, 0x32, 0x16, 
   0x15, 0x14, 0x06, 0x07, 0x22, 0x1D, 0x01, 0x14, 0x33, 0x3E, 
   0x02, 0x35, 0x34, 0x27, 0x36, 0x35, 0x34, 0x02, 0x24, 0x23, 
   0x22, 0x06, 0x07, 0x26, 0x23, 0x22, 0x00, 0x07, 0x06, 0x02, 
   0x01, 0x14, 0x17, 0x16, 0x33, 0x32, 0x36, 0x35, 0x34, 0x26, 
   0x23, 0x22, 0x06, 0x11, 0x14, 0x17, 0x16, 0x33, 0x32, 0x36, 
   0x35, 0x34, 0x26, 0x23, 0x22, 0x06, 0x11, 0x14, 0x17, 0x16, 
   0x33, 0x32, 0x36, 0x35, 0x34, 0x26, 0x23, 0x22, 0x06, 0x01, 
   0x14, 0x16, 0x32, 0x36, 0x35, 0x34, 0x26, 0x22, 0x06, 0x11, 
   0x14, 0x16, 0x32, 0x36, 0x35, 0x34, 0x26, 0x22, 0x06, 0x13, 
   0x36, 0x33, 0x32, 0x16, 0x15, 0x14, 0x07, 0x26, 0x2B, 0x01, 
   0x26, 0xD5, 0xA9, 0x46, 0x08, 0x17, 0xE3, 0x98, 0x1F, 0x01, 
   0xD1, 0x06, 0x08, 0x0B, 0xEA, 0x01, 0x0A, 0x0C, 0x1B, 0xFE, 
   0xC4, 0x0F, 0x0A, 0x72, 0x73, 0x96, 0xB4, 0x87, 0x36, 0x13, 
   0x05, 0x08, 0x11, 0x01, 0x03, 0xB0, 0xAE, 0x01, 0x07, 0x12, 
   0x08, 0x13, 0xAC, 0x8F, 0xCE, 0xBF, 0x89, 0x15, 0x15, 0x8D, 
   0xEB, 0x88, 0x2E, 0x7A, 0x97, 0xFE, 0xFD, 0x98, 0x73, 0xD9, 
   0x4F, 0x81, 0xA1, 0xE3, 0xFE, 0xA1, 0x31, 0xB1, 0xE7, 0x03, 
   0xFF, 0x1A, 0x1A, 0x24, 0x26, 0x36, 0x36, 0x26, 0x23, 0x35, 
   0x1A, 0x1A, 0x24, 0x27, 0x35, 0x36, 0x26, 0x24, 0x34, 0x1A, 
   0x1B, 0x23, 0x26, 0x36, 0x36, 0x26, 0x23, 0x35, 0x01, 0x59, 
   0x35, 0x4A, 0x33, 0x33, 0x4A, 0x35, 0x34, 0x4C, 0x32, 0x32, 
   0x4C, 0x34, 0x6B, 0x6B, 0x9A, 0x9D, 0xDD, 0x32, 0x9A, 0xDD, 
   0x21, 0x2F, 0x02, 0x12, 0xB3, 0xFE, 0xE6, 0x2F, 0xB5, 0x17, 
   0xFE, 0x3F, 0x02, 0x5C, 0x07, 0x0F, 0x01, 0xF0, 0x17, 0x10, 
   0xFE, 0xCD, 0x1D, 0xBD, 0x79, 0x87, 0xC4, 0x10, 0x03, 0x0F, 
   0x3F, 0xAD, 0xEB, 0xEB, 0xAD, 0x3F, 0x12, 0xCD, 0x8E, 0x8B, 
   0xCD, 0x07, 0x13, 0x8F, 0x12, 0x04, 0x91, 0xF1, 0x8D, 0x75, 
   0x62, 0x9A, 0xC5, 0x98, 0x01, 0x03, 0x97, 0x60, 0x55, 0x45, 
   0xFE, 0xE7, 0xDB, 0x29, 0xFE, 0xDE, 0xFC, 0xBF, 0x27, 0x18, 
   0x1A, 0x34, 0x25, 0x26, 0x37, 0x37, 0x01, 0x5E, 0x26, 0x18, 
   0x1A, 0x32, 0x26, 0x25, 0x35, 0x35, 0xFC, 0xCF, 0x23, 0x1A, 
   0x1B, 0x33, 0x25, 0x26, 0x37, 0x37, 0x02, 0x31, 0x26, 0x35, 
   0x35, 0x26, 0x24, 0x34, 0x34, 0xFE, 0x58, 0x24, 0x34, 0x33, 
   0x25, 0x26, 0x32, 0x32, 0x06, 0x5E, 0x67, 0xDB, 0x9D, 0x69, 
   0x58, 0x9A, 0xBE, 0x00, 0x00, 0x00, 0x00, 0x07, 0x00, 0x00, 
   0xFD, 0x8D, 0x09, 0x18, 0x06, 0xE1, 0x00, 0x59, 0x00, 0x66, 
   0x00, 0x73, 0x00, 0x80, 0x00, 0x8A, 0x00, 0x94, 0x00, 0xA4, 
   0x01, 0x1E, 0x00, 0xB2, 0x64, 0x00, 0x00, 0x2B, 0xB0, 0x5E, 
   0xCD, 0xB2, 0x84, 0x00, 0x00, 0x2B, 0xB1, 0x0D, 0x34, 0x33, 
   0x33, 0xB0, 0x89, 0xCD, 0xB0, 0x78, 0x2F, 0xB0, 0x7E, 0xCD, 
   0xB0, 0x8E, 0x2F, 0xB0, 0x93, 0xCD, 0xB0, 0x6B, 0x2F, 0xB0, 
   0x2F, 0x33, 0xB0, 0x71, 0xCD, 0xB0, 0x29, 0x2F, 0xB0, 0xA3, 
   0xCD, 0xB0, 0x22, 0x2F, 0xB0, 0x54, 0xCD, 0xB0, 0x98, 0x2F, 
   0xB0, 0x4D, 0xCD, 0x01, 0xB0, 0xA5, 0x2F, 0xB0, 0x00, 0xD6, 
   0xB0, 0x18, 0xCD, 0xB0, 0x18, 0x10, 0xB1, 0x74, 0x01, 0x2B, 
   0xB1, 0x5A, 0x67, 0x32, 0x32, 0xB0, 0x7B, 0xCD, 0xB1, 0x61, 
   0x6E, 0x32, 0x32, 0xB0, 0x7B, 0x10, 0xB1, 0x8B, 0x01, 0x2B, 
   0xB0, 0x81, 0x32, 0xB0, 0x90, 0xCD, 0xB0, 0x86, 0x32, 0xB0, 
   0x90, 0x10, 0xB1, 0x9A, 0x01, 0x2B, 0xB0, 0x45, 0xCD, 0xB0, 
   0x45, 0x10, 0xB1, 0x2C, 0x01, 0x2B, 0xB0, 0x37, 0xCD, 0xB1, 
   0xA6, 0x01, 0x2B, 0xB1, 0x74, 0x18, 0x11, 0x12, 0xB3, 0x03, 
   0x10, 0x20, 0x57, 0x24, 0x17, 0x39, 0xB0, 0x7B, 0x11, 0xB1, 
   0x54, 0x22, 0x39, 0x39, 0xB0, 0x8B, 0x12, 0xB0, 0x52, 0x39, 
   0xB0, 0x90, 0x11, 0xB2, 0x25, 0x28, 0x95, 0x39, 0x39, 0x39, 
   0xB0, 0x9A, 0x12, 0xB4, 0x2F, 0x31, 0x32, 0x29, 0xA3, 0x24, 
   0x17, 0x39, 0xB1, 0x2C, 0x45, 0x11, 0x12, 0xB1, 0x49, 0xA0, 
   0x39, 0x39, 0xB0, 0x37, 0x11, 0xB2, 0x39, 0x42, 0x9E, 0x39, 
   0x39, 0x39, 0x00, 0xB1, 0x64, 0x93, 0x11, 0x12, 0xB1, 0x06, 
   0x07, 0x39, 0x39, 0xB1, 0x89, 0x84, 0x11, 0x12, 0xB1, 0x03, 
   0x35, 0x39, 0x39, 0xB1, 0x71, 0x6B, 0x11, 0x12, 0xB1, 0x2E, 
   0x15, 0x39, 0x39, 0xB0, 0x29, 0x11, 0xB7, 0x11, 0x12, 0x18, 
   0x1B, 0x00, 0x2C, 0x37, 0x39, 0x24, 0x17, 0x39, 0xB0, 0xA3, 
   0x12, 0xB4, 0x1F, 0x25, 0x57, 0x9E, 0xA0, 0x24, 0x17, 0x39, 
   0xB0, 0x22, 0x11, 0xB2, 0x20, 0x3E, 0x42, 0x39, 0x39, 0x39, 
   0xB0, 0x54, 0x12, 0xB1, 0x52, 0x95, 0x39, 0x39, 0xB1, 0x4D, 
   0x98, 0x11, 0x12, 0xB0, 0x47, 0x39, 0x30, 0x31, 0x11, 0x14, 
   0x12, 0x17, 0x07, 0x06, 0x3B, 0x01, 0x03, 0x33, 0x01, 0x36, 
   0x26, 0x2B, 0x01, 0x01, 0x36, 0x23, 0x21, 0x22, 0x07, 0x03, 
   0x2E, 0x01, 0x35, 0x34, 0x36, 0x3F, 0x01, 0x32, 0x35, 0x37, 
   0x36, 0x24, 0x33, 0x32, 0x04, 0x1F, 0x01, 0x14, 0x3B, 0x01, 
   0x32, 0x16, 0x15, 0x14, 0x06, 0x07, 0x22, 0x1D, 0x01, 0x14, 
   0x33, 0x36, 0x00, 0x35, 0x34, 0x27, 0x36, 0x3F, 0x01, 0x36, 
   0x35, 0x34, 0x2F, 0x01, 0x2E, 0x02, 0x37, 0x34, 0x3F, 0x01, 
   0x36, 0x2F, 0x01, 0x26, 0x23, 0x26, 0x0E, 0x02, 0x07, 0x26, 
   0x23, 0x22, 0x00, 0x07, 0x06, 0x02, 0x01, 0x14, 0x17, 0x16, 
   0x33, 0x32, 0x36, 0x35, 0x34, 0x26, 0x23, 0x22, 0x06, 0x11, 
   0x14, 0x17, 0x16, 0x33, 0x32, 0x36, 0x35, 0x34, 0x26, 0x23, 
   0x22, 0x06, 0x11, 0x14, 0x17, 0x16, 0x33, 0x32, 0x36, 0x35, 
   0x34, 0x26, 0x23, 0x22, 0x06, 0x01, 0x14, 0x16, 0x32, 0x36, 
   0x35, 0x34, 0x26, 0x22, 0x06, 0x11, 0x14, 0x16, 0x32, 0x36, 
   0x35, 0x34, 0x26, 0x22, 0x06, 0x13, 0x3E, 0x01, 0x3B, 0x01, 
   0x15, 0x14, 0x1E, 0x01, 0x17, 0x06, 0x07, 0x26, 0x2B, 0x01, 
   0x26, 0xD4, 0xA9, 0x45, 0x07, 0x16, 0xE2, 0x8A, 0x1E, 0x01, 
   0xC3, 0x06, 0x08, 0x0B, 0xE8, 0x01, 0x08, 0x0B, 0x19, 0xFE, 
   0xC4, 0x0E, 0x0A, 0x72, 0x72, 0x97, 0xB5, 0x86, 0x38, 0x15, 
   0x08, 0x11, 0x01, 0x03, 0xAF, 0xAE, 0x01, 0x06, 0x12, 0x08, 
   0x12, 0xAD, 0x91, 0xCE, 0xC0, 0x8B, 0x14, 0x14, 0xD5, 0x01, 
   0x29, 0x46, 0x7A, 0x27, 0x14, 0x01, 0x10, 0x42, 0x5C, 0x80, 
   0x35, 0x01, 0x0B, 0x0C, 0x04, 0x13, 0x55, 0x4B, 0x39, 0x3B, 
   0x7B, 0x82, 0x79, 0x2D, 0x88, 0x76, 0xE2, 0xFE, 0xA2, 0x32, 
   0xB1, 0xE6, 0x03, 0xFF, 0x1A, 0x1A, 0x24, 0x26, 0x36, 0x36, 
   0x26, 0x23, 0x35, 0x1A, 0x1A, 0x24, 0x27, 0x35, 0x36, 0x26, 
   0x24, 0x34, 0x1A, 0x1B, 0x23, 0x26, 0x36, 0x36, 0x26, 0x23, 
   0x35, 0x01, 0x59, 0x35, 0x4A, 0x33, 0x33, 0x4A, 0x35, 0x34, 
   0x4C, 0x32, 0x32, 0x4C, 0x34, 0x48, 0x35, 0xB4, 0x62, 0x17, 
   0x48, 0x91, 0x63, 0x1B, 0x36, 0x92, 0xC5, 0x23, 0x2D, 0x02, 
   0x11, 0xB1, 0xFE, 0xE9, 0x33, 0xB5, 0x16, 0xFE, 0x42, 0x02, 
   0x58, 0x07, 0x0F, 0x01, 0xEF, 0x17, 0x10, 0xFE, 0xCD, 0x1D, 
   0xBF, 0x77, 0x85, 0xC4, 0x10, 0x08, 0x13, 0x36, 0xAD, 0xEA, 
   0xEB, 0xAC, 0x3D, 0x14, 0xCB, 0x8E, 0x88, 0xC8, 0x0A, 0x14, 
   0x91, 0x13, 0x07, 0x01, 0x35, 0xD6, 0x8B, 0x7A, 0x76, 0xA2, 
   0x49, 0x01, 0x06, 0x0D, 0x04, 0x12, 0x1B, 0x7D, 0x87, 0x43, 
   0x2C, 0x2F, 0x41, 0x10, 0x09, 0x1A, 0x0F, 0x01, 0x1B, 0x3B, 
   0x6D, 0x4A, 0x31, 0xFE, 0xE7, 0xDA, 0x2A, 0xFE, 0xE1, 0xFC, 
   0xC0, 0x27, 0x18, 0x1A, 0x34, 0x25, 0x26, 0x37, 0x37, 0x01, 
   0x5E, 0x26, 0x18, 0x1A, 0x32, 0x26, 0x25, 0x35, 0x35, 0xFC, 
   0xCF, 0x23, 0x1A, 0x1B, 0x33, 0x25, 0x26, 0x37, 0x37, 0x02, 
   0x31, 0x26, 0x35, 0x35, 0x26, 0x24, 0x34, 0x34, 0xFE, 0x58, 
   0x24, 0x34, 0x33, 0x25, 0x26, 0x32, 0x32, 0x06, 0x78, 0x59, 
   0x61, 0x22, 0x66, 0xC0, 0xA2, 0x30, 0x3C, 0x32, 0x7D, 0xC9, 
   0x00, 0x00, 0x00, 0x0A, 0x00, 0x00, 0xFE, 0x95, 0x08, 0xDB, 
   0x07, 0x70, 0x00, 0x0D, 0x00, 0x1C, 0x00, 0x2D, 0x00, 0x3D, 
   0x00, 0x4A, 0x00, 0x56, 0x00, 0x66, 0x00, 0x75, 0x00, 0x85, 
   0x00, 0x92, 0x00, 0xF2, 0x00, 0xB0, 0x48, 0x2F, 0xB0, 0x41, 
   0xCD, 0xB0, 0x3B, 0x2F, 0xB0, 0x5F, 0xCD, 0xB0, 0x0B, 0x2F, 
   0xB0, 0x90, 0x33, 0xB0, 0x04, 0xCD, 0xB0, 0x8A, 0x32, 0xB0, 
   0x65, 0x2F, 0xB0, 0x32, 0xCD, 0xB0, 0x55, 0x2F, 0xB0, 0x4F, 
   0xCD, 0x01, 0xB0, 0x93, 0x2F, 0xB0, 0x00, 0xD6, 0xB0, 0x08, 
   0xCD, 0xB0, 0x08, 0x10, 0xB1, 0x4A, 0x01, 0x2B, 0xB0, 0x4B, 
   0x32, 0xB0, 0x45, 0xCD, 0xB0, 0x51, 0x32, 0xB0, 0x45, 0x10, 
   0xB1, 0x62, 0x01, 0x2B, 0xB0, 0x37, 0xCD, 0xB3, 0x76, 0x37, 
   0x62, 0x08, 0x2B, 0xB0, 0x67, 0x33, 0xB0, 0x7E, 0xCD, 0xB0, 
   0x6F, 0x32, 0xB0, 0x37, 0x10, 0xB1, 0x87, 0x01, 0x2B, 0xB0, 
   0x8E, 0xCD, 0xB1, 0x94, 0x01, 0x2B, 0xB1, 0x08, 0x00, 0x11, 
   0x12, 0xB1, 0x0E, 0x1D, 0x39, 0x39, 0xB0, 0x4A, 0x11, 0xB6, 
   0x13, 0x16, 0x21, 0x26, 0x29, 0x2E, 0x3B, 0x24, 0x17, 0x39, 
   0xB0, 0x45, 0x12, 0xB4, 0x32, 0x57, 0x5D, 0x5F, 0x65, 0x24, 
   0x17, 0x39, 0xB0, 0x62, 0x11, 0xB1, 0x3A, 0x5A, 0x39, 0x39, 
   0xB1, 0x87, 0x37, 0x11, 0x12, 0xB2, 0x6B, 0x7B, 0x83, 0x39, 
   0x39, 0x39, 0x00, 0xB1, 0x41, 0x48, 0x11, 0x12, 0xB3, 0x0E, 
   0x1A, 0x70, 0x72, 0x24, 0x17, 0x39, 0xB0, 0x3B, 0x11, 0xB2, 
   0x16, 0x67, 0x6F, 0x39, 0x39, 0x39, 0xB0, 0x5F, 0x12, 0xB1, 
   0x13, 0x6B, 0x39, 0x39, 0xB0, 0x0B, 0x11, 0xB0, 0x5D, 0x39, 
   0xB0, 0x04, 0x12, 0xB3, 0x2E, 0x37, 0x5A, 0x62, 0x24, 0x17, 
   0x39, 0xB0, 0x65, 0x11, 0xB0, 0x57, 0x39, 0xB0, 0x32, 0x12, 
   0xB1, 0x29, 0x83, 0x39, 0x39, 0xB0, 0x55, 0x11, 0xB3, 0x1D, 
   0x26, 0x76, 0x7E, 0x24, 0x17, 0x39, 0xB0, 0x4F, 0x12, 0xB1, 
   0x21, 0x7B, 0x39, 0x39, 0x30, 0x31, 0x11, 0x34, 0x37, 0x36, 
   0x3B, 0x01, 0x32, 0x16, 0x14, 0x06, 0x2B, 0x01, 0x22, 0x26, 
   0x01, 0x34, 0x3F, 0x01, 0x36, 0x33, 0x32, 0x16, 0x15, 0x14, 
   0x0F, 0x01, 0x06, 0x27, 0x26, 0x11, 0x34, 0x37, 0x36, 0x33, 
   0x32, 0x1F, 0x01, 0x16, 0x15, 0x14, 0x06, 0x23, 0x22, 0x2F, 
   0x01, 0x26, 0x01, 0x34, 0x12, 0x24, 0x33, 0x32, 0x1E, 0x02, 
   0x15, 0x14, 0x02, 0x04, 0x20, 0x24, 0x02, 0x01, 0x34, 0x36, 
   0x33, 0x32, 0x16, 0x1D, 0x01, 0x14, 0x06, 0x22, 0x26, 0x35, 
   0x11, 0x35, 0x34, 0x36, 0x32, 0x16, 0x1D, 0x01, 0x14, 0x06, 
   0x22, 0x26, 0x13, 0x1E, 0x01, 0x15, 0x14, 0x06, 0x07, 0x16, 
   0x33, 0x32, 0x36, 0x35, 0x34, 0x26, 0x23, 0x22, 0x01, 0x34, 
   0x37, 0x36, 0x33, 0x32, 0x1F, 0x01, 0x16, 0x14, 0x07, 0x06, 
   0x2F, 0x01, 0x26, 0x11, 0x34, 0x3F, 0x01, 0x36, 0x33, 0x32, 
   0x16, 0x15, 0x14, 0x0F, 0x01, 0x06, 0x23, 0x22, 0x26, 0x12, 
   0x34, 0x37, 0x36, 0x3B, 0x01, 0x32, 0x16, 0x14, 0x06, 0x2B, 
   0x01, 0x22, 0x1B, 0x1C, 0x24, 0xDA, 0x25, 0x31, 0x31, 0x25, 
   0xDA, 0x25, 0x36, 0x01, 0x31, 0x19, 0x9D, 0x18, 0x27, 0x26, 
   0x33, 0x1A, 0x98, 0x41, 0x42, 0x19, 0x19, 0x1F, 0x25, 0x23, 
   0x1C, 0x98, 0x1A, 0x33, 0x26, 0x27, 0x18, 0x9D, 0x19, 0x01, 
   0x10, 0x96, 0x01, 0x01, 0x95, 0x70, 0xCE, 0x95, 0x58, 0x95, 
   0xFF, 0x00, 0xFE, 0xD4, 0xFF, 0x00, 0x96, 0x01, 0xD1, 0x35, 
   0x26, 0x27, 0x34, 0x35, 0x4C, 0x35, 0x36, 0x4A, 0x36, 0x35, 
   0x4C, 0x35, 0x0B, 0x8B, 0xBD, 0xA7, 0x80, 0x20, 0x0F, 0x9C, 
   0xDD, 0xDD, 0x9C, 0x29, 0x02, 0x1B, 0x18, 0x18, 0x24, 0x27, 
   0x19, 0x9C, 0x1A, 0x1A, 0x40, 0x40, 0x98, 0x18, 0x18, 0x98, 
   0x1C, 0x23, 0x26, 0x35, 0x1A, 0x9C, 0x1D, 0x23, 0x24, 0x30, 
   0xF1, 0x1A, 0x1A, 0x23, 0xD8, 0x25, 0x37, 0x37, 0x25, 0xD8, 
   0x25, 0x03, 0x03, 0x27, 0x1B, 0x1A, 0x36, 0x4C, 0x35, 0x36, 
   0xFD, 0x42, 0x25, 0x1C, 0x98, 0x19, 0x30, 0x25, 0x27, 0x1D, 
   0x98, 0x33, 0x33, 0x1B, 0x05, 0xE9, 0x25, 0x1C, 0x1A, 0x1A, 
   0x9D, 0x18, 0x27, 0x26, 0x33, 0x1A, 0x98, 0x1B, 0xFD, 0x45, 
   0x95, 0x01, 0x01, 0x96, 0x59, 0x95, 0xCE, 0x70, 0x96, 0xFF, 
   0x00, 0x95, 0x95, 0x01, 0x00, 0xFD, 0x59, 0x26, 0x34, 0x34, 
   0x26, 0xD4, 0x27, 0x36, 0x36, 0x27, 0x07, 0x49, 0xDA, 0x25, 
   0x36, 0x36, 0x25, 0xDA, 0x25, 0x31, 0x31, 0xFE, 0x58, 0x11, 
   0xD4, 0x8F, 0x85, 0xCB, 0x1C, 0x04, 0xDD, 0x9C, 0x9A, 0xDA, 
   0xFC, 0x46, 0x25, 0x17, 0x19, 0x19, 0x98, 0x1C, 0x4A, 0x1A, 
   0x32, 0x32, 0x98, 0x1B, 0x04, 0xB6, 0x28, 0x17, 0x9D, 0x1A, 
   0x36, 0x25, 0x28, 0x1A, 0x98, 0x1A, 0x33, 0xFD, 0xB9, 0x4C, 
   0x1C, 0x1A, 0x37, 0x4A, 0x36, 0x00, 0x00, 0x02, 0x00, 0x00, 
   0x00, 0xD8, 0x04, 0x57, 0x05, 0x2F, 0x00, 0x0D, 0x00, 0x1D, 
   0x00, 0x43, 0x00, 0xB0, 0x0B, 0x2F, 0xB0, 0x16, 0xCD, 0xB0, 
   0x1C, 0x2F, 0xB0, 0x04, 0xCD, 0x01, 0xB0, 0x1E, 0x2F, 0xB0, 
   0x00, 0xD6, 0xB0, 0x11, 0xCD, 0xB0, 0x11, 0x10, 0xB1, 0x19, 
   0x01, 0x2B, 0xB0, 0x08, 0xCD, 0xB1, 0x1F, 0x01, 0x2B, 0xB1, 
   0x11, 0x00, 0x11, 0x12, 0xB5, 0x04, 0x0A, 0x0E, 0x14, 0x16, 
   0x1C, 0x24, 0x17, 0x39, 0x00, 0xB1, 0x1C, 0x16, 0x11, 0x12, 
   0xB2, 0x07, 0x08, 0x00, 0x39, 0x39, 0x39, 0x30, 0x31, 0x11, 
   0x34, 0x12, 0x24, 0x33, 0x32, 0x04, 0x12, 0x10, 0x02, 0x04, 
   0x20, 0x26, 0x02, 0x01, 0x1E, 0x01, 0x15, 0x14, 0x06, 0x07, 
   0x16, 0x33, 0x32, 0x36, 0x35, 0x34, 0x26, 0x23, 0x22, 0x96, 
   0x01, 0x00, 0x95, 0x96, 0x01, 0x00, 0x96, 0x96, 0xFF, 0x00, 
   0xFE, 0xD4, 0xFF, 0x96, 0x01, 0xDB, 0x8B, 0xBD, 0xA6, 0x80, 
   0x20, 0x0E, 0x9C, 0xDE, 0xDE, 0x9C, 0x29, 0x03, 0x03, 0x95, 
   0x01, 0x01, 0x96, 0x96, 0xFF, 0x00, 0xFE, 0xD4, 0xFF, 0x00, 
   0x95, 0x95, 0x01, 0x00, 0x02, 0x01, 0x11, 0xD4, 0x8F, 0x85, 
   0xCB, 0x1C, 0x04, 0xDD, 0x9C, 0x9A, 0xDA, 0x00, 0x00, 0x02, 
   0x00, 0x00, 0xFE, 0xD0, 0x06, 0x76, 0x08, 0x05, 0x00, 0x47, 
   0x00, 0x57, 0x00, 0x23, 0x00, 0xB0, 0x44, 0x2F, 0xB0, 0x4B, 
   0xCD, 0x01, 0xB0, 0x58, 0x2F, 0xB0, 0x02, 0xD6, 0xB0, 0x10, 
   0x32, 0xB0, 0x48, 0xCD, 0xB1, 0x59, 0x01, 0x2B, 0xB1, 0x48, 
   0x02, 0x11, 0x12, 0xB0, 0x28, 0x39, 0x00, 0x30, 0x31, 0x35, 
   0x34, 0x37, 0x35, 0x34, 0x36, 0x34, 0x36, 0x3D, 0x01, 0x34, 
   0x36, 0x3D, 0x01, 0x34, 0x36, 0x35, 0x37, 0x34, 0x37, 0x35, 
   0x37, 0x36, 0x35, 0x36, 0x3D, 0x01, 0x36, 0x37, 0x34, 0x37, 
   0x36, 0x37, 0x36, 0x3F, 0x01, 0x3E, 0x01, 0x37, 0x36, 0x37, 
   0x3E, 0x01, 0x37, 0x36, 0x37, 0x36, 0x3F, 0x01, 0x01, 0x07, 
   0x09, 0x03, 0x25, 0x01, 0x14, 0x06, 0x07, 0x0E, 0x01, 0x07, 
   0x0E, 0x01, 0x07, 0x06, 0x04, 0x23, 0x22, 0x2E, 0x01, 0x37, 
   0x14, 0x16, 0x33, 0x32, 0x36, 0x37, 0x36, 0x35, 0x34, 0x26, 
   0x23, 0x22, 0x07, 0x0E, 0x01, 0x01, 0x01, 0x01, 0x04, 0x01, 
   0x09, 0x01, 0x04, 0x01, 0x01, 0x06, 0x05, 0x02, 0x01, 0x04, 
   0x1B, 0x28, 0x06, 0x01, 0x04, 0x01, 0x01, 0x06, 0x01, 0x06, 
   0x01, 0x06, 0x01, 0x02, 0x05, 0x07, 0x03, 0x2B, 0x29, 0x02, 
   0xD7, 0xFE, 0x42, 0x01, 0xBE, 0xFE, 0x6C, 0x01, 0x21, 0xFE, 
   0x0D, 0x04, 0x01, 0x01, 0x02, 0x01, 0x01, 0x03, 0x01, 0x45, 
   0xFE, 0xFE, 0x9C, 0x93, 0xFA, 0x92, 0x80, 0xF3, 0xAC, 0x83, 
   0xD4, 0x2C, 0x1B, 0xF2, 0xAC, 0xA0, 0x75, 0x41, 0x49, 0xEF, 
   0x15, 0x0A, 0x09, 0x03, 0x06, 0x04, 0x06, 0x01, 0x02, 0x05, 
   0x0F, 0x02, 0x03, 0x02, 0x06, 0x01, 0x27, 0x01, 0x01, 0x02, 
   0x0F, 0x01, 0x01, 0x02, 0x01, 0x03, 0x14, 0x0A, 0x01, 0x02, 
   0x02, 0x0E, 0x3D, 0x36, 0x08, 0x01, 0x06, 0x01, 0x02, 0x04, 
   0x03, 0x06, 0x03, 0x04, 0x04, 0x01, 0x05, 0x08, 0x03, 0x79, 
   0xEB, 0x03, 0x0A, 0xFC, 0x9C, 0x01, 0x51, 0xFC, 0xD5, 0xC7, 
   0xFC, 0x87, 0x01, 0x07, 0x02, 0x01, 0x06, 0x02, 0x01, 0x08, 
   0x01, 0x86, 0xA2, 0x92, 0xFA, 0x93, 0xAC, 0xF3, 0x97, 0x79, 
   0x44, 0x4B, 0xAC, 0xF2, 0x6B, 0x39, 0xA0, 0x00, 0x00, 0x09, 
   0x00, 0x00, 0xFF, 0x06, 0x09, 0x0E, 0x07, 0x73, 0x00, 0x0E, 
   0x00, 0x1F, 0x00, 0x40, 0x00, 0xA7, 0x00, 0xF9, 0x01, 0x07, 
   0x01, 0x38, 0x01, 0x48, 0x01, 0x57, 0x00, 0x00, 0x11, 0x34, 
   0x37, 0x36, 0x3B, 0x01, 0x32, 0x16, 0x15, 0x14, 0x06, 0x2B, 
   0x01, 0x22, 0x26, 0x01, 0x34, 0x37, 0x36, 0x33, 0x32, 0x1F, 
   0x01, 0x16, 0x15, 0x14, 0x06, 0x23, 0x22, 0x2F, 0x01, 0x26, 
   0x01, 0x34, 0x3E, 0x02, 0x33, 0x32, 0x04, 0x12, 0x15, 0x14, 
   0x07, 0x26, 0x23, 0x22, 0x07, 0x36, 0x35, 0x34, 0x26, 0x23, 
   0x22, 0x06, 0x1D, 0x01, 0x06, 0x07, 0x0E, 0x03, 0x07, 0x26, 
   0x13, 0x35, 0x26, 0x37, 0x36, 0x37, 0x36, 0x37, 0x3E, 0x01, 
   0x37, 0x36, 0x37, 0x3E, 0x01, 0x37, 0x36, 0x3F, 0x01, 0x36, 
   0x3B, 0x01, 0x32, 0x17, 0x16, 0x17, 0x15, 0x1E, 0x01, 0x15, 
   0x14, 0x07, 0x06, 0x07, 0x0E, 0x01, 0x23, 0x07, 0x0E, 0x04, 
   0x07, 0x1D, 0x01, 0x16, 0x17, 0x16, 0x17, 0x16, 0x17, 0x16, 
   0x07, 0x0E, 0x03, 0x07, 0x0E, 0x01, 0x07, 0x06, 0x07, 0x06, 
   0x23, 0x22, 0x27, 0x26, 0x36, 0x3F, 0x01, 0x3E, 0x08, 0x35, 
   0x36, 0x27, 0x26, 0x27, 0x26, 0x27, 0x26, 0x27, 0x2E, 0x01, 
   0x27, 0x26, 0x27, 0x26, 0x27, 0x26, 0x27, 0x26, 0x27, 0x34, 
   0x26, 0x25, 0x34, 0x37, 0x3E, 0x03, 0x3F, 0x01, 0x36, 0x33, 
   0x32, 0x17, 0x32, 0x16, 0x17, 0x32, 0x17, 0x32, 0x17, 0x16, 
   0x17, 0x14, 0x16, 0x15, 0x14, 0x06, 0x15, 0x06, 0x07, 0x06, 
   0x07, 0x06, 0x17, 0x16, 0x17, 0x16, 0x17, 0x16, 0x17, 0x16, 
   0x17, 0x16, 0x07, 0x0E, 0x03, 0x0F, 0x01, 0x06, 0x07, 0x06, 
   0x2B, 0x01, 0x22, 0x27, 0x22, 0x26, 0x23, 0x22, 0x2E, 0x01, 
   0x23, 0x26, 0x27, 0x26, 0x36, 0x3F, 0x01, 0x3E, 0x05, 0x37, 
   0x36, 0x27, 0x26, 0x27, 0x26, 0x13, 0x35, 0x34, 0x36, 0x33, 
   0x32, 0x16, 0x1D, 0x01, 0x14, 0x06, 0x23, 0x22, 0x26, 0x01, 
   0x3E, 0x03, 0x3F, 0x01, 0x36, 0x37, 0x36, 0x33, 0x32, 0x17, 
   0x16, 0x17, 0x16, 0x1D, 0x01, 0x14, 0x07, 0x06, 0x07, 0x06, 
   0x17, 0x16, 0x07, 0x0E, 0x03, 0x07, 0x06, 0x07, 0x06, 0x23, 
   0x22, 0x27, 0x26, 0x36, 0x37, 0x3E, 0x02, 0x37, 0x36, 0x27, 
   0x26, 0x27, 0x26, 0x13, 0x34, 0x3F, 0x01, 0x36, 0x33, 0x32, 
   0x16, 0x15, 0x14, 0x0F, 0x01, 0x06, 0x23, 0x22, 0x26, 0x13, 
   0x34, 0x37, 0x36, 0x3B, 0x01, 0x32, 0x16, 0x15, 0x14, 0x06, 
   0x2B, 0x01, 0x22, 0x26, 0x1D, 0x1B, 0x27, 0xDC, 0x26, 0x35, 
   0x35, 0x26, 0xDC, 0x28, 0x37, 0x01, 0x38, 0x1A, 0x1E, 0x28, 
   0x22, 0x1D, 0x9B, 0x1B, 0x35, 0x25, 0x29, 0x18, 0xA0, 0x1A, 
   0x01, 0x16, 0x5B, 0x99, 0xD2, 0x72, 0x99, 0x01, 0x06, 0x98, 
   0x03, 0x2D, 0x3A, 0x27, 0x26, 0x01, 0xE2, 0x9F, 0x9E, 0xE1, 
   0x2F, 0x2B, 0x01, 0x14, 0x14, 0x1E, 0x0D, 0x0B, 0x03, 0x01, 
   0x03, 0x08, 0x25, 0x15, 0x08, 0x01, 0x06, 0x01, 0x04, 0x09, 
   0x03, 0x0B, 0x02, 0x08, 0x07, 0x12, 0x17, 0x1E, 0x03, 0x10, 
   0x0C, 0x05, 0x09, 0x17, 0x1B, 0x0F, 0x0A, 0x0E, 0x03, 0x07, 
   0x01, 0x06, 0x06, 0x09, 0x0E, 0x0A, 0x09, 0x01, 0x06, 0x06, 
   0x0B, 0x19, 0x02, 0x18, 0x8A, 0x09, 0x03, 0x27, 0x34, 0x20, 
   0x0B, 0x01, 0x0A, 0x03, 0x0D, 0x0A, 0x0E, 0x07, 0x30, 0x1C, 
   0x17, 0x08, 0x1F, 0x02, 0x02, 0x06, 0x09, 0x09, 0x09, 0x09, 
   0x09, 0x06, 0x04, 0x03, 0x13, 0x08, 0x10, 0x0B, 0x05, 0x0F, 
   0x01, 0x03, 0x09, 0x02, 0x18, 0x0C, 0x14, 0x06, 0x1F, 0x0B, 
   0x07, 0x01, 0x04, 0x01, 0x9E, 0x01, 0x04, 0x22, 0x29, 0x27, 
   0x0E, 0x0D, 0x18, 0x1D, 0x12, 0x0E, 0x01, 0x09, 0x02, 0x02, 
   0x01, 0x01, 0x07, 0x20, 0x08, 0x01, 0x04, 0x0B, 0x22, 0x35, 
   0x03, 0x01, 0x01, 0x04, 0x0E, 0x12, 0x08, 0x19, 0x05, 0x14, 
   0x1E, 0x57, 0x08, 0x03, 0x27, 0x34, 0x22, 0x0A, 0x0D, 0x11, 
   0x05, 0x12, 0x03, 0x03, 0x0D, 0x07, 0x03, 0x0B, 0x02, 0x01, 
   0x04, 0x04, 0x01, 0x18, 0x04, 0x19, 0x0A, 0x1F, 0x03, 0x04, 
   0x0B, 0x0E, 0x0D, 0x0C, 0x07, 0x01, 0x02, 0x4C, 0x1E, 0x11, 
   0x59, 0x41, 0x37, 0x26, 0x27, 0x36, 0x36, 0x27, 0x26, 0x37, 
   0x01, 0x66, 0x04, 0x22, 0x29, 0x27, 0x0D, 0x0E, 0x04, 0x07, 
   0x12, 0x16, 0x36, 0x1C, 0x08, 0x03, 0x02, 0x30, 0x33, 0x05, 
   0x06, 0x4F, 0x8C, 0x09, 0x03, 0x27, 0x35, 0x1F, 0x0B, 0x1A, 
   0x12, 0x05, 0x0B, 0x30, 0x1A, 0x18, 0x08, 0x1E, 0x05, 0x1C, 
   0x21, 0x02, 0x03, 0x4E, 0x42, 0x22, 0x24, 0xFD, 0x18, 0x9C, 
   0x1D, 0x24, 0x26, 0x37, 0x1C, 0x9E, 0x1D, 0x24, 0x25, 0x32, 
   0xF6, 0x1C, 0x19, 0x25, 0xDC, 0x26, 0x39, 0x38, 0x27, 0xDC, 
   0x27, 0x33, 0x02, 0xF5, 0x26, 0x1B, 0x1B, 0x36, 0x26, 0x28, 
   0x36, 0x36, 0x03, 0x14, 0x25, 0x1D, 0x1B, 0x1B, 0x9E, 0x19, 
   0x27, 0x26, 0x35, 0x1B, 0x9A, 0x1C, 0xFD, 0x3A, 0x71, 0xD1, 
   0x97, 0x5B, 0x99, 0xFE, 0xFC, 0x97, 0x18, 0x15, 0x1B, 0x10, 
   0x0B, 0x17, 0x9C, 0xDD, 0xDD, 0x9C, 0x13, 0x03, 0x18, 0x01, 
   0x0E, 0x0F, 0x19, 0x0D, 0x33, 0xFE, 0xB9, 0x10, 0x0F, 0x14, 
   0x39, 0x34, 0x1A, 0x07, 0x03, 0x06, 0x01, 0x02, 0x09, 0x04, 
   0x08, 0x02, 0x08, 0x03, 0x0C, 0x0F, 0x03, 0x02, 0x05, 0x01, 
   0x0A, 0x29, 0x18, 0x1B, 0x12, 0x0E, 0x0B, 0x01, 0x04, 0x04, 
   0x05, 0x08, 0x0F, 0x0E, 0x13, 0x09, 0x0E, 0x02, 0x18, 0x0E, 
   0x16, 0x19, 0x03, 0x18, 0x7D, 0x8E, 0x30, 0x59, 0x3D, 0x1E, 
   0x07, 0x01, 0x07, 0x01, 0x06, 0x01, 0x02, 0x20, 0x1C, 0x46, 
   0x16, 0x02, 0x02, 0x05, 0x08, 0x0A, 0x0C, 0x0D, 0x10, 0x10, 
   0x13, 0x09, 0x20, 0x20, 0x11, 0x12, 0x0D, 0x04, 0x12, 0x01, 
   0x02, 0x08, 0x01, 0x16, 0x10, 0x19, 0x09, 0x2A, 0x29, 0x17, 
   0x0B, 0x03, 0x0B, 0x28, 0x09, 0x06, 0x23, 0x43, 0x2E, 0x23, 
   0x09, 0x08, 0x0F, 0x03, 0x05, 0x02, 0x01, 0x05, 0x13, 0x27, 
   0x03, 0x08, 0x01, 0x05, 0x0F, 0x02, 0x24, 0x11, 0x23, 0x27, 
   0x0D, 0x0A, 0x13, 0x17, 0x1A, 0x08, 0x19, 0x04, 0x12, 0x24, 
   0x68, 0x6D, 0x30, 0x5A, 0x3B, 0x20, 0x06, 0x09, 0x06, 0x01, 
   0x02, 0x02, 0x03, 0x02, 0x03, 0x11, 0x05, 0x1D, 0x45, 0x16, 
   0x04, 0x03, 0x0B, 0x0E, 0x14, 0x15, 0x1A, 0x0D, 0x40, 0x47, 
   0x1B, 0x13, 0x69, 0x05, 0x0D, 0xDD, 0x27, 0x36, 0x36, 0x27, 
   0xDD, 0x26, 0x32, 0x32, 0xFB, 0x8F, 0x23, 0x43, 0x2E, 0x23, 
   0x09, 0x08, 0x03, 0x05, 0x07, 0x29, 0x0B, 0x0D, 0x04, 0x05, 
   0x0C, 0x32, 0x19, 0x22, 0x28, 0x36, 0x4A, 0x7C, 0x8F, 0x30, 
   0x59, 0x3D, 0x1E, 0x07, 0x10, 0x01, 0x01, 0x20, 0x1C, 0x46, 
   0x16, 0x02, 0x1A, 0x38, 0x1C, 0x40, 0x47, 0x3A, 0x42, 0x46, 
   0x03, 0xEE, 0x28, 0x18, 0x9E, 0x1B, 0x37, 0x26, 0x28, 0x1A, 
   0x9A, 0x1B, 0x35, 0xFD, 0xD6, 0x23, 0x1E, 0x1B, 0x37, 0x25, 
   0x27, 0x37, 0x36, 0x00, 0x00, 0x02, 0x00, 0x03, 0xFF, 0xD0, 
   0x03, 0x45, 0x06, 0x50, 0x00, 0x2E, 0x00, 0x3F, 0x00, 0x4C, 
   0x00, 0xB0, 0x2B, 0x2F, 0xB0, 0x32, 0xCD, 0xB0, 0x3B, 0x2F, 
   0xB0, 0x13, 0xCD, 0x01, 0xB0, 0x40, 0x2F, 0xB0, 0x00, 0xD6, 
   0xB0, 0x2F, 0xCD, 0xB0, 0x2F, 0x10, 0xB1, 0x36, 0x01, 0x2B, 
   0xB0, 0x16, 0xCD, 0xB1, 0x41, 0x01, 0x2B, 0xB1, 0x36, 0x2F, 
   0x11, 0x12, 0xB6, 0x0D, 0x13, 0x22, 0x25, 0x29, 0x2B, 0x11, 
   0x24, 0x17, 0x39, 0x00, 0xB1, 0x32, 0x2B, 0x11, 0x12, 0xB0, 
   0x29, 0x39, 0xB0, 0x3B, 0x11, 0xB0, 0x16, 0x39, 0xB0, 0x13, 
   0x12, 0xB0, 0x11, 0x39, 0x30, 0x31, 0x13, 0x35, 0x26, 0x3E, 
   0x05, 0x37, 0x36, 0x16, 0x17, 0x16, 0x06, 0x07, 0x06, 0x07, 
   0x36, 0x33, 0x32, 0x16, 0x15, 0x14, 0x0E, 0x07, 0x07, 0x06, 
   0x23, 0x22, 0x27, 0x26, 0x36, 0x37, 0x36, 0x37, 0x06, 0x23, 
   0x22, 0x2E, 0x01, 0x37, 0x14, 0x16, 0x33, 0x32, 0x36, 0x3F, 
   0x01, 0x34, 0x37, 0x2E, 0x01, 0x23, 0x22, 0x06, 0x0F, 0x01, 
   0x03, 0x01, 0x03, 0x12, 0x23, 0x4A, 0x65, 0xA6, 0x66, 0x19, 
   0x37, 0x0D, 0x0E, 0x0F, 0x19, 0xD2, 0x71, 0x56, 0x58, 0xAC, 
   0xF6, 0x01, 0x08, 0x10, 0x22, 0x2F, 0x4D, 0x5F, 0x88, 0x50, 
   0x0F, 0x12, 0x29, 0x15, 0x0E, 0x10, 0x19, 0xD7, 0x6F, 0x57, 
   0x5F, 0x6F, 0xBF, 0x71, 0xB4, 0x8A, 0x61, 0x5B, 0x87, 0x0A, 
   0x01, 0x01, 0x01, 0x8B, 0x62, 0x59, 0x85, 0x0B, 0x02, 0x03, 
   0x0D, 0x02, 0x0D, 0x34, 0x78, 0x7E, 0xA2, 0x92, 0x97, 0x39, 
   0x0E, 0x10, 0x19, 0x19, 0x38, 0x0E, 0x73, 0xD2, 0x28, 0xF5, 
   0xAC, 0x0D, 0x19, 0x55, 0x4F, 0x77, 0x6B, 0x80, 0x6F, 0x71, 
   0x2D, 0x09, 0x25, 0x19, 0x37, 0x0D, 0x78, 0xD1, 0x29, 0x6E, 
   0xBE, 0x74, 0x62, 0x8A, 0x79, 0x5A, 0x18, 0x04, 0x01, 0x60, 
   0x85, 0x74, 0x57, 0x1B, 0x00, 0x01, 0x00, 0x00, 0xFF, 0x62, 
   0x07, 0x37, 0x07, 0x26, 0x00, 0x2D, 0x00, 0x33, 0x00, 0x01, 
   0xB0, 0x2E, 0x2F, 0xB0, 0x1F, 0xD6, 0xB0, 0x22, 0x32, 0xB0, 
   0x19, 0xCD, 0xB2, 0x19, 0x1F, 0x0A, 0x2B, 0xB3, 0x40, 0x19, 
   0x0E, 0x09, 0x2B, 0xB2, 0x1F, 0x19, 0x0A, 0x2B, 0xB3, 0x40, 
   0x1F, 0x00, 0x09, 0x2B, 0xB1, 0x2F, 0x01, 0x2B, 0xB1, 0x19, 
   0x1F, 0x11, 0x12, 0xB0, 0x17, 0x39, 0x00, 0x30, 0x31, 0x11, 
   0x34, 0x36, 0x37, 0x36, 0x24, 0x33, 0x32, 0x04, 0x17, 0x33, 
   0x32, 0x1E, 0x01, 0x15, 0x14, 0x07, 0x14, 0x0E, 0x01, 0x07, 
   0x0E, 0x01, 0x07, 0x16, 0x15, 0x14, 0x06, 0x23, 0x22, 0x26, 
   0x35, 0x34, 0x36, 0x35, 0x23, 0x22, 0x26, 0x35, 0x34, 0x37, 
   0x26, 0x27, 0x23, 0x2E, 0x01, 0xC1, 0x96, 0x24, 0x01, 0x23, 
   0xBB, 0xB4, 0x01, 0x19, 0x2B, 0x1E, 0x79, 0xD2, 0x7D, 0x8A, 
   0x45, 0x74, 0x3B, 0x14, 0x90, 0x66, 0x30, 0x70, 0x4F, 0x4E, 
   0x70, 0x09, 0x09, 0x5E, 0x86, 0x27, 0x4E, 0x2F, 0x85, 0xAF, 
   0xF4, 0x03, 0xEA, 0x96, 0xEA, 0x23, 0xB2, 0xE7, 0xDD, 0xB2, 
   0x68, 0xB5, 0x6A, 0xB4, 0x7D, 0x38, 0x91, 0x76, 0x0D, 0x63, 
   0x88, 0x17, 0x30, 0x41, 0x4F, 0x6F, 0x6F, 0x4F, 0x09, 0x26, 
   0x0A, 0x87, 0x5E, 0x25, 0x4C, 0x29, 0x5D, 0x0F, 0xF7, 0x00, 
   0x00, 0x00, 0x00, 0x03, 0x00, 0x76, 0xFF, 0xB1, 0x06, 0x01, 
   0x06, 0xA0, 0x00, 0x17, 0x00, 0x2E, 0x00, 0x40, 0x00, 0x12, 
   0x00, 0x01, 0xB0, 0x41, 0x2F, 0xB0, 0x21, 0xD6, 0xB0, 0x2F, 
   0xCD, 0xB1, 0x42, 0x01, 0x2B, 0x00, 0x30, 0x31, 0x13, 0x02, 
   0x13, 0x36, 0x25, 0x36, 0x37, 0x33, 0x04, 0x13, 0x16, 0x07, 
   0x06, 0x07, 0x02, 0x07, 0x06, 0x07, 0x0E, 0x01, 0x27, 0x26, 
   0x27, 0x00, 0x03, 0x1E, 0x01, 0x17, 0x16, 0x04, 0x17, 0x16, 
   0x36, 0x37, 0x2E, 0x01, 0x27, 0x26, 0x27, 0x2E, 0x03, 0x27, 
   0x26, 0x27, 0x22, 0x01, 0x06, 0x16, 0x37, 0x36, 0x37, 0x36, 
   0x37, 0x3E, 0x01, 0x37, 0x36, 0x26, 0x07, 0x06, 0x07, 0x0E, 
   0x01, 0x76, 0xB4, 0xEB, 0xA4, 0x01, 0x55, 0x1A, 0x20, 0x43, 
   0x01, 0xD2, 0xD9, 0x66, 0x33, 0x29, 0x60, 0xCF, 0xDC, 0x0C, 
   0x14, 0x4A, 0x7D, 0x4D, 0x2E, 0x21, 0xFE, 0xC6, 0x8E, 0x03, 
   0x0E, 0x03, 0x2D, 0x01, 0x18, 0xD0, 0x2E, 0x11, 0x01, 0x02, 
   0x06, 0x03, 0x28, 0xA3, 0x1D, 0x4B, 0x37, 0x5C, 0x15, 0x19, 
   0x3C, 0x37, 0x02, 0xDE, 0x04, 0x15, 0x30, 0x3D, 0x43, 0xAB, 
   0x6D, 0x36, 0x39, 0x16, 0x08, 0x17, 0x23, 0x5E, 0x4C, 0xB8, 
   0xC0, 0x02, 0xA1, 0x01, 0x80, 0x01, 0x54, 0xED, 0x35, 0x07, 
   0x02, 0x0E, 0xFE, 0x70, 0xBD, 0xE4, 0xB5, 0x9D, 0xFE, 0xBE, 
   0xC6, 0x0C, 0x10, 0x38, 0x04, 0x32, 0x1B, 0x24, 0x01, 0x40, 
   0x02, 0x2D, 0x11, 0x3C, 0x0D, 0xC9, 0xDF, 0x14, 0x05, 0x11, 
   0x2F, 0x0D, 0x39, 0x0D, 0xD7, 0x62, 0x12, 0x24, 0x16, 0x23, 
   0x09, 0x0A, 0x02, 0xFD, 0xF6, 0x31, 0x15, 0x06, 0x07, 0x10, 
   0x2B, 0x8B, 0x42, 0x9A, 0x6A, 0x24, 0x1B, 0x05, 0x10, 0x1B, 
   0x45, 0xE9, 0x00, 0x09, 0x00, 0x00, 0xFF, 0xF6, 0x06, 0x49, 
   0x06, 0x41, 0x00, 0x0A, 0x00, 0x48, 0x00, 0x52, 0x00, 0x5D, 
   0x00, 0x69, 0x00, 0x75, 0x00, 0x7F, 0x00, 0x8A, 0x00, 0x96, 
   0x00, 0xE0, 0x00, 0xB2, 0x67, 0x00, 0x00, 0x2B, 0xB0, 0x61, 
   0xCD, 0xB0, 0x51, 0x2F, 0xB1, 0x3A, 0x7D, 0x33, 0x33, 0xB0, 
   0x4D, 0xCD, 0xB0, 0x79, 0x32, 0xB0, 0x46, 0x2F, 0xB2, 0x08, 
   0x2D, 0x94, 0x33, 0x33, 0x33, 0xB0, 0x0E, 0xCD, 0xB2, 0x03, 
   0x26, 0x8E, 0x32, 0x32, 0x32, 0xB2, 0x0E, 0x46, 0x0A, 0x2B, 
   0xB3, 0x40, 0x0E, 0x14, 0x09, 0x2B, 0xB0, 0x20, 0x32, 0xB0, 
   0x5C, 0x2F, 0xB0, 0x88, 0x33, 0xB0, 0x57, 0xCD, 0xB1, 0x1A, 
   0x83, 0x32, 0x32, 0xB0, 0x73, 0x2F, 0xB0, 0x6D, 0xCD, 0x01, 
   0xB0, 0x97, 0x2F, 0xB0, 0x00, 0xD6, 0xB0, 0x06, 0xCD, 0xB0, 
   0x06, 0x10, 0xB1, 0x4A, 0x01, 0x2B, 0xB1, 0x0B, 0x53, 0x32, 
   0x32, 0xB0, 0x4F, 0xCD, 0xB0, 0x58, 0x32, 0xB0, 0x4F, 0x10, 
   0xB1, 0x5E, 0x01, 0x2B, 0xB2, 0x16, 0x3D, 0x6A, 0x32, 0x32, 
   0x32, 0xB0, 0x64, 0xCD, 0xB2, 0x1D, 0x36, 0x70, 0x32, 0x32, 
   0x32, 0xB2, 0x5E, 0x64, 0x0A, 0x2B, 0xB3, 0x40, 0x5E, 0x43, 
   0x09, 0x2B, 0xB0, 0x11, 0x32, 0xB0, 0x64, 0x10, 0xB1, 0x77, 
   0x01, 0x2B, 0xB0, 0x80, 0x32, 0xB0, 0x7C, 0xCD, 0xB1, 0x2A, 
   0x85, 0x32, 0x32, 0xB0, 0x7C, 0x10, 0xB1, 0x8B, 0x01, 0x2B, 
   0xB0, 0x91, 0xCD, 0xB1, 0x98, 0x01, 0x2B, 0xB1, 0x5E, 0x4F, 
   0x11, 0x12, 0xB1, 0x0F, 0x45, 0x39, 0x39, 0xB1, 0x77, 0x64, 
   0x11, 0x12, 0xB3, 0x23, 0x26, 0x2E, 0x30, 0x24, 0x17, 0x39, 
   0x00, 0xB1, 0x46, 0x4D, 0x11, 0x12, 0xB3, 0x33, 0x36, 0x3E, 
   0x40, 0x24, 0x17, 0x39, 0xB1, 0x5C, 0x0E, 0x11, 0x12, 0xB1, 
   0x16, 0x1E, 0x39, 0x39, 0x30, 0x31, 0x11, 0x34, 0x36, 0x33, 
   0x32, 0x16, 0x15, 0x14, 0x06, 0x22, 0x26, 0x37, 0x34, 0x36, 
   0x33, 0x21, 0x27, 0x26, 0x34, 0x36, 0x32, 0x1F, 0x01, 0x11, 
   0x34, 0x36, 0x33, 0x32, 0x16, 0x15, 0x11, 0x37, 0x36, 0x32, 
   0x17, 0x16, 0x14, 0x0F, 0x01, 0x21, 0x32, 0x16, 0x15, 0x14, 
   0x06, 0x23, 0x21, 0x17, 0x16, 0x14, 0x07, 0x06, 0x22, 0x2F, 
   0x01, 0x11, 0x14, 0x06, 0x23, 0x22, 0x26, 0x35, 0x11, 0x07, 
   0x06, 0x22, 0x26, 0x34, 0x3F, 0x01, 0x21, 0x22, 0x26, 0x12, 
   0x34, 0x37, 0x36, 0x32, 0x16, 0x14, 0x06, 0x22, 0x27, 0x02, 
   0x34, 0x37, 0x36, 0x32, 0x16, 0x14, 0x07, 0x06, 0x22, 0x27, 
   0x01, 0x34, 0x36, 0x33, 0x32, 0x16, 0x15, 0x14, 0x06, 0x23, 
   0x22, 0x26, 0x11, 0x34, 0x36, 0x33, 0x32, 0x16, 0x15, 0x14, 
   0x06, 0x23, 0x22, 0x26, 0x00, 0x34, 0x37, 0x36, 0x32, 0x16, 
   0x14, 0x06, 0x22, 0x27, 0x02, 0x34, 0x37, 0x36, 0x32, 0x16, 
   0x14, 0x07, 0x06, 0x22, 0x27, 0x13, 0x34, 0x36, 0x33, 0x32, 
   0x16, 0x15, 0x14, 0x06, 0x23, 0x22, 0x26, 0x2A, 0x1E, 0x1F, 
   0x2A, 0x2B, 0x3C, 0x2A, 0xD3, 0x2A, 0x1E, 0x01, 0x58, 0xF3, 
   0x16, 0x2C, 0x3C, 0x16, 0xF2, 0x2C, 0x1F, 0x1E, 0x2A, 0xF4, 
   0x16, 0x3B, 0x17, 0x13, 0x13, 0xF3, 0x01, 0x58, 0x1D, 0x2B, 
   0x2B, 0x1D, 0xFE, 0xA7, 0xF4, 0x13, 0x13, 0x17, 0x3B, 0x16, 
   0xF4, 0x2A, 0x1E, 0x1F, 0x2C, 0xF2, 0x16, 0x3C, 0x2C, 0x16, 
   0xF5, 0xFE, 0xA6, 0x1E, 0x2A, 0x02, 0x16, 0x14, 0x3D, 0x2C, 
   0x2C, 0x3D, 0x14, 0x16, 0x16, 0x14, 0x3D, 0x2C, 0x16, 0x16, 
   0x3D, 0x14, 0x01, 0xEF, 0x2C, 0x1F, 0x1E, 0x2A, 0x2A, 0x1E, 
   0x1F, 0x2C, 0x2C, 0x1F, 0x1E, 0x2A, 0x2A, 0x1E, 0x1F, 0x2C, 
   0x02, 0x07, 0x16, 0x14, 0x3D, 0x2C, 0x2C, 0x3D, 0x14, 0x16, 
   0x16, 0x14, 0x3D, 0x2C, 0x16, 0x16, 0x3D, 0x14, 0xC0, 0x2B, 
   0x1F, 0x1D, 0x2B, 0x2B, 0x1D, 0x1F, 0x2B, 0x03, 0x1A, 0x1F, 
   0x2C, 0x2C, 0x1F, 0x1E, 0x2A, 0x2B, 0x1D, 0x1F, 0x2C, 0xF3, 
   0x14, 0x3D, 0x2C, 0x16, 0xF2, 0x01, 0x56, 0x1F, 0x2C, 0x2C, 
   0x1F, 0xFE, 0xA7, 0xF5, 0x16, 0x16, 0x16, 0x3D, 0x14, 0xF3, 
   0x2C, 0x1F, 0x1D, 0x2B, 0xF4, 0x14, 0x3C, 0x16, 0x16, 0x16, 
   0xF5, 0xFE, 0xA6, 0x1F, 0x2B, 0x2B, 0x1F, 0x01, 0x57, 0xF2, 
   0x16, 0x2C, 0x3C, 0x14, 0xF4, 0x2B, 0xFD, 0xFB, 0x3B, 0x16, 
   0x16, 0x2C, 0x3B, 0x2C, 0x16, 0x04, 0x22, 0x3B, 0x16, 0x16, 
   0x2C, 0x3B, 0x17, 0x16, 0x16, 0xFB, 0x53, 0x1D, 0x2B, 0x2B, 
   0x1D, 0x1F, 0x2B, 0x2B, 0x05, 0xD6, 0x1F, 0x2B, 0x2B, 0x1F, 
   0x1D, 0x2B, 0x2B, 0xFB, 0x1E, 0x3B, 0x16, 0x16, 0x2C, 0x3B, 
   0x2C, 0x16, 0x04, 0x22, 0x3B, 0x16, 0x16, 0x2C, 0x3B, 0x17, 
   0x16, 0x16, 0xFE, 0x2D, 0x1F, 0x2C, 0x2C, 0x1F, 0x1D, 0x2B, 
   0x2B, 0x00, 0x00, 0x00, 0x00, 0x04, 0x00, 0x00, 0xFF, 0x63, 
   0x08, 0x07, 0x07, 0x57, 0x00, 0x0B, 0x00, 0x18, 0x00, 0x24, 
   0x00, 0x30, 0x00, 0x00, 0x11, 0x3E, 0x01, 0x35, 0x14, 0x16, 
   0x17, 0x0E, 0x01, 0x15, 0x34, 0x26, 0x13, 0x36, 0x00, 0x35, 
   0x14, 0x00, 0x17, 0x0E, 0x02, 0x15, 0x34, 0x00, 0x13, 0x3E, 
   0x01, 0x35, 0x14, 0x16, 0x17, 0x0E, 0x01, 0x15, 0x34, 0x26, 
   0x01, 0x3E, 0x01, 0x35, 0x14, 0x16, 0x17, 0x0E, 0x01, 0x15, 
   0x34, 0x26, 0x68, 0x90, 0x90, 0x68, 0x68, 0x90, 0x90, 0x90, 
   0xCA, 0x01, 0x19, 0x01, 0x1A, 0xCA, 0x85, 0xDE, 0x81, 0xFE, 
   0xE7, 0x98, 0x98, 0xD4, 0xD3, 0x98, 0x98, 0xD3, 0xD4, 0x02, 
   0x3F, 0x98, 0xD2, 0xD4, 0x98, 0x98, 0xD4, 0xD2, 0x02, 0x5D, 
   0x05, 0x97, 0x68, 0x68, 0x97, 0x05, 0x05, 0x97, 0x68, 0x68, 
   0x97, 0x03, 0x05, 0x0A, 0x01, 0x25, 0xCB, 0xCB, 0xFE, 0xDB, 
   0x0A, 0x06, 0x8B, 0xE5, 0x86, 0xCC, 0x01, 0x26, 0xFB, 0x8D, 
   0x07, 0xDD, 0x99, 0x99, 0xDD, 0x07, 0x07, 0xDD, 0x99, 0x99, 
   0xDD, 0x02, 0x01, 0x07, 0xDC, 0x9A, 0x99, 0xDD, 0x07, 0x07, 
   0xDC, 0x99, 0x99, 0xDC, 0x00, 0x01, 0x00, 0x01, 0x00, 0x97, 
   0x04, 0x58, 0x06, 0x35, 0x00, 0x14, 0x00, 0x13, 0x00, 0x01, 
   0xB0, 0x15, 0x2F, 0xB1, 0x00, 0x0B, 0x2B, 0xB0, 0x08, 0xCD, 
   0xB1, 0x16, 0x01, 0x2B, 0x00, 0x30, 0x31, 0x13, 0x14, 0x16, 
   0x04, 0x33, 0x32, 0x24, 0x12, 0x35, 0x34, 0x02, 0x27, 0x2E, 
   0x01, 0x27, 0x26, 0x27, 0x07, 0x0E, 0x01, 0x02, 0x01, 0x95, 
   0x01, 0x00, 0x94, 0x95, 0x01, 0x02, 0x97, 0x70, 0x4E, 0x47, 
   0xBF, 0x2B, 0x18, 0x27, 0x89, 0x63, 0xB8, 0x85, 0x02, 0xC0, 
   0x93, 0xFF, 0x97, 0x97, 0x00, 0xFF, 0x93, 0x60, 0x01, 0x09, 
   0x71, 0x5B, 0xDB, 0x2A, 0x14, 0x27, 0x8A, 0x60, 0xFC, 0xFE, 
   0xDD, 0x00, 0x00, 0x00, 0x00, 0x07, 0x00, 0x01, 0xFF, 0x57, 
   0x06, 0x1B, 0x06, 0xA8, 0x00, 0x12, 0x00, 0x23, 0x00, 0x27, 
   0x00, 0x2B, 0x00, 0x39, 0x00, 0x3D, 0x00, 0x41, 0x00, 0xC6, 
   0x00, 0xB0, 0x0F, 0x2F, 0xB0, 0x17, 0xCD, 0xB0, 0x24, 0x2F, 
   0xB0, 0x3E, 0x33, 0xB0, 0x25, 0xCD, 0xB0, 0x3F, 0x32, 0xB0, 
   0x20, 0x2F, 0xB0, 0x05, 0xCD, 0x01, 0xB0, 0x42, 0x2F, 0xB0, 
   0x00, 0xD6, 0xB0, 0x13, 0xCD, 0xB0, 0x13, 0x10, 0xB1, 0x0F, 
   0x01, 0x2B, 0xB0, 0x0E, 0xCD, 0xB3, 0x3D, 0x0E, 0x0F, 0x08, 
   0x2B, 0xB0, 0x3A, 0xCD, 0xB0, 0x3A, 0x2F, 0xB0, 0x3D, 0xCD, 
   0xB0, 0x3D, 0x10, 0xB0, 0x34, 0x20, 0xD6, 0x11, 0xB0, 0x2C, 
   0xCD, 0xB0, 0x2C, 0x2F, 0xB0, 0x34, 0xCD, 0xB0, 0x0E, 0x10, 
   0xB1, 0x1B, 0x01, 0x2B, 0xB0, 0x0A, 0xCD, 0xB1, 0x43, 0x01, 
   0x2B, 0xB1, 0x0F, 0x13, 0x11, 0x12, 0xB4, 0x24, 0x26, 0x28, 
   0x29, 0x2B, 0x24, 0x17, 0x39, 0xB0, 0x2C, 0x11, 0xB0, 0x2A, 
   0x39, 0xB0, 0x3A, 0x12, 0xB0, 0x20, 0x39, 0xB0, 0x3D, 0x11, 
   0xB3, 0x17, 0x2F, 0x05, 0x37, 0x24, 0x17, 0x39, 0xB0, 0x34, 
   0x12, 0xB1, 0x1F, 0x32, 0x39, 0x39, 0xB1, 0x1B, 0x0E, 0x11, 
   0x12, 0xB3, 0x30, 0x31, 0x3E, 0x40, 0x24, 0x17, 0x39, 0x00, 
   0xB1, 0x17, 0x0F, 0x11, 0x12, 0xB1, 0x0D, 0x10, 0x39, 0x39, 
   0xB0, 0x24, 0x11, 0xB2, 0x2C, 0x32, 0x37, 0x39, 0x39, 0x39, 
   0xB0, 0x25, 0x12, 0xB5, 0x0A, 0x13, 0x1B, 0x00, 0x2E, 0x2F, 
   0x24, 0x17, 0x39, 0xB0, 0x20, 0x11, 0xB5, 0x29, 0x2B, 0x30, 
   0x31, 0x3A, 0x3B, 0x24, 0x17, 0x39, 0x30, 0x31, 0x13, 0x34, 
   0x12, 0x36, 0x24, 0x33, 0x32, 0x04, 0x16, 0x12, 0x15, 0x10, 
   0x00, 0x07, 0x11, 0x21, 0x11, 0x26, 0x00, 0x13, 0x14, 0x17, 
   0x16, 0x33, 0x32, 0x24, 0x12, 0x35, 0x34, 0x2E, 0x02, 0x22, 
   0x0E, 0x02, 0x17, 0x35, 0x33, 0x15, 0x03, 0x37, 0x17, 0x07, 
   0x13, 0x34, 0x36, 0x37, 0x01, 0x17, 0x03, 0x16, 0x15, 0x14, 
   0x06, 0x23, 0x22, 0x26, 0x13, 0x35, 0x33, 0x15, 0x13, 0x35, 
   0x33, 0x15, 0x01, 0x7C, 0xD2, 0x01, 0x21, 0x9E, 0x9F, 0x01, 
   0x21, 0xD1, 0x7C, 0xFE, 0xCD, 0xF2, 0xFE, 0x3C, 0xF7, 0xFE, 
   0xC6, 0xAC, 0xB4, 0xB2, 0xFB, 0xA5, 0x01, 0x19, 0xA4, 0x61, 
   0xA4, 0xE2, 0xF6, 0xE1, 0xA4, 0x61, 0x3E, 0xE7, 0x73, 0x38, 
   0xA2, 0x37, 0x6B, 0x5D, 0x43, 0x01, 0x23, 0x46, 0xD7, 0x1C, 
   0x62, 0x46, 0x45, 0x61, 0x8C, 0x4A, 0xEF, 0xE7, 0x03, 0x9B, 
   0x9F, 0x01, 0x22, 0xD0, 0x7C, 0x7C, 0xD1, 0xFE, 0xDF, 0x9F, 
   0xFE, 0xFD, 0xFE, 0x69, 0x4B, 0xFE, 0xA1, 0x01, 0x5B, 0x48, 
   0x01, 0x9C, 0x01, 0x05, 0xF8, 0xB2, 0xB3, 0xA2, 0x01, 0x17, 
   0xA4, 0x7B, 0xE1, 0xA3, 0x61, 0x61, 0xA3, 0xE1, 0xA1, 0x4D, 
   0x4D, 0x01, 0x79, 0x37, 0xA2, 0x38, 0xFE, 0x95, 0x43, 0x62, 
   0x02, 0x01, 0xDF, 0x25, 0xFD, 0xFD, 0x28, 0x36, 0x46, 0x61, 
   0x61, 0x02, 0x38, 0xE7, 0xE7, 0xFE, 0xA4, 0x4F, 0x4F, 0x00, 
   0x00, 0x06, 0xFF, 0xF6, 0xFE, 0xDD, 0x06, 0x22, 0x06, 0xD5, 
   0x00, 0x17, 0x00, 0x23, 0x00, 0x39, 0x00, 0x3D, 0x00, 0x49, 
   0x00, 0x60, 0x00, 0x59, 0x00, 0x01, 0xB0, 0x61, 0x2F, 0xB0, 
   0x00, 0xD6, 0xB0, 0x18, 0xCD, 0xB0, 0x18, 0x10, 0xB1, 0x25, 
   0x01, 0x2B, 0xB0, 0x30, 0xCD, 0xB0, 0x30, 0x10, 0xB1, 0x4B, 
   0x01, 0x2B, 0xB0, 0x56, 0xCD, 0xB0, 0x56, 0x10, 0xB1, 0x44, 
   0x01, 0x2B, 0xB0, 0x0E, 0xCD, 0xB1, 0x62, 0x01, 0x2B, 0xB1, 
   0x30, 0x25, 0x11, 0x12, 0xB2, 0x21, 0x1B, 0x3A, 0x39, 0x39, 
   0x39, 0xB0, 0x4B, 0x11, 0x40, 0x0B, 0x09, 0x13, 0x1D, 0x06, 
   0x1F, 0x1E, 0x3B, 0x3D, 0x49, 0x3E, 0x3F, 0x24, 0x17, 0x39, 
   0xB0, 0x56, 0x12, 0xB2, 0x41, 0x47, 0x3C, 0x39, 0x39, 0x39, 
   0x00, 0x30, 0x31, 0x03, 0x34, 0x12, 0x37, 0x12, 0x3F, 0x01, 
   0x16, 0x17, 0x16, 0x00, 0x17, 0x16, 0x12, 0x15, 0x14, 0x02, 
   0x06, 0x04, 0x23, 0x22, 0x24, 0x26, 0x02, 0x13, 0x14, 0x16, 
   0x33, 0x32, 0x36, 0x37, 0x2E, 0x01, 0x23, 0x22, 0x06, 0x16, 
   0x34, 0x3E, 0x04, 0x33, 0x32, 0x1E, 0x02, 0x14, 0x0E, 0x02, 
   0x23, 0x22, 0x2E, 0x03, 0x13, 0x33, 0x01, 0x23, 0x03, 0x1E, 
   0x01, 0x33, 0x32, 0x36, 0x37, 0x2E, 0x01, 0x23, 0x22, 0x06, 
   0x16, 0x34, 0x3E, 0x02, 0x33, 0x32, 0x1E, 0x04, 0x15, 0x14, 
   0x0E, 0x04, 0x23, 0x22, 0x2E, 0x01, 0x0A, 0x9A, 0x79, 0xFA, 
   0xB7, 0x50, 0x28, 0x30, 0x42, 0x01, 0x0E, 0x60, 0x72, 0x9E, 
   0x7C, 0xD3, 0xFE, 0xDA, 0xA3, 0xA0, 0xFE, 0xDD, 0xD4, 0x7D, 
   0xF1, 0x70, 0x72, 0x73, 0x71, 0x01, 0x01, 0x71, 0x73, 0x72, 
   0x70, 0xA8, 0x01, 0x03, 0x07, 0x0C, 0x15, 0x0E, 0x16, 0x1A, 
   0x0B, 0x02, 0x02, 0x0B, 0x1A, 0x16, 0x0E, 0x15, 0x0C, 0x07, 
   0x03, 0x3D, 0x8D, 0x02, 0x14, 0x90, 0x46, 0x02, 0x71, 0x72, 
   0x73, 0x6F, 0x01, 0x01, 0x6F, 0x73, 0x72, 0x71, 0xA6, 0x02, 
   0x0B, 0x1A, 0x16, 0x0F, 0x15, 0x0D, 0x08, 0x02, 0x01, 0x01, 
   0x02, 0x08, 0x0D, 0x15, 0x0F, 0x16, 0x1A, 0x0B, 0x01, 0xF1, 
   0x8D, 0x01, 0x6D, 0xAB, 0x01, 0x4A, 0xA8, 0x4D, 0x2A, 0x23, 
   0x43, 0xFE, 0xC9, 0x7F, 0xA2, 0xFE, 0x8F, 0x8B, 0xA0, 0xFE, 
   0xDD, 0xD4, 0x7D, 0x79, 0xD1, 0x01, 0x25, 0x01, 0xDE, 0x85, 
   0x9E, 0x9D, 0x86, 0x86, 0x9E, 0x9E, 0x9E, 0x30, 0x1A, 0x2C, 
   0x19, 0x1B, 0x0C, 0x1A, 0x38, 0x28, 0x48, 0x27, 0x38, 0x1A, 
   0x0C, 0x1B, 0x19, 0x2C, 0xFC, 0xF6, 0x04, 0x7A, 0xFC, 0xC5, 
   0x86, 0x9E, 0x9D, 0x87, 0x86, 0x9D, 0x9D, 0xAA, 0x48, 0x27, 
   0x38, 0x1A, 0x0C, 0x1C, 0x17, 0x2E, 0x17, 0x19, 0x1A, 0x17, 
   0x2E, 0x17, 0x1C, 0x0C, 0x1A, 0x38, 0x00, 0x04, 0x00, 0x01, 
   0x01, 0x72, 0x06, 0xCA, 0x04, 0x5A, 0x00, 0x0B, 0x00, 0x0F, 
   0x00, 0x17, 0x00, 0x1B, 0x00, 0x00, 0x13, 0x33, 0x11, 0x33, 
   0x13, 0x33, 0x11, 0x23, 0x11, 0x23, 0x03, 0x23, 0x01, 0x33, 
   0x01, 0x23, 0x13, 0x33, 0x37, 0x33, 0x17, 0x33, 0x01, 0x23, 
   0x13, 0x37, 0x33, 0x17, 0x01, 0xCF, 0x02, 0xDB, 0xD4, 0xCF, 
   0x02, 0xCF, 0xE0, 0x02, 0xB8, 0x98, 0x01, 0x16, 0x97, 0x1B, 
   0xDD, 0x1F, 0xE2, 0x1E, 0xE3, 0xFE, 0xFD, 0xD6, 0x26, 0x44, 
   0x03, 0x40, 0x01, 0x83, 0x01, 0x84, 0xFE, 0x7C, 0x02, 0xC6, 
   0xFE, 0x85, 0x01, 0x7B, 0xFD, 0x29, 0x02, 0xE8, 0xFD, 0x29, 
   0x65, 0x65, 0x02, 0xC6, 0xFE, 0x38, 0xDA, 0xDA, 0x00, 0x00, 
   0x00, 0x02, 0xFF, 0xF8, 0x00, 0x03, 0x06, 0xE3, 0x06, 0x3F, 
   0x00, 0x2D, 0x00, 0x8C, 0x00, 0x33, 0x00, 0xB0, 0x2A, 0x2F, 
   0xB0, 0x06, 0xCD, 0xB1, 0x0C, 0x11, 0x32, 0x32, 0x01, 0xB0, 
   0x8D, 0x2F, 0xB0, 0x87, 0xD6, 0xB0, 0x82, 0xCD, 0xB1, 0x8E, 
   0x01, 0x2B, 0xB1, 0x82, 0x87, 0x11, 0x12, 0xB2, 0x32, 0x0C, 
   0x75, 0x39, 0x39, 0x39, 0x00, 0xB1, 0x06, 0x2A, 0x11, 0x12, 
   0xB1, 0x01, 0x18, 0x39, 0x39, 0x30, 0x31, 0x26, 0x34, 0x37, 
   0x11, 0x1E, 0x01, 0x33, 0x32, 0x36, 0x37, 0x1E, 0x01, 0x33, 
   0x32, 0x36, 0x37, 0x1E, 0x01, 0x32, 0x36, 0x37, 0x11, 0x14, 
   0x16, 0x15, 0x14, 0x06, 0x15, 0x0E, 0x01, 0x07, 0x22, 0x06, 
   0x23, 0x22, 0x26, 0x23, 0x21, 0x22, 0x06, 0x22, 0x26, 0x23, 
   0x2E, 0x01, 0x27, 0x00, 0x34, 0x3F, 0x02, 0x32, 0x35, 0x32, 
   0x35, 0x32, 0x35, 0x33, 0x32, 0x34, 0x37, 0x33, 0x37, 0x33, 
   0x37, 0x33, 0x37, 0x33, 0x36, 0x3B, 0x01, 0x34, 0x33, 0x36, 
   0x33, 0x37, 0x33, 0x32, 0x35, 0x3B, 0x03, 0x37, 0x3B, 0x04, 
   0x32, 0x17, 0x3B, 0x02, 0x14, 0x3B, 0x02, 0x16, 0x33, 0x17, 
   0x3B, 0x01, 0x17, 0x33, 0x17, 0x32, 0x15, 0x33, 0x32, 0x14, 
   0x33, 0x16, 0x33, 0x14, 0x33, 0x17, 0x33, 0x1F, 0x04, 0x16, 
   0x14, 0x07, 0x06, 0x22, 0x2F, 0x01, 0x11, 0x14, 0x06, 0x22, 
   0x26, 0x35, 0x11, 0x07, 0x06, 0x22, 0x27, 0x08, 0x02, 0x2C, 
   0x9E, 0x5D, 0x5E, 0x9D, 0x2C, 0x2C, 0x9D, 0x5E, 0x5D, 0x9D, 
   0x2C, 0x2D, 0x9C, 0xBA, 0x9E, 0x2C, 0x01, 0x01, 0x05, 0x36, 
   0x25, 0x03, 0x0B, 0x03, 0x02, 0x0B, 0x03, 0xFA, 0x19, 0x03, 
   0x0A, 0x06, 0x0B, 0x02, 0x24, 0x34, 0x08, 0x02, 0x4A, 0x12, 
   0xEC, 0x03, 0x01, 0x01, 0x01, 0x01, 0x01, 0x01, 0x02, 0x01, 
   0x01, 0x01, 0x01, 0x01, 0x01, 0x01, 0x01, 0x01, 0x02, 0x01, 
   0x01, 0x04, 0x01, 0x01, 0x02, 0x01, 0x03, 0x01, 0x01, 0x02, 
   0x01, 0x06, 0x02, 0x02, 0x01, 0x01, 0x02, 0x01, 0x03, 0x01, 
   0x01, 0x01, 0x02, 0x01, 0x02, 0x01, 0x01, 0x01, 0x01, 0x01, 
   0x01, 0x02, 0x01, 0x01, 0x01, 0x01, 0x01, 0x01, 0x02, 0x01, 
   0x01, 0x01, 0x02, 0xED, 0x13, 0x13, 0x12, 0x33, 0x12, 0x83, 
   0x24, 0x34, 0x25, 0x82, 0x13, 0x33, 0x12, 0x6D, 0x10, 0x0E, 
   0x01, 0xFC, 0x4F, 0x5F, 0x5F, 0x4F, 0x4F, 0x5F, 0x5F, 0x4F, 
   0x4F, 0x5F, 0x5F, 0x4F, 0xFD, 0xFF, 0x03, 0x0B, 0x03, 0x02, 
   0x0B, 0x03, 0x25, 0x36, 0x05, 0x02, 0x02, 0x02, 0x02, 0x05, 
   0x32, 0x23, 0x04, 0x9B, 0x33, 0x13, 0xED, 0x02, 0x01, 0x01, 
   0x01, 0x02, 0x01, 0x01, 0x01, 0x01, 0x01, 0x01, 0x01, 0x02, 
   0x01, 0x01, 0x01, 0x01, 0x02, 0x01, 0x01, 0x01, 0x01, 0x01, 
   0x01, 0x02, 0x01, 0x01, 0x01, 0x01, 0x02, 0xED, 0x13, 0x33, 
   0x12, 0x13, 0x13, 0x82, 0xFD, 0x20, 0x19, 0x24, 0x24, 0x19, 
   0x02, 0xE0, 0x82, 0x13, 0x13, 0x00, 0x00, 0x00, 0x00, 0x08, 
   0x00, 0x00, 0xFE, 0xDF, 0x09, 0x36, 0x06, 0xDB, 0x00, 0x1C, 
   0x00, 0x3D, 0x00, 0x4C, 0x00, 0x58, 0x00, 0x66, 0x00, 0x76, 
   0x00, 0x85, 0x00, 0x93, 0x00, 0xC0, 0x00, 0xB0, 0x16, 0x2F, 
   0xB0, 0x50, 0xCD, 0xB0, 0x1A, 0x2F, 0xB0, 0x4D, 0x33, 0xB0, 
   0x20, 0xCD, 0xB0, 0x91, 0x20, 0xD6, 0x11, 0xB0, 0x89, 0xCD, 
   0xB0, 0x2D, 0x2F, 0xB0, 0x3A, 0x33, 0xB0, 0x09, 0xCD, 0xB0, 
   0x34, 0x2F, 0xB0, 0x06, 0xCD, 0x01, 0xB0, 0x94, 0x2F, 0xB0, 
   0x00, 0xD6, 0xB0, 0x1D, 0xCD, 0xB0, 0x1D, 0x10, 0xB1, 0x66, 
   0x01, 0x2B, 0xB0, 0x61, 0xCD, 0xB0, 0x61, 0x10, 0xB1, 0x2A, 
   0x01, 0x2B, 0xB0, 0x0D, 0xCD, 0xB3, 0x53, 0x0D, 0x2A, 0x08, 
   0x2B, 0xB0, 0x12, 0xCD, 0xB1, 0x95, 0x01, 0x2B, 0xB1, 0x66, 
   0x1D, 0x11, 0x12, 0x40, 0x09, 0x03, 0x09, 0x19, 0x26, 0x2D, 
   0x3F, 0x46, 0x4D, 0x58, 0x24, 0x17, 0x39, 0xB0, 0x61, 0x11, 
   0xB1, 0x50, 0x16, 0x39, 0x39, 0xB1, 0x53, 0x2A, 0x11, 0x12, 
   0xB0, 0x55, 0x39, 0xB1, 0x12, 0x0D, 0x11, 0x12, 0xB3, 0x67, 
   0x77, 0x78, 0x85, 0x24, 0x17, 0x39, 0x00, 0xB1, 0x50, 0x16, 
   0x11, 0x12, 0xB1, 0x43, 0x6A, 0x39, 0x39, 0xB1, 0x20, 0x91, 
   0x11, 0x12, 0xB3, 0x12, 0x53, 0x86, 0x8D, 0x24, 0x17, 0x39, 
   0xB1, 0x2D, 0x89, 0x11, 0x12, 0x40, 0x09, 0x0D, 0x10, 0x1D, 
   0x2A, 0x00, 0x55, 0x78, 0x80, 0x84, 0x24, 0x17, 0x39, 0xB0, 
   0x09, 0x11, 0xB3, 0x03, 0x31, 0x37, 0x7C, 0x24, 0x17, 0x39, 
   0xB0, 0x34, 0x12, 0xB0, 0x32, 0x39, 0x30, 0x31, 0x11, 0x34, 
   0x36, 0x37, 0x36, 0x24, 0x33, 0x32, 0x04, 0x17, 0x33, 0x32, 
   0x16, 0x15, 0x14, 0x06, 0x15, 0x16, 0x15, 0x14, 0x0E, 0x01, 
   0x23, 0x22, 0x26, 0x27, 0x21, 0x2E, 0x01, 0x37, 0x14, 0x16, 
   0x17, 0x21, 0x36, 0x3B, 0x01, 0x32, 0x17, 0x33, 0x3E, 0x01, 
   0x35, 0x34, 0x26, 0x2B, 0x01, 0x22, 0x35, 0x27, 0x2E, 0x01, 
   0x23, 0x22, 0x06, 0x0F, 0x01, 0x14, 0x2B, 0x01, 0x0E, 0x01, 
   0x01, 0x26, 0x3F, 0x01, 0x36, 0x33, 0x32, 0x16, 0x15, 0x14, 
   0x0F, 0x01, 0x06, 0x23, 0x22, 0x01, 0x1E, 0x01, 0x33, 0x32, 
   0x36, 0x35, 0x34, 0x27, 0x0E, 0x01, 0x07, 0x13, 0x34, 0x36, 
   0x33, 0x32, 0x17, 0x16, 0x1D, 0x01, 0x14, 0x06, 0x22, 0x26, 
   0x35, 0x01, 0x34, 0x36, 0x33, 0x32, 0x1F, 0x01, 0x16, 0x15, 
   0x14, 0x06, 0x23, 0x22, 0x2F, 0x01, 0x26, 0x10, 0x34, 0x3F, 
   0x01, 0x36, 0x33, 0x32, 0x17, 0x16, 0x15, 0x14, 0x0F, 0x01, 
   0x06, 0x22, 0x13, 0x34, 0x36, 0x3B, 0x01, 0x32, 0x16, 0x15, 
   0x14, 0x06, 0x2B, 0x01, 0x22, 0x26, 0xB9, 0x8D, 0x29, 0x01, 
   0x19, 0xB5, 0xB0, 0x01, 0x15, 0x29, 0x1C, 0xB0, 0xF9, 0x01, 
   0x78, 0x79, 0xCD, 0x78, 0x9A, 0xEF, 0x26, 0xFD, 0x9F, 0xAB, 
   0xEE, 0x91, 0x9B, 0x6D, 0x02, 0x5D, 0x06, 0x06, 0x68, 0x05, 
   0x04, 0xE5, 0x6D, 0x9C, 0xA8, 0x72, 0x8A, 0x0F, 0x07, 0x0E, 
   0xD2, 0x8A, 0x8E, 0xD0, 0x0E, 0x06, 0x11, 0x2B, 0x6C, 0x92, 
   0x02, 0x95, 0x28, 0x28, 0x79, 0x16, 0x21, 0x1E, 0x26, 0x13, 
   0x7A, 0x14, 0x20, 0x1F, 0x01, 0x56, 0x22, 0x99, 0x5E, 0x7C, 
   0xAD, 0x14, 0x35, 0xBF, 0x72, 0x08, 0x2B, 0x1E, 0x1D, 0x18, 
   0x14, 0x2B, 0x3C, 0x2B, 0x01, 0xD6, 0x29, 0x1E, 0x1F, 0x13, 
   0x7E, 0x15, 0x2B, 0x1F, 0x21, 0x14, 0x79, 0x14, 0x14, 0x79, 
   0x16, 0x1F, 0x1E, 0x17, 0x15, 0x15, 0x7E, 0x14, 0x3C, 0x99, 
   0x28, 0x1E, 0xAD, 0x1F, 0x2C, 0x2C, 0x1F, 0xAD, 0x1E, 0x28, 
   0x03, 0xAB, 0x94, 0xEA, 0x20, 0xB0, 0xE2, 0xDD, 0xAC, 0xF7, 
   0xB0, 0x01, 0x06, 0x03, 0x80, 0xB0, 0x79, 0xCF, 0x78, 0xBE, 
   0x92, 0x07, 0xF7, 0xAC, 0x70, 0xA5, 0x05, 0x04, 0x04, 0x05, 
   0xA5, 0x70, 0x71, 0xA5, 0x0F, 0x32, 0x8B, 0xBD, 0xBC, 0x8C, 
   0x32, 0x0F, 0x0C, 0x9E, 0xFB, 0xD3, 0x34, 0x34, 0x7B, 0x13, 
   0x26, 0x1F, 0x20, 0x13, 0x7E, 0x14, 0x02, 0x2B, 0x56, 0x6A, 
   0xB2, 0x7E, 0x3E, 0x32, 0x62, 0x7A, 0x04, 0xFD, 0xD7, 0x1E, 
   0x28, 0x16, 0x14, 0x1C, 0xAF, 0x1E, 0x2C, 0x2C, 0x1E, 0x01, 
   0x72, 0x1D, 0x28, 0x13, 0x7B, 0x17, 0x1C, 0x1E, 0x2B, 0x14, 
   0x7E, 0x17, 0x03, 0xA9, 0x3E, 0x13, 0x7E, 0x14, 0x14, 0x18, 
   0x1E, 0x1C, 0x17, 0x7B, 0x14, 0xFE, 0x72, 0x1E, 0x2A, 0x2A, 
   0x1E, 0x1F, 0x2B, 0x2B, 0x00, 0x00, 0x00, 0x03, 0xFF, 0xFF, 
   0xFF, 0x1E, 0x09, 0x80, 0x07, 0x78, 0x00, 0x22, 0x00, 0x3D, 
   0x00, 0x4A, 0x00, 0x91, 0x00, 0xB0, 0x1A, 0x2F, 0xB0, 0x42, 
   0xCD, 0xB0, 0x20, 0x2F, 0xB0, 0x3E, 0x33, 0xB0, 0x26, 0xCD, 
   0xB0, 0x2D, 0x2F, 0xB0, 0x3A, 0x33, 0xB0, 0x09, 0xCD, 0xB0, 
   0x34, 0x2F, 0xB0, 0x06, 0xCD, 0x01, 0xB0, 0x4B, 0x2F, 0xB0, 
   0x00, 0xD6, 0xB0, 0x23, 0xCD, 0xB0, 0x23, 0x10, 0xB1, 0x1F, 
   0x01, 0x2B, 0xB0, 0x3E, 0xCD, 0xB0, 0x3E, 0x10, 0xB1, 0x2A, 
   0x01, 0x2B, 0xB0, 0x0E, 0xCD, 0xB1, 0x4C, 0x01, 0x2B, 0xB1, 
   0x1F, 0x23, 0x11, 0x12, 0xB2, 0x06, 0x03, 0x34, 0x39, 0x39, 
   0x39, 0xB1, 0x2A, 0x3E, 0x11, 0x12, 0xB4, 0x1A, 0x09, 0x32, 
   0x42, 0x48, 0x24, 0x17, 0x39, 0xB0, 0x0E, 0x11, 0xB0, 0x10, 
   0x39, 0x00, 0xB1, 0x20, 0x42, 0x11, 0x12, 0xB0, 0x46, 0x39, 
   0xB0, 0x26, 0x11, 0xB3, 0x11, 0x13, 0x21, 0x48, 0x24, 0x17, 
   0x39, 0xB0, 0x2D, 0x12, 0xB2, 0x0E, 0x10, 0x00, 0x39, 0x39, 
   0x39, 0xB0, 0x09, 0x11, 0xB2, 0x03, 0x31, 0x37, 0x39, 0x39, 
   0x39, 0xB0, 0x34, 0x12, 0xB0, 0x32, 0x39, 0x30, 0x31, 0x03, 
   0x34, 0x12, 0x37, 0x36, 0x00, 0x33, 0x32, 0x00, 0x17, 0x33, 
   0x32, 0x1E, 0x01, 0x15, 0x14, 0x07, 0x16, 0x1F, 0x01, 0x32, 
   0x1D, 0x01, 0x16, 0x02, 0x04, 0x23, 0x22, 0x2E, 0x02, 0x35, 
   0x21, 0x26, 0x00, 0x37, 0x14, 0x16, 0x17, 0x21, 0x3E, 0x01, 
   0x35, 0x34, 0x26, 0x2B, 0x01, 0x22, 0x35, 0x27, 0x26, 0x24, 
   0x23, 0x22, 0x04, 0x0F, 0x01, 0x14, 0x2B, 0x01, 0x0E, 0x01, 
   0x01, 0x14, 0x1E, 0x01, 0x33, 0x32, 0x3E, 0x01, 0x37, 0x26, 
   0x27, 0x06, 0x07, 0x01, 0xE7, 0xB0, 0x32, 0x01, 0x5E, 0xE2, 
   0xDD, 0x01, 0x59, 0x34, 0x23, 0x90, 0xF4, 0x8E, 0x71, 0x67, 
   0x8A, 0x46, 0x13, 0x01, 0x9E, 0xFE, 0xEF, 0xA1, 0x7B, 0xDD, 
   0x9E, 0x5D, 0xFD, 0x21, 0xD6, 0xFE, 0xD6, 0xB6, 0xC1, 0x89, 
   0x04, 0xAA, 0x89, 0xC1, 0xD0, 0x8E, 0xAD, 0x12, 0x08, 0x12, 
   0xFE, 0xFA, 0xAE, 0xB0, 0xFE, 0xFD, 0x10, 0x08, 0x15, 0x38, 
   0x86, 0xB5, 0x04, 0xC3, 0x80, 0xC9, 0x70, 0x63, 0xBF, 0x93, 
   0x12, 0xAC, 0x76, 0x87, 0xA6, 0x03, 0x83, 0xB8, 0x01, 0x21, 
   0x29, 0xDB, 0x01, 0x18, 0xFE, 0xEE, 0xD6, 0x8B, 0xF2, 0x90, 
   0xB8, 0x91, 0x58, 0x05, 0x06, 0x14, 0x52, 0xA2, 0xFE, 0xEE, 
   0x9F, 0x5E, 0xA0, 0xDC, 0x79, 0x0A, 0x01, 0x32, 0xD6, 0x8B, 
   0xCC, 0x07, 0x07, 0xCC, 0x8B, 0x8C, 0xCE, 0x12, 0x3E, 0xAD, 
   0xE9, 0xE9, 0xAD, 0x3E, 0x12, 0x10, 0xC5, 0xFD, 0x69, 0x7F, 
   0xD1, 0x70, 0x60, 0xC3, 0x7E, 0x23, 0x68, 0x68, 0x04, 0x00, 
   0x00, 0x00, 0x00, 0x03, 0x00, 0x00, 0xFF, 0x1D, 0x09, 0x85, 
   0x07, 0x75, 0x00, 0x20, 0x00, 0x3B, 0x00, 0x4E, 0x00, 0x95, 
   0x00, 0xB0, 0x18, 0x2F, 0xB0, 0x3F, 0xCD, 0xB0, 0x1E, 0x2F, 
   0xB0, 0x4A, 0x33, 0xB0, 0x24, 0xCD, 0xB0, 0x2B, 0x2F, 0xB0, 
   0x38, 0x33, 0xB0, 0x09, 0xCD, 0xB0, 0x32, 0x2F, 0xB0, 0x06, 
   0xCD, 0x01, 0xB0, 0x4F, 0x2F, 0xB0, 0x00, 0xD6, 0xB0, 0x21, 
   0xCD, 0xB0, 0x21, 0x10, 0xB1, 0x1D, 0x01, 0x2B, 0xB0, 0x3C, 
   0xCD, 0xB0, 0x3C, 0x10, 0xB1, 0x28, 0x01, 0x2B, 0xB0, 0x0E, 
   0xCD, 0xB0, 0x0E, 0x10, 0xB1, 0x44, 0x01, 0x2B, 0xB0, 0x13, 
   0xCD, 0xB1, 0x50, 0x01, 0x2B, 0xB1, 0x1D, 0x21, 0x11, 0x12, 
   0xB2, 0x06, 0x03, 0x32, 0x39, 0x39, 0x39, 0xB1, 0x28, 0x3C, 
   0x11, 0x12, 0xB4, 0x18, 0x09, 0x30, 0x3F, 0x4A, 0x24, 0x17, 
   0x39, 0xB0, 0x0E, 0x11, 0xB0, 0x47, 0x39, 0x00, 0xB1, 0x24, 
   0x1E, 0x11, 0x12, 0xB2, 0x13, 0x1F, 0x44, 0x39, 0x39, 0x39, 
   0xB0, 0x2B, 0x11, 0xB3, 0x0E, 0x10, 0x00, 0x47, 0x24, 0x17, 
   0x39, 0xB0, 0x09, 0x12, 0xB2, 0x03, 0x2F, 0x35, 0x39, 0x39, 
   0x39, 0xB0, 0x32, 0x11, 0xB0, 0x30, 0x39, 0x30, 0x31, 0x11, 
   0x34, 0x12, 0x37, 0x36, 0x00, 0x33, 0x32, 0x00, 0x17, 0x33, 
   0x32, 0x1E, 0x01, 0x15, 0x14, 0x07, 0x1E, 0x01, 0x15, 0x14, 
   0x0E, 0x02, 0x23, 0x22, 0x2E, 0x02, 0x35, 0x21, 0x26, 0x00, 
   0x37, 0x14, 0x16, 0x17, 0x21, 0x3E, 0x01, 0x35, 0x34, 0x26, 
   0x2B, 0x01, 0x22, 0x35, 0x27, 0x26, 0x24, 0x23, 0x22, 0x04, 
   0x0F, 0x01, 0x14, 0x2B, 0x01, 0x0E, 0x01, 0x01, 0x16, 0x04, 
   0x33, 0x32, 0x3E, 0x02, 0x35, 0x34, 0x26, 0x27, 0x0E, 0x01, 
   0x07, 0x21, 0x14, 0x17, 0x06, 0xE6, 0xB1, 0x32, 0x01, 0x5E, 
   0xE2, 0xDD, 0x01, 0x59, 0x34, 0x23, 0x90, 0xF4, 0x8E, 0x03, 
   0x68, 0x78, 0x5F, 0xA0, 0xDD, 0x79, 0x78, 0xDC, 0x9F, 0x5F, 
   0xFD, 0x22, 0xD6, 0xFE, 0xD6, 0xB6, 0xC1, 0x89, 0x04, 0xAA, 
   0x89, 0xC2, 0xD0, 0x8F, 0xAD, 0x12, 0x08, 0x12, 0xFE, 0xFA, 
   0xAE, 0xAF, 0xFE, 0xFD, 0x11, 0x08, 0x15, 0x38, 0x86, 0xB5, 
   0x04, 0xB1, 0x0A, 0x01, 0x11, 0xAE, 0x60, 0xAA, 0x74, 0x42, 
   0x3F, 0x3B, 0x3E, 0xF8, 0x96, 0xFE, 0xCC, 0x02, 0x0C, 0x03, 
   0x80, 0xB8, 0x01, 0x20, 0x29, 0xDB, 0x01, 0x19, 0xFE, 0xEE, 
   0xD6, 0x8B, 0xF2, 0x90, 0x20, 0x21, 0x52, 0xF3, 0x8A, 0x7B, 
   0xDD, 0x9E, 0x5D, 0x5E, 0x9F, 0xDC, 0x78, 0x0A, 0x01, 0x32, 
   0xD6, 0x8B, 0xCD, 0x07, 0x07, 0xCD, 0x8B, 0x8C, 0xCD, 0x12, 
   0x3E, 0xAD, 0xEA, 0xEA, 0xAD, 0x3E, 0x12, 0x10, 0xC4, 0xFD, 
   0x5A, 0xB4, 0xF4, 0x4B, 0x7C, 0x9F, 0x53, 0x4E, 0x9E, 0x41, 
   0x84, 0xA6, 0x05, 0x03, 0x0A, 0x02, 0x00, 0x03, 0x00, 0x00, 
   0xFF, 0x6E, 0x06, 0xE1, 0x06, 0x00, 0x00, 0x31, 0x00, 0x4C, 
   0x00, 0x61, 0x00, 0xA0, 0x00, 0xB0, 0x2F, 0x2F, 0xB0, 0x35, 
   0xCD, 0xB0, 0x3C, 0x2F, 0xB0, 0x51, 0xCD, 0xB0, 0x43, 0x2F, 
   0xB0, 0x4D, 0xCD, 0xB0, 0x59, 0x2F, 0xB0, 0x0C, 0xCD, 0x01, 
   0xB0, 0x62, 0x2F, 0xB0, 0x00, 0xD6, 0xB0, 0x32, 0xCD, 0xB0, 
   0x32, 0x10, 0xB1, 0x58, 0x01, 0x2B, 0xB0, 0x16, 0xCD, 0xB2, 
   0x16, 0x58, 0x0A, 0x2B, 0xB3, 0x40, 0x16, 0x1E, 0x09, 0x2B, 
   0xB3, 0x39, 0x16, 0x58, 0x08, 0x2B, 0xB0, 0x2B, 0xCD, 0xB1, 
   0x63, 0x01, 0x2B, 0xB1, 0x58, 0x32, 0x11, 0x12, 0xB5, 0x03, 
   0x06, 0x05, 0x3C, 0x4D, 0x51, 0x24, 0x17, 0x39, 0xB1, 0x16, 
   0x39, 0x11, 0x12, 0xB0, 0x53, 0x39, 0xB0, 0x2B, 0x11, 0xB1, 
   0x12, 0x29, 0x39, 0x39, 0x00, 0xB1, 0x3C, 0x35, 0x11, 0x12, 
   0xB3, 0x29, 0x2B, 0x32, 0x00, 0x24, 0x17, 0x39, 0xB0, 0x51, 
   0x11, 0xB7, 0x03, 0x27, 0x28, 0x25, 0x3F, 0x46, 0x49, 0x53, 
   0x24, 0x17, 0x39, 0xB1, 0x4D, 0x43, 0x11, 0x12, 0xB3, 0x1B, 
   0x05, 0x1E, 0x55, 0x24, 0x17, 0x39, 0xB0, 0x59, 0x11, 0xB2, 
   0x16, 0x5F, 0x60, 0x39, 0x39, 0x39, 0xB0, 0x0C, 0x12, 0xB0, 
   0x14, 0x39, 0x30, 0x31, 0x35, 0x34, 0x36, 0x37, 0x36, 0x37, 
   0x35, 0x34, 0x00, 0x37, 0x36, 0x3B, 0x01, 0x32, 0x17, 0x16, 
   0x1F, 0x01, 0x16, 0x0F, 0x01, 0x06, 0x15, 0x14, 0x1E, 0x02, 
   0x1F, 0x01, 0x16, 0x15, 0x14, 0x0F, 0x01, 0x06, 0x07, 0x06, 
   0x07, 0x34, 0x23, 0x06, 0x07, 0x16, 0x15, 0x14, 0x06, 0x23, 
   0x21, 0x22, 0x26, 0x37, 0x14, 0x16, 0x33, 0x21, 0x32, 0x36, 
   0x35, 0x34, 0x26, 0x2B, 0x01, 0x22, 0x2F, 0x01, 0x2E, 0x01, 
   0x23, 0x22, 0x06, 0x0F, 0x01, 0x14, 0x23, 0x07, 0x0E, 0x01, 
   0x01, 0x33, 0x32, 0x16, 0x17, 0x32, 0x17, 0x36, 0x37, 0x26, 
   0x02, 0x3D, 0x01, 0x22, 0x26, 0x23, 0x22, 0x06, 0x07, 0x27, 
   0x06, 0x91, 0x79, 0x33, 0xA1, 0x01, 0x27, 0xE2, 0x39, 0x3A, 
   0x03, 0x21, 0x2A, 0x29, 0x25, 0x61, 0x15, 0x04, 0x0E, 0x0C, 
   0x23, 0x47, 0x7B, 0x50, 0x4C, 0x12, 0x01, 0x13, 0x09, 0x0E, 
   0x18, 0x33, 0x01, 0x46, 0x69, 0x16, 0xDD, 0x9B, 0xFD, 0x25, 
   0x9B, 0xE3, 0xD3, 0x63, 0x48, 0x02, 0xDB, 0x45, 0x65, 0x65, 
   0x45, 0x8C, 0x11, 0x0A, 0x09, 0x0B, 0x89, 0x5D, 0x5B, 0x85, 
   0x0B, 0x0B, 0x14, 0x43, 0x42, 0x56, 0x01, 0xD8, 0x0D, 0x94, 
   0xEB, 0x2F, 0x7C, 0x5D, 0x6F, 0x34, 0xA6, 0xBB, 0x05, 0x10, 
   0x05, 0x62, 0xB6, 0x3F, 0x03, 0x57, 0xEB, 0x7E, 0xC2, 0x26, 
   0xAE, 0x5C, 0x25, 0xE9, 0x01, 0x63, 0x2A, 0x0A, 0x05, 0x03, 
   0x09, 0x1E, 0x0B, 0x11, 0x4B, 0x33, 0x34, 0x38, 0x75, 0x71, 
   0x5D, 0x18, 0x16, 0x04, 0x0F, 0x06, 0x02, 0x49, 0x27, 0x27, 
   0x46, 0x4C, 0x01, 0x65, 0x43, 0x36, 0x4E, 0x9E, 0xDF, 0xE2, 
   0x9B, 0x48, 0x65, 0x66, 0x47, 0x45, 0x65, 0x18, 0x44, 0x5C, 
   0x7C, 0x7C, 0x5C, 0x3B, 0x18, 0x09, 0x06, 0x61, 0x02, 0x68, 
   0xA7, 0x8C, 0x4D, 0x45, 0x76, 0x54, 0x01, 0x38, 0xB0, 0x24, 
   0x01, 0x54, 0x4E, 0x02, 0x6C, 0x00, 0x00, 0x0A, 0x00, 0x00, 
   0xFF, 0xF5, 0x09, 0xEB, 0x05, 0xF8, 0x00, 0x1D, 0x00, 0x3C, 
   0x00, 0x49, 0x00, 0x56, 0x00, 0x63, 0x00, 0x6F, 0x00, 0x7C, 
   0x00, 0x88, 0x00, 0x94, 0x00, 0xA1, 0x01, 0x97, 0x00, 0xB2, 
   0x81, 0x00, 0x00, 0x2B, 0xB0, 0x87, 0xCD, 0xB0, 0x15, 0x20, 
   0xD6, 0x11, 0xB0, 0x0B, 0xCD, 0xB0, 0x0B, 0x10, 0xB0, 0x47, 
   0x20, 0xD6, 0x11, 0xB0, 0x41, 0xCD, 0xB0, 0x41, 0x10, 0xB0, 
   0x68, 0x20, 0xD6, 0x11, 0xB0, 0x6E, 0xCD, 0xB0, 0x99, 0x2F, 
   0xB0, 0x04, 0x33, 0xB0, 0x9F, 0xCD, 0xB0, 0x1A, 0x32, 0xB0, 
   0x22, 0x2F, 0xB0, 0x3A, 0xCD, 0xB0, 0x34, 0x2F, 0xB0, 0x8D, 
   0x33, 0xB0, 0x29, 0xCD, 0xB0, 0x4E, 0x20, 0xD6, 0x11, 0xB0, 
   0x54, 0xCD, 0xB0, 0x34, 0x10, 0xB0, 0x74, 0x20, 0xD6, 0x11, 
   0xB0, 0x7A, 0xCD, 0xB0, 0x34, 0x10, 0xB0, 0x93, 0xCD, 0xB3, 
   0x5B, 0x29, 0x34, 0x08, 0x2B, 0xB0, 0x61, 0xCD, 0x01, 0xB0, 
   0xA2, 0x2F, 0xB0, 0x4A, 0xD6, 0xB0, 0x51, 0xCD, 0xB3, 0x44, 
   0x51, 0x4A, 0x08, 0x2B, 0xB0, 0x3D, 0xCD, 0xB0, 0x3D, 0x2F, 
   0xB0, 0x44, 0xCD, 0xB0, 0x51, 0x10, 0xB1, 0x57, 0x01, 0x2B, 
   0xB0, 0x5E, 0xCD, 0xB0, 0x6B, 0x32, 0xB0, 0x5E, 0x10, 0xB1, 
   0x7E, 0x01, 0x2B, 0xB0, 0x84, 0xCD, 0xB0, 0x70, 0x20, 0xD6, 
   0x11, 0xB0, 0x77, 0xCD, 0xB0, 0x84, 0x10, 0xB1, 0x8A, 0x01, 
   0x2B, 0xB0, 0x90, 0xCD, 0xB0, 0x90, 0x10, 0xB1, 0x08, 0x01, 
   0x2B, 0xB0, 0x18, 0xCD, 0xB0, 0x18, 0x10, 0xB1, 0x95, 0x01, 
   0x2B, 0xB0, 0x9C, 0xCD, 0xB0, 0x9C, 0x10, 0xB1, 0x37, 0x01, 
   0x2B, 0xB0, 0x26, 0xCD, 0xB1, 0xA3, 0x01, 0x2B, 0xB1, 0x4A, 
   0x3D, 0x11, 0x12, 0xB1, 0x41, 0x47, 0x39, 0x39, 0xB1, 0x51, 
   0x44, 0x11, 0x12, 0xB1, 0x4E, 0x54, 0x39, 0x39, 0xB0, 0x57, 
   0x11, 0xB1, 0x64, 0x65, 0x39, 0x39, 0xB0, 0x5E, 0x12, 0xB1, 
   0x5B, 0x61, 0x39, 0x39, 0xB1, 0x77, 0x7E, 0x11, 0x12, 0xB3, 
   0x74, 0x7A, 0x81, 0x87, 0x24, 0x17, 0x39, 0xB1, 0x8A, 0x84, 
   0x11, 0x12, 0xB1, 0x0E, 0x11, 0x39, 0x39, 0xB0, 0x90, 0x11, 
   0xB3, 0x0A, 0x0C, 0x15, 0x05, 0x24, 0x17, 0x39, 0xB1, 0x95, 
   0x18, 0x11, 0x12, 0xB1, 0x2D, 0x30, 0x39, 0x39, 0xB0, 0x9C, 
   0x11, 0xB3, 0x29, 0x34, 0x39, 0x32, 0x24, 0x17, 0x39, 0x00, 
   0xB1, 0x41, 0x15, 0x11, 0x12, 0xB0, 0x7E, 0x39, 0xB0, 0x68, 
   0x11, 0xB0, 0x84, 0x39, 0xB0, 0x87, 0x12, 0xB3, 0x44, 0x65, 
   0x3D, 0x7D, 0x24, 0x17, 0x39, 0xB0, 0x0B, 0x11, 0xB2, 0x11, 
   0x17, 0x6B, 0x39, 0x39, 0x39, 0xB1, 0x6E, 0x47, 0x11, 0x12, 
   0xB2, 0x0C, 0x0E, 0x64, 0x39, 0x39, 0x39, 0xB0, 0x99, 0x11, 
   0xB0, 0x08, 0x39, 0xB0, 0x9F, 0x12, 0xB1, 0x00, 0x18, 0x39, 
   0x39, 0xB1, 0x4E, 0x3A, 0x11, 0x12, 0xB1, 0x37, 0x26, 0x39, 
   0x39, 0xB0, 0x74, 0x11, 0xB2, 0x32, 0x36, 0x30, 0x39, 0x39, 
   0x39, 0xB1, 0x54, 0x34, 0x11, 0x12, 0xB6, 0x2D, 0x4A, 0x51, 
   0x70, 0x77, 0x8A, 0x90, 0x24, 0x17, 0x39, 0xB0, 0x7A, 0x11, 
   0xB0, 0x89, 0x39, 0xB1, 0x61, 0x29, 0x11, 0x12, 0xB1, 0x57, 
   0x5E, 0x39, 0x39, 0x30, 0x31, 0x11, 0x14, 0x17, 0x16, 0x33, 
   0x21, 0x32, 0x16, 0x15, 0x14, 0x06, 0x22, 0x27, 0x26, 0x23, 
   0x22, 0x06, 0x15, 0x14, 0x17, 0x16, 0x33, 0x32, 0x36, 0x34, 
   0x26, 0x23, 0x21, 0x22, 0x06, 0x11, 0x14, 0x17, 0x16, 0x33, 
   0x21, 0x32, 0x36, 0x35, 0x34, 0x26, 0x23, 0x22, 0x07, 0x06, 
   0x15, 0x14, 0x16, 0x33, 0x32, 0x37, 0x36, 0x33, 0x32, 0x16, 
   0x14, 0x06, 0x23, 0x21, 0x22, 0x06, 0x13, 0x14, 0x17, 0x16, 
   0x33, 0x32, 0x36, 0x35, 0x34, 0x26, 0x23, 0x22, 0x06, 0x13, 
   0x14, 0x17, 0x16, 0x33, 0x32, 0x36, 0x35, 0x34, 0x26, 0x23, 
   0x22, 0x06, 0x25, 0x14, 0x17, 0x16, 0x33, 0x32, 0x36, 0x35, 
   0x34, 0x26, 0x23, 0x22, 0x06, 0x12, 0x14, 0x17, 0x16, 0x33, 
   0x32, 0x36, 0x35, 0x34, 0x26, 0x23, 0x22, 0x01, 0x14, 0x17, 
   0x16, 0x33, 0x32, 0x36, 0x35, 0x34, 0x26, 0x23, 0x22, 0x06, 
   0x12, 0x14, 0x17, 0x16, 0x33, 0x32, 0x36, 0x35, 0x34, 0x26, 
   0x23, 0x22, 0x00, 0x14, 0x17, 0x16, 0x33, 0x32, 0x36, 0x35, 
   0x34, 0x26, 0x23, 0x22, 0x01, 0x14, 0x17, 0x16, 0x33, 0x32, 
   0x36, 0x35, 0x34, 0x26, 0x23, 0x22, 0x06, 0x1E, 0x1A, 0x29, 
   0x06, 0x1F, 0x2E, 0x40, 0x3F, 0x5E, 0x1F, 0x1A, 0x26, 0x28, 
   0x39, 0x1E, 0x5A, 0x77, 0x7D, 0xB2, 0xB3, 0x7C, 0xF9, 0xE1, 
   0x28, 0x39, 0x1E, 0x1C, 0x27, 0x08, 0x5A, 0x7D, 0xB3, 0xB3, 
   0x7D, 0x7B, 0x55, 0x1D, 0x37, 0x28, 0x27, 0x1C, 0x1E, 0x2D, 
   0x2E, 0x3F, 0x3F, 0x2E, 0xF7, 0xA6, 0x28, 0x39, 0xA8, 0x1A, 
   0x1A, 0x24, 0x27, 0x36, 0x37, 0x26, 0x24, 0x34, 0x65, 0x1A, 
   0x1A, 0x24, 0x27, 0x35, 0x36, 0x26, 0x24, 0x34, 0x01, 0x43, 
   0x1A, 0x1A, 0x24, 0x27, 0x36, 0x37, 0x26, 0x24, 0x34, 0x0A, 
   0x1B, 0x1A, 0x23, 0x27, 0x36, 0x37, 0x26, 0x24, 0x01, 0x8A, 
   0x1A, 0x1A, 0x24, 0x27, 0x36, 0x37, 0x26, 0x24, 0x34, 0x22, 
   0x1B, 0x1A, 0x23, 0x27, 0x36, 0x37, 0x26, 0x24, 0x01, 0xAA, 
   0x1A, 0x1B, 0x23, 0x27, 0x36, 0x37, 0x26, 0x23, 0x01, 0xEA, 
   0x1A, 0x1A, 0x24, 0x27, 0x35, 0x36, 0x26, 0x24, 0x34, 0x02, 
   0x09, 0x27, 0x1B, 0x1E, 0x40, 0x2F, 0x2E, 0x3D, 0x1F, 0x1C, 
   0x37, 0x26, 0x28, 0x1B, 0x58, 0xAC, 0xF8, 0xB3, 0x38, 0x01, 
   0x36, 0x25, 0x1C, 0x1C, 0xAE, 0x7B, 0x7C, 0xB0, 0x55, 0x1A, 
   0x2D, 0x29, 0x34, 0x1A, 0x21, 0x40, 0x5C, 0x3E, 0x38, 0xFC, 
   0xF6, 0x26, 0x18, 0x1A, 0x32, 0x26, 0x25, 0x35, 0x35, 0x03, 
   0xFE, 0x26, 0x18, 0x1A, 0x32, 0x26, 0x25, 0x35, 0x35, 0xD1, 
   0x26, 0x18, 0x1A, 0x32, 0x26, 0x25, 0x35, 0x35, 0xFB, 0x2B, 
   0x4A, 0x19, 0x1A, 0x32, 0x26, 0x25, 0x35, 0x03, 0xBE, 0x26, 
   0x18, 0x1A, 0x32, 0x26, 0x25, 0x35, 0x35, 0xFB, 0x6C, 0x4A, 
   0x19, 0x1A, 0x32, 0x26, 0x25, 0x35, 0x04, 0x70, 0x4A, 0x18, 
   0x1B, 0x32, 0x26, 0x25, 0x36, 0xFC, 0xB4, 0x26, 0x18, 0x1A, 
   0x32, 0x26, 0x25, 0x35, 0x35, 0x00, 0x00, 0x00, 0x00, 0x03, 
   0x00, 0x00, 0xFF, 0x71, 0x06, 0xDB, 0x06, 0x03, 0x00, 0x1A, 
   0x00, 0x35, 0x00, 0x44, 0x00, 0x78, 0x00, 0xB0, 0x03, 0x2F, 
   0xB0, 0x33, 0xCD, 0xB0, 0x2C, 0x2F, 0xB0, 0x41, 0xCD, 0xB0, 
   0x25, 0x2F, 0xB0, 0x36, 0xCD, 0xB0, 0x39, 0x2F, 0xB0, 0x11, 
   0xCD, 0x01, 0xB0, 0x45, 0x2F, 0xB0, 0x00, 0xD6, 0xB0, 0x1B, 
   0xCD, 0xB0, 0x1B, 0x10, 0xB1, 0x2F, 0x01, 0x2B, 0xB0, 0x07, 
   0xCD, 0xB0, 0x07, 0x10, 0xB1, 0x3C, 0x01, 0x2B, 0xB0, 0x0C, 
   0xCD, 0xB1, 0x46, 0x01, 0x2B, 0xB1, 0x2F, 0x1B, 0x11, 0x12, 
   0xB4, 0x11, 0x18, 0x36, 0x39, 0x41, 0x24, 0x17, 0x39, 0xB0, 
   0x07, 0x11, 0xB1, 0x09, 0x3F, 0x39, 0x39, 0x00, 0xB1, 0x2C, 
   0x33, 0x11, 0x12, 0xB3, 0x07, 0x09, 0x1E, 0x00, 0x24, 0x17, 
   0x39, 0xB0, 0x41, 0x11, 0xB3, 0x18, 0x23, 0x29, 0x3F, 0x24, 
   0x17, 0x39, 0xB1, 0x36, 0x25, 0x11, 0x12, 0xB2, 0x0C, 0x16, 
   0x3C, 0x39, 0x39, 0x39, 0x30, 0x31, 0x35, 0x14, 0x16, 0x33, 
   0x21, 0x32, 0x36, 0x35, 0x34, 0x27, 0x36, 0x12, 0x35, 0x34, 
   0x2E, 0x02, 0x23, 0x22, 0x04, 0x02, 0x1D, 0x01, 0x06, 0x07, 
   0x0E, 0x01, 0x17, 0x34, 0x36, 0x3F, 0x01, 0x32, 0x35, 0x37, 
   0x3E, 0x01, 0x33, 0x32, 0x16, 0x1F, 0x01, 0x16, 0x3B, 0x01, 
   0x32, 0x16, 0x15, 0x14, 0x06, 0x23, 0x21, 0x22, 0x26, 0x01, 
   0x3E, 0x01, 0x33, 0x32, 0x16, 0x15, 0x14, 0x06, 0x07, 0x26, 
   0x23, 0x2E, 0x01, 0x23, 0xE3, 0x9B, 0x02, 0xDB, 0x9B, 0xDD, 
   0x16, 0x85, 0x9B, 0x65, 0xAC, 0xEC, 0x81, 0xAF, 0xFE, 0xD9, 
   0xA9, 0xA1, 0x33, 0x79, 0x91, 0xD3, 0x56, 0x42, 0x43, 0x14, 
   0x0B, 0x0B, 0x85, 0x5B, 0x5D, 0x89, 0x0B, 0x09, 0x0A, 0x11, 
   0x8C, 0x45, 0x65, 0x65, 0x45, 0xFD, 0x25, 0x48, 0x63, 0x01, 
   0xD8, 0x0B, 0xF9, 0xAE, 0xB2, 0xF9, 0x6C, 0x5D, 0x5E, 0x7B, 
   0x2F, 0xEB, 0x94, 0xEF, 0x9B, 0xE3, 0xE0, 0x9E, 0x4D, 0x36, 
   0x55, 0x01, 0x1B, 0xA1, 0x82, 0xED, 0xAB, 0x66, 0xAC, 0xFE, 
   0xDA, 0xAE, 0x24, 0x5C, 0xAE, 0x26, 0xC2, 0x7E, 0x43, 0x60, 
   0x06, 0x09, 0x18, 0x3C, 0x5C, 0x7C, 0x7C, 0x5C, 0x45, 0x18, 
   0x64, 0x45, 0x48, 0x66, 0x66, 0x02, 0xF2, 0xAF, 0xEE, 0xFE, 
   0xB5, 0x70, 0xBF, 0x3B, 0x4E, 0x8C, 0xA6, 0x00, 0x00, 0x02, 
   0x00, 0x03, 0xFE, 0xE2, 0x08, 0xA8, 0x06, 0xCF, 0x00, 0x66, 
   0x00, 0x80, 0x00, 0x90, 0x00, 0xB0, 0x38, 0x2F, 0xB0, 0x4C, 
   0xCD, 0xB0, 0x5C, 0x2F, 0xB0, 0x1F, 0x33, 0xB0, 0x69, 0xCD, 
   0xB1, 0x6F, 0x75, 0x32, 0x32, 0xB2, 0x5C, 0x69, 0x0A, 0x2B, 
   0xB3, 0x40, 0x5C, 0x26, 0x09, 0x2B, 0xB2, 0x1B, 0x58, 0x62, 
   0x32, 0x32, 0x32, 0xB0, 0x7C, 0x2F, 0xB0, 0x09, 0xCD, 0x01, 
   0xB0, 0x81, 0x2F, 0xB0, 0x40, 0xD6, 0xB0, 0x48, 0xCD, 0xB0, 
   0x48, 0x10, 0xB1, 0x52, 0x01, 0x2B, 0xB0, 0x05, 0x32, 0xB0, 
   0x2C, 0xCD, 0xB0, 0x0C, 0x32, 0xB1, 0x82, 0x01, 0x2B, 0xB1, 
   0x48, 0x40, 0x11, 0x12, 0xB3, 0x3E, 0x49, 0x5A, 0x5B, 0x24, 
   0x17, 0x39, 0xB0, 0x52, 0x11, 0xB2, 0x38, 0x4C, 0x6C, 0x39, 
   0x39, 0x39, 0xB0, 0x2C, 0x12, 0xB0, 0x7C, 0x39, 0x00, 0xB1, 
   0x5C, 0x4C, 0x11, 0x12, 0xB6, 0x15, 0x2A, 0x2E, 0x42, 0x44, 
   0x53, 0x5A, 0x24, 0x17, 0x39, 0xB0, 0x69, 0x11, 0xB3, 0x67, 
   0x6C, 0x72, 0x78, 0x24, 0x17, 0x39, 0xB1, 0x09, 0x7C, 0x11, 
   0x12, 0xB1, 0x04, 0x0E, 0x39, 0x39, 0x30, 0x31, 0x13, 0x3E, 
   0x01, 0x37, 0x00, 0x25, 0x35, 0x34, 0x36, 0x33, 0x32, 0x16, 
   0x1D, 0x01, 0x16, 0x04, 0x1E, 0x01, 0x17, 0x1E, 0x02, 0x17, 
   0x1D, 0x01, 0x14, 0x06, 0x23, 0x22, 0x27, 0x26, 0x23, 0x0E, 
   0x03, 0x07, 0x06, 0x23, 0x22, 0x27, 0x26, 0x27, 0x11, 0x15, 
   0x1C, 0x01, 0x0E, 0x06, 0x07, 0x06, 0x23, 0x22, 0x27, 0x2E, 
   0x05, 0x36, 0x35, 0x34, 0x36, 0x17, 0x32, 0x16, 0x15, 0x06, 
   0x17, 0x16, 0x33, 0x32, 0x37, 0x3E, 0x01, 0x2F, 0x01, 0x11, 
   0x06, 0x07, 0x0E, 0x01, 0x23, 0x22, 0x27, 0x26, 0x07, 0x0E, 
   0x03, 0x07, 0x06, 0x22, 0x27, 0x2E, 0x01, 0x37, 0x36, 0x3B, 
   0x01, 0x32, 0x17, 0x3E, 0x01, 0x37, 0x33, 0x32, 0x17, 0x3E, 
   0x01, 0x37, 0x33, 0x32, 0x17, 0x26, 0x27, 0x00, 0x21, 0x22, 
   0x04, 0x07, 0x06, 0x03, 0x02, 0x66, 0x5B, 0x01, 0x2A, 0x02, 
   0x1F, 0x2D, 0x1D, 0x1E, 0x2E, 0x9D, 0x01, 0x10, 0xC9, 0x8F, 
   0x39, 0x42, 0x5E, 0x24, 0x01, 0x2D, 0x1E, 0x32, 0x0E, 0x7D, 
   0x93, 0x37, 0x6E, 0x42, 0x3A, 0x01, 0x1E, 0x1B, 0x24, 0x13, 
   0x74, 0x62, 0x01, 0x02, 0x06, 0x07, 0x0C, 0x0F, 0x15, 0x0C, 
   0x51, 0x98, 0xA2, 0x51, 0x13, 0x1D, 0x0F, 0x0B, 0x02, 0x01, 
   0x02, 0x32, 0x22, 0x1C, 0x26, 0x0A, 0x25, 0x21, 0x6C, 0x53, 
   0x26, 0x15, 0x13, 0x01, 0x01, 0x75, 0x59, 0x07, 0x24, 0x0E, 
   0x1C, 0x24, 0x80, 0x90, 0x40, 0x70, 0x38, 0x3C, 0x04, 0x21, 
   0x2B, 0x1E, 0x1A, 0x0B, 0xE1, 0x6C, 0x61, 0x09, 0xB8, 0x98, 
   0x3D, 0xAE, 0x66, 0x09, 0xB8, 0x98, 0x3D, 0xAE, 0x66, 0x0A, 
   0x5A, 0x61, 0x47, 0x17, 0xFE, 0xE1, 0xFE, 0x06, 0xFD, 0xFE, 
   0x72, 0x7E, 0x28, 0x03, 0x00, 0x36, 0xE5, 0x83, 0x01, 0xA1, 
   0x17, 0x2F, 0x21, 0x29, 0x29, 0x21, 0x2F, 0x07, 0x52, 0x83, 
   0x8B, 0x51, 0x5F, 0xD7, 0x80, 0x01, 0x09, 0x0B, 0x1C, 0x25, 
   0x1C, 0x8C, 0x03, 0x2B, 0x2E, 0x2F, 0x01, 0x1C, 0x13, 0x74, 
   0x19, 0xFC, 0xEE, 0x08, 0x08, 0x0C, 0x18, 0x14, 0x1D, 0x19, 
   0x1F, 0x1A, 0x1D, 0x0C, 0x5E, 0x5E, 0x13, 0x2C, 0x2B, 0x27, 
   0x26, 0x19, 0x19, 0x01, 0x1D, 0x2A, 0x06, 0x31, 0x23, 0x41, 
   0x2F, 0x2F, 0x26, 0x15, 0x3C, 0x14, 0x14, 0x03, 0x11, 0x1C, 
   0x5E, 0x0D, 0x17, 0x24, 0x8F, 0x03, 0x01, 0x28, 0x29, 0x37, 
   0x03, 0x17, 0x12, 0x10, 0x24, 0xBB, 0x39, 0x8E, 0x35, 0x52, 
   0x07, 0x8E, 0x35, 0x52, 0x07, 0x2F, 0x89, 0x28, 0x01, 0x76, 
   0xC0, 0xB6, 0x38, 0x00, 0x00, 0x00, 0x00, 0x0A, 0x00, 0x00, 
   0xFE, 0x71, 0x0B, 0x45, 0x08, 0xB8, 0x00, 0x1B, 0x00, 0x37, 
   0x00, 0x45, 0x00, 0x56, 0x00, 0x7B, 0x00, 0x88, 0x00, 0x94, 
   0x00, 0xA3, 0x00, 0xB3, 0x00, 0xC0, 0x01, 0x7D, 0x00, 0xB2, 
   0x04, 0x00, 0x00, 0x2B, 0xB0, 0x19, 0xCD, 0xB2, 0x87, 0x00, 
   0x00, 0x2B, 0xB0, 0x80, 0xCD, 0xB0, 0x13, 0x2F, 0xB0, 0x0A, 
   0xCD, 0xB0, 0x20, 0x2F, 0xB0, 0x35, 0xCD, 0xB0, 0x66, 0x2F, 
   0xB0, 0x6C, 0xCD, 0xB3, 0x30, 0x6C, 0x66, 0x08, 0x2B, 0xB0, 
   0x26, 0xCD, 0xB0, 0x43, 0x2F, 0xB0, 0xBE, 0x33, 0xB0, 0x3C, 
   0xCD, 0xB0, 0xB8, 0x32, 0xB0, 0x73, 0x2F, 0xB0, 0x5C, 0xCD, 
   0xB2, 0x73, 0x5C, 0x0A, 0x2B, 0xB3, 0x40, 0x73, 0x7A, 0x09, 
   0x2B, 0xB0, 0x93, 0x2F, 0xB0, 0x8D, 0xCD, 0x01, 0xB0, 0xC1, 
   0x2F, 0xB0, 0x08, 0xD6, 0xB0, 0x16, 0xCD, 0xB0, 0x3F, 0x32, 
   0xB0, 0x16, 0x10, 0xB0, 0x38, 0xCD, 0xB0, 0x38, 0x2F, 0xB0, 
   0x16, 0x10, 0xB1, 0x57, 0x01, 0x2B, 0xB0, 0x76, 0xCD, 0xB3, 
   0x32, 0x76, 0x57, 0x08, 0x2B, 0xB0, 0x24, 0xCD, 0xB0, 0x76, 
   0x10, 0xB1, 0x7C, 0x01, 0x2B, 0xB0, 0x89, 0x32, 0xB0, 0x84, 
   0xCD, 0xB0, 0x8F, 0x32, 0xB0, 0x84, 0x10, 0xB1, 0x70, 0x01, 
   0x2B, 0xB0, 0x61, 0xCD, 0xB2, 0x70, 0x61, 0x0A, 0x2B, 0xB3, 
   0x40, 0x70, 0x6A, 0x09, 0x2B, 0xB3, 0xA4, 0x61, 0x70, 0x08, 
   0x2B, 0xB0, 0x95, 0x33, 0xB0, 0xAC, 0xCD, 0xB0, 0x9D, 0x32, 
   0xB0, 0x61, 0x10, 0xB1, 0xB5, 0x01, 0x2B, 0xB0, 0xBC, 0xCD, 
   0xB1, 0xC2, 0x01, 0x2B, 0xB1, 0x08, 0x38, 0x11, 0x12, 0xB2, 
   0x05, 0x0B, 0x13, 0x39, 0x39, 0x39, 0xB0, 0x16, 0x11, 0xB0, 
   0x46, 0x39, 0xB0, 0x57, 0x12, 0xB3, 0x2E, 0x29, 0x4A, 0x52, 
   0x24, 0x17, 0x39, 0xB0, 0x32, 0x11, 0xB3, 0x2F, 0x26, 0x34, 
   0x4F, 0x24, 0x17, 0x39, 0xB1, 0x84, 0x7C, 0x11, 0x12, 0xB4, 
   0x65, 0x69, 0x5C, 0x6D, 0x73, 0x24, 0x17, 0x39, 0xB0, 0x70, 
   0x11, 0xB0, 0x6E, 0x39, 0xB1, 0xB5, 0x61, 0x11, 0x12, 0xB2, 
   0x99, 0xA9, 0xB1, 0x39, 0x39, 0x39, 0x00, 0xB1, 0x0A, 0x13, 
   0x11, 0x12, 0xB1, 0x10, 0x15, 0x39, 0x39, 0xB0, 0x87, 0x11, 
   0xB2, 0x07, 0x0D, 0x0F, 0x39, 0x39, 0x39, 0xB1, 0x19, 0x04, 
   0x11, 0x12, 0xB0, 0x16, 0x39, 0xB0, 0x20, 0x11, 0xB0, 0xA0, 
   0x39, 0xB0, 0x80, 0x12, 0xB0, 0x9E, 0x39, 0xB0, 0x35, 0x11, 
   0xB2, 0x23, 0x1C, 0x9D, 0x39, 0x39, 0x39, 0xB0, 0x66, 0x12, 
   0xB0, 0x95, 0x39, 0xB0, 0x30, 0x11, 0xB3, 0x2A, 0x2C, 0x32, 
   0x99, 0x24, 0x17, 0x39, 0xB0, 0x6C, 0x12, 0xB0, 0x24, 0x39, 
   0xB0, 0x26, 0x11, 0xB0, 0x29, 0x39, 0xB1, 0x3C, 0x43, 0x11, 
   0x12, 0xB2, 0x61, 0x70, 0x76, 0x39, 0x39, 0x39, 0xB1, 0x5C, 
   0x73, 0x11, 0x12, 0xB1, 0x52, 0xB1, 0x39, 0x39, 0xB0, 0x93, 
   0x11, 0xB3, 0x46, 0x4F, 0xA4, 0xAC, 0x24, 0x17, 0x39, 0xB0, 
   0x8D, 0x12, 0xB1, 0x4A, 0xA9, 0x39, 0x39, 0x30, 0x31, 0x35, 
   0x14, 0x17, 0x16, 0x33, 0x21, 0x32, 0x16, 0x14, 0x06, 0x22, 
   0x27, 0x26, 0x23, 0x22, 0x06, 0x14, 0x17, 0x16, 0x33, 0x32, 
   0x36, 0x34, 0x26, 0x23, 0x21, 0x22, 0x06, 0x11, 0x14, 0x17, 
   0x16, 0x33, 0x21, 0x32, 0x36, 0x34, 0x26, 0x23, 0x22, 0x07, 
   0x06, 0x14, 0x16, 0x33, 0x32, 0x37, 0x36, 0x32, 0x16, 0x14, 
   0x06, 0x23, 0x21, 0x22, 0x06, 0x01, 0x34, 0x37, 0x36, 0x3B, 
   0x01, 0x32, 0x16, 0x14, 0x06, 0x2B, 0x01, 0x22, 0x26, 0x01, 
   0x34, 0x37, 0x36, 0x33, 0x32, 0x1F, 0x01, 0x16, 0x15, 0x14, 
   0x06, 0x23, 0x22, 0x2F, 0x01, 0x26, 0x01, 0x35, 0x3E, 0x02, 
   0x33, 0x32, 0x1E, 0x02, 0x15, 0x14, 0x0E, 0x01, 0x07, 0x23, 
   0x22, 0x26, 0x3D, 0x01, 0x34, 0x3B, 0x01, 0x3E, 0x01, 0x35, 
   0x34, 0x26, 0x23, 0x22, 0x06, 0x07, 0x14, 0x06, 0x2B, 0x01, 
   0x22, 0x01, 0x35, 0x34, 0x36, 0x33, 0x32, 0x16, 0x1D, 0x01, 
   0x14, 0x06, 0x22, 0x26, 0x11, 0x35, 0x34, 0x36, 0x32, 0x16, 
   0x1D, 0x01, 0x14, 0x06, 0x22, 0x26, 0x01, 0x34, 0x37, 0x36, 
   0x33, 0x32, 0x1F, 0x01, 0x16, 0x14, 0x07, 0x06, 0x2F, 0x01, 
   0x26, 0x11, 0x34, 0x3F, 0x01, 0x36, 0x33, 0x32, 0x16, 0x15, 
   0x14, 0x0F, 0x01, 0x06, 0x23, 0x22, 0x26, 0x12, 0x34, 0x37, 
   0x36, 0x3B, 0x01, 0x32, 0x16, 0x14, 0x06, 0x2B, 0x01, 0x22, 
   0x1D, 0x1B, 0x26, 0x02, 0x73, 0x29, 0x3F, 0x3F, 0x52, 0x20, 
   0x1D, 0x24, 0x26, 0x34, 0x1A, 0x55, 0x75, 0x76, 0xA6, 0xA6, 
   0x76, 0xFD, 0x8D, 0x26, 0x38, 0x1D, 0x1A, 0x27, 0x04, 0x92, 
   0x76, 0xA7, 0xA6, 0x77, 0x79, 0x50, 0x19, 0x31, 0x27, 0x26, 
   0x1C, 0x1E, 0x54, 0x3D, 0x3D, 0x2A, 0xFB, 0x6E, 0x26, 0x38, 
   0x02, 0x69, 0x1C, 0x1C, 0x24, 0xD9, 0x25, 0x32, 0x32, 0x25, 
   0xD9, 0x26, 0x36, 0x01, 0x31, 0x19, 0x1F, 0x25, 0x23, 0x1C, 
   0x98, 0x1A, 0x34, 0x25, 0x27, 0x18, 0x9D, 0x19, 0x01, 0x10, 
   0x03, 0x98, 0xFE, 0x93, 0x70, 0xCE, 0x95, 0x58, 0x94, 0xFE, 
   0x96, 0x16, 0x0B, 0x0F, 0x17, 0x1A, 0x9A, 0xDB, 0xDD, 0x9C, 
   0x97, 0xDA, 0x06, 0x11, 0x13, 0x79, 0x18, 0x01, 0xD1, 0x35, 
   0x26, 0x28, 0x33, 0x35, 0x4C, 0x35, 0x35, 0x4C, 0x35, 0x35, 
   0x4C, 0x35, 0x02, 0x4D, 0x18, 0x18, 0x25, 0x27, 0x19, 0x9B, 
   0x1A, 0x1A, 0x40, 0x40, 0x98, 0x18, 0x18, 0x98, 0x1C, 0x23, 
   0x25, 0x36, 0x1A, 0x9B, 0x1D, 0x23, 0x24, 0x31, 0xF1, 0x1A, 
   0x1A, 0x23, 0xD8, 0x25, 0x38, 0x38, 0x25, 0xD8, 0x25, 0x50, 
   0x26, 0x1A, 0x1B, 0x3C, 0x56, 0x3E, 0x20, 0x1A, 0x33, 0x4C, 
   0x1A, 0x55, 0xA7, 0xEC, 0xA7, 0x36, 0x01, 0x1C, 0x24, 0x1A, 
   0x1A, 0xA7, 0xEC, 0xA4, 0x51, 0x1A, 0x4E, 0x31, 0x19, 0x1E, 
   0x3C, 0x56, 0x3E, 0x37, 0x02, 0x95, 0x26, 0x1C, 0x1A, 0x36, 
   0x4C, 0x35, 0x36, 0x03, 0x07, 0x25, 0x1C, 0x1A, 0x1A, 0x9D, 
   0x18, 0x27, 0x26, 0x33, 0x1A, 0x98, 0x1B, 0xFD, 0x52, 0x07, 
   0x92, 0xF7, 0x8F, 0x59, 0x95, 0xCE, 0x70, 0x96, 0xFF, 0x95, 
   0x01, 0x10, 0x0B, 0x82, 0x15, 0x01, 0xDD, 0x9B, 0x9A, 0xDA, 
   0xD0, 0x95, 0x09, 0x13, 0xFB, 0xFC, 0xD4, 0x26, 0x34, 0x34, 
   0x26, 0xD4, 0x27, 0x36, 0x36, 0x07, 0x70, 0xDA, 0x25, 0x36, 
   0x36, 0x25, 0xDA, 0x25, 0x31, 0x31, 0xFA, 0xA7, 0x25, 0x17, 
   0x19, 0x19, 0x98, 0x1C, 0x4A, 0x1A, 0x32, 0x32, 0x98, 0x1B, 
   0x04, 0xB6, 0x28, 0x17, 0x9D, 0x1A, 0x36, 0x25, 0x28, 0x1A, 
   0x98, 0x1A, 0x33, 0xFD, 0xB9, 0x4C, 0x1C, 0x1A, 0x37, 0x4A, 
   0x36, 0x00, 0x00, 0x00, 0x00, 0x03, 0x00, 0x00, 0x00, 0x00, 
   0x09, 0x0D, 0x06, 0xDF, 0x00, 0x30, 0x00, 0x4D, 0x00, 0x5D, 
   0x00, 0xA6, 0x00, 0xB2, 0x2D, 0x00, 0x00, 0x2B, 0xB0, 0x34, 
   0xCD, 0xB0, 0x3B, 0x2F, 0xB0, 0x4A, 0x33, 0xB0, 0x50, 0xCD, 
   0xB0, 0x43, 0x2F, 0xB0, 0x08, 0xCD, 0xB0, 0x5B, 0x2F, 0xB0, 
   0x0F, 0xCD, 0x01, 0xB0, 0x5E, 0x2F, 0xB0, 0x00, 0xD6, 0xB0, 
   0x31, 0xCD, 0xB0, 0x31, 0x10, 0xB1, 0x58, 0x01, 0x2B, 0xB0, 
   0x17, 0xCD, 0xB0, 0x17, 0x10, 0xB1, 0x38, 0x01, 0x2B, 0xB0, 
   0x28, 0xCD, 0xB2, 0x28, 0x38, 0x0A, 0x2B, 0xB3, 0x40, 0x28, 
   0x1F, 0x09, 0x2B, 0xB1, 0x5F, 0x01, 0x2B, 0xB1, 0x58, 0x31, 
   0x11, 0x12, 0xB4, 0x03, 0x0F, 0x3C, 0x4E, 0x50, 0x24, 0x17, 
   0x39, 0xB1, 0x38, 0x17, 0x11, 0x12, 0xB1, 0x13, 0x53, 0x39, 
   0x39, 0xB0, 0x28, 0x11, 0xB1, 0x24, 0x55, 0x39, 0x39, 0x00, 
   0xB1, 0x3B, 0x34, 0x11, 0x12, 0xB2, 0x24, 0x28, 0x00, 0x39, 
   0x39, 0x39, 0xB0, 0x50, 0x11, 0xB2, 0x03, 0x53, 0x55, 0x39, 
   0x39, 0x39, 0xB0, 0x43, 0x12, 0xB4, 0x1F, 0x3F, 0x1C, 0x45, 
   0x46, 0x24, 0x17, 0x39, 0xB0, 0x08, 0x11, 0xB2, 0x0A, 0x17, 
   0x4E, 0x39, 0x39, 0x39, 0xB0, 0x5B, 0x12, 0xB0, 0x59, 0x39, 
   0xB0, 0x0F, 0x11, 0xB0, 0x15, 0x39, 0x30, 0x31, 0x11, 0x34, 
   0x12, 0x37, 0x3E, 0x01, 0x37, 0x36, 0x33, 0x32, 0x17, 0x3E, 
   0x03, 0x33, 0x32, 0x1F, 0x01, 0x16, 0x0F, 0x01, 0x06, 0x15, 
   0x14, 0x1E, 0x02, 0x1F, 0x01, 0x16, 0x15, 0x14, 0x0F, 0x01, 
   0x06, 0x07, 0x16, 0x17, 0x16, 0x15, 0x14, 0x0E, 0x01, 0x23, 
   0x21, 0x22, 0x2E, 0x01, 0x37, 0x14, 0x16, 0x33, 0x21, 0x32, 
   0x36, 0x35, 0x34, 0x26, 0x2B, 0x01, 0x27, 0x2E, 0x01, 0x27, 
   0x22, 0x26, 0x23, 0x22, 0x07, 0x35, 0x0E, 0x01, 0x0F, 0x02, 
   0x0E, 0x01, 0x01, 0x16, 0x17, 0x33, 0x32, 0x17, 0x36, 0x37, 
   0x26, 0x02, 0x3D, 0x01, 0x26, 0x23, 0x26, 0x06, 0xE3, 0xB3, 
   0x25, 0xE1, 0x9D, 0x63, 0x6B, 0x82, 0x79, 0x2D, 0x79, 0x81, 
   0x7A, 0x3B, 0x3D, 0x46, 0x57, 0x16, 0x07, 0x0F, 0x0B, 0x1F, 
   0x3E, 0x6C, 0x45, 0x42, 0x10, 0x02, 0x13, 0x2C, 0x74, 0x40, 
   0x05, 0x01, 0x8E, 0xF3, 0x8F, 0xFB, 0x7F, 0x8F, 0xF2, 0x8C, 
   0xB6, 0xCC, 0x8B, 0x04, 0x81, 0x8E, 0xCB, 0xCC, 0x8D, 0xBE, 
   0x0B, 0x10, 0xEC, 0xA3, 0x05, 0x15, 0x05, 0x51, 0x53, 0x75, 
   0x9F, 0x10, 0x07, 0x49, 0x87, 0xB2, 0x04, 0xE5, 0xAA, 0x28, 
   0x22, 0xC7, 0x8B, 0x35, 0x1C, 0x92, 0xA8, 0x08, 0x12, 0x5D, 
   0xB0, 0x02, 0x10, 0xB9, 0x01, 0x1E, 0x28, 0xA5, 0xF7, 0x35, 
   0x22, 0x33, 0x4B, 0x6E, 0x3B, 0x1C, 0x11, 0x1B, 0x09, 0x0F, 
   0x40, 0x32, 0x2A, 0x32, 0x66, 0x62, 0x50, 0x15, 0x17, 0x04, 
   0x0D, 0x03, 0x04, 0x48, 0xAC, 0x66, 0x70, 0x7F, 0x08, 0x10, 
   0x8F, 0xF3, 0x8E, 0x8E, 0xF3, 0x8F, 0x8E, 0xD0, 0xCE, 0x90, 
   0x8C, 0xCB, 0x50, 0xA2, 0xE5, 0x0D, 0x02, 0x1F, 0x02, 0x2D, 
   0xCA, 0x82, 0x4D, 0x03, 0x10, 0xC2, 0x02, 0xDC, 0x91, 0xC2, 
   0x7E, 0x32, 0x40, 0x45, 0x01, 0x1A, 0x9C, 0x1A, 0x01, 0x02, 
   0x61, 0x00, 0x00, 0x00, 0x00, 0x01, 0xFF, 0xFF, 0x01, 0xDF, 
   0x02, 0xA3, 0x04, 0x83, 0x00, 0x1C, 0x00, 0x2E, 0x00, 0xB0, 
   0x0C, 0x2F, 0xB0, 0x05, 0xCD, 0xB2, 0x0C, 0x05, 0x0A, 0x2B, 
   0xB3, 0x40, 0x0C, 0x1A, 0x09, 0x2B, 0x01, 0xB0, 0x1D, 0x2F, 
   0xB0, 0x00, 0xD6, 0xB0, 0x17, 0xCD, 0xB2, 0x17, 0x00, 0x0A, 
   0x2B, 0xB3, 0x40, 0x17, 0x08, 0x09, 0x2B, 0xB1, 0x1E, 0x01, 
   0x2B, 0x00, 0x30, 0x31, 0x03, 0x11, 0x34, 0x36, 0x33, 0x21, 
   0x32, 0x16, 0x15, 0x14, 0x06, 0x2B, 0x01, 0x01, 0x16, 0x15, 
   0x14, 0x07, 0x06, 0x23, 0x22, 0x27, 0x01, 0x15, 0x14, 0x06, 
   0x23, 0x22, 0x26, 0x01, 0x29, 0x1E, 0x01, 0x32, 0x1E, 0x29, 
   0x29, 0x1E, 0x85, 0x01, 0x9E, 0x12, 0x12, 0x14, 0x22, 0x1F, 
   0x13, 0xFE, 0x65, 0x29, 0x1F, 0x1E, 0x29, 0x03, 0x0A, 0x01, 
   0x31, 0x1F, 0x29, 0x29, 0x1F, 0x1E, 0x27, 0xFE, 0x62, 0x15, 
   0x20, 0x1E, 0x13, 0x13, 0x13, 0x01, 0x9D, 0x85, 0x1F, 0x29, 
   0x2A, 0x00, 0x00, 0x00, 0x00, 0x01, 0x00, 0x00, 0x01, 0xCB, 
   0x02, 0xA6, 0x04, 0x70, 0x00, 0x1B, 0x00, 0x2E, 0x00, 0xB0, 
   0x13, 0x2F, 0xB0, 0x19, 0xCD, 0xB2, 0x19, 0x13, 0x0A, 0x2B, 
   0xB3, 0x40, 0x19, 0x0B, 0x09, 0x2B, 0x01, 0xB0, 0x1C, 0x2F, 
   0xB0, 0x07, 0xD6, 0xB0, 0x0E, 0xCD, 0xB2, 0x07, 0x0E, 0x0A, 
   0x2B, 0xB3, 0x40, 0x07, 0x16, 0x09, 0x2B, 0xB1, 0x1D, 0x01, 
   0x2B, 0x00, 0x30, 0x31, 0x10, 0x34, 0x37, 0x36, 0x33, 0x32, 
   0x17, 0x01, 0x35, 0x34, 0x36, 0x33, 0x32, 0x16, 0x15, 0x11, 
   0x14, 0x06, 0x23, 0x21, 0x22, 0x26, 0x35, 0x34, 0x36, 0x3B, 
   0x01, 0x01, 0x12, 0x14, 0x22, 0x1F, 0x13, 0x01, 0x9D, 0x29, 
   0x1F, 0x1E, 0x29, 0x29, 0x1E, 0xFE, 0xCE, 0x1E, 0x29, 0x29, 
   0x1E, 0x84, 0xFE, 0x61, 0x04, 0x0C, 0x3E, 0x13, 0x13, 0x13, 
   0xFE, 0x63, 0x85, 0x1F, 0x29, 0x2A, 0x1E, 0xFE, 0xCE, 0x1F, 
   0x29, 0x29, 0x1F, 0x1E, 0x28, 0x01, 0x9E, 0x00, 0x00, 0x00, 
   0x00, 0x03, 0x00, 0x00, 0x00, 0x00, 0x06, 0x01, 0x06, 0x01, 
   0x00, 0x12, 0x00, 0x20, 0x00, 0x2E, 0x00, 0x59, 0x00, 0xB2, 
   0x0E, 0x00, 0x00, 0x2B, 0xB0, 0x17, 0xCD, 0xB0, 0x1E, 0x2F, 
   0xB0, 0x04, 0xCD, 0x01, 0xB0, 0x2F, 0x2F, 0xB0, 0x00, 0xD6, 
   0xB0, 0x13, 0xCD, 0xB0, 0x13, 0x10, 0xB1, 0x21, 0x01, 0x2B, 
   0xB0, 0x27, 0xCD, 0xB0, 0x27, 0x10, 0xB1, 0x1B, 0x01, 0x2B, 
   0xB0, 0x09, 0xCD, 0xB1, 0x30, 0x01, 0x2B, 0xB1, 0x21, 0x13, 
   0x11, 0x12, 0xB0, 0x1E, 0x39, 0xB0, 0x27, 0x11, 0xB2, 0x0E, 
   0x17, 0x04, 0x39, 0x39, 0x39, 0xB0, 0x1B, 0x12, 0xB0, 0x1D, 
   0x39, 0x00, 0xB1, 0x1E, 0x17, 0x11, 0x12, 0xB3, 0x09, 0x00, 
   0x24, 0x2B, 0x24, 0x17, 0x39, 0x30, 0x31, 0x11, 0x34, 0x12, 
   0x24, 0x33, 0x32, 0x04, 0x16, 0x12, 0x15, 0x14, 0x02, 0x06, 
   0x04, 0x23, 0x22, 0x24, 0x26, 0x02, 0x37, 0x14, 0x17, 0x16, 
   0x33, 0x32, 0x24, 0x12, 0x10, 0x02, 0x24, 0x20, 0x04, 0x02, 
   0x05, 0x14, 0x16, 0x33, 0x32, 0x36, 0x35, 0x11, 0x34, 0x26, 
   0x23, 0x22, 0x06, 0x15, 0xCF, 0x01, 0x62, 0xD0, 0x9C, 0x01, 
   0x1C, 0xCE, 0x7A, 0x7A, 0xCE, 0xFE, 0xE4, 0x9C, 0x9D, 0xFE, 
   0xE3, 0xCE, 0x79, 0xA9, 0xB1, 0xB1, 0xF6, 0xA2, 0x01, 0x14, 
   0xA2, 0xA2, 0xFE, 0xEC, 0xFE, 0xBC, 0xFE, 0xEC, 0xA2, 0x02, 
   0x1D, 0x21, 0x18, 0x17, 0x22, 0x22, 0x17, 0x18, 0x21, 0x02, 
   0xFF, 0xD1, 0x01, 0x63, 0xCE, 0x7A, 0xCE, 0xFE, 0xE3, 0x9D, 
   0x9C, 0xFE, 0xE3, 0xCD, 0x79, 0x7A, 0xCE, 0x01, 0x1B, 0x9C, 
   0xF3, 0xB3, 0xB1, 0xA1, 0x01, 0x14, 0x01, 0x44, 0x01, 0x15, 
   0xA1, 0xA1, 0xFE, 0xEB, 0xA2, 0x17, 0x22, 0x22, 0x17, 0x01, 
   0xC7, 0x18, 0x21, 0x21, 0x18, 0x00, 0x00, 0x00, 0x00, 0x03, 
   0x00, 0x00, 0x00, 0x00, 0x06, 0x01, 0x06, 0x01, 0x00, 0x12, 
   0x00, 0x20, 0x00, 0x35, 0x00, 0x5C, 0x00, 0xB2, 0x0E, 0x00, 
   0x00, 0x2B, 0xB0, 0x17, 0xCD, 0xB0, 0x1E, 0x2F, 0xB0, 0x04, 
   0xCD, 0x01, 0xB0, 0x36, 0x2F, 0xB0, 0x00, 0xD6, 0xB0, 0x13, 
   0xCD, 0xB0, 0x13, 0x10, 0xB1, 0x21, 0x01, 0x2B, 0xB0, 0x29, 
   0xCD, 0xB0, 0x29, 0x10, 0xB1, 0x1B, 0x01, 0x2B, 0xB0, 0x09, 
   0xCD, 0xB1, 0x37, 0x01, 0x2B, 0xB1, 0x21, 0x13, 0x11, 0x12, 
   0xB0, 0x1E, 0x39, 0xB0, 0x29, 0x11, 0xB3, 0x0E, 0x17, 0x04, 
   0x33, 0x24, 0x17, 0x39, 0xB0, 0x1B, 0x12, 0xB1, 0x1D, 0x2F, 
   0x39, 0x39, 0x00, 0xB1, 0x1E, 0x17, 0x11, 0x12, 0xB3, 0x09, 
   0x00, 0x25, 0x33, 0x24, 0x17, 0x39, 0x30, 0x31, 0x11, 0x34, 
   0x12, 0x24, 0x33, 0x32, 0x04, 0x16, 0x12, 0x15, 0x14, 0x02, 
   0x06, 0x04, 0x23, 0x22, 0x24, 0x26, 0x02, 0x37, 0x14, 0x17, 
   0x16, 0x33, 0x32, 0x24, 0x12, 0x10, 0x02, 0x24, 0x20, 0x04, 
   0x02, 0x05, 0x11, 0x34, 0x36, 0x33, 0x32, 0x16, 0x1D, 0x01, 
   0x37, 0x3E, 0x01, 0x17, 0x1E, 0x01, 0x07, 0x03, 0x06, 0x23, 
   0x22, 0x26, 0xCF, 0x01, 0x62, 0xD0, 0x9C, 0x01, 0x1C, 0xCE, 
   0x7A, 0x7A, 0xCE, 0xFE, 0xE4, 0x9C, 0x9D, 0xFE, 0xE3, 0xCE, 
   0x79, 0xA9, 0xB1, 0xB1, 0xF6, 0xA2, 0x01, 0x14, 0xA2, 0xA2, 
   0xFE, 0xEC, 0xFE, 0xBC, 0xFE, 0xEC, 0xA2, 0x02, 0x1D, 0x21, 
   0x18, 0x17, 0x22, 0x33, 0x0C, 0x2F, 0x14, 0x14, 0x0D, 0x0C, 
   0x9C, 0x0D, 0x27, 0x18, 0x21, 0x02, 0xFF, 0xD1, 0x01, 0x63, 
   0xCE, 0x7A, 0xCE, 0xFE, 0xE3, 0x9D, 0x9C, 0xFE, 0xE3, 0xCD, 
   0x79, 0x7A, 0xCE, 0x01, 0x1B, 0x9C, 0xF3, 0xB3, 0xB1, 0xA1, 
   0x01, 0x14, 0x01, 0x44, 0x01, 0x15, 0xA1, 0xA1, 0xFE, 0xEB, 
   0xA2, 0x01, 0xC7, 0x18, 0x21, 0x21, 0x18, 0xF1, 0x59, 0x14, 
   0x0C, 0x0C, 0x0B, 0x2E, 0x14, 0xFE, 0xF5, 0x24, 0x21, 0x00, 
   0x00, 0x03, 0x00, 0x00, 0x00, 0x00, 0x06, 0x01, 0x06, 0x01, 
   0x00, 0x12, 0x00, 0x20, 0x00, 0x35, 0x00, 0x5C, 0x00, 0xB2, 
   0x0E, 0x00, 0x00, 0x2B, 0xB0, 0x17, 0xCD, 0xB0, 0x1E, 0x2F, 
   0xB0, 0x04, 0xCD, 0x01, 0xB0, 0x36, 0x2F, 0xB0, 0x00, 0xD6, 
   0xB0, 0x13, 0xCD, 0xB0, 0x13, 0x10, 0xB1, 0x22, 0x01, 0x2B, 
   0xB0, 0x29, 0xCD, 0xB0, 0x29, 0x10, 0xB1, 0x1B, 0x01, 0x2B, 
   0xB0, 0x09, 0xCD, 0xB1, 0x37, 0x01, 0x2B, 0xB1, 0x22, 0x13, 
   0x11, 0x12, 0xB0, 0x1E, 0x39, 0xB0, 0x29, 0x11, 0xB3, 0x0E, 
   0x17, 0x04, 0x33, 0x24, 0x17, 0x39, 0xB0, 0x1B, 0x12, 0xB1, 
   0x1D, 0x2E, 0x39, 0x39, 0x00, 0xB1, 0x1E, 0x17, 0x11, 0x12, 
   0xB3, 0x09, 0x00, 0x25, 0x33, 0x24, 0x17, 0x39, 0x30, 0x31, 
   0x11, 0x34, 0x12, 0x24, 0x33, 0x32, 0x04, 0x16, 0x12, 0x15, 
   0x14, 0x02, 0x06, 0x04, 0x23, 0x22, 0x24, 0x26, 0x02, 0x37, 
   0x14, 0x17, 0x16, 0x33, 0x32, 0x24, 0x12, 0x10, 0x02, 0x24, 
   0x20, 0x04, 0x02, 0x05, 0x35, 0x11, 0x34, 0x36, 0x32, 0x16, 
   0x15, 0x11, 0x37, 0x36, 0x16, 0x17, 0x16, 0x06, 0x07, 0x05, 
   0x06, 0x23, 0x22, 0x26, 0xCF, 0x01, 0x62, 0xD0, 0x9C, 0x01, 
   0x1C, 0xCE, 0x7A, 0x7A, 0xCE, 0xFE, 0xE4, 0x9C, 0x9D, 0xFE, 
   0xE3, 0xCE, 0x79, 0xA9, 0xB1, 0xB1, 0xF6, 0xA2, 0x01, 0x14, 
   0xA2, 0xA2, 0xFE, 0xEC, 0xFE, 0xBC, 0xFE, 0xEC, 0xA2, 0x02, 
   0x1D, 0x21, 0x30, 0x21, 0xBE, 0x14, 0x2E, 0x0B, 0x0C, 0x0D, 
   0x14, 0xFE, 0xF7, 0x11, 0x15, 0x18, 0x21, 0x02, 0xFF, 0xD1, 
   0x01, 0x63, 0xCE, 0x7A, 0xCE, 0xFE, 0xE3, 0x9D, 0x9C, 0xFE, 
   0xE3, 0xCD, 0x79, 0x7A, 0xCE, 0x01, 0x1B, 0x9C, 0xF3, 0xB3, 
   0xB1, 0xA1, 0x01, 0x14, 0x01, 0x44, 0x01, 0x15, 0xA1, 0xA1, 
   0xFE, 0xEB, 0xA2, 0x01, 0x01, 0xC6, 0x18, 0x21, 0x21, 0x18, 
   0xFE, 0x9C, 0x6B, 0x0C, 0x0C, 0x16, 0x14, 0x2E, 0x0C, 0x94, 
   0x0F, 0x21, 0x00, 0x03, 0x00, 0x00, 0x00, 0x00, 0x06, 0x01, 
   0x06, 0x01, 0x00, 0x12, 0x00, 0x20, 0x00, 0x34, 0x00, 0x80, 
   0x00, 0xB2, 0x0E, 0x00, 0x00, 0x2B, 0xB0, 0x17, 0xCD, 0xB0, 
   0x30, 0x2F, 0xB0, 0x28, 0xCD, 0xB2, 0x28, 0x30, 0x0A, 0x2B, 
   0xB3, 0x40, 0x28, 0x25, 0x09, 0x2B, 0xB0, 0x1E, 0x2F, 0xB0, 
   0x04, 0xCD, 0x01, 0xB0, 0x35, 0x2F, 0xB0, 0x00, 0xD6, 0xB0, 
   0x13, 0xCD, 0xB0, 0x13, 0x10, 0xB1, 0x21, 0x01, 0x2B, 0xB0, 
   0x28, 0xCD, 0xB2, 0x28, 0x21, 0x0A, 0x2B, 0xB3, 0x40, 0x28, 
   0x2C, 0x09, 0x2B, 0xB0, 0x28, 0x10, 0xB1, 0x1B, 0x01, 0x2B, 
   0xB0, 0x09, 0xCD, 0xB1, 0x36, 0x01, 0x2B, 0xB1, 0x21, 0x13, 
   0x11, 0x12, 0xB0, 0x1E, 0x39, 0xB0, 0x28, 0x11, 0xB2, 0x0E, 
   0x17, 0x04, 0x39, 0x39, 0x39, 0xB0, 0x1B, 0x12, 0xB0, 0x1D, 
   0x39, 0x00, 0xB1, 0x30, 0x17, 0x11, 0x12, 0xB0, 0x1A, 0x39, 
   0xB0, 0x28, 0x11, 0xB2, 0x09, 0x13, 0x00, 0x39, 0x39, 0x39, 
   0xB0, 0x1E, 0x12, 0xB0, 0x1B, 0x39, 0x30, 0x31, 0x11, 0x34, 
   0x12, 0x24, 0x33, 0x32, 0x04, 0x16, 0x12, 0x15, 0x14, 0x02, 
   0x06, 0x04, 0x23, 0x22, 0x24, 0x26, 0x02, 0x37, 0x14, 0x17, 
   0x16, 0x33, 0x32, 0x24, 0x12, 0x10, 0x02, 0x24, 0x20, 0x04, 
   0x02, 0x05, 0x11, 0x34, 0x36, 0x32, 0x16, 0x15, 0x11, 0x21, 
   0x32, 0x16, 0x15, 0x14, 0x06, 0x23, 0x21, 0x06, 0x23, 0x22, 
   0x26, 0xCF, 0x01, 0x62, 0xD0, 0x9C, 0x01, 0x1C, 0xCE, 0x7A, 
   0x7A, 0xCE, 0xFE, 0xE4, 0x9C, 0x9D, 0xFE, 0xE3, 0xCE, 0x79, 
   0xA9, 0xB1, 0xB1, 0xF6, 0xA2, 0x01, 0x14, 0xA2, 0xA2, 0xFE, 
   0xEC, 0xFE, 0xBC, 0xFE, 0xEC, 0xA2, 0x02, 0x1D, 0x21, 0x30, 
   0x21, 0x01, 0x02, 0x18, 0x21, 0x21, 0x18, 0xFE, 0xD1, 0x03, 
   0x09, 0x18, 0x21, 0x02, 0xFF, 0xD1, 0x01, 0x63, 0xCE, 0x7A, 
   0xCE, 0xFE, 0xE3, 0x9D, 0x9C, 0xFE, 0xE3, 0xCD, 0x79, 0x7A, 
   0xCE, 0x01, 0x1B, 0x9C, 0xF3, 0xB3, 0xB1, 0xA1, 0x01, 0x14, 
   0x01, 0x44, 0x01, 0x15, 0xA1, 0xA1, 0xFE, 0xEB, 0xA2, 0x01, 
   0xC7, 0x18, 0x21, 0x21, 0x18, 0xFE, 0x73, 0x21, 0x18, 0x17, 
   0x22, 0x01, 0x21, 0x00, 0x00, 0x00, 0x00, 0x03, 0x00, 0x00, 
   0x00, 0x00, 0x06, 0x01, 0x06, 0x01, 0x00, 0x12, 0x00, 0x20, 
   0x00, 0x33, 0x00, 0x5D, 0x00, 0xB2, 0x0E, 0x00, 0x00, 0x2B, 
   0xB0, 0x17, 0xCD, 0xB0, 0x1E, 0x2F, 0xB0, 0x04, 0xCD, 0x01, 
   0xB0, 0x34, 0x2F, 0xB0, 0x00, 0xD6, 0xB0, 0x13, 0xCD, 0xB0, 
   0x13, 0x10, 0xB1, 0x21, 0x01, 0x2B, 0xB0, 0x28, 0xCD, 0xB0, 
   0x28, 0x10, 0xB1, 0x1B, 0x01, 0x2B, 0xB0, 0x09, 0xCD, 0xB1, 
   0x35, 0x01, 0x2B, 0xB1, 0x21, 0x13, 0x11, 0x12, 0xB0, 0x1E, 
   0x39, 0xB0, 0x28, 0x11, 0xB2, 0x0E, 0x17, 0x04, 0x39, 0x39, 
   0x39, 0xB0, 0x1B, 0x12, 0xB2, 0x1D, 0x2B, 0x2E, 0x39, 0x39, 
   0x39, 0x00, 0xB1, 0x1E, 0x17, 0x11, 0x12, 0xB3, 0x09, 0x00, 
   0x24, 0x2E, 0x24, 0x17, 0x39, 0x30, 0x31, 0x11, 0x34, 0x12, 
   0x24, 0x33, 0x32, 0x04, 0x16, 0x12, 0x15, 0x14, 0x02, 0x06, 
   0x04, 0x23, 0x22, 0x24, 0x26, 0x02, 0x37, 0x14, 0x17, 0x16, 
   0x33, 0x32, 0x24, 0x12, 0x10, 0x02, 0x24, 0x20, 0x04, 0x02, 
   0x05, 0x11, 0x34, 0x36, 0x32, 0x16, 0x15, 0x11, 0x17, 0x1E, 
   0x01, 0x07, 0x06, 0x23, 0x22, 0x27, 0x25, 0x2E, 0x01, 0xCF, 
   0x01, 0x62, 0xD0, 0x9C, 0x01, 0x1C, 0xCE, 0x7A, 0x7A, 0xCE, 
   0xFE, 0xE4, 0x9C, 0x9D, 0xFE, 0xE3, 0xCE, 0x79, 0xA9, 0xB1, 
   0xB1, 0xF6, 0xA2, 0x01, 0x14, 0xA2, 0xA2, 0xFE, 0xEC, 0xFE, 
   0xBC, 0xFE, 0xEC, 0xA2, 0x02, 0x1D, 0x21, 0x30, 0x21, 0xF5, 
   0x14, 0x0C, 0x0C, 0x10, 0x21, 0x11, 0x0C, 0xFE, 0xFB, 0x11, 
   0x17, 0x02, 0xFF, 0xD1, 0x01, 0x63, 0xCE, 0x7A, 0xCE, 0xFE, 
   0xE3, 0x9D, 0x9C, 0xFE, 0xE3, 0xCD, 0x79, 0x7A, 0xCE, 0x01, 
   0x1B, 0x9C, 0xF3, 0xB3, 0xB1, 0xA1, 0x01, 0x14, 0x01, 0x44, 
   0x01, 0x15, 0xA1, 0xA1, 0xFE, 0xEB, 0xA2, 0x01, 0xC7, 0x18, 
   0x21, 0x21, 0x18, 0xFE, 0x5C, 0x8F, 0x0C, 0x2D, 0x14, 0x1D, 
   0x08, 0x98, 0x05, 0x1E, 0x00, 0x03, 0x00, 0x00, 0x00, 0x00, 
   0x06, 0x01, 0x06, 0x01, 0x00, 0x12, 0x00, 0x20, 0x00, 0x33, 
   0x00, 0x5D, 0x00, 0xB2, 0x0E, 0x00, 0x00, 0x2B, 0xB0, 0x17, 
   0xCD, 0xB0, 0x1E, 0x2F, 0xB0, 0x04, 0xCD, 0x01, 0xB0, 0x34, 
   0x2F, 0xB0, 0x00, 0xD6, 0xB0, 0x13, 0xCD, 0xB0, 0x13, 0x10, 
   0xB1, 0x22, 0x01, 0x2B, 0xB0, 0x29, 0xCD, 0xB0, 0x29, 0x10, 
   0xB1, 0x1B, 0x01, 0x2B, 0xB0, 0x09, 0xCD, 0xB1, 0x35, 0x01, 
   0x2B, 0xB1, 0x22, 0x13, 0x11, 0x12, 0xB0, 0x1E, 0x39, 0xB0, 
   0x29, 0x11, 0xB2, 0x0E, 0x17, 0x04, 0x39, 0x39, 0x39, 0xB0, 
   0x1B, 0x12, 0xB2, 0x1D, 0x2B, 0x2F, 0x39, 0x39, 0x39, 0x00, 
   0xB1, 0x1E, 0x17, 0x11, 0x12, 0xB3, 0x09, 0x00, 0x25, 0x2F, 
   0x24, 0x17, 0x39, 0x30, 0x31, 0x11, 0x34, 0x12, 0x24, 0x33, 
   0x32, 0x04, 0x16, 0x12, 0x15, 0x14, 0x02, 0x06, 0x04, 0x23, 
   0x22, 0x24, 0x26, 0x02, 0x37, 0x14, 0x17, 0x16, 0x33, 0x32, 
   0x24, 0x12, 0x10, 0x02, 0x24, 0x20, 0x04, 0x02, 0x05, 0x35, 
   0x11, 0x34, 0x36, 0x32, 0x16, 0x15, 0x11, 0x13, 0x16, 0x06, 
   0x07, 0x06, 0x23, 0x22, 0x27, 0x03, 0x26, 0xCF, 0x01, 0x62, 
   0xD0, 0x9C, 0x01, 0x1C, 0xCE, 0x7A, 0x7A, 0xCE, 0xFE, 0xE4, 
   0x9C, 0x9D, 0xFE, 0xE3, 0xCE, 0x79, 0xA9, 0xB1, 0xB1, 0xF6, 
   0xA2, 0x01, 0x14, 0xA2, 0xA2, 0xFE, 0xEC, 0xFE, 0xBC, 0xFE, 
   0xEC, 0xA2, 0x02, 0x1D, 0x21, 0x30, 0x21, 0x93, 0x0C, 0x0D, 
   0x14, 0x0B, 0x11, 0x22, 0x10, 0x96, 0x0C, 0x02, 0xFF, 0xD1, 
   0x01, 0x63, 0xCE, 0x7A, 0xCE, 0xFE, 0xE3, 0x9D, 0x9C, 0xFE, 
   0xE3, 0xCD, 0x79, 0x7A, 0xCE, 0x01, 0x1B, 0x9C, 0xF3, 0xB3, 
   0xB1, 0xA1, 0x01, 0x14, 0x01, 0x44, 0x01, 0x15, 0xA1, 0xA1, 
   0xFE, 0xEB, 0xA2, 0x01, 0x01, 0xC6, 0x18, 0x21, 0x21, 0x18, 
   0xFE, 0x4A, 0xFE, 0xFA, 0x16, 0x2D, 0x0C, 0x06, 0x1C, 0x01, 
   0x0A, 0x0F, 0x00, 0x03, 0x00, 0x00, 0x00, 0x00, 0x06, 0x01, 
   0x06, 0x01, 0x00, 0x12, 0x00, 0x20, 0x00, 0x2C, 0x00, 0x59, 
   0x00, 0xB2, 0x0E, 0x00, 0x00, 0x2B, 0xB0, 0x17, 0xCD, 0xB0, 
   0x1E, 0x2F, 0xB0, 0x04, 0xCD, 0x01, 0xB0, 0x2D, 0x2F, 0xB0, 
   0x00, 0xD6, 0xB0, 0x13, 0xCD, 0xB0, 0x13, 0x10, 0xB1, 0x21, 
   0x01, 0x2B, 0xB0, 0x28, 0xCD, 0xB0, 0x28, 0x10, 0xB1, 0x1B, 
   0x01, 0x2B, 0xB0, 0x09, 0xCD, 0xB1, 0x2E, 0x01, 0x2B, 0xB1, 
   0x21, 0x13, 0x11, 0x12, 0xB0, 0x1E, 0x39, 0xB0, 0x28, 0x11, 
   0xB2, 0x0E, 0x17, 0x04, 0x39, 0x39, 0x39, 0xB0, 0x1B, 0x12, 
   0xB0, 0x1D, 0x39, 0x00, 0xB1, 0x1E, 0x17, 0x11, 0x12, 0xB3, 
   0x09, 0x00, 0x24, 0x2A, 0x24, 0x17, 0x39, 0x30, 0x31, 0x11, 
   0x34, 0x12, 0x24, 0x33, 0x32, 0x04, 0x16, 0x12, 0x15, 0x14, 
   0x02, 0x06, 0x04, 0x23, 0x22, 0x24, 0x26, 0x02, 0x37, 0x14, 
   0x17, 0x16, 0x33, 0x32, 0x24, 0x12, 0x10, 0x02, 0x24, 0x20, 
   0x04, 0x02, 0x01, 0x11, 0x34, 0x36, 0x32, 0x16, 0x15, 0x11, 
   0x14, 0x06, 0x22, 0x26, 0xCF, 0x01, 0x62, 0xD0, 0x9C, 0x01, 
   0x1C, 0xCE, 0x7A, 0x7A, 0xCE, 0xFE, 0xE4, 0x9C, 0x9D, 0xFE, 
   0xE3, 0xCE, 0x79, 0xA9, 0xB1, 0xB1, 0xF6, 0xA2, 0x01, 0x14, 
   0xA2, 0xA2, 0xFE, 0xEC, 0xFE, 0xBC, 0xFE, 0xEC, 0xA2, 0x02, 
   0x1D, 0x21, 0x30, 0x21, 0x21, 0x30, 0x21, 0x02, 0xFF, 0xD1, 
   0x01, 0x63, 0xCE, 0x7A, 0xCE, 0xFE, 0xE3, 0x9D, 0x9C, 0xFE, 
   0xE3, 0xCD, 0x79, 0x7A, 0xCE, 0x01, 0x1B, 0x9C, 0xF3, 0xB3, 
   0xB1, 0xA1, 0x01, 0x14, 0x01, 0x44, 0x01, 0x15, 0xA1, 0xA1, 
   0xFE, 0xEB, 0xFE, 0x24, 0x03, 0x01, 0x18, 0x21, 0x21, 0x18, 
   0xFC, 0xFF, 0x18, 0x22, 0x22, 0x00, 0x00, 0x03, 0x00, 0x00, 
   0x00, 0x00, 0x06, 0x01, 0x06, 0x01, 0x00, 0x12, 0x00, 0x20, 
   0x00, 0x33, 0x00, 0x5D, 0x00, 0xB2, 0x0E, 0x00, 0x00, 0x2B, 
   0xB0, 0x17, 0xCD, 0xB0, 0x1E, 0x2F, 0xB0, 0x04, 0xCD, 0x01, 
   0xB0, 0x34, 0x2F, 0xB0, 0x00, 0xD6, 0xB0, 0x13, 0xCD, 0xB0, 
   0x13, 0x10, 0xB1, 0x24, 0x01, 0x2B, 0xB0, 0x2B, 0xCD, 0xB0, 
   0x2B, 0x10, 0xB1, 0x1B, 0x01, 0x2B, 0xB0, 0x09, 0xCD, 0xB1, 
   0x35, 0x01, 0x2B, 0xB1, 0x24, 0x13, 0x11, 0x12, 0xB2, 0x1E, 
   0x22, 0x31, 0x39, 0x39, 0x39, 0xB0, 0x2B, 0x11, 0xB2, 0x0E, 
   0x17, 0x04, 0x39, 0x39, 0x39, 0xB0, 0x1B, 0x12, 0xB0, 0x1D, 
   0x39, 0x00, 0xB1, 0x1E, 0x17, 0x11, 0x12, 0xB3, 0x09, 0x00, 
   0x27, 0x31, 0x24, 0x17, 0x39, 0x30, 0x31, 0x11, 0x34, 0x12, 
   0x24, 0x33, 0x32, 0x04, 0x16, 0x12, 0x15, 0x14, 0x02, 0x06, 
   0x04, 0x23, 0x22, 0x24, 0x26, 0x02, 0x37, 0x14, 0x17, 0x16, 
   0x33, 0x32, 0x24, 0x12, 0x10, 0x02, 0x24, 0x20, 0x04, 0x02, 
   0x00, 0x26, 0x37, 0x13, 0x11, 0x34, 0x36, 0x32, 0x16, 0x15, 
   0x11, 0x15, 0x14, 0x07, 0x03, 0x06, 0x23, 0x22, 0x27, 0xCF, 
   0x01, 0x62, 0xD0, 0x9C, 0x01, 0x1C, 0xCE, 0x7A, 0x7A, 0xCE, 
   0xFE, 0xE4, 0x9C, 0x9D, 0xFE, 0xE3, 0xCE, 0x79, 0xA9, 0xB1, 
   0xB1, 0xF6, 0xA2, 0x01, 0x14, 0xA2, 0xA2, 0xFE, 0xEC, 0xFE, 
   0xBC, 0xFE, 0xEC, 0xA2, 0x01, 0x8A, 0x0D, 0x0C, 0x94, 0x21, 
   0x30, 0x21, 0x0D, 0x95, 0x10, 0x23, 0x10, 0x0B, 0x02, 0xFF, 
   0xD1, 0x01, 0x63, 0xCE, 0x7A, 0xCE, 0xFE, 0xE3, 0x9D, 0x9C, 
   0xFE, 0xE3, 0xCD, 0x79, 0x7A, 0xCE, 0x01, 0x1B, 0x9C, 0xF3, 
   0xB3, 0xB1, 0xA1, 0x01, 0x14, 0x01, 0x44, 0x01, 0x15, 0xA1, 
   0xA1, 0xFE, 0xEB, 0xFE, 0x26, 0x2D, 0x16, 0x01, 0x06, 0x01, 
   0xB6, 0x18, 0x21, 0x21, 0x18, 0xFE, 0x3A, 0x01, 0x14, 0x10, 
   0xFE, 0xF6, 0x1C, 0x06, 0x00, 0x03, 0x00, 0x00, 0x00, 0x00, 
   0x06, 0x01, 0x06, 0x01, 0x00, 0x12, 0x00, 0x20, 0x00, 0x33, 
   0x00, 0x5D, 0x00, 0xB2, 0x0E, 0x00, 0x00, 0x2B, 0xB0, 0x17, 
   0xCD, 0xB0, 0x1E, 0x2F, 0xB0, 0x04, 0xCD, 0x01, 0xB0, 0x34, 
   0x2F, 0xB0, 0x00, 0xD6, 0xB0, 0x13, 0xCD, 0xB0, 0x13, 0x10, 
   0xB1, 0x24, 0x01, 0x2B, 0xB0, 0x2B, 0xCD, 0xB0, 0x2B, 0x10, 
   0xB1, 0x1B, 0x01, 0x2B, 0xB0, 0x09, 0xCD, 0xB1, 0x35, 0x01, 
   0x2B, 0xB1, 0x24, 0x13, 0x11, 0x12, 0xB2, 0x1E, 0x21, 0x31, 
   0x39, 0x39, 0x39, 0xB0, 0x2B, 0x11, 0xB2, 0x0E, 0x17, 0x04, 
   0x39, 0x39, 0x39, 0xB0, 0x1B, 0x12, 0xB0, 0x1D, 0x39, 0x00, 
   0xB1, 0x1E, 0x17, 0x11, 0x12, 0xB3, 0x09, 0x00, 0x27, 0x31, 
   0x24, 0x17, 0x39, 0x30, 0x31, 0x11, 0x34, 0x12, 0x24, 0x33, 
   0x32, 0x04, 0x16, 0x12, 0x15, 0x14, 0x02, 0x06, 0x04, 0x23, 
   0x22, 0x24, 0x26, 0x02, 0x37, 0x14, 0x17, 0x16, 0x33, 0x32, 
   0x24, 0x12, 0x10, 0x02, 0x24, 0x20, 0x04, 0x02, 0x00, 0x36, 
   0x3F, 0x01, 0x11, 0x34, 0x36, 0x32, 0x16, 0x15, 0x11, 0x14, 
   0x06, 0x07, 0x05, 0x06, 0x23, 0x22, 0x27, 0xCF, 0x01, 0x62, 
   0xD0, 0x9C, 0x01, 0x1C, 0xCE, 0x7A, 0x7A, 0xCE, 0xFE, 0xE4, 
   0x9C, 0x9D, 0xFE, 0xE3, 0xCE, 0x79, 0xA9, 0xB1, 0xB1, 0xF6, 
   0xA2, 0x01, 0x14, 0xA2, 0xA2, 0xFE, 0xEC, 0xFE, 0xBC, 0xFE, 
   0xEC, 0xA2, 0x01, 0x08, 0x0C, 0x14, 0xF5, 0x21, 0x30, 0x21, 
   0x17, 0x11, 0xFE, 0xFA, 0x0C, 0x10, 0x21, 0x10, 0x02, 0xFF, 
   0xD1, 0x01, 0x63, 0xCE, 0x7A, 0xCE, 0xFE, 0xE3, 0x9D, 0x9C, 
   0xFE, 0xE3, 0xCD, 0x79, 0x7A, 0xCE, 0x01, 0x1B, 0x9C, 0xF3, 
   0xB3, 0xB1, 0xA1, 0x01, 0x14, 0x01, 0x44, 0x01, 0x15, 0xA1, 
   0xA1, 0xFE, 0xEB, 0xFE, 0xB9, 0x2D, 0x0C, 0x8F, 0x01, 0xA4, 
   0x18, 0x21, 0x21, 0x18, 0xFE, 0x39, 0x13, 0x1E, 0x05, 0x98, 
   0x08, 0x1D, 0x00, 0x03, 0x00, 0x00, 0x00, 0x00, 0x06, 0x01, 
   0x06, 0x01, 0x00, 0x12, 0x00, 0x20, 0x00, 0x34, 0x00, 0x80, 
   0x00, 0xB2, 0x0E, 0x00, 0x00, 0x2B, 0xB0, 0x17, 0xCD, 0xB0, 
   0x32, 0x2F, 0xB0, 0x24, 0xCD, 0xB2, 0x24, 0x32, 0x0A, 0x2B, 
   0xB3, 0x40, 0x24, 0x29, 0x09, 0x2B, 0xB0, 0x1E, 0x2F, 0xB0, 
   0x04, 0xCD, 0x01, 0xB0, 0x35, 0x2F, 0xB0, 0x00, 0xD6, 0xB0, 
   0x13, 0xCD, 0xB0, 0x13, 0x10, 0xB1, 0x25, 0x01, 0x2B, 0xB0, 
   0x2C, 0xCD, 0xB2, 0x25, 0x2C, 0x0A, 0x2B, 0xB3, 0x40, 0x25, 
   0x21, 0x09, 0x2B, 0xB0, 0x2C, 0x10, 0xB1, 0x1B, 0x01, 0x2B, 
   0xB0, 0x09, 0xCD, 0xB1, 0x36, 0x01, 0x2B, 0xB1, 0x25, 0x13, 
   0x11, 0x12, 0xB0, 0x1E, 0x39, 0xB0, 0x2C, 0x11, 0xB2, 0x0E, 
   0x17, 0x04, 0x39, 0x39, 0x39, 0xB0, 0x1B, 0x12, 0xB0, 0x1D, 
   0x39, 0x00, 0xB1, 0x32, 0x17, 0x11, 0x12, 0xB0, 0x1A, 0x39, 
   0xB0, 0x24, 0x11, 0xB2, 0x09, 0x13, 0x00, 0x39, 0x39, 0x39, 
   0xB0, 0x1E, 0x12, 0xB0, 0x1B, 0x39, 0x30, 0x31, 0x11, 0x34, 
   0x12, 0x24, 0x33, 0x32, 0x04, 0x16, 0x12, 0x15, 0x14, 0x02, 
   0x06, 0x04, 0x23, 0x22, 0x24, 0x26, 0x02, 0x37, 0x14, 0x17, 
   0x16, 0x33, 0x32, 0x24, 0x12, 0x10, 0x02, 0x24, 0x20, 0x04, 
   0x02, 0x17, 0x34, 0x36, 0x33, 0x21, 0x11, 0x34, 0x36, 0x32, 
   0x16, 0x15, 0x11, 0x14, 0x06, 0x23, 0x22, 0x27, 0x21, 0x22, 
   0x26, 0xCF, 0x01, 0x62, 0xD0, 0x9C, 0x01, 0x1C, 0xCE, 0x7A, 
   0x7A, 0xCE, 0xFE, 0xE4, 0x9C, 0x9D, 0xFE, 0xE3, 0xCE, 0x79, 
   0xA9, 0xB1, 0xB1, 0xF6, 0xA2, 0x01, 0x14, 0xA2, 0xA2, 0xFE, 
   0xEC, 0xFE, 0xBC, 0xFE, 0xEC, 0xA2, 0xE1, 0x21, 0x18, 0x01, 
   0x03, 0x21, 0x30, 0x21, 0x21, 0x18, 0x0A, 0x03, 0xFE, 0xD1, 
   0x18, 0x21, 0x02, 0xFF, 0xD1, 0x01, 0x63, 0xCE, 0x7A, 0xCE, 
   0xFE, 0xE3, 0x9D, 0x9C, 0xFE, 0xE3, 0xCD, 0x79, 0x7A, 0xCE, 
   0x01, 0x1B, 0x9C, 0xF3, 0xB3, 0xB1, 0xA1, 0x01, 0x14, 0x01, 
   0x44, 0x01, 0x15, 0xA1, 0xA1, 0xFE, 0xEB, 0xA1, 0x18, 0x21, 
   0x01, 0x8D, 0x18, 0x21, 0x21, 0x18, 0xFE, 0x39, 0x18, 0x21, 
   0x01, 0x22, 0x00, 0x03, 0x00, 0x00, 0x00, 0x00, 0x06, 0x01, 
   0x06, 0x01, 0x00, 0x12, 0x00, 0x20, 0x00, 0x35, 0x00, 0x5C, 
   0x00, 0xB2, 0x0E, 0x00, 0x00, 0x2B, 0xB0, 0x17, 0xCD, 0xB0, 
   0x1E, 0x2F, 0xB0, 0x04, 0xCD, 0x01, 0xB0, 0x36, 0x2F, 0xB0, 
   0x00, 0xD6, 0xB0, 0x13, 0xCD, 0xB0, 0x13, 0x10, 0xB1, 0x27, 
   0x01, 0x2B, 0xB0, 0x2E, 0xCD, 0xB0, 0x2E, 0x10, 0xB1, 0x1B, 
   0x01, 0x2B, 0xB0, 0x09, 0xCD, 0xB1, 0x37, 0x01, 0x2B, 0xB1, 
   0x27, 0x13, 0x11, 0x12, 0xB1, 0x1E, 0x22, 0x39, 0x39, 0xB0, 
   0x2E, 0x11, 0xB3, 0x0E, 0x17, 0x04, 0x32, 0x24, 0x17, 0x39, 
   0xB0, 0x1B, 0x12, 0xB0, 0x1D, 0x39, 0x00, 0xB1, 0x1E, 0x17, 
   0x11, 0x12, 0xB3, 0x09, 0x00, 0x2A, 0x32, 0x24, 0x17, 0x39, 
   0x30, 0x31, 0x11, 0x34, 0x12, 0x24, 0x33, 0x32, 0x04, 0x16, 
   0x12, 0x15, 0x14, 0x02, 0x06, 0x04, 0x23, 0x22, 0x24, 0x26, 
   0x02, 0x37, 0x14, 0x17, 0x16, 0x33, 0x32, 0x24, 0x12, 0x10, 
   0x02, 0x24, 0x20, 0x04, 0x02, 0x04, 0x26, 0x37, 0x3E, 0x01, 
   0x1F, 0x01, 0x11, 0x34, 0x36, 0x32, 0x16, 0x15, 0x11, 0x15, 
   0x14, 0x06, 0x23, 0x22, 0x27, 0x25, 0xCF, 0x01, 0x62, 0xD0, 
   0x9C, 0x01, 0x1C, 0xCE, 0x7A, 0x7A, 0xCE, 0xFE, 0xE4, 0x9C, 
   0x9D, 0xFE, 0xE3, 0xCE, 0x79, 0xA9, 0xB1, 0xB1, 0xF6, 0xA2, 
   0x01, 0x14, 0xA2, 0xA2, 0xFE, 0xEC, 0xFE, 0xBC, 0xFE, 0xEC, 
   0xA2, 0x01, 0x13, 0x0E, 0x0C, 0x0B, 0x2F, 0x14, 0xBE, 0x21, 
   0x30, 0x21, 0x21, 0x18, 0x15, 0x11, 0xFE, 0xF7, 0x02, 0xFF, 
   0xD1, 0x01, 0x63, 0xCE, 0x7A, 0xCE, 0xFE, 0xE3, 0x9D, 0x9C, 
   0xFE, 0xE3, 0xCD, 0x79, 0x7A, 0xCE, 0x01, 0x1B, 0x9C, 0xF3, 
   0xB3, 0xB1, 0xA1, 0x01, 0x14, 0x01, 0x44, 0x01, 0x15, 0xA1, 
   0xA1, 0xFE, 0xEB, 0x2C, 0x2E, 0x14, 0x14, 0x0E, 0x0C, 0x6B, 
   0x01, 0x64, 0x18, 0x21, 0x21, 0x18, 0xFE, 0x3A, 0x01, 0x18, 
   0x21, 0x0F, 0x94, 0x00, 0x00, 0x03, 0x00, 0x00, 0x00, 0x00, 
   0x06, 0x01, 0x06, 0x01, 0x00, 0x12, 0x00, 0x20, 0x00, 0x34, 
   0x00, 0x5C, 0x00, 0xB2, 0x0E, 0x00, 0x00, 0x2B, 0xB0, 0x17, 
   0xCD, 0xB0, 0x1E, 0x2F, 0xB0, 0x04, 0xCD, 0x01, 0xB0, 0x35, 
   0x2F, 0xB0, 0x00, 0xD6, 0xB0, 0x13, 0xCD, 0xB0, 0x13, 0x10, 
   0xB1, 0x27, 0x01, 0x2B, 0xB0, 0x2E, 0xCD, 0xB0, 0x2E, 0x10, 
   0xB1, 0x1B, 0x01, 0x2B, 0xB0, 0x09, 0xCD, 0xB1, 0x36, 0x01, 
   0x2B, 0xB1, 0x27, 0x13, 0x11, 0x12, 0xB1, 0x1E, 0x21, 0x39, 
   0x39, 0xB0, 0x2E, 0x11, 0xB3, 0x0E, 0x17, 0x04, 0x31, 0x24, 
   0x17, 0x39, 0xB0, 0x1B, 0x12, 0xB0, 0x1D, 0x39, 0x00, 0xB1, 
   0x1E, 0x17, 0x11, 0x12, 0xB3, 0x09, 0x00, 0x2A, 0x31, 0x24, 
   0x17, 0x39, 0x30, 0x31, 0x11, 0x34, 0x12, 0x24, 0x33, 0x32, 
   0x04, 0x16, 0x12, 0x15, 0x14, 0x02, 0x06, 0x04, 0x23, 0x22, 
   0x24, 0x26, 0x02, 0x37, 0x14, 0x17, 0x16, 0x33, 0x32, 0x24, 
   0x12, 0x10, 0x02, 0x24, 0x20, 0x04, 0x02, 0x24, 0x36, 0x37, 
   0x36, 0x16, 0x1F, 0x01, 0x35, 0x34, 0x36, 0x32, 0x16, 0x15, 
   0x11, 0x14, 0x06, 0x23, 0x22, 0x27, 0x03, 0xCF, 0x01, 0x62, 
   0xD0, 0x9C, 0x01, 0x1C, 0xCE, 0x7A, 0x7A, 0xCE, 0xFE, 0xE4, 
   0x9C, 0x9D, 0xFE, 0xE3, 0xCE, 0x79, 0xA9, 0xB1, 0xB1, 0xF6, 
   0xA2, 0x01, 0x14, 0xA2, 0xA2, 0xFE, 0xEC, 0xFE, 0xBC, 0xFE, 
   0xEC, 0xA2, 0x01, 0x7A, 0x0C, 0x14, 0x14, 0x2F, 0x0B, 0x35, 
   0x21, 0x30, 0x21, 0x21, 0x18, 0x29, 0x0D, 0x9A, 0x02, 0xFF, 
   0xD1, 0x01, 0x63, 0xCE, 0x7A, 0xCE, 0xFE, 0xE3, 0x9D, 0x9C, 
   0xFE, 0xE3, 0xCD, 0x79, 0x7A, 0xCE, 0x01, 0x1B, 0x9C, 0xF3, 
   0xB3, 0xB1, 0xA1, 0x01, 0x14, 0x01, 0x44, 0x01, 0x15, 0xA1, 
   0xA1, 0xFE, 0xEB, 0x68, 0x2E, 0x0B, 0x0C, 0x0C, 0x14, 0x59, 
   0xF1, 0x18, 0x21, 0x21, 0x18, 0xFE, 0x39, 0x18, 0x21, 0x24, 
   0x01, 0x0B, 0x00, 0x02, 0x00, 0x00, 0x00, 0x00, 0x06, 0x03, 
   0x06, 0x03, 0x00, 0x13, 0x00, 0x26, 0x00, 0x3E, 0x00, 0xB2, 
   0x0F, 0x00, 0x00, 0x2B, 0xB0, 0x19, 0xCD, 0xB0, 0x22, 0x2F, 
   0xB0, 0x05, 0xCD, 0x01, 0xB0, 0x27, 0x2F, 0xB0, 0x00, 0xD6, 
   0xB0, 0x14, 0xCD, 0xB0, 0x14, 0x10, 0xB1, 0x1E, 0x01, 0x2B, 
   0xB0, 0x0A, 0xCD, 0xB1, 0x28, 0x01, 0x2B, 0xB1, 0x1E, 0x14, 
   0x11, 0x12, 0xB1, 0x0F, 0x05, 0x39, 0x39, 0x00, 0xB1, 0x22, 
   0x19, 0x11, 0x12, 0xB1, 0x0A, 0x00, 0x39, 0x39, 0x30, 0x31, 
   0x11, 0x34, 0x12, 0x36, 0x24, 0x33, 0x32, 0x04, 0x16, 0x12, 
   0x15, 0x14, 0x02, 0x06, 0x04, 0x23, 0x22, 0x24, 0x26, 0x02, 
   0x37, 0x14, 0x1E, 0x01, 0x04, 0x33, 0x32, 0x3E, 0x01, 0x12, 
   0x35, 0x34, 0x02, 0x24, 0x23, 0x22, 0x0E, 0x02, 0x7A, 0xCE, 
   0x01, 0x1D, 0x9C, 0x9D, 0x01, 0x1D, 0xCE, 0x7A, 0x7A, 0xCE, 
   0xFE, 0xE3, 0x9D, 0x9C, 0xFE, 0xE3, 0xCE, 0x7A, 0x52, 0x6D, 
   0xB8, 0x00, 0xFF, 0x8B, 0x8C, 0xFE, 0xB9, 0x6D, 0xB9, 0xFE, 
   0xC3, 0xBA, 0x8B, 0xFF, 0xB8, 0x6D, 0x03, 0x01, 0x9D, 0x01, 
   0x1D, 0xCE, 0x7A, 0x7A, 0xCE, 0xFE, 0xE3, 0x9D, 0x9C, 0xFE, 
   0xE3, 0xCE, 0x7A, 0x7A, 0xCE, 0x01, 0x1D, 0x9C, 0x8B, 0xFF, 
   0xB8, 0x6D, 0x6D, 0xB8, 0x00, 0xFF, 0x8B, 0xBA, 0x01, 0x3D, 
   0xB9, 0x6D, 0xB9, 0xFE, 0x00, 0x01, 0x03, 0x01, 0x00, 0x00, 
   0x06, 0x01, 0x06, 0x01, 0x00, 0x13, 0x00, 0x17, 0x00, 0xB2, 
   0x00, 0x00, 0x00, 0x2B, 0x01, 0xB0, 0x14, 0x2F, 0xB0, 0x0C, 
   0xD6, 0xB0, 0x04, 0xCD, 0xB1, 0x15, 0x01, 0x2B, 0x00, 0x30, 
   0x31, 0x21, 0x32, 0x24, 0x12, 0x10, 0x02, 0x24, 0x23, 0x1E, 
   0x03, 0x15, 0x14, 0x0E, 0x05, 0x03, 0x01, 0xD1, 0x01, 0x61, 
   0xCE, 0xCE, 0xFE, 0x9F, 0xD1, 0x87, 0xCC, 0x75, 0x38, 0x0A, 
   0x1E, 0x2F, 0x4F, 0x69, 0x96, 0xCE, 0x01, 0x62, 0x01, 0xA2, 
   0x01, 0x61, 0xCE, 0x35, 0xAF, 0xD2, 0xDA, 0x70, 0x42, 0x77, 
   0x88, 0x76, 0x77, 0x61, 0x55, 0x00, 0x00, 0x01, 0x03, 0x01, 
   0x00, 0x00, 0x06, 0x01, 0x06, 0x01, 0x00, 0x11, 0x00, 0x12, 
   0x00, 0x01, 0xB0, 0x12, 0x2F, 0xB0, 0x0C, 0xD6, 0xB0, 0x04, 
   0xCD, 0xB1, 0x13, 0x01, 0x2B, 0x00, 0x30, 0x31, 0x21, 0x32, 
   0x24, 0x12, 0x10, 0x02, 0x24, 0x23, 0x1E, 0x03, 0x15, 0x14, 
   0x0E, 0x03, 0x03, 0x01, 0xD1, 0x01, 0x61, 0xCE, 0xCE, 0xFE, 
   0x9F, 0xD1, 0x71, 0xA9, 0x61, 0x2F, 0x12, 0x37, 0x5A, 0x9E, 
   0xCE, 0x01, 0x62, 0x01, 0xA2, 0x01, 0x61, 0xCE, 0x3C, 0xB3, 
   0xCF, 0xD4, 0x6E, 0x5D, 0xA1, 0xB8, 0x94, 0x89, 0x00, 0x00, 
   0x00, 0x01, 0x03, 0x01, 0x00, 0x00, 0x06, 0x01, 0x06, 0x01, 
   0x00, 0x0F, 0x00, 0x12, 0x00, 0x01, 0xB0, 0x10, 0x2F, 0xB0, 
   0x0A, 0xD6, 0xB0, 0x04, 0xCD, 0xB1, 0x11, 0x01, 0x2B, 0x00, 
   0x30, 0x31, 0x21, 0x32, 0x24, 0x12, 0x10, 0x02, 0x24, 0x23, 
   0x16, 0x12, 0x15, 0x14, 0x0E, 0x03, 0x03, 0x01, 0xD1, 0x01, 
   0x61, 0xCE, 0xCE, 0xFE, 0x9F, 0xD1, 0xAF, 0xA6, 0x0E, 0x2D, 
   0x48, 0x7E, 0xCE, 0x01, 0x62, 0x01, 0xA2, 0x01, 0x61, 0xCE, 
   0x81, 0xFE, 0x63, 0xE2, 0x5C, 0x9D, 0xB4, 0x93, 0x8E, 0x00, 
   0x00, 0x01, 0x03, 0x01, 0x00, 0x00, 0x06, 0x01, 0x06, 0x01, 
   0x00, 0x0F, 0x00, 0x12, 0x00, 0x01, 0xB0, 0x10, 0x2F, 0xB0, 
   0x0A, 0xD6, 0xB0, 0x04, 0xCD, 0xB1, 0x11, 0x01, 0x2B, 0x00, 
   0x30, 0x31, 0x21, 0x32, 0x24, 0x12, 0x10, 0x02, 0x24, 0x23, 
   0x16, 0x12, 0x15, 0x14, 0x0E, 0x03, 0x03, 0x01, 0xD1, 0x01, 
   0x61, 0xCE, 0xCE, 0xFE, 0x9F, 0xD1, 0x84, 0x7C, 0x0B, 0x21, 
   0x37, 0x5E, 0xCE, 0x01, 0x62, 0x01, 0xA2, 0x01, 0x61, 0xCE, 
   0x8E, 0xFE, 0x6B, 0xDD, 0x5A, 0x99, 0xB0, 0x93, 0x92, 0x00, 
   0x00, 0x01, 0x03, 0x00, 0x00, 0x00, 0x06, 0x01, 0x06, 0x01, 
   0x00, 0x0B, 0x00, 0x12, 0x00, 0x01, 0xB0, 0x0C, 0x2F, 0xB0, 
   0x09, 0xD6, 0xB0, 0x04, 0xCD, 0xB1, 0x0D, 0x01, 0x2B, 0x00, 
   0x30, 0x31, 0x21, 0x32, 0x24, 0x12, 0x10, 0x02, 0x24, 0x23, 
   0x12, 0x11, 0x14, 0x02, 0x03, 0x00, 0xD1, 0x01, 0x62, 0xCE, 
   0xCE, 0xFE, 0x9E, 0xD1, 0xAB, 0x47, 0xCE, 0x01, 0x62, 0x01, 
   0xA2, 0x01, 0x61, 0xCE, 0xFE, 0xD7, 0xFE, 0x29, 0xEF, 0xFE, 
   0x82, 0x00, 0x00, 0x01, 0x03, 0x00, 0x00, 0x00, 0x06, 0x01, 
   0x06, 0x01, 0x00, 0x0B, 0x00, 0x12, 0x00, 0x01, 0xB0, 0x0C, 
   0x2F, 0xB0, 0x09, 0xD6, 0xB0, 0x04, 0xCD, 0xB1, 0x0D, 0x01, 
   0x2B, 0x00, 0x30, 0x31, 0x21, 0x32, 0x24, 0x12, 0x10, 0x02, 
   0x24, 0x23, 0x12, 0x11, 0x14, 0x02, 0x03, 0x00, 0xD1, 0x01, 
   0x62, 0xCE, 0xCE, 0xFE, 0x9E, 0xD1, 0xAB, 0x47, 0xCE, 0x01, 
   0x62, 0x01, 0xA2, 0x01, 0x61, 0xCE, 0xFE, 0xD7, 0xFE, 0x29, 
   0xEF, 0xFE, 0x82, 0x00, 0x00, 0x01, 0x03, 0x01, 0x00, 0x00, 
   0x06, 0x01, 0x06, 0x01, 0x00, 0x07, 0x00, 0x13, 0x00, 0x01, 
   0xB0, 0x08, 0x2F, 0xB1, 0x00, 0x01, 0x2B, 0xB0, 0x04, 0xCD, 
   0xB1, 0x09, 0x01, 0x2B, 0x00, 0x30, 0x31, 0x21, 0x32, 0x24, 
   0x12, 0x10, 0x02, 0x24, 0x23, 0x03, 0x01, 0xD1, 0x01, 0x61, 
   0xCE, 0xCE, 0xFE, 0x9F, 0xD1, 0xCE, 0x01, 0x62, 0x01, 0xA2, 
   0x01, 0x61, 0xCE, 0x00, 0x00, 0x01, 0x02, 0xB7, 0x00, 0x00, 
   0x06, 0x01, 0x06, 0x01, 0x00, 0x0A, 0x00, 0x13, 0x00, 0x01, 
   0xB0, 0x0B, 0x2F, 0xB1, 0x00, 0x01, 0x2B, 0xB0, 0x06, 0xCD, 
   0xB1, 0x0C, 0x01, 0x2B, 0x00, 0x30, 0x31, 0x01, 0x10, 0x13, 
   0x32, 0x24, 0x12, 0x10, 0x02, 0x24, 0x23, 0x02, 0x02, 0xB7, 
   0x4A, 0xD1, 0x01, 0x61, 0xCE, 0xCE, 0xFE, 0x9F, 0xD1, 0x4A, 
   0x03, 0x01, 0xFE, 0x30, 0xFE, 0xCF, 0xCE, 0x01, 0x62, 0x01, 
   0xA2, 0x01, 0x61, 0xCE, 0xFE, 0x83, 0x00, 0x01, 0x02, 0x6E, 
   0x00, 0x00, 0x06, 0x01, 0x06, 0x01, 0x00, 0x0A, 0x00, 0x13, 
   0x00, 0x01, 0xB0, 0x0B, 0x2F, 0xB1, 0x00, 0x01, 0x2B, 0xB0, 
   0x06, 0xCD, 0xB1, 0x0C, 0x01, 0x2B, 0x00, 0x30, 0x31, 0x01, 
   0x10, 0x13, 0x32, 0x24, 0x12, 0x10, 0x02, 0x24, 0x23, 0x02, 
   0x02, 0x6E, 0x92, 0xD1, 0x01, 0x62, 0xCE, 0xCE, 0xFE, 0x9E, 
   0xD1, 0x92, 0x03, 0x01, 0xFE, 0x18, 0xFE, 0xE7, 0xCE, 0x01, 
   0x62, 0x01, 0xA2, 0x01, 0x61, 0xCE, 0xFE, 0xA2, 0x00, 0x01, 
   0x02, 0x26, 0x00, 0x00, 0x06, 0x03, 0x06, 0x03, 0x00, 0x0E, 
   0x00, 0x13, 0x00, 0x01, 0xB0, 0x0F, 0x2F, 0xB1, 0x00, 0x01, 
   0x2B, 0xB0, 0x08, 0xCD, 0xB1, 0x10, 0x01, 0x2B, 0x00, 0x30, 
   0x31, 0x01, 0x14, 0x12, 0x17, 0x32, 0x24, 0x36, 0x12, 0x10, 
   0x02, 0x26, 0x24, 0x23, 0x06, 0x02, 0x02, 0x26, 0x61, 0x7B, 
   0x9C, 0x01, 0x1D, 0xCE, 0x7A, 0x7A, 0xCE, 0xFE, 0xE3, 0x9C, 
   0x68, 0x74, 0x03, 0x02, 0xF5, 0xFE, 0x81, 0x8E, 0x7A, 0xCE, 
   0x01, 0x1D, 0x01, 0x3A, 0x01, 0x1C, 0xCE, 0x7A, 0x95, 0xFE, 
   0x6E, 0x00, 0x00, 0x01, 0x01, 0xDD, 0x00, 0x00, 0x06, 0x03, 
   0x06, 0x03, 0x00, 0x10, 0x00, 0x13, 0x00, 0x01, 0xB0, 0x11, 
   0x2F, 0xB1, 0x00, 0x01, 0x2B, 0xB0, 0x0A, 0xCD, 0xB1, 0x12, 
   0x01, 0x2B, 0x00, 0x30, 0x31, 0x01, 0x14, 0x1E, 0x02, 0x17, 
   0x32, 0x24, 0x36, 0x12, 0x35, 0x34, 0x02, 0x24, 0x23, 0x06, 
   0x02, 0x01, 0xDD, 0x1B, 0x40, 0x76, 0x54, 0x9D, 0x01, 0x1C, 
   0xCE, 0x7A, 0xCE, 0xFE, 0x9E, 0xD1, 0x8A, 0x9B, 0x03, 0x02, 
   0x7A, 0xCE, 0xCA, 0xAD, 0x43, 0x7A, 0xCE, 0x01, 0x1D, 0x9D, 
   0xD1, 0x01, 0x62, 0xCE, 0x85, 0xFE, 0x69, 0x00, 0x00, 0x00, 
   0x00, 0x01, 0x01, 0x93, 0x00, 0x00, 0x06, 0x03, 0x06, 0x03, 
   0x00, 0x10, 0x00, 0x13, 0x00, 0x01, 0xB0, 0x11, 0x2F, 0xB1, 
   0x00, 0x01, 0x2B, 0xB0, 0x0A, 0xCD, 0xB1, 0x12, 0x01, 0x2B, 
   0x00, 0x30, 0x31, 0x01, 0x14, 0x1E, 0x02, 0x17, 0x32, 0x24, 
   0x36, 0x12, 0x10, 0x02, 0x26, 0x24, 0x23, 0x06, 0x02, 0x01, 
   0x93, 0x22, 0x50, 0x94, 0x69, 0x9C, 0x01, 0x1D, 0xCE, 0x7A, 
   0x7A, 0xCE, 0xFE, 0xE3, 0x9C, 0xAB, 0xC4, 0x03, 0x02, 0x7F, 
   0xD4, 0xCB, 0xA7, 0x3D, 0x7A, 0xCE, 0x01, 0x1D, 0x01, 0x3A, 
   0x01, 0x1C, 0xCE, 0x7A, 0x75, 0xFE, 0x63, 0x00, 0x00, 0x01, 
   0x01, 0x4A, 0x00, 0x00, 0x06, 0x03, 0x06, 0x03, 0x00, 0x11, 
   0x00, 0x13, 0x00, 0x01, 0xB0, 0x12, 0x2F, 0xB1, 0x00, 0x01, 
   0x2B, 0xB0, 0x0B, 0xCD, 0xB1, 0x13, 0x01, 0x2B, 0x00, 0x30, 
   0x31, 0x01, 0x14, 0x1E, 0x03, 0x17, 0x32, 0x24, 0x36, 0x12, 
   0x35, 0x34, 0x02, 0x24, 0x23, 0x06, 0x02, 0x01, 0x4A, 0x18, 
   0x3D, 0x62, 0x9B, 0x66, 0x9D, 0x01, 0x1C, 0xCE, 0x7A, 0xCE, 
   0xFE, 0x9E, 0xD1, 0xCC, 0xEC, 0x03, 0x02, 0x69, 0xB1, 0xB1, 
   0x8F, 0x7C, 0x2C, 0x7A, 0xCE, 0x01, 0x1D, 0x9D, 0xD1, 0x01, 
   0x62, 0xCE, 0x66, 0xFE, 0x5F, 0x00, 0x00, 0x01, 0x00, 0x00, 
   0x00, 0x00, 0x06, 0x01, 0x06, 0x01, 0x00, 0x0B, 0x00, 0x1B, 
   0x00, 0xB2, 0x04, 0x00, 0x00, 0x2B, 0xB0, 0x0A, 0xCD, 0x01, 
   0xB0, 0x0C, 0x2F, 0xB1, 0x01, 0x0B, 0x2B, 0xB0, 0x07, 0xCD, 
   0xB1, 0x0D, 0x01, 0x2B, 0x00, 0x30, 0x31, 0x18, 0x01, 0x12, 
   0x04, 0x20, 0x24, 0x12, 0x10, 0x02, 0x24, 0x20, 0x04, 0xCE, 
   0x01, 0x62, 0x01, 0xA2, 0x01, 0x61, 0xCE, 0xCE, 0xFE, 0x9F, 
   0xFE, 0x5E, 0xFE, 0x9E, 0x03, 0xD2, 0xFE, 0x5E, 0xFE, 0x9E, 
   0xCE, 0xCE, 0x01, 0x62, 0x01, 0xA2, 0x01, 0x61, 0xCE, 0xCE, 
   0x00, 0x01, 0x00, 0x00, 0x00, 0x00, 0x05, 0x01, 0x05, 0xFA, 
   0x00, 0x12, 0x00, 0x13, 0x00, 0x01, 0xB0, 0x13, 0x2F, 0xB1, 
   0x00, 0x0B, 0x2B, 0xB0, 0x08, 0xCD, 0xB1, 0x14, 0x01, 0x2B, 
   0x00, 0x30, 0x31, 0x11, 0x14, 0x1E, 0x03, 0x33, 0x24, 0x11, 
   0x34, 0x2E, 0x03, 0x27, 0x22, 0x04, 0x06, 0x02, 0x4D, 0x8E, 
   0xBC, 0xEA, 0x7D, 0x02, 0x03, 0x39, 0x61, 0x85, 0x94, 0x50, 
   0x9C, 0xFE, 0xE4, 0xCD, 0x79, 0x02, 0xFE, 0x7D, 0xEA, 0xBC, 
   0x8E, 0x4D, 0x8F, 0x02, 0x6F, 0x79, 0xDA, 0xA8, 0x8A, 0x5C, 
   0x1B, 0x79, 0xCD, 0xFE, 0xE5, 0x00, 0x00, 0x00, 0x00, 0x01, 
   0x00, 0x00, 0x00, 0x00, 0x04, 0xB9, 0x05, 0xFB, 0x00, 0x10, 
   0x00, 0x13, 0x00, 0x01, 0xB0, 0x11, 0x2F, 0xB1, 0x00, 0x0B, 
   0x2B, 0xB0, 0x08, 0xCD, 0xB1, 0x12, 0x01, 0x2B, 0x00, 0x30, 
   0x31, 0x11, 0x14, 0x1E, 0x03, 0x33, 0x24, 0x11, 0x34, 0x2E, 
   0x02, 0x27, 0x22, 0x04, 0x02, 0x4D, 0x8E, 0xBC, 0xEA, 0x7D, 
   0x01, 0xBB, 0x4A, 0x7F, 0x9A, 0x58, 0xD0, 0xFE, 0x9F, 0xCD, 
   0x02, 0xFE, 0x7D, 0xEA, 0xBC, 0x8E, 0x4D, 0xB1, 0x02, 0x4D, 
   0x8E, 0xFD, 0xBC, 0x8A, 0x2C, 0xCD, 0xFE, 0xA0, 0x00, 0x01, 
   0x00, 0x00, 0x00, 0x00, 0x04, 0x70, 0x05, 0xFD, 0x00, 0x11, 
   0x00, 0x13, 0x00, 0x01, 0xB0, 0x12, 0x2F, 0xB1, 0x00, 0x0B, 
   0x2B, 0xB0, 0x08, 0xCD, 0xB1, 0x13, 0x01, 0x2B, 0x00, 0x30, 
   0x31, 0x11, 0x14, 0x1E, 0x03, 0x33, 0x24, 0x11, 0x34, 0x2E, 
   0x02, 0x27, 0x22, 0x04, 0x06, 0x02, 0x4D, 0x8E, 0xBC, 0xEA, 
   0x7D, 0x01, 0x72, 0x3D, 0x6B, 0x80, 0x4A, 0x9C, 0xFE, 0xE4, 
   0xCD, 0x79, 0x02, 0xFE, 0x7D, 0xEA, 0xBC, 0x8E, 0x4D, 0xD4, 
   0x02, 0x2A, 0x86, 0xF3, 0xBE, 0x92, 0x36, 0x79, 0xCE, 0xFE, 
   0xE4, 0x00, 0x00, 0x01, 0x00, 0x00, 0x00, 0x00, 0x04, 0x27, 
   0x05, 0xFE, 0x00, 0x0D, 0x00, 0x13, 0x00, 0x01, 0xB0, 0x0E, 
   0x2F, 0xB1, 0x00, 0x0B, 0x2B, 0xB0, 0x07, 0xCD, 0xB1, 0x0F, 
   0x01, 0x2B, 0x00, 0x30, 0x31, 0x11, 0x14, 0x12, 0x16, 0x04, 
   0x33, 0x24, 0x11, 0x34, 0x02, 0x27, 0x22, 0x04, 0x02, 0x79, 
   0xCE, 0x01, 0x1C, 0x9C, 0x01, 0x28, 0xA7, 0x81, 0xD0, 0xFE, 
   0x9E, 0xCD, 0x02, 0xFF, 0x9C, 0xFE, 0xE4, 0xCE, 0x79, 0xF5, 
   0x02, 0x0A, 0xF0, 0x01, 0x85, 0x8A, 0xCE, 0xFE, 0x9F, 0x00, 
   0x00, 0x00, 0x00, 0x01, 0x00, 0x00, 0x00, 0x00, 0x03, 0xDD, 
   0x05, 0xFE, 0x00, 0x0A, 0x00, 0x13, 0x00, 0x01, 0xB0, 0x0B, 
   0x2F, 0xB1, 0x01, 0x0B, 0x2B, 0xB0, 0x06, 0xCD, 0xB1, 0x0C, 
   0x01, 0x2B, 0x00, 0x30, 0x31, 0x18, 0x01, 0x12, 0x04, 0x33, 
   0x12, 0x11, 0x10, 0x03, 0x22, 0x04, 0xCE, 0x01, 0x61, 0xD0, 
   0xDE, 0xDE, 0xD0, 0xFE, 0x9F, 0x03, 0xCF, 0xFE, 0x60, 0xFE, 
   0x9F, 0xCE, 0x01, 0x1A, 0x01, 0xE5, 0x01, 0x96, 0x01, 0x69, 
   0xCD, 0x00, 0x00, 0x00, 0x00, 0x01, 0x00, 0x00, 0x00, 0x00, 
   0x03, 0x93, 0x05, 0xFF, 0x00, 0x0C, 0x00, 0x13, 0x00, 0x01, 
   0xB0, 0x0D, 0x2F, 0xB1, 0x00, 0x0B, 0x2B, 0xB0, 0x06, 0xCD, 
   0xB1, 0x0E, 0x01, 0x2B, 0x00, 0x30, 0x31, 0x11, 0x14, 0x12, 
   0x04, 0x33, 0x12, 0x11, 0x10, 0x03, 0x22, 0x04, 0x06, 0x02, 
   0xCE, 0x01, 0x61, 0xD1, 0x93, 0x93, 0x9C, 0xFE, 0xE3, 0xCD, 
   0x7A, 0x03, 0x00, 0xD1, 0xFE, 0x9F, 0xCE, 0x01, 0x3B, 0x01, 
   0xC5, 0x01, 0x62, 0x01, 0x9D, 0x79, 0xCE, 0xFE, 0xE4, 0x00, 
   0x00, 0x01, 0x00, 0x00, 0x00, 0x00, 0x03, 0x00, 0x06, 0x01, 
   0x00, 0x07, 0x00, 0x13, 0x00, 0x01, 0xB0, 0x08, 0x2F, 0xB1, 
   0x01, 0x0B, 0x2B, 0xB0, 0x04, 0xCD, 0xB1, 0x09, 0x01, 0x2B, 
   0x00, 0x30, 0x31, 0x18, 0x01, 0x12, 0x04, 0x33, 0x11, 0x22, 
   0x04, 0xCE, 0x01, 0x61, 0xD1, 0xD1, 0xFE, 0x9F, 0x03, 0xD2, 
   0xFE, 0x5E, 0xFE, 0x9E, 0xCE, 0x06, 0x01, 0xCE, 0x00, 0x00, 
   0x00, 0x01, 0x00, 0x00, 0x00, 0x00, 0x03, 0x00, 0x06, 0x01, 
   0x00, 0x0A, 0x00, 0x12, 0x00, 0x01, 0xB0, 0x0B, 0x2F, 0xB0, 
   0x01, 0xD6, 0xB0, 0x06, 0xCD, 0xB1, 0x0C, 0x01, 0x2B, 0x00, 
   0x30, 0x31, 0x18, 0x01, 0x12, 0x04, 0x33, 0x02, 0x11, 0x10, 
   0x13, 0x22, 0x04, 0xCE, 0x01, 0x61, 0xD1, 0x66, 0x66, 0xD1, 
   0xFE, 0x9F, 0x03, 0xD2, 0xFE, 0x5E, 0xFE, 0x9E, 0xCE, 0x01, 
   0x42, 0x01, 0xBF, 0x01, 0x5F, 0x01, 0xA1, 0xCE, 0x00, 0x01, 
   0x00, 0x00, 0x00, 0x00, 0x03, 0x01, 0x06, 0x01, 0x00, 0x0A, 
   0x00, 0x12, 0x00, 0x01, 0xB0, 0x0B, 0x2F, 0xB0, 0x01, 0xD6, 
   0xB0, 0x06, 0xCD, 0xB1, 0x0C, 0x01, 0x2B, 0x00, 0x30, 0x31, 
   0x18, 0x01, 0x12, 0x04, 0x33, 0x02, 0x11, 0x10, 0x13, 0x22, 
   0x04, 0xCE, 0x01, 0x62, 0xD1, 0xCE, 0xCE, 0xD1, 0xFE, 0x9E, 
   0x03, 0xD2, 0xFE, 0x5E, 0xFE, 0x9E, 0xCE, 0x01, 0x19, 0x01, 
   0xE8, 0x01, 0x98, 0x01, 0x68, 0xCE, 0x00, 0x01, 0x00, 0x00, 
   0x00, 0x00, 0x03, 0x00, 0x06, 0x01, 0x00, 0x0B, 0x00, 0x12, 
   0x00, 0x01, 0xB0, 0x0C, 0x2F, 0xB0, 0x01, 0xD6, 0xB0, 0x06, 
   0xCD, 0xB1, 0x0D, 0x01, 0x2B, 0x00, 0x30, 0x31, 0x18, 0x01, 
   0x12, 0x04, 0x33, 0x24, 0x11, 0x34, 0x12, 0x37, 0x22, 0x04, 
   0xCE, 0x01, 0x61, 0xD1, 0xFE, 0xCE, 0xAB, 0x87, 0xD1, 0xFE, 
   0x9F, 0x03, 0xD2, 0xFE, 0x5E, 0xFE, 0x9E, 0xCE, 0xEF, 0x02, 
   0x12, 0xEE, 0x01, 0x8E, 0x84, 0xCE, 0x00, 0x00, 0x00, 0x01, 
   0x00, 0x00, 0x00, 0x00, 0x03, 0x01, 0x06, 0x01, 0x00, 0x0C, 
   0x00, 0x12, 0x00, 0x01, 0xB0, 0x0D, 0x2F, 0xB0, 0x01, 0xD6, 
   0xB0, 0x07, 0xCD, 0xB1, 0x0E, 0x01, 0x2B, 0x00, 0x30, 0x31, 
   0x18, 0x01, 0x12, 0x04, 0x33, 0x26, 0x02, 0x11, 0x10, 0x12, 
   0x37, 0x22, 0x04, 0xCE, 0x01, 0x62, 0xD1, 0xD4, 0xC6, 0xE7, 
   0xB3, 0xD1, 0xFE, 0x9E, 0x03, 0xD2, 0xFE, 0x5E, 0xFE, 0x9E, 
   0xCE, 0x67, 0x01, 0x81, 0x01, 0x19, 0x01, 0x03, 0x01, 0x94, 
   0x69, 0xCE, 0x00, 0x00, 0x00, 0x01, 0x00, 0x00, 0x00, 0x00, 
   0x03, 0x00, 0x06, 0x01, 0x00, 0x0E, 0x00, 0x12, 0x00, 0x01, 
   0xB0, 0x0F, 0x2F, 0xB0, 0x01, 0xD6, 0xB0, 0x07, 0xCD, 0xB1, 
   0x10, 0x01, 0x2B, 0x00, 0x30, 0x31, 0x18, 0x01, 0x12, 0x04, 
   0x33, 0x24, 0x02, 0x11, 0x34, 0x12, 0x3E, 0x01, 0x37, 0x22, 
   0x04, 0xCE, 0x01, 0x61, 0xD1, 0xFE, 0xF7, 0xF7, 0x52, 0x8D, 
   0xB7, 0x6A, 0xD1, 0xFE, 0x9F, 0x03, 0xD2, 0xFE, 0x5E, 0xFE, 
   0x9E, 0xCE, 0x51, 0x01, 0x83, 0x01, 0x2D, 0x8E, 0x00, 0xFF, 
   0xC0, 0x8D, 0x26, 0xCE, 0x00, 0x01, 0x00, 0x00, 0x00, 0x00, 
   0x03, 0x00, 0x06, 0x01, 0x00, 0x14, 0x00, 0x12, 0x00, 0x01, 
   0xB0, 0x15, 0x2F, 0xB0, 0x01, 0xD6, 0xB0, 0x0A, 0xCD, 0xB1, 
   0x16, 0x01, 0x2B, 0x00, 0x30, 0x31, 0x18, 0x01, 0x12, 0x04, 
   0x33, 0x2E, 0x04, 0x35, 0x34, 0x3E, 0x05, 0x37, 0x22, 0x04, 
   0xCE, 0x01, 0x61, 0xD1, 0x95, 0xDC, 0x83, 0x4E, 0x1B, 0x0B, 
   0x21, 0x37, 0x5D, 0x7C, 0xB2, 0x6F, 0xD1, 0xFE, 0x9F, 0x03, 
   0xD2, 0xFE, 0x5E, 0xFE, 0x9E, 0xCE, 0x39, 0x8E, 0x91, 0xAE, 
   0x9C, 0x5E, 0x43, 0x71, 0x81, 0x6E, 0x75, 0x62, 0x60, 0x27, 
   0xCE, 0x00, 0x00, 0x03, 0x00, 0x00, 0xFF, 0xFE, 0x06, 0x01, 
   0x05, 0xFF, 0x00, 0x12, 0x00, 0x20, 0x00, 0x2F, 0x00, 0x44, 
   0x00, 0xB2, 0x0E, 0x00, 0x00, 0x2B, 0xB0, 0x17, 0xCD, 0xB0, 
   0x1E, 0x2F, 0xB0, 0x04, 0xCD, 0x01, 0xB0, 0x30, 0x2F, 0xB0, 
   0x00, 0xD6, 0xB0, 0x13, 0xCD, 0xB0, 0x13, 0x10, 0xB1, 0x1B, 
   0x01, 0x2B, 0xB0, 0x09, 0xCD, 0xB1, 0x31, 0x01, 0x2B, 0xB1, 
   0x1B, 0x13, 0x11, 0x12, 0xB3, 0x0E, 0x04, 0x2F, 0x27, 0x24, 
   0x17, 0x39, 0x00, 0xB1, 0x1E, 0x17, 0x11, 0x12, 0xB3, 0x09, 
   0x00, 0x23, 0x28, 0x24, 0x17, 0x39, 0x30, 0x31, 0x11, 0x34, 
   0x12, 0x24, 0x33, 0x32, 0x04, 0x16, 0x12, 0x15, 0x14, 0x02, 
   0x06, 0x04, 0x23, 0x22, 0x24, 0x26, 0x02, 0x37, 0x14, 0x17, 
   0x16, 0x33, 0x32, 0x24, 0x12, 0x10, 0x02, 0x24, 0x20, 0x04, 
   0x02, 0x09, 0x01, 0x36, 0x32, 0x17, 0x01, 0x16, 0x06, 0x2F, 
   0x01, 0x26, 0x0F, 0x01, 0x06, 0x26, 0xCF, 0x01, 0x62, 0xD0, 
   0x9C, 0x01, 0x1C, 0xCE, 0x7A, 0x7A, 0xCE, 0xFE, 0xE4, 0x9C, 
   0x9D, 0xFE, 0xE3, 0xCE, 0x79, 0xA9, 0xB1, 0xB1, 0xF6, 0xA2, 
   0x01, 0x14, 0xA2, 0xA2, 0xFE, 0xEC, 0xFE, 0xBC, 0xFE, 0xEC, 
   0xA2, 0x01, 0x4E, 0x01, 0x00, 0x01, 0x12, 0x01, 0x00, 0xFF, 
   0x04, 0x0B, 0x0B, 0xED, 0x0A, 0x0A, 0xEF, 0x0A, 0x09, 0x02, 
   0xFD, 0xD1, 0x01, 0x63, 0xCE, 0x7A, 0xCE, 0xFE, 0xE3, 0x9D, 
   0x9C, 0xFE, 0xE3, 0xCD, 0x79, 0x7A, 0xCE, 0x01, 0x1B, 0x9C, 
   0xF3, 0xB3, 0xB1, 0xA1, 0x01, 0x14, 0x01, 0x44, 0x01, 0x15, 
   0xA1, 0xA1, 0xFE, 0xEB, 0xFD, 0xCF, 0x03, 0x7F, 0x0A, 0x0A, 
   0xFC, 0x81, 0x0B, 0x0C, 0x06, 0x59, 0x04, 0x04, 0x59, 0x06, 
   0x0C, 0x00, 0x00, 0x0E, 0x00, 0x00, 0xFD, 0x71, 0x0B, 0x43, 
   0x08, 0xC0, 0x00, 0x4C, 0x00, 0x5F, 0x00, 0x6B, 0x00, 0x7C, 
   0x00, 0x8C, 0x00, 0x98, 0x00, 0xA8, 0x00, 0xBB, 0x00, 0xC7, 
   0x00, 0xD3, 0x00, 0xE1, 0x00, 0xF0, 0x01, 0x02, 0x01, 0x10, 
   0x00, 0x00, 0x11, 0x35, 0x34, 0x12, 0x37, 0x36, 0x00, 0x33, 
   0x32, 0x17, 0x3E, 0x01, 0x33, 0x32, 0x04, 0x12, 0x15, 0x14, 
   0x07, 0x16, 0x15, 0x14, 0x0E, 0x01, 0x07, 0x22, 0x3D, 0x01, 
   0x34, 0x33, 0x3E, 0x01, 0x35, 0x34, 0x26, 0x2B, 0x01, 0x22, 
   0x35, 0x27, 0x26, 0x24, 0x23, 0x22, 0x04, 0x0F, 0x01, 0x06, 
   0x23, 0x07, 0x0E, 0x01, 0x1D, 0x01, 0x33, 0x16, 0x17, 0x16, 
   0x17, 0x15, 0x16, 0x17, 0x32, 0x1D, 0x01, 0x14, 0x23, 0x26, 
   0x27, 0x15, 0x2E, 0x01, 0x27, 0x35, 0x26, 0x35, 0x26, 0x01, 
   0x34, 0x36, 0x35, 0x37, 0x3E, 0x01, 0x17, 0x1E, 0x01, 0x0F, 
   0x01, 0x06, 0x23, 0x22, 0x26, 0x23, 0x2E, 0x01, 0x13, 0x34, 
   0x36, 0x32, 0x16, 0x15, 0x14, 0x06, 0x23, 0x22, 0x27, 0x26, 
   0x13, 0x34, 0x3F, 0x01, 0x3E, 0x01, 0x17, 0x1E, 0x01, 0x0F, 
   0x01, 0x06, 0x23, 0x22, 0x27, 0x2E, 0x01, 0x13, 0x34, 0x36, 
   0x33, 0x32, 0x1F, 0x01, 0x16, 0x15, 0x14, 0x06, 0x27, 0x26, 
   0x2F, 0x01, 0x26, 0x13, 0x34, 0x36, 0x32, 0x16, 0x15, 0x14, 
   0x06, 0x23, 0x22, 0x27, 0x26, 0x13, 0x34, 0x3F, 0x01, 0x3E, 
   0x01, 0x17, 0x1E, 0x01, 0x0F, 0x01, 0x0E, 0x01, 0x27, 0x2E, 
   0x01, 0x05, 0x34, 0x36, 0x35, 0x37, 0x3E, 0x01, 0x17, 0x1E, 
   0x01, 0x0F, 0x01, 0x06, 0x23, 0x22, 0x26, 0x23, 0x2E, 0x01, 
   0x13, 0x34, 0x36, 0x32, 0x16, 0x15, 0x14, 0x06, 0x23, 0x22, 
   0x27, 0x26, 0x13, 0x16, 0x17, 0x33, 0x32, 0x17, 0x36, 0x35, 
   0x34, 0x26, 0x23, 0x22, 0x13, 0x35, 0x34, 0x36, 0x33, 0x32, 
   0x16, 0x1D, 0x01, 0x14, 0x06, 0x23, 0x22, 0x26, 0x04, 0x34, 
   0x3F, 0x01, 0x36, 0x33, 0x32, 0x17, 0x16, 0x14, 0x0F, 0x01, 
   0x06, 0x26, 0x27, 0x13, 0x34, 0x36, 0x33, 0x32, 0x1F, 0x01, 
   0x16, 0x15, 0x14, 0x07, 0x06, 0x23, 0x27, 0x22, 0x2F, 0x01, 
   0x26, 0x13, 0x34, 0x36, 0x3B, 0x01, 0x32, 0x16, 0x14, 0x06, 
   0x2B, 0x01, 0x22, 0x27, 0x26, 0xE7, 0xB1, 0x31, 0x01, 0x5F, 
   0xE3, 0x9F, 0x83, 0x50, 0xD8, 0x73, 0x98, 0x01, 0x03, 0x97, 
   0x7A, 0x2E, 0x88, 0xEB, 0x8D, 0x15, 0x15, 0x89, 0xBF, 0xCE, 
   0x8F, 0xAC, 0x13, 0x08, 0x12, 0xFE, 0xF9, 0xAE, 0xB0, 0xFE, 
   0xFD, 0x11, 0x08, 0x05, 0x13, 0x36, 0x87, 0xB4, 0x03, 0x02, 
   0x74, 0x23, 0x2C, 0x42, 0x3F, 0x12, 0x12, 0x53, 0x4B, 0x85, 
   0xB9, 0x1A, 0x01, 0x08, 0x02, 0x4B, 0x04, 0x0A, 0x0B, 0x41, 
   0x28, 0x24, 0x24, 0x0B, 0x0F, 0x10, 0x41, 0x05, 0x15, 0x03, 
   0x21, 0x21, 0x4F, 0x32, 0x4C, 0x32, 0x32, 0x26, 0x25, 0x18, 
   0x1B, 0xAF, 0x04, 0x0E, 0x0B, 0x42, 0x22, 0x25, 0x26, 0x0A, 
   0x0E, 0x10, 0x45, 0x08, 0x12, 0x23, 0x22, 0x39, 0x36, 0x28, 
   0x26, 0x1A, 0x43, 0x1B, 0x40, 0x21, 0x21, 0x1A, 0x45, 0x1B, 
   0x1B, 0x32, 0x4C, 0x32, 0x32, 0x26, 0x23, 0x1B, 0x1A, 0x42, 
   0x03, 0x18, 0x0B, 0x42, 0x23, 0x26, 0x25, 0x0B, 0x1C, 0x0D, 
   0x3E, 0x25, 0x20, 0x21, 0x01, 0x29, 0x03, 0x0A, 0x0B, 0x41, 
   0x28, 0x24, 0x25, 0x0B, 0x0F, 0x10, 0x41, 0x05, 0x16, 0x03, 
   0x20, 0x21, 0x4F, 0x32, 0x4C, 0x32, 0x32, 0x26, 0x25, 0x19, 
   0x1A, 0x6E, 0x86, 0x2F, 0x21, 0xDC, 0x9B, 0x32, 0xDD, 0x9D, 
   0x9A, 0x3F, 0x36, 0x25, 0x26, 0x33, 0x33, 0x26, 0x25, 0x36, 
   0x02, 0x53, 0x19, 0x9A, 0x18, 0x26, 0x27, 0x19, 0x1C, 0x1C, 
   0x9A, 0x1F, 0x49, 0x16, 0x3A, 0x35, 0x26, 0x25, 0x1C, 0x42, 
   0x1C, 0x1C, 0x16, 0x24, 0x02, 0x26, 0x1C, 0x45, 0x1B, 0x9C, 
   0x35, 0x27, 0xDC, 0x27, 0x35, 0x36, 0x26, 0xDC, 0x26, 0x1A, 
   0x1C, 0x02, 0x0E, 0x01, 0xB9, 0x01, 0x20, 0x2A, 0xDB, 0x01, 
   0x1A, 0x46, 0x55, 0x61, 0x97, 0xFE, 0xFD, 0x98, 0xC5, 0x9A, 
   0x62, 0x75, 0x8D, 0xF1, 0x92, 0x04, 0x13, 0x8F, 0x13, 0x07, 
   0xCD, 0x8B, 0x8E, 0xCC, 0x12, 0x3F, 0xAD, 0xEB, 0xEB, 0xAD, 
   0x3F, 0x0E, 0x04, 0x10, 0xC3, 0x87, 0x05, 0x9C, 0x67, 0x1F, 
   0x15, 0x02, 0x1E, 0x03, 0x12, 0x8F, 0x12, 0x05, 0x1B, 0x02, 
   0x2E, 0xD6, 0x8B, 0x04, 0x01, 0x02, 0x28, 0xFD, 0x38, 0x05, 
   0x11, 0x04, 0x3F, 0x26, 0x25, 0x0A, 0x0B, 0x41, 0x22, 0x40, 
   0x46, 0x03, 0x0A, 0x32, 0x01, 0x55, 0x26, 0x32, 0x32, 0x26, 
   0x25, 0x31, 0x1A, 0x19, 0xFD, 0xA5, 0x06, 0x12, 0x3E, 0x24, 
   0x25, 0x0B, 0x07, 0x40, 0x29, 0x3F, 0x41, 0x04, 0x0A, 0x33, 
   0x09, 0x7C, 0x26, 0x34, 0x1A, 0x46, 0x1B, 0x25, 0x27, 0x3B, 
   0x05, 0x03, 0x1A, 0x46, 0x1B, 0xF7, 0xF9, 0x25, 0x32, 0x32, 
   0x25, 0x26, 0x32, 0x1B, 0x1A, 0x01, 0x16, 0x0F, 0x0D, 0x60, 
   0x25, 0x27, 0x0B, 0x0B, 0x3F, 0x23, 0x60, 0x2C, 0x21, 0x0A, 
   0x06, 0x35, 0xCD, 0x05, 0x12, 0x03, 0x3F, 0x26, 0x25, 0x0A, 
   0x0B, 0x42, 0x22, 0x40, 0x45, 0x03, 0x0A, 0x32, 0x01, 0x55, 
   0x26, 0x32, 0x32, 0x26, 0x25, 0x32, 0x1B, 0x18, 0x05, 0x30, 
   0x7A, 0xBE, 0x9B, 0x58, 0x6A, 0x9D, 0xDB, 0x01, 0xCB, 0xDB, 
   0x26, 0x37, 0x36, 0x27, 0xDB, 0x27, 0x36, 0x37, 0xF6, 0x4E, 
   0x19, 0x9B, 0x1B, 0x1B, 0x1A, 0x4C, 0x1A, 0x9B, 0x1E, 0x05, 
   0x19, 0xFB, 0x4A, 0x26, 0x36, 0x1C, 0x43, 0x1C, 0x25, 0x26, 
   0x1A, 0x1C, 0x02, 0x1A, 0x44, 0x1B, 0x02, 0xCD, 0x26, 0x33, 
   0x33, 0x4C, 0x36, 0x1D, 0x18, 0x00, 0x00, 0x00, 0x00, 0x09, 
   0x00, 0x00, 0xFD, 0x6B, 0x08, 0xFA, 0x06, 0x71, 0x00, 0x4A, 
   0x00, 0x5D, 0x00, 0x69, 0x00, 0x7A, 0x00, 0x85, 0x00, 0x95, 
   0x00, 0xA8, 0x00, 0xB3, 0x00, 0xBF, 0x02, 0x10, 0x00, 0xB2, 
   0x19, 0x00, 0x00, 0x2B, 0xB1, 0x44, 0x66, 0x33, 0x33, 0xB0, 
   0x1E, 0xCD, 0xB0, 0x3F, 0x32, 0xB2, 0xB0, 0x00, 0x00, 0x2B, 
   0xB0, 0x76, 0x2F, 0xB0, 0x70, 0xCD, 0xB0, 0x58, 0x2F, 0xB1, 
   0x83, 0xA3, 0x33, 0x33, 0xB0, 0x52, 0xCD, 0xB0, 0x9D, 0x32, 
   0xB0, 0x7E, 0xCD, 0xB0, 0x24, 0x2F, 0xB0, 0x31, 0x33, 0xB0, 
   0xB6, 0xCD, 0xB0, 0x2B, 0x2F, 0xB0, 0x08, 0xCD, 0xB3, 0xBE, 
   0x08, 0x2B, 0x08, 0x2B, 0xB0, 0x0D, 0xCD, 0x01, 0xB0, 0xC0, 
   0x2F, 0xB0, 0x00, 0xD6, 0xB0, 0x36, 0xCD, 0xB0, 0x38, 0x32, 
   0xB2, 0x36, 0x00, 0x0A, 0x2B, 0xB3, 0x40, 0x36, 0x42, 0x09, 
   0x2B, 0xB0, 0x36, 0x10, 0xB1, 0x5E, 0x01, 0x2B, 0xB0, 0x63, 
   0xCD, 0xB0, 0x63, 0x10, 0xB0, 0x55, 0x20, 0xD6, 0x11, 0xB0, 
   0x4F, 0xCD, 0xB0, 0x4F, 0x2F, 0xB0, 0x55, 0xCD, 0xB2, 0x4F, 
   0x55, 0x0A, 0x2B, 0xB3, 0x40, 0x4F, 0x4B, 0x09, 0x2B, 0xB0, 
   0x63, 0x10, 0xB1, 0x7B, 0x01, 0x2B, 0xB0, 0x80, 0xCD, 0xB0, 
   0x80, 0x10, 0xB0, 0x74, 0x20, 0xD6, 0x11, 0xB0, 0x6A, 0xCD, 
   0xB0, 0x6A, 0x2F, 0xB0, 0x74, 0xCD, 0xB0, 0x74, 0x10, 0xB0, 
   0x6D, 0xCD, 0xB0, 0x6D, 0x2F, 0xB0, 0x80, 0x10, 0xB0, 0x90, 
   0x20, 0xD6, 0x11, 0xB0, 0x86, 0xCD, 0xB0, 0x86, 0x2F, 0xB0, 
   0x88, 0x33, 0xB0, 0x90, 0xCD, 0xB0, 0x80, 0x10, 0xB1, 0xA9, 
   0x01, 0x2B, 0xB0, 0xAE, 0xCD, 0xB0, 0xAE, 0x10, 0xB0, 0xA0, 
   0x20, 0xD6, 0x11, 0xB0, 0x9A, 0xCD, 0xB0, 0x9A, 0x2F, 0xB0, 
   0xA0, 0xCD, 0xB0, 0xB4, 0x32, 0xB0, 0xAE, 0x10, 0xB1, 0xBB, 
   0x01, 0x2B, 0xB0, 0x11, 0xCD, 0xB0, 0x21, 0x20, 0xD6, 0x11, 
   0xB0, 0x15, 0xCD, 0xB2, 0x21, 0x15, 0x0A, 0x2B, 0xB3, 0x40, 
   0x21, 0x1B, 0x09, 0x2B, 0xB1, 0xC1, 0x01, 0x2B, 0xB0, 0x36, 
   0x1A, 0xBA, 0x3E, 0x17, 0xF0, 0x7A, 0x00, 0x15, 0x2B, 0x0A, 
   0x04, 0xB0, 0x88, 0x2E, 0x0E, 0xB0, 0x89, 0xC0, 0x04, 0xB1, 
   0x90, 0x01, 0xF9, 0x0E, 0xB0, 0x8F, 0xC0, 0x00, 0xB3, 0x88, 
   0x89, 0x8F, 0x90, 0x2E, 0x2E, 0x2E, 0x2E, 0x01, 0xB1, 0x89, 
   0x8F, 0x2E, 0x2E, 0xB0, 0x40, 0x1A, 0x01, 0xB1, 0x4F, 0x36, 
   0x11, 0x12, 0xB1, 0x2E, 0x05, 0x39, 0x39, 0xB0, 0x5E, 0x11, 
   0xB2, 0x50, 0x5B, 0x5C, 0x39, 0x39, 0x39, 0xB0, 0x55, 0x12, 
   0xB2, 0x58, 0x60, 0x66, 0x39, 0x39, 0x39, 0xB0, 0x63, 0x11, 
   0xB1, 0x61, 0x54, 0x39, 0x39, 0xB1, 0x86, 0x7B, 0x11, 0x12, 
   0xB1, 0x76, 0x7D, 0x39, 0x39, 0xB0, 0x74, 0x11, 0xB0, 0x83, 
   0x39, 0xB0, 0x80, 0x12, 0xB3, 0x2B, 0x08, 0x7E, 0x72, 0x24, 
   0x17, 0x39, 0xB1, 0x9A, 0x90, 0x11, 0x12, 0xB0, 0x96, 0x39, 
   0xB0, 0xA9, 0x11, 0xB3, 0x0A, 0x9B, 0xA6, 0xA7, 0x24, 0x17, 
   0x39, 0xB0, 0xA0, 0x12, 0xB3, 0x29, 0xA3, 0xAB, 0xB1, 0x24, 
   0x17, 0x39, 0xB0, 0xAE, 0x11, 0xB4, 0x25, 0x28, 0x9F, 0xAC, 
   0xB0, 0x24, 0x17, 0x39, 0xB0, 0x21, 0x12, 0xB3, 0x0D, 0x24, 
   0xB6, 0xBE, 0x24, 0x17, 0x39, 0xB0, 0xBB, 0x11, 0xB0, 0xB9, 
   0x39, 0xB0, 0x15, 0x12, 0xB0, 0x13, 0x39, 0x00, 0xB1, 0x70, 
   0x76, 0x11, 0x12, 0xB0, 0x6A, 0x39, 0xB0, 0x58, 0x11, 0xB0, 
   0x6F, 0x39, 0xB0, 0x7E, 0x12, 0xB1, 0x4E, 0x99, 0x39, 0x39, 
   0xB0, 0x52, 0x11, 0xB4, 0x50, 0x4F, 0x92, 0x9A, 0x9B, 0x24, 
   0x17, 0x39, 0xB0, 0x19, 0x12, 0xB1, 0x51, 0x9C, 0x39, 0x39, 
   0xB0, 0x1E, 0x11, 0xB1, 0x60, 0xAB, 0x39, 0x39, 0xB0, 0x24, 
   0x12, 0xB5, 0x13, 0x15, 0x32, 0x61, 0x8B, 0xAC, 0x24, 0x17, 
   0x39, 0xB0, 0xB6, 0x11, 0xB3, 0x05, 0x28, 0x2E, 0xB9, 0x24, 
   0x17, 0x39, 0xB0, 0x2B, 0x12, 0xB2, 0x29, 0x11, 0xBB, 0x39, 
   0x39, 0x39, 0xB0, 0xBE, 0x11, 0xB0, 0xB4, 0x39, 0xB0, 0x08, 
   0x12, 0xB0, 0x0A, 0x39, 0x30, 0x31, 0x11, 0x3D, 0x01, 0x34, 
   0x12, 0x37, 0x36, 0x00, 0x33, 0x32, 0x17, 0x3E, 0x01, 0x33, 
   0x32, 0x04, 0x12, 0x15, 0x14, 0x07, 0x16, 0x15, 0x14, 0x0E, 
   0x01, 0x07, 0x22, 0x3D, 0x01, 0x34, 0x33, 0x3E, 0x01, 0x35, 
   0x34, 0x26, 0x2B, 0x01, 0x22, 0x35, 0x27, 0x26, 0x24, 0x23, 
   0x22, 0x04, 0x0F, 0x01, 0x06, 0x23, 0x07, 0x0E, 0x01, 0x1D, 
   0x01, 0x16, 0x33, 0x16, 0x17, 0x16, 0x17, 0x15, 0x16, 0x17, 
   0x32, 0x1D, 0x01, 0x14, 0x23, 0x26, 0x27, 0x2E, 0x01, 0x27, 
   0x26, 0x01, 0x34, 0x36, 0x35, 0x37, 0x3E, 0x01, 0x17, 0x1E, 
   0x01, 0x0F, 0x01, 0x06, 0x23, 0x22, 0x26, 0x23, 0x2E, 0x01, 
   0x13, 0x34, 0x36, 0x32, 0x16, 0x15, 0x14, 0x06, 0x23, 0x22, 
   0x27, 0x26, 0x13, 0x34, 0x3F, 0x01, 0x3E, 0x01, 0x17, 0x1E, 
   0x01, 0x0F, 0x01, 0x06, 0x23, 0x22, 0x27, 0x2E, 0x01, 0x13, 
   0x34, 0x36, 0x32, 0x16, 0x15, 0x14, 0x06, 0x23, 0x22, 0x26, 
   0x13, 0x34, 0x3F, 0x01, 0x3E, 0x01, 0x17, 0x1E, 0x01, 0x0F, 
   0x01, 0x0E, 0x01, 0x27, 0x2E, 0x01, 0x05, 0x34, 0x36, 0x35, 
   0x37, 0x3E, 0x01, 0x17, 0x1E, 0x01, 0x0F, 0x01, 0x06, 0x23, 
   0x22, 0x26, 0x23, 0x2E, 0x01, 0x13, 0x34, 0x36, 0x32, 0x16, 
   0x15, 0x14, 0x06, 0x22, 0x27, 0x26, 0x13, 0x16, 0x17, 0x33, 
   0x32, 0x17, 0x36, 0x35, 0x34, 0x26, 0x23, 0x22, 0xE7, 0xB1, 
   0x31, 0x01, 0x5F, 0xE3, 0x9F, 0x83, 0x50, 0xD8, 0x73, 0x98, 
   0x01, 0x03, 0x97, 0x7A, 0x2E, 0x88, 0xEB, 0x8D, 0x15, 0x15, 
   0x89, 0xBF, 0xCE, 0x8F, 0xAC, 0x13, 0x08, 0x12, 0xFE, 0xF9, 
   0xAE, 0xB0, 0xFE, 0xFD, 0x11, 0x08, 0x05, 0x13, 0x36, 0x87, 
   0xB4, 0x02, 0x01, 0x01, 0x5F, 0x2D, 0x35, 0x3C, 0x48, 0x12, 
   0x12, 0x4E, 0x4B, 0x79, 0xB1, 0x25, 0x17, 0x02, 0x4B, 0x04, 
   0x0A, 0x0B, 0x42, 0x27, 0x24, 0x24, 0x0B, 0x0F, 0x10, 0x41, 
   0x05, 0x15, 0x03, 0x21, 0x21, 0x4F, 0x32, 0x4C, 0x32, 0x32, 
   0x26, 0x25, 0x18, 0x1B, 0xAF, 0x04, 0x0E, 0x0B, 0x42, 0x22, 
   0x25, 0x26, 0x0A, 0x0E, 0x11, 0x44, 0x08, 0x12, 0x23, 0x22, 
   0x54, 0x32, 0x4C, 0x32, 0x32, 0x26, 0x24, 0x34, 0x42, 0x03, 
   0x18, 0x0B, 0x42, 0x23, 0x26, 0x25, 0x0B, 0x1C, 0x0D, 0x3E, 
   0x25, 0x20, 0x21, 0x01, 0x29, 0x03, 0x0A, 0x0B, 0x42, 0x27, 
   0x24, 0x25, 0x0B, 0x0F, 0x10, 0x41, 0x05, 0x16, 0x03, 0x20, 
   0x21, 0x4F, 0x32, 0x4C, 0x32, 0x32, 0x4C, 0x18, 0x1A, 0x6E, 
   0x86, 0x2F, 0x21, 0xDD, 0x9A, 0x32, 0xDD, 0x9D, 0x9A, 0x02, 
   0x07, 0x01, 0x01, 0xB9, 0x01, 0x22, 0x29, 0xDB, 0x01, 0x19, 
   0x46, 0x55, 0x61, 0x97, 0xFE, 0xFD, 0x98, 0xC5, 0x9A, 0x62, 
   0x75, 0x8D, 0xF1, 0x91, 0x04, 0x12, 0x8F, 0x13, 0x07, 0xCD, 
   0x8B, 0x8E, 0xCC, 0x13, 0x3F, 0xAD, 0xEB, 0xEB, 0xAD, 0x3F, 
   0x0F, 0x04, 0x10, 0xC3, 0x87, 0x04, 0x02, 0x88, 0x65, 0x2F, 
   0x18, 0x02, 0x1F, 0x05, 0x12, 0x8F, 0x12, 0x04, 0x1B, 0x28, 
   0xB7, 0x7A, 0x4B, 0xFD, 0x51, 0x05, 0x12, 0x04, 0x3E, 0x26, 
   0x26, 0x0A, 0x0B, 0x42, 0x22, 0x40, 0x46, 0x03, 0x0A, 0x32, 
   0x01, 0x56, 0x26, 0x32, 0x32, 0x26, 0x25, 0x32, 0x1A, 0x19, 
   0xFD, 0xA6, 0x06, 0x12, 0x3F, 0x24, 0x24, 0x0B, 0x07, 0x40, 
   0x29, 0x3E, 0x42, 0x04, 0x0A, 0x33, 0x01, 0x51, 0x25, 0x31, 
   0x31, 0x25, 0x26, 0x32, 0x34, 0x01, 0x16, 0x0F, 0x0D, 0x60, 
   0x26, 0x26, 0x0A, 0x0B, 0x40, 0x23, 0x60, 0x2C, 0x20, 0x0A, 
   0x06, 0x34, 0xCD, 0x05, 0x14, 0x02, 0x3E, 0x26, 0x26, 0x0A, 
   0x0B, 0x42, 0x22, 0x40, 0x46, 0x03, 0x0A, 0x32, 0x01, 0x56, 
   0x26, 0x32, 0x32, 0x26, 0x25, 0x32, 0x1A, 0x18, 0x05, 0x30, 
   0x7A, 0xBE, 0x9A, 0x58, 0x69, 0x9D, 0xDB, 0x00, 0x00, 0x09, 
   0x00, 0x00, 0xFD, 0x6F, 0x09, 0x18, 0x06, 0xDB, 0x00, 0x64, 
   0x00, 0x77, 0x00, 0x83, 0x00, 0x94, 0x00, 0x9F, 0x00, 0xAF, 
   0x00, 0xC2, 0x00, 0xCD, 0x00, 0xDD, 0x00, 0x00, 0x11, 0x3D, 
   0x08, 0x36, 0x12, 0x37, 0x36, 0x00, 0x33, 0x32, 0x17, 0x3E, 
   0x03, 0x17, 0x32, 0x1F, 0x01, 0x16, 0x0F, 0x01, 0x06, 0x15, 
   0x14, 0x1E, 0x02, 0x1F, 0x01, 0x16, 0x15, 0x14, 0x0F, 0x01, 
   0x06, 0x07, 0x16, 0x15, 0x14, 0x00, 0x07, 0x22, 0x3D, 0x01, 
   0x34, 0x33, 0x3E, 0x01, 0x35, 0x34, 0x26, 0x2B, 0x01, 0x22, 
   0x35, 0x27, 0x26, 0x24, 0x23, 0x22, 0x04, 0x0F, 0x01, 0x14, 
   0x23, 0x07, 0x0E, 0x01, 0x1D, 0x01, 0x17, 0x32, 0x33, 0x1E, 
   0x01, 0x17, 0x33, 0x1F, 0x01, 0x16, 0x17, 0x16, 0x17, 0x32, 
   0x1D, 0x01, 0x14, 0x23, 0x26, 0x27, 0x23, 0x2E, 0x01, 0x01, 
   0x34, 0x36, 0x35, 0x37, 0x3E, 0x01, 0x17, 0x1E, 0x01, 0x0F, 
   0x01, 0x06, 0x23, 0x22, 0x26, 0x23, 0x2E, 0x01, 0x13, 0x34, 
   0x36, 0x32, 0x16, 0x15, 0x14, 0x06, 0x23, 0x22, 0x27, 0x26, 
   0x13, 0x34, 0x3F, 0x01, 0x3E, 0x01, 0x17, 0x1E, 0x01, 0x0F, 
   0x01, 0x06, 0x23, 0x22, 0x27, 0x2E, 0x01, 0x13, 0x34, 0x36, 
   0x32, 0x16, 0x15, 0x14, 0x06, 0x23, 0x22, 0x26, 0x13, 0x34, 
   0x3F, 0x01, 0x3E, 0x01, 0x17, 0x1E, 0x01, 0x0F, 0x01, 0x0E, 
   0x01, 0x27, 0x2E, 0x01, 0x05, 0x34, 0x36, 0x35, 0x37, 0x3E, 
   0x01, 0x17, 0x1E, 0x01, 0x0F, 0x01, 0x06, 0x23, 0x22, 0x26, 
   0x23, 0x2E, 0x01, 0x13, 0x34, 0x36, 0x32, 0x16, 0x15, 0x14, 
   0x06, 0x22, 0x27, 0x26, 0x13, 0x16, 0x17, 0x33, 0x32, 0x17, 
   0x36, 0x37, 0x2E, 0x02, 0x3D, 0x01, 0x23, 0x22, 0x06, 0x07, 
   0xE4, 0xAC, 0x32, 0x01, 0x5E, 0xE2, 0x76, 0x88, 0x2D, 0x79, 
   0x82, 0x7B, 0x3B, 0x3E, 0x46, 0x55, 0x13, 0x04, 0x0C, 0x0B, 
   0x1F, 0x3F, 0x6C, 0x46, 0x42, 0x10, 0x01, 0x14, 0x27, 0x7A, 
   0x46, 0xFE, 0xD7, 0xD5, 0x14, 0x14, 0x8B, 0xC0, 0xCE, 0x91, 
   0xAD, 0x12, 0x08, 0x12, 0xFE, 0xFA, 0xAE, 0xAF, 0xFE, 0xFD, 
   0x11, 0x08, 0x15, 0x38, 0x86, 0xB5, 0x01, 0x01, 0x01, 0x01, 
   0x4C, 0x42, 0x01, 0x01, 0x01, 0x23, 0x1F, 0x36, 0x3C, 0x12, 
   0x12, 0x95, 0x7B, 0x01, 0x6A, 0x7F, 0x02, 0x46, 0x04, 0x0A, 
   0x0B, 0x41, 0x28, 0x24, 0x24, 0x0B, 0x0F, 0x10, 0x41, 0x05, 
   0x15, 0x03, 0x21, 0x21, 0x4F, 0x32, 0x4C, 0x32, 0x32, 0x26, 
   0x24, 0x19, 0x1B, 0xAF, 0x04, 0x0E, 0x0B, 0x42, 0x22, 0x25, 
   0x26, 0x0A, 0x0E, 0x10, 0x45, 0x0C, 0x0E, 0x23, 0x22, 0x54, 
   0x32, 0x4C, 0x32, 0x32, 0x26, 0x24, 0x34, 0x42, 0x03, 0x18, 
   0x0B, 0x42, 0x23, 0x26, 0x25, 0x0B, 0x1C, 0x0D, 0x3E, 0x25, 
   0x20, 0x21, 0x01, 0x29, 0x03, 0x0A, 0x0B, 0x41, 0x28, 0x24, 
   0x25, 0x0B, 0x0F, 0x10, 0x41, 0x05, 0x14, 0x05, 0x20, 0x21, 
   0x4F, 0x32, 0x4C, 0x32, 0x32, 0x4C, 0x18, 0x1A, 0x4B, 0xA6, 
   0x2D, 0x23, 0xC4, 0x93, 0x36, 0x1B, 0x63, 0x91, 0x48, 0x17, 
   0x63, 0xB3, 0x01, 0xF8, 0x06, 0x02, 0x05, 0x05, 0x01, 0x02, 
   0x09, 0x07, 0x02, 0xB3, 0x01, 0x14, 0x28, 0xDA, 0x01, 0x18, 
   0x31, 0x4A, 0x6D, 0x3B, 0x1B, 0x01, 0x0E, 0x1B, 0x09, 0x10, 
   0x41, 0x2F, 0x2B, 0x31, 0x68, 0x63, 0x52, 0x15, 0x12, 0x04, 
   0x0D, 0x06, 0x01, 0x49, 0xA2, 0x76, 0x7A, 0x8B, 0xD6, 0xFE, 
   0xCB, 0x07, 0x14, 0x91, 0x13, 0x0A, 0xC8, 0x88, 0x8F, 0xCB, 
   0x13, 0x3E, 0xAC, 0xEB, 0xEA, 0xAD, 0x37, 0x12, 0x08, 0x10, 
   0xC5, 0x85, 0x02, 0x01, 0x54, 0x94, 0x30, 0x01, 0x01, 0x19, 
   0x0C, 0x18, 0x02, 0x12, 0x8F, 0x13, 0x07, 0x51, 0x45, 0xDE, 
   0xFD, 0x9A, 0x05, 0x11, 0x04, 0x3F, 0x26, 0x25, 0x0A, 0x0B, 
   0x42, 0x22, 0x40, 0x45, 0x03, 0x0A, 0x32, 0x01, 0x55, 0x26, 
   0x32, 0x32, 0x26, 0x25, 0x32, 0x1B, 0x19, 0xFD, 0xA3, 0x06, 
   0x12, 0x3F, 0x24, 0x25, 0x0B, 0x07, 0x40, 0x29, 0x3F, 0x41, 
   0x03, 0x0A, 0x33, 0x01, 0x51, 0x25, 0x32, 0x32, 0x25, 0x26, 
   0x32, 0x34, 0x01, 0x16, 0x0F, 0x0E, 0x60, 0x25, 0x27, 0x0B, 
   0x0B, 0x40, 0x23, 0x60, 0x2C, 0x20, 0x0A, 0x06, 0x34, 0xCC, 
   0x05, 0x12, 0x03, 0x3F, 0x26, 0x25, 0x0A, 0x0B, 0x42, 0x22, 
   0x40, 0x46, 0x04, 0x0A, 0x32, 0x01, 0x55, 0x26, 0x32, 0x32, 
   0x26, 0x25, 0x32, 0x1A, 0x18, 0x05, 0x4B, 0x88, 0xC9, 0x7E, 
   0x31, 0x3E, 0x30, 0xA2, 0xC0, 0x66, 0x21, 0x60, 0x00, 0x08, 
   0x00, 0x00, 0xFD, 0x6E, 0x08, 0xAE, 0x06, 0x03, 0x00, 0x62, 
   0x00, 0x75, 0x00, 0x81, 0x00, 0x92, 0x00, 0x9D, 0x00, 0xAD, 
   0x00, 0xC0, 0x00, 0xCB, 0x00, 0x00, 0x11, 0x34, 0x12, 0x37, 
   0x36, 0x00, 0x33, 0x32, 0x17, 0x14, 0x17, 0x16, 0x17, 0x33, 
   0x16, 0x17, 0x33, 0x32, 0x17, 0x35, 0x1E, 0x01, 0x17, 0x16, 
   0x17, 0x1D, 0x01, 0x14, 0x16, 0x1D, 0x02, 0x14, 0x0E, 0x01, 
   0x07, 0x22, 0x3D, 0x01, 0x34, 0x33, 0x3E, 0x01, 0x35, 0x34, 
   0x26, 0x2B, 0x01, 0x22, 0x35, 0x27, 0x26, 0x27, 0x2E, 0x01, 
   0x27, 0x26, 0x23, 0x34, 0x23, 0x26, 0x27, 0x26, 0x23, 0x22, 
   0x04, 0x0F, 0x01, 0x06, 0x23, 0x07, 0x0E, 0x01, 0x1D, 0x01, 
   0x33, 0x1E, 0x01, 0x17, 0x16, 0x17, 0x15, 0x16, 0x17, 0x32, 
   0x1D, 0x01, 0x14, 0x23, 0x26, 0x27, 0x15, 0x2E, 0x01, 0x27, 
   0x35, 0x26, 0x35, 0x26, 0x01, 0x34, 0x36, 0x35, 0x37, 0x3E, 
   0x01, 0x17, 0x1E, 0x01, 0x0F, 0x01, 0x06, 0x23, 0x22, 0x26, 
   0x23, 0x2E, 0x01, 0x13, 0x34, 0x36, 0x32, 0x16, 0x15, 0x14, 
   0x06, 0x23, 0x22, 0x27, 0x26, 0x13, 0x34, 0x3F, 0x01, 0x3E, 
   0x01, 0x17, 0x1E, 0x01, 0x0F, 0x01, 0x06, 0x23, 0x22, 0x27, 
   0x2E, 0x01, 0x13, 0x34, 0x36, 0x32, 0x16, 0x15, 0x14, 0x06, 
   0x23, 0x22, 0x26, 0x13, 0x34, 0x3F, 0x01, 0x3E, 0x01, 0x17, 
   0x1E, 0x01, 0x0F, 0x01, 0x0E, 0x01, 0x27, 0x2E, 0x01, 0x05, 
   0x34, 0x36, 0x35, 0x37, 0x3E, 0x01, 0x17, 0x1E, 0x01, 0x0F, 
   0x01, 0x06, 0x23, 0x22, 0x26, 0x23, 0x2E, 0x01, 0x13, 0x34, 
   0x36, 0x32, 0x16, 0x15, 0x14, 0x06, 0x22, 0x27, 0x26, 0xE7, 
   0xB1, 0x31, 0x01, 0x5F, 0xE3, 0x82, 0x69, 0x01, 0x86, 0x66, 
   0x03, 0x6C, 0x26, 0x21, 0xAD, 0x81, 0x55, 0x73, 0x14, 0x06, 
   0x02, 0x03, 0x88, 0xEB, 0x8D, 0x15, 0x15, 0x89, 0xBF, 0xCE, 
   0x8F, 0xAC, 0x13, 0x08, 0x10, 0x77, 0x01, 0x03, 0x01, 0x02, 
   0x02, 0x02, 0x74, 0x9D, 0x0B, 0x19, 0xB0, 0xFE, 0xFD, 0x11, 
   0x08, 0x05, 0x13, 0x36, 0x87, 0xB4, 0x03, 0x01, 0x3F, 0x36, 
   0x21, 0x2E, 0x40, 0x41, 0x12, 0x12, 0x53, 0x4B, 0x85, 0xB9, 
   0x1A, 0x01, 0x08, 0x02, 0x4B, 0x04, 0x0A, 0x0B, 0x41, 0x28, 
   0x24, 0x24, 0x0B, 0x0F, 0x10, 0x41, 0x05, 0x13, 0x05, 0x21, 
   0x21, 0x4F, 0x32, 0x4C, 0x32, 0x32, 0x26, 0x25, 0x18, 0x1B, 
   0xAF, 0x04, 0x0E, 0x0B, 0x42, 0x22, 0x25, 0x26, 0x0A, 0x0E, 
   0x10, 0x45, 0x0C, 0x0E, 0x23, 0x22, 0x54, 0x32, 0x4C, 0x32, 
   0x32, 0x26, 0x24, 0x34, 0x42, 0x03, 0x18, 0x0B, 0x42, 0x23, 
   0x26, 0x25, 0x0B, 0x1C, 0x0D, 0x3E, 0x25, 0x20, 0x21, 0x01, 
   0x29, 0x03, 0x0A, 0x0B, 0x41, 0x28, 0x24, 0x25, 0x0B, 0x0F, 
   0x10, 0x41, 0x05, 0x14, 0x05, 0x20, 0x21, 0x4F, 0x32, 0x4C, 
   0x32, 0x32, 0x4C, 0x18, 0x1A, 0x02, 0x0B, 0xB9, 0x01, 0x22, 
   0x29, 0xDB, 0x01, 0x19, 0x2B, 0x01, 0x01, 0x34, 0x71, 0x75, 
   0xA2, 0x5C, 0x01, 0x39, 0xAA, 0x65, 0x22, 0x15, 0x01, 0x05, 
   0x01, 0x22, 0x09, 0x01, 0x02, 0x8D, 0xF1, 0x91, 0x04, 0x12, 
   0x8F, 0x14, 0x07, 0xCC, 0x8B, 0x8E, 0xCD, 0x12, 0x3F, 0xA0, 
   0x74, 0x01, 0x04, 0x01, 0x02, 0x03, 0x6A, 0x0E, 0x01, 0xEB, 
   0xAD, 0x3F, 0x0F, 0x03, 0x10, 0xC4, 0x87, 0x04, 0x4C, 0x88, 
   0x30, 0x1D, 0x16, 0x01, 0x1F, 0x03, 0x13, 0x8F, 0x12, 0x05, 
   0x1B, 0x01, 0x2E, 0xD6, 0x8B, 0x03, 0x01, 0x03, 0x29, 0xFD, 
   0x37, 0x05, 0x11, 0x04, 0x3F, 0x26, 0x25, 0x0A, 0x0B, 0x42, 
   0x22, 0x40, 0x46, 0x04, 0x0A, 0x32, 0x01, 0x55, 0x26, 0x32, 
   0x32, 0x26, 0x25, 0x32, 0x1A, 0x19, 0xFD, 0xA5, 0x06, 0x12, 
   0x3F, 0x24, 0x25, 0x0B, 0x07, 0x40, 0x29, 0x3F, 0x41, 0x03, 
   0x0A, 0x33, 0x01, 0x51, 0x25, 0x32, 0x32, 0x25, 0x26, 0x32, 
   0x34, 0x01, 0x16, 0x10, 0x0D, 0x60, 0x25, 0x27, 0x0B, 0x0B, 
   0x40, 0x23, 0x60, 0x2C, 0x20, 0x0A, 0x06, 0x34, 0xCC, 0x05, 
   0x12, 0x03, 0x3F, 0x26, 0x25, 0x0A, 0x0B, 0x42, 0x22, 0x40, 
   0x46, 0x04, 0x0A, 0x32, 0x01, 0x55, 0x26, 0x32, 0x32, 0x26, 
   0x25, 0x32, 0x1A, 0x18, 0x00, 0x0C, 0x00, 0x00, 0x00, 0x00, 
   0x08, 0xDB, 0x07, 0x06, 0x00, 0x0D, 0x00, 0x1E, 0x00, 0x2C, 
   0x00, 0x38, 0x00, 0x58, 0x00, 0x66, 0x00, 0x72, 0x00, 0x7C, 
   0x00, 0x8A, 0x00, 0x98, 0x00, 0xA8, 0x00, 0xB6, 0x01, 0x40, 
   0x00, 0xB2, 0x36, 0x00, 0x00, 0x2B, 0xB1, 0x63, 0x87, 0x33, 
   0x33, 0xB0, 0x30, 0xCD, 0xB1, 0x5C, 0x80, 0x32, 0x32, 0xB0, 
   0x2A, 0x2F, 0xB1, 0x7A, 0x96, 0x33, 0x33, 0xB0, 0x22, 0xCD, 
   0xB1, 0x75, 0x8F, 0x32, 0x32, 0xB0, 0x0B, 0x2F, 0xB0, 0xB3, 
   0x33, 0xB0, 0x04, 0xCD, 0xB0, 0xAD, 0x32, 0xB0, 0x51, 0x2F, 
   0xB0, 0x3D, 0xCD, 0xB2, 0x51, 0x3D, 0x0A, 0x2B, 0xB3, 0x40, 
   0x51, 0x57, 0x09, 0x2B, 0xB0, 0x4A, 0x32, 0xB0, 0x71, 0x2F, 
   0xB0, 0x6B, 0xCD, 0x01, 0xB0, 0xB7, 0x2F, 0xB0, 0x00, 0xD6, 
   0xB0, 0x08, 0xCD, 0xB0, 0x08, 0x10, 0xB1, 0x39, 0x01, 0x2B, 
   0xB0, 0x53, 0xCD, 0xB3, 0x33, 0x53, 0x39, 0x08, 0x2B, 0xB0, 
   0x2D, 0xCD, 0xB0, 0x2D, 0x2F, 0xB0, 0x33, 0xCD, 0xB0, 0x53, 
   0x10, 0xB1, 0x67, 0x01, 0x2B, 0xB0, 0x6E, 0xCD, 0xB3, 0x73, 
   0x6E, 0x67, 0x08, 0x2B, 0xB0, 0x78, 0xCD, 0xB0, 0x6E, 0x10, 
   0xB1, 0x4E, 0x01, 0x2B, 0xB0, 0x48, 0xCD, 0xB0, 0x48, 0x10, 
   0xB0, 0x84, 0x20, 0xD6, 0x11, 0xB0, 0x7D, 0xCD, 0xB0, 0x7D, 
   0x2F, 0xB0, 0x84, 0xCD, 0xB3, 0x99, 0x48, 0x4E, 0x08, 0x2B, 
   0xB0, 0xA1, 0xCD, 0xB0, 0x48, 0x10, 0xB1, 0xA9, 0x01, 0x2B, 
   0xB0, 0xB1, 0xCD, 0xB1, 0xB8, 0x01, 0x2B, 0xB1, 0x08, 0x00, 
   0x11, 0x12, 0xB1, 0x0F, 0x1F, 0x39, 0x39, 0xB0, 0x2D, 0x11, 
   0xB0, 0x13, 0x39, 0xB0, 0x39, 0x12, 0xB2, 0x1B, 0x30, 0x36, 
   0x39, 0x39, 0x39, 0xB1, 0x53, 0x33, 0x11, 0x12, 0xB1, 0x18, 
   0x59, 0x39, 0x39, 0xB0, 0x67, 0x11, 0xB0, 0x51, 0x39, 0xB0, 
   0x73, 0x12, 0xB4, 0x40, 0x41, 0x26, 0x6B, 0x70, 0x24, 0x17, 
   0x39, 0xB1, 0x7D, 0x6E, 0x11, 0x12, 0xB5, 0x50, 0x60, 0x75, 
   0x76, 0x7A, 0x7B, 0x24, 0x17, 0x39, 0xB1, 0x4E, 0x78, 0x11, 
   0x12, 0xB0, 0x8C, 0x39, 0xB1, 0x84, 0x48, 0x11, 0x12, 0xB0, 
   0xA6, 0x39, 0xB0, 0xA9, 0x11, 0xB0, 0x9E, 0x39, 0xB0, 0xA1, 
   0x12, 0xB0, 0x93, 0x39, 0x00, 0xB1, 0x04, 0x0B, 0x11, 0x12, 
   0xB1, 0x4E, 0x53, 0x39, 0x39, 0xB0, 0x51, 0x11, 0xB0, 0x4F, 
   0x39, 0xB0, 0x3D, 0x12, 0xB1, 0x1B, 0xA6, 0x39, 0x39, 0xB0, 
   0x71, 0x11, 0xB3, 0x0F, 0x18, 0x99, 0xA1, 0x24, 0x17, 0x39, 
   0xB0, 0x6B, 0x12, 0xB1, 0x13, 0x9E, 0x39, 0x39, 0x30, 0x31, 
   0x11, 0x34, 0x37, 0x36, 0x3B, 0x01, 0x32, 0x16, 0x14, 0x06, 
   0x2B, 0x01, 0x22, 0x26, 0x00, 0x35, 0x34, 0x37, 0x36, 0x33, 
   0x32, 0x1F, 0x01, 0x16, 0x15, 0x14, 0x06, 0x23, 0x22, 0x2F, 
   0x01, 0x03, 0x34, 0x36, 0x33, 0x21, 0x32, 0x16, 0x15, 0x14, 
   0x06, 0x23, 0x21, 0x22, 0x26, 0x13, 0x34, 0x36, 0x33, 0x32, 
   0x16, 0x15, 0x14, 0x06, 0x23, 0x22, 0x26, 0x13, 0x35, 0x36, 
   0x00, 0x37, 0x3B, 0x01, 0x36, 0x32, 0x17, 0x3B, 0x01, 0x16, 
   0x00, 0x17, 0x15, 0x14, 0x2B, 0x01, 0x22, 0x26, 0x35, 0x2E, 
   0x01, 0x20, 0x06, 0x07, 0x14, 0x06, 0x2B, 0x01, 0x22, 0x13, 
   0x34, 0x36, 0x33, 0x21, 0x32, 0x16, 0x15, 0x14, 0x06, 0x23, 
   0x21, 0x22, 0x26, 0x01, 0x35, 0x34, 0x36, 0x32, 0x16, 0x1D, 
   0x01, 0x14, 0x06, 0x22, 0x26, 0x13, 0x34, 0x36, 0x32, 0x16, 
   0x15, 0x14, 0x06, 0x22, 0x26, 0x13, 0x34, 0x36, 0x3B, 0x01, 
   0x32, 0x16, 0x15, 0x14, 0x06, 0x2B, 0x01, 0x22, 0x26, 0x12, 
   0x35, 0x34, 0x36, 0x33, 0x21, 0x32, 0x16, 0x15, 0x14, 0x06, 
   0x23, 0x21, 0x22, 0x13, 0x34, 0x3F, 0x01, 0x36, 0x33, 0x32, 
   0x16, 0x15, 0x14, 0x0F, 0x01, 0x06, 0x23, 0x22, 0x26, 0x13, 
   0x34, 0x37, 0x36, 0x3B, 0x01, 0x32, 0x16, 0x14, 0x06, 0x2B, 
   0x01, 0x22, 0x26, 0x1B, 0x1D, 0x23, 0xDA, 0x25, 0x31, 0x31, 
   0x25, 0xDA, 0x25, 0x36, 0x01, 0x31, 0x19, 0x20, 0x24, 0x22, 
   0x1D, 0x98, 0x1A, 0x33, 0x26, 0x27, 0x18, 0x9D, 0x08, 0x32, 
   0x2B, 0x02, 0x61, 0x2B, 0x33, 0x32, 0x2C, 0xFD, 0x9F, 0x2B, 
   0x32, 0x69, 0x3B, 0x23, 0x2A, 0x33, 0x32, 0x2B, 0x25, 0x39, 
   0x97, 0x05, 0x01, 0x0D, 0xC4, 0x02, 0x03, 0x1F, 0x64, 0x1F, 
   0x02, 0x02, 0xC4, 0x01, 0x0D, 0x05, 0x18, 0x79, 0x13, 0x10, 
   0x06, 0xDA, 0xFE, 0xD2, 0xDA, 0x06, 0x11, 0x13, 0x79, 0x18, 
   0x6B, 0x33, 0x2A, 0x01, 0x99, 0x23, 0x3B, 0x39, 0x25, 0xFE, 
   0x67, 0x2B, 0x32, 0x01, 0x65, 0x36, 0x4A, 0x36, 0x35, 0x4C, 
   0x35, 0x91, 0x3A, 0x48, 0x3A, 0x39, 0x4A, 0x39, 0xA4, 0x34, 
   0x2A, 0xC6, 0x2A, 0x33, 0x31, 0x2C, 0xC6, 0x2B, 0x33, 0x5E, 
   0x39, 0x24, 0x01, 0x47, 0x23, 0x2E, 0x2D, 0x24, 0xFE, 0xB9, 
   0x25, 0x82, 0x18, 0x98, 0x1D, 0x22, 0x25, 0x36, 0x1A, 0x9C, 
   0x1D, 0x23, 0x24, 0x30, 0xF1, 0x1A, 0x1B, 0x22, 0xD8, 0x25, 
   0x37, 0x37, 0x25, 0xD8, 0x25, 0x32, 0x02, 0x99, 0x26, 0x1B, 
   0x1B, 0x36, 0x4C, 0x35, 0x36, 0x02, 0xE0, 0x26, 0x25, 0x1C, 
   0x1B, 0x1B, 0x9C, 0x18, 0x27, 0x26, 0x33, 0x1A, 0x98, 0xFC, 
   0x60, 0x24, 0x2E, 0x2E, 0x24, 0x2B, 0x33, 0x32, 0xFE, 0xF1, 
   0x23, 0x3A, 0x38, 0x25, 0x2C, 0x32, 0x34, 0x02, 0x46, 0x07, 
   0xC9, 0x01, 0x2A, 0x1F, 0x06, 0x06, 0x1F, 0xFE, 0xD6, 0xC9, 
   0x07, 0x1A, 0x14, 0x09, 0x95, 0xCF, 0xCF, 0x95, 0x09, 0x14, 
   0xFD, 0xFE, 0x25, 0x38, 0x3A, 0x23, 0x2A, 0x34, 0x32, 0x05, 
   0x9F, 0xD9, 0x26, 0x36, 0x36, 0x26, 0xD9, 0x25, 0x32, 0x32, 
   0xFB, 0xED, 0x22, 0x30, 0x30, 0x22, 0x2A, 0x34, 0x34, 0xFE, 
   0xEF, 0x25, 0x38, 0x38, 0x25, 0x2C, 0x32, 0x32, 0x01, 0x3D, 
   0x2A, 0x22, 0x30, 0x2F, 0x23, 0x2B, 0x33, 0x03, 0xA5, 0x28, 
   0x17, 0x9C, 0x1B, 0x36, 0x26, 0x27, 0x1A, 0x98, 0x1A, 0x33, 
   0xFD, 0xDF, 0x25, 0x1C, 0x1B, 0x37, 0x4A, 0x36, 0x35, 0x00, 
   0x00, 0x00, 0x00, 0x04, 0x00, 0x09, 0xFF, 0xFB, 0x08, 0x61, 
   0x05, 0x95, 0x00, 0x1D, 0x00, 0x3B, 0x00, 0x4F, 0x00, 0x5C, 
   0x00, 0xBD, 0x00, 0xB2, 0x41, 0x00, 0x00, 0x2B, 0xB0, 0x5B, 
   0xCD, 0xB0, 0x15, 0x2F, 0xB0, 0x0A, 0xCD, 0xB3, 0x56, 0x0A, 
   0x15, 0x08, 0x2B, 0xB0, 0x4B, 0xCD, 0xB0, 0x04, 0x2F, 0xB0, 
   0x1B, 0xCD, 0xB0, 0x22, 0x2F, 0xB0, 0x39, 0xCD, 0xB0, 0x33, 
   0x2F, 0xB0, 0x28, 0xCD, 0x01, 0xB0, 0x5D, 0x2F, 0xB0, 0x08, 
   0xD6, 0xB0, 0x17, 0xCD, 0xB0, 0x17, 0x10, 0xB1, 0x3C, 0x01, 
   0x2B, 0xB0, 0x50, 0xCD, 0xB3, 0x36, 0x50, 0x3C, 0x08, 0x2B, 
   0xB0, 0x26, 0xCD, 0xB0, 0x50, 0x10, 0xB1, 0x58, 0x01, 0x2B, 
   0xB0, 0x48, 0xCD, 0xB1, 0x5E, 0x01, 0x2B, 0xB1, 0x17, 0x08, 
   0x11, 0x12, 0xB0, 0x15, 0x39, 0xB0, 0x3C, 0x11, 0xB0, 0x2C, 
   0x39, 0xB0, 0x36, 0x12, 0xB2, 0x2F, 0x28, 0x38, 0x39, 0x39, 
   0x39, 0xB1, 0x26, 0x50, 0x11, 0x12, 0xB0, 0x41, 0x39, 0xB0, 
   0x58, 0x11, 0xB2, 0x4B, 0x55, 0x5B, 0x39, 0x39, 0x39, 0x00, 
   0xB1, 0x15, 0x5B, 0x11, 0x12, 0xB3, 0x3C, 0x48, 0x50, 0x58, 
   0x24, 0x17, 0x39, 0xB1, 0x0A, 0x56, 0x11, 0x12, 0xB0, 0x11, 
   0x39, 0xB0, 0x04, 0x11, 0xB1, 0x0E, 0x17, 0x39, 0x39, 0xB1, 
   0x1B, 0x4B, 0x11, 0x12, 0xB0, 0x00, 0x39, 0xB1, 0x39, 0x22, 
   0x11, 0x12, 0xB0, 0x25, 0x39, 0xB0, 0x33, 0x11, 0xB0, 0x2F, 
   0x39, 0xB0, 0x28, 0x12, 0xB1, 0x26, 0x2C, 0x39, 0x39, 0x30, 
   0x31, 0x13, 0x14, 0x17, 0x16, 0x33, 0x21, 0x32, 0x16, 0x14, 
   0x06, 0x23, 0x22, 0x27, 0x26, 0x23, 0x22, 0x06, 0x15, 0x14, 
   0x17, 0x16, 0x32, 0x36, 0x35, 0x34, 0x26, 0x23, 0x21, 0x22, 
   0x06, 0x35, 0x14, 0x17, 0x16, 0x33, 0x21, 0x32, 0x36, 0x34, 
   0x26, 0x23, 0x22, 0x07, 0x06, 0x15, 0x14, 0x16, 0x33, 0x32, 
   0x37, 0x36, 0x33, 0x32, 0x16, 0x14, 0x06, 0x23, 0x21, 0x22, 
   0x06, 0x01, 0x14, 0x1E, 0x02, 0x33, 0x32, 0x3E, 0x04, 0x35, 
   0x34, 0x26, 0x23, 0x22, 0x0E, 0x02, 0x17, 0x34, 0x3E, 0x03, 
   0x32, 0x16, 0x15, 0x14, 0x06, 0x23, 0x22, 0x09, 0x12, 0x13, 
   0x1A, 0x04, 0x55, 0x1C, 0x2A, 0x2A, 0x1C, 0x1D, 0x15, 0x14, 
   0x17, 0x1A, 0x23, 0x12, 0x39, 0x9E, 0x6F, 0x6F, 0x4F, 0xFB, 
   0xAB, 0x1A, 0x25, 0x12, 0x13, 0x1A, 0x05, 0xC1, 0x4F, 0x70, 
   0x70, 0x4F, 0x4E, 0x39, 0x11, 0x22, 0x1A, 0x18, 0x14, 0x13, 
   0x1D, 0x1C, 0x2A, 0x2A, 0x1C, 0xFA, 0x3F, 0x1A, 0x25, 0x05, 
   0x86, 0x34, 0x58, 0x6A, 0x3B, 0x52, 0x88, 0x57, 0x40, 0x21, 
   0x0F, 0xAB, 0x8D, 0x4F, 0x93, 0x73, 0x45, 0xDB, 0x09, 0x1A, 
   0x27, 0x47, 0x58, 0x32, 0x6A, 0x4E, 0x63, 0x03, 0x7B, 0x1C, 
   0x0F, 0x12, 0x28, 0x3A, 0x2A, 0x16, 0x11, 0x22, 0x19, 0x1A, 
   0x12, 0x39, 0x70, 0x50, 0x4F, 0x71, 0x25, 0xBF, 0x1B, 0x0F, 
   0x11, 0x70, 0x9E, 0x6F, 0x36, 0x14, 0x19, 0x1A, 0x21, 0x11, 
   0x13, 0x27, 0x3A, 0x2A, 0x24, 0xFC, 0xCF, 0x53, 0x7F, 0x4A, 
   0x24, 0x37, 0x5D, 0x6E, 0x79, 0x63, 0x2A, 0x9B, 0xAA, 0x4B, 
   0x85, 0xC8, 0x7B, 0x18, 0x4B, 0x67, 0x56, 0x3D, 0x38, 0x38, 
   0x9A, 0xD7, 0x00, 0x03, 0x00, 0x09, 0x00, 0x00, 0x07, 0x1F, 
   0x05, 0x95, 0x00, 0x1D, 0x00, 0x3B, 0x00, 0x3F, 0x00, 0xB6, 
   0x00, 0xB0, 0x15, 0x2F, 0xB0, 0x0A, 0xCD, 0xB0, 0x04, 0x2F, 
   0xB0, 0x1B, 0xCD, 0xB0, 0x22, 0x2F, 0xB0, 0x39, 0xCD, 0xB0, 
   0x33, 0x2F, 0xB0, 0x28, 0xCD, 0x01, 0xB0, 0x40, 0x2F, 0xB0, 
   0x08, 0xD6, 0xB0, 0x17, 0xCD, 0xB0, 0x17, 0x10, 0xB1, 0x3F, 
   0x01, 0x2B, 0xB0, 0x3E, 0xCD, 0xB3, 0x3D, 0x3E, 0x3F, 0x08, 
   0x2B, 0xB0, 0x3C, 0xCD, 0xB0, 0x3C, 0x2F, 0xB0, 0x3D, 0xCD, 
   0xB3, 0x36, 0x3D, 0x3C, 0x08, 0x2B, 0xB0, 0x26, 0xCD, 0xB1, 
   0x41, 0x01, 0x2B, 0xB0, 0x36, 0x1A, 0xBA, 0x3E, 0xAC, 0xF3, 
   0x0A, 0x00, 0x15, 0x2B, 0x0A, 0x04, 0xB0, 0x3C, 0x2E, 0xB0, 
   0x3E, 0x2E, 0xB0, 0x3C, 0x10, 0xB1, 0x3D, 0x09, 0xF9, 0xB0, 
   0x3E, 0x10, 0xB1, 0x3F, 0x09, 0xF9, 0x02, 0xB3, 0x3C, 0x3D, 
   0x3E, 0x3F, 0x2E, 0x2E, 0x2E, 0x2E, 0xB0, 0x40, 0x1A, 0x01, 
   0xB1, 0x17, 0x08, 0x11, 0x12, 0xB0, 0x15, 0x39, 0xB1, 0x3F, 
   0x3C, 0x11, 0x12, 0xB3, 0x28, 0x33, 0x38, 0x2C, 0x24, 0x17, 
   0x39, 0x00, 0xB1, 0x0A, 0x15, 0x11, 0x12, 0xB0, 0x11, 0x39, 
   0xB0, 0x04, 0x11, 0xB1, 0x0E, 0x17, 0x39, 0x39, 0xB1, 0x39, 
   0x22, 0x11, 0x12, 0xB0, 0x25, 0x39, 0xB0, 0x33, 0x11, 0xB0, 
   0x2F, 0x39, 0xB0, 0x28, 0x12, 0xB1, 0x26, 0x2C, 0x39, 0x39, 
   0x30, 0x31, 0x13, 0x14, 0x17, 0x16, 0x33, 0x21, 0x32, 0x16, 
   0x14, 0x06, 0x23, 0x22, 0x27, 0x26, 0x23, 0x22, 0x06, 0x15, 
   0x14, 0x17, 0x16, 0x32, 0x36, 0x35, 0x34, 0x26, 0x23, 0x21, 
   0x22, 0x06, 0x35, 0x14, 0x17, 0x16, 0x33, 0x21, 0x32, 0x36, 
   0x34, 0x26, 0x23, 0x22, 0x07, 0x06, 0x15, 0x14, 0x16, 0x33, 
   0x32, 0x37, 0x36, 0x33, 0x32, 0x16, 0x14, 0x06, 0x23, 0x21, 
   0x22, 0x06, 0x01, 0x21, 0x13, 0x21, 0x09, 0x12, 0x13, 0x1A, 
   0x04, 0x55, 0x1C, 0x2A, 0x2A, 0x1C, 0x1D, 0x15, 0x14, 0x17, 
   0x1A, 0x23, 0x12, 0x39, 0x9E, 0x6F, 0x6F, 0x4F, 0xFB, 0xAB, 
   0x1A, 0x25, 0x12, 0x13, 0x1A, 0x05, 0xC1, 0x4F, 0x70, 0x70, 
   0x4F, 0x4E, 0x39, 0x11, 0x22, 0x1A, 0x18, 0x14, 0x13, 0x1D, 
   0x1C, 0x2A, 0x2A, 0x1C, 0xFA, 0x3F, 0x1A, 0x25, 0x05, 0x5F, 
   0x01, 0x07, 0xB0, 0xFE, 0xF9, 0x03, 0x7B, 0x1C, 0x0F, 0x12, 
   0x28, 0x3A, 0x2A, 0x16, 0x11, 0x22, 0x19, 0x1A, 0x12, 0x39, 
   0x70, 0x50, 0x4F, 0x71, 0x25, 0xBF, 0x1B, 0x0F, 0x11, 0x70, 
   0x9E, 0x6F, 0x36, 0x14, 0x19, 0x1A, 0x21, 0x11, 0x13, 0x27, 
   0x3A, 0x2A, 0x24, 0xFB, 0x94, 0x03, 0x53, 0x00, 0x00, 0x00, 
   0x00, 0x03, 0x00, 0x09, 0x00, 0x00, 0x08, 0x76, 0x05, 0x95, 
   0x00, 0x1D, 0x00, 0x3B, 0x00, 0x61, 0x00, 0xCA, 0x00, 0xB0, 
   0x52, 0x2F, 0xB0, 0x4B, 0xCD, 0xB3, 0x0A, 0x4B, 0x52, 0x08, 
   0x2B, 0xB0, 0x15, 0xCD, 0xB3, 0x04, 0x4B, 0x52, 0x08, 0x2B, 
   0xB0, 0x1B, 0xCD, 0xB0, 0x22, 0x2F, 0xB0, 0x39, 0xCD, 0xB0, 
   0x33, 0x2F, 0xB0, 0x28, 0xCD, 0x01, 0xB0, 0x62, 0x2F, 0xB0, 
   0x08, 0xD6, 0xB0, 0x17, 0xCD, 0xB0, 0x3C, 0x32, 0xB0, 0x17, 
   0x10, 0xB1, 0x36, 0x01, 0x2B, 0xB0, 0x26, 0xCD, 0xB0, 0x26, 
   0x10, 0xB0, 0x4F, 0x20, 0xD6, 0x11, 0xB0, 0x4E, 0xCD, 0xB0, 
   0x4E, 0x2F, 0xB0, 0x4F, 0xCD, 0xB0, 0x26, 0x10, 0xB1, 0x55, 
   0x01, 0x2B, 0xB0, 0x47, 0xCD, 0xB1, 0x63, 0x01, 0x2B, 0xB1, 
   0x17, 0x08, 0x11, 0x12, 0xB0, 0x15, 0x39, 0xB0, 0x4E, 0x11, 
   0xB1, 0x2C, 0x2F, 0x39, 0x39, 0xB0, 0x36, 0x12, 0xB3, 0x31, 
   0x28, 0x38, 0x5D, 0x24, 0x17, 0x39, 0xB1, 0x26, 0x4F, 0x11, 
   0x12, 0xB1, 0x3F, 0x40, 0x39, 0x39, 0xB0, 0x55, 0x11, 0xB3, 
   0x42, 0x4B, 0x52, 0x5C, 0x24, 0x17, 0x39, 0xB0, 0x47, 0x12, 
   0xB1, 0x3D, 0x3E, 0x39, 0x39, 0x00, 0xB1, 0x52, 0x15, 0x11, 
   0x12, 0xB0, 0x47, 0x39, 0xB0, 0x0A, 0x11, 0xB0, 0x11, 0x39, 
   0xB0, 0x04, 0x12, 0xB1, 0x0E, 0x17, 0x39, 0x39, 0xB1, 0x1B, 
   0x4B, 0x11, 0x12, 0xB0, 0x00, 0x39, 0xB1, 0x39, 0x22, 0x11, 
   0x12, 0xB0, 0x25, 0x39, 0xB0, 0x33, 0x11, 0xB0, 0x2F, 0x39, 
   0xB0, 0x28, 0x12, 0xB1, 0x26, 0x2C, 0x39, 0x39, 0x30, 0x31, 
   0x13, 0x14, 0x17, 0x16, 0x33, 0x21, 0x32, 0x16, 0x14, 0x06, 
   0x23, 0x22, 0x27, 0x26, 0x23, 0x22, 0x06, 0x15, 0x14, 0x17, 
   0x16, 0x32, 0x36, 0x35, 0x34, 0x26, 0x23, 0x21, 0x22, 0x06, 
   0x35, 0x14, 0x17, 0x16, 0x33, 0x21, 0x32, 0x36, 0x34, 0x26, 
   0x23, 0x22, 0x07, 0x06, 0x15, 0x14, 0x16, 0x33, 0x32, 0x37, 
   0x36, 0x33, 0x32, 0x16, 0x14, 0x06, 0x23, 0x21, 0x22, 0x06, 
   0x01, 0x21, 0x37, 0x21, 0x35, 0x3E, 0x05, 0x35, 0x34, 0x2E, 
   0x01, 0x23, 0x22, 0x06, 0x07, 0x33, 0x34, 0x36, 0x33, 0x32, 
   0x16, 0x15, 0x14, 0x0E, 0x04, 0x07, 0x06, 0x07, 0x06, 0x07, 
   0x06, 0x09, 0x12, 0x13, 0x1A, 0x04, 0x55, 0x1C, 0x2A, 0x2A, 
   0x1C, 0x1D, 0x15, 0x14, 0x17, 0x1A, 0x23, 0x12, 0x39, 0x9E, 
   0x6F, 0x6F, 0x4F, 0xFB, 0xAB, 0x1A, 0x25, 0x12, 0x13, 0x1A, 
   0x05, 0xC1, 0x4F, 0x70, 0x70, 0x4F, 0x4E, 0x39, 0x11, 0x22, 
   0x1A, 0x18, 0x14, 0x13, 0x1D, 0x1C, 0x2A, 0x2A, 0x1C, 0xFA, 
   0x3F, 0x1A, 0x25, 0x05, 0x4D, 0x02, 0xC2, 0x2B, 0xFE, 0x78, 
   0x20, 0x78, 0x53, 0x66, 0x3E, 0x2C, 0x5C, 0x8A, 0x56, 0x9B, 
   0xC5, 0x13, 0xDF, 0x45, 0x3F, 0x30, 0x30, 0x07, 0x1A, 0x13, 
   0x36, 0x1F, 0x29, 0x8D, 0x22, 0x80, 0x31, 0x19, 0x03, 0x7B, 
   0x1C, 0x0F, 0x12, 0x28, 0x3A, 0x2A, 0x16, 0x11, 0x22, 0x19, 
   0x1A, 0x12, 0x39, 0x70, 0x50, 0x4F, 0x71, 0x25, 0xBF, 0x1B, 
   0x0F, 0x11, 0x70, 0x9E, 0x6F, 0x36, 0x14, 0x19, 0x1A, 0x21, 
   0x11, 0x13, 0x27, 0x3A, 0x2A, 0x24, 0xFB, 0x94, 0xCA, 0x03, 
   0x0F, 0x30, 0x22, 0x3C, 0x3E, 0x61, 0x3A, 0x59, 0x79, 0x33, 
   0xA7, 0xA3, 0x3B, 0x52, 0x33, 0x20, 0x13, 0x1F, 0x1D, 0x12, 
   0x1E, 0x10, 0x13, 0x45, 0x14, 0x4D, 0x71, 0x38, 0x00, 0x03, 
   0x00, 0x09, 0x00, 0x00, 0x08, 0x61, 0x05, 0x95, 0x00, 0x1D, 
   0x00, 0x3B, 0x00, 0x6B, 0x00, 0xFC, 0x00, 0xB2, 0x41, 0x00, 
   0x00, 0x2B, 0xB0, 0x65, 0xCD, 0xB0, 0x60, 0x2F, 0xB0, 0x5E, 
   0xCD, 0xB0, 0x58, 0x2F, 0xB0, 0x51, 0xCD, 0xB3, 0x0A, 0x51, 
   0x58, 0x08, 0x2B, 0xB0, 0x15, 0xCD, 0xB3, 0x04, 0x51, 0x58, 
   0x08, 0x2B, 0xB0, 0x1B, 0xCD, 0xB0, 0x22, 0x2F, 0xB0, 0x39, 
   0xCD, 0xB0, 0x33, 0x2F, 0xB0, 0x28, 0xCD, 0x01, 0xB0, 0x6C, 
   0x2F, 0xB0, 0x08, 0xD6, 0xB0, 0x17, 0xCD, 0xB0, 0x17, 0x10, 
   0xB1, 0x3C, 0x01, 0x2B, 0xB0, 0x69, 0xCD, 0xB3, 0x36, 0x69, 
   0x3C, 0x08, 0x2B, 0xB0, 0x26, 0xCD, 0xB0, 0x69, 0x10, 0xB1, 
   0x62, 0x01, 0x2B, 0xB0, 0x44, 0xCD, 0xB0, 0x44, 0x10, 0xB0, 
   0x4B, 0x20, 0xD6, 0x11, 0xB0, 0x5B, 0xCD, 0xB0, 0x5B, 0x2F, 
   0xB0, 0x4B, 0xCD, 0xB1, 0x6D, 0x01, 0x2B, 0xB1, 0x17, 0x08, 
   0x11, 0x12, 0xB0, 0x15, 0x39, 0xB0, 0x3C, 0x11, 0xB0, 0x2C, 
   0x39, 0xB0, 0x36, 0x12, 0xB3, 0x2F, 0x28, 0x38, 0x54, 0x24, 
   0x17, 0x39, 0xB1, 0x26, 0x69, 0x11, 0x12, 0xB2, 0x41, 0x55, 
   0x5F, 0x39, 0x39, 0x39, 0xB0, 0x62, 0x11, 0xB3, 0x51, 0x58, 
   0x5E, 0x65, 0x24, 0x17, 0x39, 0xB1, 0x44, 0x5B, 0x11, 0x12, 
   0xB1, 0x47, 0x48, 0x39, 0x39, 0x00, 0xB1, 0x60, 0x65, 0x11, 
   0x12, 0xB2, 0x3C, 0x44, 0x69, 0x39, 0x39, 0x39, 0xB0, 0x5E, 
   0x11, 0xB1, 0x48, 0x47, 0x39, 0x39, 0xB0, 0x15, 0x12, 0xB1, 
   0x54, 0x55, 0x39, 0x39, 0xB0, 0x58, 0x11, 0xB1, 0x4B, 0x5B, 
   0x39, 0x39, 0xB0, 0x0A, 0x12, 0xB0, 0x11, 0x39, 0xB0, 0x04, 
   0x11, 0xB1, 0x0E, 0x17, 0x39, 0x39, 0xB1, 0x1B, 0x51, 0x11, 
   0x12, 0xB0, 0x00, 0x39, 0xB1, 0x39, 0x22, 0x11, 0x12, 0xB0, 
   0x25, 0x39, 0xB0, 0x33, 0x11, 0xB0, 0x2F, 0x39, 0xB0, 0x28, 
   0x12, 0xB1, 0x26, 0x2C, 0x39, 0x39, 0x30, 0x31, 0x13, 0x14, 
   0x17, 0x16, 0x33, 0x21, 0x32, 0x16, 0x14, 0x06, 0x23, 0x22, 
   0x27, 0x26, 0x23, 0x22, 0x06, 0x15, 0x14, 0x17, 0x16, 0x32, 
   0x36, 0x35, 0x34, 0x26, 0x23, 0x21, 0x22, 0x06, 0x35, 0x14, 
   0x17, 0x16, 0x33, 0x21, 0x32, 0x36, 0x34, 0x26, 0x23, 0x22, 
   0x07, 0x06, 0x15, 0x14, 0x16, 0x33, 0x32, 0x37, 0x36, 0x33, 
   0x32, 0x16, 0x14, 0x06, 0x23, 0x21, 0x22, 0x06, 0x01, 0x14, 
   0x1E, 0x02, 0x33, 0x32, 0x36, 0x35, 0x34, 0x26, 0x27, 0x35, 
   0x3E, 0x01, 0x35, 0x34, 0x2E, 0x03, 0x23, 0x22, 0x06, 0x07, 
   0x33, 0x3E, 0x01, 0x33, 0x32, 0x16, 0x15, 0x14, 0x2B, 0x01, 
   0x07, 0x33, 0x32, 0x15, 0x14, 0x06, 0x23, 0x22, 0x27, 0x26, 
   0x37, 0x23, 0x06, 0x09, 0x12, 0x13, 0x1A, 0x04, 0x55, 0x1C, 
   0x2A, 0x2A, 0x1C, 0x1D, 0x15, 0x14, 0x17, 0x1A, 0x23, 0x12, 
   0x39, 0x9E, 0x6F, 0x6F, 0x4F, 0xFB, 0xAB, 0x1A, 0x25, 0x12, 
   0x13, 0x1A, 0x05, 0xC1, 0x4F, 0x70, 0x70, 0x4F, 0x4E, 0x39, 
   0x11, 0x22, 0x1A, 0x18, 0x14, 0x13, 0x1D, 0x1C, 0x2A, 0x2A, 
   0x1C, 0xFA, 0x3F, 0x1A, 0x25, 0x05, 0x74, 0x22, 0x48, 0x85, 
   0x59, 0xC1, 0xB0, 0x41, 0x34, 0x45, 0x5B, 0x24, 0x39, 0x50, 
   0x51, 0x2D, 0x94, 0xBE, 0x16, 0xD9, 0x07, 0x43, 0x32, 0x2E, 
   0x35, 0x87, 0x32, 0x1F, 0x2F, 0x6D, 0x48, 0x34, 0x3D, 0x1C, 
   0x1B, 0x05, 0xDD, 0x05, 0x03, 0x7B, 0x1C, 0x0F, 0x12, 0x28, 
   0x3A, 0x2A, 0x16, 0x11, 0x22, 0x19, 0x1A, 0x12, 0x39, 0x70, 
   0x50, 0x4F, 0x71, 0x25, 0xBF, 0x1B, 0x0F, 0x11, 0x70, 0x9E, 
   0x6F, 0x36, 0x14, 0x19, 0x1A, 0x21, 0x11, 0x13, 0x27, 0x3A, 
   0x2A, 0x24, 0xFC, 0x8D, 0x2B, 0x52, 0x4D, 0x2F, 0x9A, 0x83, 
   0x3A, 0x60, 0x06, 0x02, 0x0C, 0x64, 0x46, 0x31, 0x4C, 0x30, 
   0x1F, 0x0C, 0x8F, 0x8F, 0x31, 0x37, 0x27, 0x22, 0x4B, 0x95, 
   0x4B, 0x32, 0x36, 0x24, 0x22, 0x3D, 0x1E, 0x00, 0x00, 0x04, 
   0x00, 0x09, 0xFF, 0xFB, 0x08, 0x71, 0x05, 0x95, 0x00, 0x1D, 
   0x00, 0x3B, 0x00, 0x46, 0x00, 0x4A, 0x00, 0xEC, 0x00, 0xB0, 
   0x15, 0x2F, 0xB0, 0x0A, 0xCD, 0xB0, 0x04, 0x2F, 0xB0, 0x44, 
   0x33, 0xB0, 0x1B, 0xCD, 0xB0, 0x22, 0x2F, 0xB0, 0x39, 0xCD, 
   0xB0, 0x33, 0x2F, 0xB0, 0x28, 0xCD, 0x01, 0xB0, 0x4B, 0x2F, 
   0xB0, 0x08, 0xD6, 0xB0, 0x17, 0xCD, 0xB0, 0x17, 0x10, 0xB1, 
   0x36, 0x01, 0x2B, 0xB0, 0x26, 0xCD, 0xB0, 0x3E, 0x32, 0xB1, 
   0x4C, 0x01, 0x2B, 0xB0, 0x36, 0x1A, 0xBA, 0x3E, 0xAF, 0xF3, 
   0x15, 0x00, 0x15, 0x2B, 0x0A, 0x04, 0xB0, 0x3E, 0x2E, 0x0E, 
   0xB0, 0x49, 0xC0, 0xB1, 0x3F, 0x0A, 0xF9, 0xB0, 0x43, 0xC0, 
   0xB0, 0x3E, 0x10, 0xB3, 0x3D, 0x3E, 0x49, 0x13, 0x2B, 0xB0, 
   0x3F, 0x10, 0xB3, 0x40, 0x3F, 0x43, 0x13, 0x2B, 0xB0, 0x3E, 
   0x10, 0xB3, 0x4A, 0x3E, 0x49, 0x13, 0x2B, 0xB2, 0x3D, 0x3E, 
   0x49, 0x20, 0x8A, 0x20, 0x8A, 0x23, 0x06, 0x0E, 0x11, 0x12, 
   0x39, 0xB0, 0x4A, 0x39, 0xB2, 0x40, 0x3F, 0x43, 0x11, 0x12, 
   0x39, 0x00, 0xB6, 0x3D, 0x3E, 0x3F, 0x40, 0x43, 0x49, 0x4A, 
   0x2E, 0x2E, 0x2E, 0x2E, 0x2E, 0x2E, 0x2E, 0x01, 0xB5, 0x3D, 
   0x3F, 0x40, 0x43, 0x49, 0x4A, 0x2E, 0x2E, 0x2E, 0x2E, 0x2E, 
   0x2E, 0xB0, 0x40, 0x1A, 0x01, 0xB1, 0x17, 0x08, 0x11, 0x12, 
   0xB0, 0x15, 0x39, 0xB0, 0x36, 0x11, 0xB4, 0x28, 0x2C, 0x38, 
   0x3C, 0x46, 0x24, 0x17, 0x39, 0xB0, 0x26, 0x12, 0xB0, 0x47, 
   0x39, 0x00, 0xB1, 0x0A, 0x15, 0x11, 0x12, 0xB1, 0x11, 0x48, 
   0x39, 0x39, 0xB0, 0x04, 0x11, 0xB1, 0x0E, 0x17, 0x39, 0x39, 
   0xB1, 0x39, 0x22, 0x11, 0x12, 0xB0, 0x25, 0x39, 0xB0, 0x33, 
   0x11, 0xB0, 0x2F, 0x39, 0xB0, 0x28, 0x12, 0xB1, 0x26, 0x2C, 
   0x39, 0x39, 0x30, 0x31, 0x13, 0x14, 0x17, 0x16, 0x33, 0x21, 
   0x32, 0x16, 0x14, 0x06, 0x23, 0x22, 0x27, 0x26, 0x23, 0x22, 
   0x06, 0x15, 0x14, 0x17, 0x16, 0x32, 0x36, 0x35, 0x34, 0x26, 
   0x23, 0x21, 0x22, 0x06, 0x35, 0x14, 0x17, 0x16, 0x33, 0x21, 
   0x32, 0x36, 0x34, 0x26, 0x23, 0x22, 0x07, 0x06, 0x15, 0x14, 
   0x16, 0x33, 0x32, 0x37, 0x36, 0x33, 0x32, 0x16, 0x14, 0x06, 
   0x23, 0x21, 0x22, 0x06, 0x01, 0x21, 0x07, 0x33, 0x37, 0x33, 
   0x37, 0x23, 0x13, 0x23, 0x01, 0x17, 0x37, 0x33, 0x07, 0x09, 
   0x12, 0x13, 0x1A, 0x04, 0x55, 0x1C, 0x2A, 0x2A, 0x1C, 0x1D, 
   0x15, 0x14, 0x17, 0x1A, 0x23, 0x12, 0x39, 0x9E, 0x6F, 0x6F, 
   0x4F, 0xFB, 0xAB, 0x1A, 0x25, 0x12, 0x13, 0x1A, 0x05, 0xC1, 
   0x4F, 0x70, 0x70, 0x4F, 0x4E, 0x39, 0x11, 0x22, 0x1A, 0x18, 
   0x14, 0x13, 0x1D, 0x1C, 0x2A, 0x2A, 0x1C, 0xFA, 0x3F, 0x1A, 
   0x25, 0x05, 0x6A, 0x01, 0x7D, 0x22, 0xEB, 0x26, 0x6C, 0x26, 
   0x6B, 0x60, 0xED, 0xFE, 0x28, 0xC2, 0xEF, 0x03, 0x34, 0x03, 
   0x7B, 0x1C, 0x0F, 0x12, 0x28, 0x3A, 0x2A, 0x16, 0x11, 0x22, 
   0x19, 0x1A, 0x12, 0x39, 0x70, 0x50, 0x4F, 0x71, 0x25, 0xBF, 
   0x1B, 0x0F, 0x11, 0x70, 0x9E, 0x6F, 0x36, 0x14, 0x19, 0x1A, 
   0x21, 0x11, 0x13, 0x27, 0x3A, 0x2A, 0x24, 0xFC, 0x34, 0xA5, 
   0xA5, 0xCB, 0x01, 0xCF, 0xFE, 0x44, 0x13, 0xEC, 0xEC, 0x00, 
   0x00, 0x03, 0x00, 0x09, 0xFF, 0xFA, 0x08, 0x6F, 0x05, 0x95, 
   0x00, 0x1D, 0x00, 0x3B, 0x00, 0x5F, 0x00, 0xB6, 0x00, 0xB2, 
   0x41, 0x00, 0x00, 0x2B, 0xB0, 0x5B, 0xCD, 0xB0, 0x55, 0x2F, 
   0xB0, 0x4D, 0xCD, 0xB0, 0x15, 0x2F, 0xB0, 0x4A, 0x33, 0xB0, 
   0x0A, 0xCD, 0xB0, 0x04, 0x2F, 0xB0, 0x50, 0x33, 0xB0, 0x1B, 
   0xCD, 0xB0, 0x22, 0x2F, 0xB0, 0x39, 0xCD, 0xB0, 0x33, 0x2F, 
   0xB0, 0x28, 0xCD, 0x01, 0xB0, 0x60, 0x2F, 0xB0, 0x08, 0xD6, 
   0xB0, 0x17, 0xCD, 0xB0, 0x17, 0x10, 0xB1, 0x36, 0x01, 0x2B, 
   0xB0, 0x26, 0xCD, 0xB0, 0x26, 0x10, 0xB1, 0x58, 0x01, 0x2B, 
   0xB0, 0x47, 0xCD, 0xB1, 0x61, 0x01, 0x2B, 0xB1, 0x17, 0x08, 
   0x11, 0x12, 0xB0, 0x15, 0x39, 0xB0, 0x36, 0x11, 0xB6, 0x28, 
   0x2C, 0x38, 0x3C, 0x3D, 0x51, 0x52, 0x24, 0x17, 0x39, 0xB0, 
   0x26, 0x12, 0xB5, 0x41, 0x4C, 0x4D, 0x53, 0x5E, 0x5F, 0x24, 
   0x17, 0x39, 0xB0, 0x58, 0x11, 0xB3, 0x4A, 0x4E, 0x55, 0x5B, 
   0x24, 0x17, 0x39, 0x00, 0xB1, 0x55, 0x5B, 0x11, 0x12, 0xB2, 
   0x47, 0x52, 0x3C, 0x39, 0x39, 0x39, 0xB1, 0x0A, 0x15, 0x11, 
   0x12, 0xB2, 0x11, 0x4E, 0x4F, 0x39, 0x39, 0x39, 0xB0, 0x04, 
   0x11, 0xB1, 0x0E, 0x17, 0x39, 0x39, 0xB1, 0x39, 0x22, 0x11, 
   0x12, 0xB0, 0x25, 0x39, 0xB0, 0x33, 0x11, 0xB0, 0x2F, 0x39, 
   0xB0, 0x28, 0x12, 0xB1, 0x26, 0x2C, 0x39, 0x39, 0x30, 0x31, 
   0x13, 0x14, 0x17, 0x16, 0x33, 0x21, 0x32, 0x16, 0x14, 0x06, 
   0x23, 0x22, 0x27, 0x26, 0x23, 0x22, 0x06, 0x15, 0x14, 0x17, 
   0x16, 0x32, 0x36, 0x35, 0x34, 0x26, 0x23, 0x21, 0x22, 0x06, 
   0x35, 0x14, 0x17, 0x16, 0x33, 0x21, 0x32, 0x36, 0x34, 0x26, 
   0x23, 0x22, 0x07, 0x06, 0x15, 0x14, 0x16, 0x33, 0x32, 0x37, 
   0x36, 0x33, 0x32, 0x16, 0x14, 0x06, 0x23, 0x21, 0x22, 0x06, 
   0x01, 0x06, 0x1E, 0x02, 0x33, 0x32, 0x3E, 0x03, 0x35, 0x34, 
   0x26, 0x23, 0x22, 0x07, 0x23, 0x37, 0x21, 0x37, 0x21, 0x03, 
   0x33, 0x36, 0x33, 0x32, 0x16, 0x15, 0x14, 0x06, 0x23, 0x22, 
   0x27, 0x26, 0x27, 0x09, 0x12, 0x13, 0x1A, 0x04, 0x55, 0x1C, 
   0x2A, 0x2A, 0x1C, 0x1D, 0x15, 0x14, 0x17, 0x1A, 0x23, 0x12, 
   0x39, 0x9E, 0x6F, 0x6F, 0x4F, 0xFB, 0xAB, 0x1A, 0x25, 0x12, 
   0x13, 0x1A, 0x05, 0xC1, 0x4F, 0x70, 0x70, 0x4F, 0x4E, 0x39, 
   0x11, 0x22, 0x1A, 0x18, 0x14, 0x13, 0x1D, 0x1C, 0x2A, 0x2A, 
   0x1C, 0xFA, 0x3F, 0x1A, 0x25, 0x05, 0x72, 0x04, 0x21, 0x49, 
   0x87, 0x5B, 0x5C, 0x8F, 0x50, 0x33, 0x11, 0x89, 0x6C, 0x6F, 
   0x2C, 0x02, 0x25, 0x01, 0x70, 0x2A, 0xFD, 0xD1, 0x9B, 0xD5, 
   0x1A, 0x5C, 0x33, 0x3E, 0x4A, 0x46, 0x32, 0x1C, 0x22, 0x04, 
   0x03, 0x7B, 0x1C, 0x0F, 0x12, 0x28, 0x3A, 0x2A, 0x16, 0x11, 
   0x22, 0x19, 0x1A, 0x12, 0x39, 0x70, 0x50, 0x4F, 0x71, 0x25, 
   0xBF, 0x1B, 0x0F, 0x11, 0x70, 0x9E, 0x6F, 0x36, 0x14, 0x19, 
   0x1A, 0x21, 0x11, 0x13, 0x27, 0x3A, 0x2A, 0x24, 0xFC, 0x9C, 
   0x33, 0x5D, 0x4F, 0x2F, 0x31, 0x48, 0x60, 0x4F, 0x27, 0x6B, 
   0x82, 0x2E, 0x6D, 0xC9, 0xFE, 0x24, 0x36, 0x35, 0x35, 0x36, 
   0x42, 0x12, 0x12, 0x2E, 0x00, 0x04, 0x00, 0x09, 0xFF, 0xFB, 
   0x08, 0x78, 0x05, 0x95, 0x00, 0x1D, 0x00, 0x3B, 0x00, 0x5A, 
   0x00, 0x69, 0x00, 0xDE, 0x00, 0xB2, 0x3F, 0x00, 0x00, 0x2B, 
   0xB0, 0x67, 0xCD, 0xB0, 0x5E, 0x2F, 0xB0, 0x45, 0xCD, 0xB0, 
   0x4A, 0x2F, 0xB0, 0x55, 0xCD, 0xB3, 0x0A, 0x55, 0x4A, 0x08, 
   0x2B, 0xB0, 0x15, 0xCD, 0xB3, 0x04, 0x55, 0x4A, 0x08, 0x2B, 
   0xB0, 0x1B, 0xCD, 0xB0, 0x22, 0x2F, 0xB0, 0x39, 0xCD, 0xB0, 
   0x33, 0x2F, 0xB0, 0x28, 0xCD, 0x01, 0xB0, 0x6A, 0x2F, 0xB0, 
   0x08, 0xD6, 0xB0, 0x17, 0xCD, 0xB0, 0x17, 0x10, 0xB1, 0x3C, 
   0x01, 0x2B, 0xB0, 0x5B, 0xCD, 0xB3, 0x36, 0x5B, 0x3C, 0x08, 
   0x2B, 0xB0, 0x26, 0xCD, 0xB0, 0x5B, 0x10, 0xB1, 0x64, 0x01, 
   0x2B, 0xB0, 0x42, 0xCD, 0xB1, 0x6B, 0x01, 0x2B, 0xB1, 0x17, 
   0x08, 0x11, 0x12, 0xB0, 0x15, 0x39, 0xB0, 0x3C, 0x11, 0xB0, 
   0x2C, 0x39, 0xB0, 0x36, 0x12, 0xB2, 0x2F, 0x28, 0x38, 0x39, 
   0x39, 0x39, 0xB1, 0x26, 0x5B, 0x11, 0x12, 0xB1, 0x47, 0x48, 
   0x39, 0x39, 0xB0, 0x64, 0x11, 0xB5, 0x3F, 0x45, 0x4A, 0x55, 
   0x5E, 0x67, 0x24, 0x17, 0x39, 0xB0, 0x42, 0x12, 0xB0, 0x4E, 
   0x39, 0x00, 0xB1, 0x5E, 0x67, 0x11, 0x12, 0xB1, 0x3C, 0x42, 
   0x39, 0x39, 0xB0, 0x45, 0x11, 0xB1, 0x47, 0x48, 0x39, 0x39, 
   0xB1, 0x4A, 0x15, 0x11, 0x12, 0xB1, 0x4E, 0x4F, 0x39, 0x39, 
   0xB0, 0x0A, 0x11, 0xB0, 0x11, 0x39, 0xB0, 0x04, 0x12, 0xB1, 
   0x0E, 0x17, 0x39, 0x39, 0xB1, 0x1B, 0x55, 0x11, 0x12, 0xB0, 
   0x00, 0x39, 0xB1, 0x39, 0x22, 0x11, 0x12, 0xB0, 0x25, 0x39, 
   0xB0, 0x33, 0x11, 0xB0, 0x2F, 0x39, 0xB0, 0x28, 0x12, 0xB1, 
   0x26, 0x2C, 0x39, 0x39, 0x30, 0x31, 0x13, 0x14, 0x17, 0x16, 
   0x33, 0x21, 0x32, 0x16, 0x14, 0x06, 0x23, 0x22, 0x27, 0x26, 
   0x23, 0x22, 0x06, 0x15, 0x14, 0x17, 0x16, 0x32, 0x36, 0x35, 
   0x34, 0x26, 0x23, 0x21, 0x22, 0x06, 0x35, 0x14, 0x17, 0x16, 
   0x33, 0x21, 0x32, 0x36, 0x34, 0x26, 0x23, 0x22, 0x07, 0x06, 
   0x15, 0x14, 0x16, 0x33, 0x32, 0x37, 0x36, 0x33, 0x32, 0x16, 
   0x14, 0x06, 0x23, 0x21, 0x22, 0x06, 0x01, 0x14, 0x16, 0x33, 
   0x32, 0x36, 0x35, 0x34, 0x26, 0x23, 0x22, 0x07, 0x23, 0x36, 
   0x33, 0x32, 0x17, 0x16, 0x17, 0x33, 0x2E, 0x04, 0x23, 0x22, 
   0x0E, 0x03, 0x17, 0x34, 0x36, 0x33, 0x32, 0x1E, 0x03, 0x15, 
   0x14, 0x06, 0x23, 0x22, 0x26, 0x09, 0x12, 0x13, 0x1A, 0x04, 
   0x55, 0x1C, 0x2A, 0x2A, 0x1C, 0x1D, 0x15, 0x14, 0x17, 0x1A, 
   0x23, 0x12, 0x39, 0x9E, 0x6F, 0x6F, 0x4F, 0xFB, 0xAB, 0x1A, 
   0x25, 0x12, 0x13, 0x1A, 0x05, 0xC1, 0x4F, 0x70, 0x70, 0x4F, 
   0x4E, 0x39, 0x11, 0x22, 0x1A, 0x18, 0x14, 0x13, 0x1D, 0x1C, 
   0x2A, 0x2A, 0x1C, 0xFA, 0x3F, 0x1A, 0x25, 0x05, 0x96, 0xA0, 
   0xA4, 0x98, 0xC5, 0x8E, 0x69, 0x75, 0x42, 0x02, 0x35, 0x7B, 
   0x28, 0x16, 0x14, 0x05, 0xE1, 0x02, 0x25, 0x39, 0x4D, 0x52, 
   0x2C, 0x64, 0x9E, 0x5B, 0x3C, 0x15, 0xDB, 0x4E, 0x31, 0x1E, 
   0x2B, 0x15, 0x0C, 0x02, 0x44, 0x39, 0x31, 0x3D, 0x03, 0x7B, 
   0x1C, 0x0F, 0x12, 0x28, 0x3A, 0x2A, 0x16, 0x11, 0x22, 0x19, 
   0x1A, 0x12, 0x39, 0x70, 0x50, 0x4F, 0x71, 0x25, 0xBF, 0x1B, 
   0x0F, 0x11, 0x70, 0x9E, 0x6F, 0x36, 0x14, 0x19, 0x1A, 0x21, 
   0x11, 0x13, 0x27, 0x3A, 0x2A, 0x24, 0xFC, 0xE2, 0x99, 0xBA, 
   0xB9, 0x97, 0x67, 0x81, 0x50, 0xBA, 0x0F, 0x0E, 0x1E, 0x32, 
   0x50, 0x34, 0x22, 0x0E, 0x4D, 0x71, 0x90, 0x77, 0x65, 0x3B, 
   0x3D, 0x12, 0x17, 0x22, 0x13, 0x0B, 0x32, 0x44, 0x39, 0x00, 
   0x00, 0x00, 0x00, 0x03, 0x00, 0x09, 0xFF, 0xFB, 0x08, 0x8B, 
   0x05, 0x95, 0x00, 0x1D, 0x00, 0x3B, 0x00, 0x45, 0x00, 0x8D, 
   0x00, 0xB0, 0x15, 0x2F, 0xB0, 0x0A, 0xCD, 0xB0, 0x04, 0x2F, 
   0xB0, 0x41, 0x33, 0xB0, 0x1B, 0xCD, 0xB0, 0x22, 0x2F, 0xB0, 
   0x39, 0xCD, 0xB0, 0x33, 0x2F, 0xB0, 0x28, 0xCD, 0x01, 0xB0, 
   0x46, 0x2F, 0xB0, 0x08, 0xD6, 0xB0, 0x17, 0xCD, 0xB0, 0x17, 
   0x10, 0xB1, 0x3C, 0x01, 0x2B, 0xB0, 0x3D, 0xCD, 0xB3, 0x26, 
   0x3D, 0x3C, 0x08, 0x2B, 0xB0, 0x36, 0xCD, 0xB0, 0x36, 0x2F, 
   0xB0, 0x26, 0xCD, 0xB1, 0x47, 0x01, 0x2B, 0xB1, 0x17, 0x08, 
   0x11, 0x12, 0xB0, 0x15, 0x39, 0xB0, 0x3C, 0x11, 0xB1, 0x2C, 
   0x31, 0x39, 0x39, 0xB0, 0x36, 0x12, 0xB4, 0x33, 0x28, 0x38, 
   0x42, 0x43, 0x24, 0x17, 0x39, 0x00, 0xB1, 0x0A, 0x15, 0x11, 
   0x12, 0xB3, 0x11, 0x40, 0x43, 0x44, 0x24, 0x17, 0x39, 0xB0, 
   0x04, 0x11, 0xB1, 0x0E, 0x17, 0x39, 0x39, 0xB1, 0x39, 0x22, 
   0x11, 0x12, 0xB0, 0x25, 0x39, 0xB0, 0x33, 0x11, 0xB0, 0x2F, 
   0x39, 0xB0, 0x28, 0x12, 0xB1, 0x26, 0x2C, 0x39, 0x39, 0x30, 
   0x31, 0x13, 0x14, 0x17, 0x16, 0x33, 0x21, 0x32, 0x16, 0x14, 
   0x06, 0x23, 0x22, 0x27, 0x26, 0x23, 0x22, 0x06, 0x15, 0x14, 
   0x17, 0x16, 0x32, 0x36, 0x35, 0x34, 0x26, 0x23, 0x21, 0x22, 
   0x06, 0x35, 0x14, 0x17, 0x16, 0x33, 0x21, 0x32, 0x36, 0x34, 
   0x26, 0x23, 0x22, 0x07, 0x06, 0x15, 0x14, 0x16, 0x33, 0x32, 
   0x37, 0x36, 0x33, 0x32, 0x16, 0x14, 0x06, 0x23, 0x21, 0x22, 
   0x06, 0x01, 0x21, 0x36, 0x12, 0x3F, 0x01, 0x21, 0x07, 0x21, 
   0x00, 0x09, 0x12, 0x13, 0x1A, 0x04, 0x55, 0x1C, 0x2A, 0x2A, 
   0x1C, 0x1D, 0x15, 0x14, 0x17, 0x1A, 0x23, 0x12, 0x39, 0x9E, 
   0x6F, 0x6F, 0x4F, 0xFB, 0xAB, 0x1A, 0x25, 0x12, 0x13, 0x1A, 
   0x05, 0xC1, 0x4F, 0x70, 0x70, 0x4F, 0x4E, 0x39, 0x11, 0x22, 
   0x1A, 0x18, 0x14, 0x13, 0x1D, 0x1C, 0x2A, 0x2A, 0x1C, 0xFA, 
   0x3F, 0x1A, 0x25, 0x05, 0xD7, 0x01, 0x07, 0x2A, 0xD5, 0x7C, 
   0x29, 0xFD, 0x84, 0x2C, 0x01, 0x74, 0xFE, 0xC4, 0x03, 0x7B, 
   0x1C, 0x0F, 0x12, 0x28, 0x3A, 0x2A, 0x16, 0x11, 0x22, 0x19, 
   0x1A, 0x12, 0x39, 0x70, 0x50, 0x4F, 0x71, 0x25, 0xBF, 0x1B, 
   0x0F, 0x11, 0x70, 0x9E, 0x6F, 0x36, 0x14, 0x19, 0x1A, 0x21, 
   0x11, 0x13, 0x27, 0x3A, 0x2A, 0x24, 0xFB, 0x8F, 0xCF, 0x01, 
   0x47, 0x61, 0xC7, 0xCA, 0xFE, 0xC2, 0x00, 0x05, 0x00, 0x09, 
   0xFF, 0xFB, 0x08, 0x69, 0x05, 0x95, 0x00, 0x1D, 0x00, 0x3B, 
   0x00, 0x5E, 0x00, 0x6E, 0x00, 0x7C, 0x01, 0x1A, 0x00, 0xB2, 
   0x3F, 0x00, 0x00, 0x2B, 0xB0, 0x69, 0xCD, 0xB0, 0x62, 0x2F, 
   0xB0, 0x7A, 0xCD, 0xB0, 0x72, 0x2F, 0xB0, 0x52, 0xCD, 0xB3, 
   0x0A, 0x52, 0x72, 0x08, 0x2B, 0xB0, 0x15, 0xCD, 0xB3, 0x04, 
   0x52, 0x72, 0x08, 0x2B, 0xB0, 0x1B, 0xCD, 0xB0, 0x22, 0x2F, 
   0xB0, 0x39, 0xCD, 0xB0, 0x33, 0x2F, 0xB0, 0x28, 0xCD, 0x01, 
   0xB0, 0x7D, 0x2F, 0xB0, 0x08, 0xD6, 0xB0, 0x17, 0xCD, 0xB0, 
   0x17, 0x10, 0xB1, 0x3C, 0x01, 0x2B, 0xB0, 0x5F, 0xCD, 0xB0, 
   0x5F, 0x10, 0xB0, 0x6F, 0x20, 0xD6, 0x11, 0xB0, 0x58, 0xCD, 
   0xB0, 0x58, 0x2F, 0xB0, 0x6F, 0xCD, 0xB0, 0x6F, 0x10, 0xB0, 
   0x26, 0x20, 0xD6, 0x11, 0xB0, 0x36, 0xCD, 0xB0, 0x36, 0x2F, 
   0xB0, 0x26, 0xCD, 0xB0, 0x5F, 0x10, 0xB1, 0x66, 0x01, 0x2B, 
   0xB0, 0x45, 0xCD, 0xB0, 0x45, 0x10, 0xB0, 0x4D, 0x20, 0xD6, 
   0x11, 0xB0, 0x75, 0xCD, 0xB0, 0x75, 0x2F, 0xB0, 0x4D, 0xCD, 
   0xB1, 0x7E, 0x01, 0x2B, 0xB1, 0x17, 0x08, 0x11, 0x12, 0xB0, 
   0x15, 0x39, 0xB0, 0x3C, 0x11, 0xB0, 0x2C, 0x39, 0xB0, 0x58, 
   0x12, 0xB1, 0x31, 0x2F, 0x39, 0x39, 0xB0, 0x36, 0x11, 0xB4, 
   0x33, 0x28, 0x38, 0x5B, 0x5C, 0x24, 0x17, 0x39, 0xB1, 0x26, 
   0x6F, 0x11, 0x12, 0xB0, 0x3F, 0x39, 0xB0, 0x66, 0x11, 0xB5, 
   0x52, 0x62, 0x69, 0x6A, 0x72, 0x7A, 0x24, 0x17, 0x39, 0xB1, 
   0x45, 0x75, 0x11, 0x12, 0xB2, 0x48, 0x49, 0x4A, 0x39, 0x39, 
   0x39, 0x00, 0xB1, 0x62, 0x69, 0x11, 0x12, 0xB1, 0x3C, 0x45, 
   0x39, 0x39, 0xB0, 0x7A, 0x11, 0xB4, 0x48, 0x49, 0x5B, 0x5C, 
   0x4A, 0x24, 0x17, 0x39, 0xB1, 0x72, 0x15, 0x11, 0x12, 0xB4, 
   0x11, 0x4D, 0x58, 0x6F, 0x75, 0x24, 0x17, 0x39, 0xB1, 0x04, 
   0x0A, 0x11, 0x12, 0xB1, 0x0E, 0x17, 0x39, 0x39, 0xB1, 0x1B, 
   0x52, 0x11, 0x12, 0xB0, 0x00, 0x39, 0xB1, 0x39, 0x22, 0x11, 
   0x12, 0xB0, 0x25, 0x39, 0xB0, 0x33, 0x11, 0xB0, 0x2F, 0x39, 
   0xB0, 0x28, 0x12, 0xB1, 0x26, 0x2C, 0x39, 0x39, 0x30, 0x31, 
   0x13, 0x14, 0x17, 0x16, 0x33, 0x21, 0x32, 0x16, 0x14, 0x06, 
   0x23, 0x22, 0x27, 0x26, 0x23, 0x22, 0x06, 0x15, 0x14, 0x17, 
   0x16, 0x32, 0x36, 0x35, 0x34, 0x26, 0x23, 0x21, 0x22, 0x06, 
   0x35, 0x14, 0x17, 0x16, 0x33, 0x21, 0x32, 0x36, 0x34, 0x26, 
   0x23, 0x22, 0x07, 0x06, 0x15, 0x14, 0x16, 0x33, 0x32, 0x37, 
   0x36, 0x33, 0x32, 0x16, 0x14, 0x06, 0x23, 0x21, 0x22, 0x06, 
   0x01, 0x14, 0x16, 0x33, 0x32, 0x3E, 0x03, 0x35, 0x34, 0x26, 
   0x27, 0x37, 0x15, 0x3E, 0x01, 0x35, 0x34, 0x2E, 0x02, 0x23, 
   0x22, 0x0E, 0x03, 0x15, 0x14, 0x16, 0x17, 0x15, 0x0E, 0x01, 
   0x17, 0x34, 0x36, 0x33, 0x32, 0x16, 0x1D, 0x01, 0x14, 0x06, 
   0x23, 0x37, 0x22, 0x2E, 0x02, 0x13, 0x34, 0x36, 0x33, 0x32, 
   0x16, 0x15, 0x14, 0x0E, 0x02, 0x23, 0x22, 0x26, 0x09, 0x12, 
   0x13, 0x1A, 0x04, 0x55, 0x1C, 0x2A, 0x2A, 0x1C, 0x1D, 0x15, 
   0x14, 0x17, 0x1A, 0x23, 0x12, 0x39, 0x9E, 0x6F, 0x6F, 0x4F, 
   0xFB, 0xAB, 0x1A, 0x25, 0x12, 0x13, 0x1A, 0x05, 0xC1, 0x4F, 
   0x70, 0x70, 0x4F, 0x4E, 0x39, 0x11, 0x22, 0x1A, 0x18, 0x14, 
   0x13, 0x1D, 0x1C, 0x2A, 0x2A, 0x1C, 0xFA, 0x3F, 0x1A, 0x25, 
   0x05, 0x6A, 0xB7, 0x9B, 0x5F, 0x92, 0x52, 0x33, 0x10, 0x4C, 
   0x3E, 0x02, 0x48, 0x5E, 0x38, 0x60, 0x64, 0x3A, 0x4C, 0x7A, 
   0x4C, 0x32, 0x14, 0x3A, 0x33, 0x5A, 0x7B, 0xE2, 0x5A, 0x3F, 
   0x41, 0x3B, 0x51, 0x3F, 0x03, 0x16, 0x2A, 0x2D, 0x1B, 0x51, 
   0x4F, 0x38, 0x30, 0x43, 0x0A, 0x1A, 0x3A, 0x29, 0x40, 0x33, 
   0x03, 0x7B, 0x1C, 0x0F, 0x12, 0x28, 0x3A, 0x2A, 0x16, 0x11, 
   0x22, 0x19, 0x1A, 0x12, 0x39, 0x70, 0x50, 0x4F, 0x71, 0x25, 
   0xBF, 0x1B, 0x0F, 0x11, 0x70, 0x9E, 0x6F, 0x36, 0x14, 0x19, 
   0x1A, 0x21, 0x11, 0x13, 0x27, 0x3A, 0x2A, 0x24, 0xFC, 0x7D, 
   0x75, 0x79, 0x26, 0x38, 0x4D, 0x40, 0x21, 0x42, 0x5F, 0x0D, 
   0x03, 0x01, 0x0A, 0x6B, 0x49, 0x3D, 0x57, 0x2C, 0x13, 0x1E, 
   0x31, 0x41, 0x40, 0x22, 0x37, 0x52, 0x10, 0x03, 0x0A, 0x6F, 
   0x40, 0x38, 0x34, 0x3B, 0x22, 0x0E, 0x2D, 0x2E, 0x01, 0x06, 
   0x12, 0x26, 0x01, 0x63, 0x33, 0x2E, 0x2B, 0x2E, 0x0C, 0x1A, 
   0x1F, 0x14, 0x31, 0x00, 0x00, 0x00, 0x00, 0x04, 0x00, 0x09, 
   0xFF, 0xFB, 0x08, 0x56, 0x05, 0x95, 0x00, 0x1D, 0x00, 0x3B, 
   0x00, 0x5B, 0x00, 0x6A, 0x00, 0xD9, 0x00, 0xB2, 0x41, 0x00, 
   0x00, 0x2B, 0xB0, 0x57, 0xCD, 0xB0, 0x5F, 0x2F, 0xB0, 0x4A, 
   0xCD, 0xB3, 0x0A, 0x4A, 0x5F, 0x08, 0x2B, 0xB0, 0x15, 0xCD, 
   0xB3, 0x04, 0x4A, 0x5F, 0x08, 0x2B, 0xB0, 0x1B, 0xCD, 0xB0, 
   0x22, 0x2F, 0xB0, 0x39, 0xCD, 0xB0, 0x33, 0x2F, 0xB0, 0x28, 
   0xCD, 0x01, 0xB0, 0x6B, 0x2F, 0xB0, 0x08, 0xD6, 0xB0, 0x17, 
   0xCD, 0xB0, 0x17, 0x10, 0xB1, 0x4D, 0x01, 0x2B, 0xB0, 0x5C, 
   0xCD, 0xB0, 0x5C, 0x10, 0xB0, 0x26, 0x20, 0xD6, 0x11, 0xB0, 
   0x36, 0xCD, 0xB0, 0x36, 0x2F, 0xB0, 0x26, 0xCD, 0xB0, 0x5C, 
   0x10, 0xB1, 0x62, 0x01, 0x2B, 0xB0, 0x47, 0xCD, 0xB1, 0x6C, 
   0x01, 0x2B, 0xB1, 0x17, 0x08, 0x11, 0x12, 0xB0, 0x15, 0x39, 
   0xB0, 0x4D, 0x11, 0xB3, 0x2C, 0x2F, 0x3C, 0x3D, 0x24, 0x17, 
   0x39, 0xB0, 0x36, 0x12, 0xB2, 0x31, 0x28, 0x38, 0x39, 0x39, 
   0x39, 0xB0, 0x5C, 0x11, 0xB0, 0x5B, 0x39, 0xB0, 0x26, 0x12, 
   0xB2, 0x41, 0x50, 0x57, 0x39, 0x39, 0x39, 0xB0, 0x62, 0x11, 
   0xB4, 0x4A, 0x53, 0x54, 0x5F, 0x67, 0x24, 0x17, 0x39, 0x00, 
   0xB1, 0x15, 0x57, 0x11, 0x12, 0xB5, 0x3C, 0x47, 0x4D, 0x5C, 
   0x62, 0x66, 0x24, 0x17, 0x39, 0xB1, 0x0A, 0x5F, 0x11, 0x12, 
   0xB0, 0x11, 0x39, 0xB0, 0x04, 0x11, 0xB1, 0x0E, 0x17, 0x39, 
   0x39, 0xB1, 0x1B, 0x4A, 0x11, 0x12, 0xB0, 0x00, 0x39, 0xB1, 
   0x39, 0x22, 0x11, 0x12, 0xB0, 0x25, 0x39, 0xB0, 0x33, 0x11, 
   0xB0, 0x2F, 0x39, 0xB0, 0x28, 0x12, 0xB1, 0x26, 0x2C, 0x39, 
   0x39, 0x30, 0x31, 0x13, 0x14, 0x17, 0x16, 0x33, 0x21, 0x32, 
   0x16, 0x14, 0x06, 0x23, 0x22, 0x27, 0x26, 0x23, 0x22, 0x06, 
   0x15, 0x14, 0x17, 0x16, 0x32, 0x36, 0x35, 0x34, 0x26, 0x23, 
   0x21, 0x22, 0x06, 0x35, 0x14, 0x17, 0x16, 0x33, 0x21, 0x32, 
   0x36, 0x34, 0x26, 0x23, 0x22, 0x07, 0x06, 0x15, 0x14, 0x16, 
   0x33, 0x32, 0x37, 0x36, 0x33, 0x32, 0x16, 0x14, 0x06, 0x23, 
   0x21, 0x22, 0x06, 0x01, 0x1E, 0x03, 0x33, 0x32, 0x3E, 0x03, 
   0x35, 0x34, 0x26, 0x23, 0x22, 0x06, 0x15, 0x14, 0x16, 0x33, 
   0x32, 0x36, 0x37, 0x33, 0x0E, 0x01, 0x23, 0x22, 0x27, 0x26, 
   0x27, 0x13, 0x34, 0x36, 0x33, 0x32, 0x16, 0x15, 0x14, 0x0E, 
   0x02, 0x22, 0x2E, 0x02, 0x09, 0x12, 0x13, 0x1A, 0x04, 0x55, 
   0x1C, 0x2A, 0x2A, 0x1C, 0x1D, 0x15, 0x14, 0x17, 0x1A, 0x23, 
   0x12, 0x39, 0x9E, 0x6F, 0x6F, 0x4F, 0xFB, 0xAB, 0x1A, 0x25, 
   0x12, 0x13, 0x1A, 0x05, 0xC1, 0x4F, 0x70, 0x70, 0x4F, 0x4E, 
   0x39, 0x11, 0x22, 0x1A, 0x18, 0x14, 0x13, 0x1D, 0x1C, 0x2A, 
   0x2A, 0x1C, 0xFA, 0x3F, 0x1A, 0x25, 0x05, 0x75, 0x03, 0x36, 
   0x59, 0x66, 0x3C, 0x5B, 0x95, 0x5C, 0x3F, 0x19, 0xAD, 0x91, 
   0x95, 0xCE, 0x87, 0x6A, 0x39, 0x6D, 0x16, 0x03, 0x13, 0x56, 
   0x46, 0x2E, 0x11, 0x14, 0x06, 0x33, 0x3E, 0x3D, 0x36, 0x39, 
   0x0C, 0x1A, 0x34, 0x44, 0x2F, 0x15, 0x08, 0x03, 0x7B, 0x1C, 
   0x0F, 0x12, 0x28, 0x3A, 0x2A, 0x16, 0x11, 0x22, 0x19, 0x1A, 
   0x12, 0x39, 0x70, 0x50, 0x4F, 0x71, 0x25, 0xBF, 0x1B, 0x0F, 
   0x11, 0x70, 0x9E, 0x6F, 0x36, 0x14, 0x19, 0x1A, 0x21, 0x11, 
   0x13, 0x27, 0x3A, 0x2A, 0x24, 0xFC, 0x73, 0x3F, 0x5C, 0x32, 
   0x17, 0x44, 0x69, 0x88, 0x7F, 0x3B, 0xA9, 0xB5, 0xB6, 0x94, 
   0x6A, 0x86, 0x2E, 0x23, 0x4C, 0x6C, 0x0B, 0x11, 0x1C, 0x01, 
   0x33, 0x32, 0x49, 0x37, 0x36, 0x0F, 0x24, 0x28, 0x1A, 0x18, 
   0x25, 0x1E, 0x00, 0x00, 0x00, 0x05, 0x00, 0x09, 0xFF, 0xFB, 
   0x09, 0xF1, 0x05, 0x95, 0x00, 0x1D, 0x00, 0x3B, 0x00, 0x3F, 
   0x00, 0x50, 0x00, 0x5E, 0x00, 0xF7, 0x00, 0xB2, 0x45, 0x00, 
   0x00, 0x2B, 0xB0, 0x5D, 0xCD, 0xB0, 0x15, 0x2F, 0xB0, 0x0A, 
   0xCD, 0xB3, 0x57, 0x0A, 0x15, 0x08, 0x2B, 0xB0, 0x4E, 0xCD, 
   0xB0, 0x04, 0x2F, 0xB0, 0x1B, 0xCD, 0xB0, 0x22, 0x2F, 0xB0, 
   0x39, 0xCD, 0xB0, 0x33, 0x2F, 0xB0, 0x28, 0xCD, 0x01, 0xB0, 
   0x5F, 0x2F, 0xB0, 0x08, 0xD6, 0xB0, 0x17, 0xCD, 0xB0, 0x3C, 
   0x32, 0xB0, 0x17, 0x10, 0xB1, 0x3C, 0x01, 0x2B, 0xB0, 0x3D, 
   0xCD, 0xB3, 0x3F, 0x3D, 0x3C, 0x08, 0x2B, 0xB0, 0x3E, 0xCD, 
   0xB3, 0x36, 0x3D, 0x3C, 0x08, 0x2B, 0xB0, 0x26, 0xCD, 0xB0, 
   0x3D, 0x10, 0xB1, 0x40, 0x01, 0x2B, 0xB0, 0x51, 0xCD, 0xB0, 
   0x51, 0x10, 0xB1, 0x5A, 0x01, 0x2B, 0xB0, 0x4B, 0xCD, 0xB1, 
   0x60, 0x01, 0x2B, 0xB0, 0x36, 0x1A, 0xBA, 0x3E, 0xAD, 0xF3, 
   0x0D, 0x00, 0x15, 0x2B, 0x0A, 0x04, 0xB0, 0x3C, 0x2E, 0xB0, 
   0x3E, 0x2E, 0xB0, 0x3C, 0x10, 0xB1, 0x3D, 0x09, 0xF9, 0xB0, 
   0x3E, 0x10, 0xB1, 0x3F, 0x09, 0xF9, 0x02, 0xB3, 0x3C, 0x3D, 
   0x3E, 0x3F, 0x2E, 0x2E, 0x2E, 0x2E, 0xB0, 0x40, 0x1A, 0x01, 
   0xB1, 0x17, 0x08, 0x11, 0x12, 0xB0, 0x15, 0x39, 0xB1, 0x3F, 
   0x3C, 0x11, 0x12, 0xB3, 0x28, 0x33, 0x38, 0x2C, 0x24, 0x17, 
   0x39, 0xB1, 0x5A, 0x51, 0x11, 0x12, 0xB1, 0x45, 0x4E, 0x39, 
   0x39, 0x00, 0xB1, 0x15, 0x5D, 0x11, 0x12, 0xB3, 0x40, 0x4B, 
   0x51, 0x5A, 0x24, 0x17, 0x39, 0xB1, 0x0A, 0x57, 0x11, 0x12, 
   0xB0, 0x11, 0x39, 0xB0, 0x04, 0x11, 0xB1, 0x0E, 0x17, 0x39, 
   0x39, 0xB1, 0x1B, 0x4E, 0x11, 0x12, 0xB0, 0x00, 0x39, 0xB1, 
   0x39, 0x22, 0x11, 0x12, 0xB0, 0x25, 0x39, 0xB0, 0x33, 0x11, 
   0xB0, 0x2F, 0x39, 0xB0, 0x28, 0x12, 0xB1, 0x26, 0x2C, 0x39, 
   0x39, 0x30, 0x31, 0x13, 0x14, 0x17, 0x16, 0x33, 0x21, 0x32, 
   0x16, 0x14, 0x06, 0x23, 0x22, 0x27, 0x26, 0x23, 0x22, 0x06, 
   0x15, 0x14, 0x17, 0x16, 0x32, 0x36, 0x35, 0x34, 0x26, 0x23, 
   0x21, 0x22, 0x06, 0x35, 0x14, 0x17, 0x16, 0x33, 0x21, 0x32, 
   0x36, 0x34, 0x26, 0x23, 0x22, 0x07, 0x06, 0x15, 0x14, 0x16, 
   0x33, 0x32, 0x37, 0x36, 0x33, 0x32, 0x16, 0x14, 0x06, 0x23, 
   0x21, 0x22, 0x06, 0x01, 0x21, 0x13, 0x21, 0x01, 0x14, 0x1E, 
   0x02, 0x33, 0x32, 0x3E, 0x03, 0x35, 0x34, 0x26, 0x23, 0x22, 
   0x02, 0x17, 0x34, 0x3E, 0x03, 0x33, 0x32, 0x16, 0x15, 0x14, 
   0x06, 0x23, 0x22, 0x09, 0x12, 0x13, 0x1A, 0x04, 0x55, 0x1C, 
   0x2A, 0x2A, 0x1C, 0x1D, 0x15, 0x14, 0x17, 0x1A, 0x23, 0x12, 
   0x39, 0x9E, 0x6F, 0x6F, 0x4F, 0xFB, 0xAB, 0x1A, 0x25, 0x12, 
   0x13, 0x1A, 0x05, 0xC1, 0x4F, 0x70, 0x70, 0x4F, 0x4E, 0x39, 
   0x11, 0x22, 0x1A, 0x18, 0x14, 0x13, 0x1D, 0x1C, 0x2A, 0x2A, 
   0x1C, 0xFA, 0x3F, 0x1A, 0x25, 0x05, 0x57, 0x01, 0x06, 0xAF, 
   0xFE, 0xFB, 0x01, 0x0F, 0x34, 0x58, 0x69, 0x3B, 0x62, 0x9A, 
   0x58, 0x3A, 0x14, 0xAA, 0x8E, 0xA5, 0xF5, 0xDB, 0x09, 0x1A, 
   0x27, 0x47, 0x2C, 0x2B, 0x34, 0x6B, 0x4E, 0x63, 0x03, 0x7B, 
   0x1C, 0x0F, 0x12, 0x28, 0x3A, 0x2A, 0x16, 0x11, 0x22, 0x19, 
   0x1A, 0x12, 0x39, 0x70, 0x50, 0x4F, 0x71, 0x25, 0xBF, 0x1B, 
   0x0F, 0x11, 0x70, 0x9E, 0x6F, 0x36, 0x14, 0x19, 0x1A, 0x21, 
   0x11, 0x13, 0x27, 0x3A, 0x2A, 0x24, 0xFB, 0x9A, 0x03, 0x4F, 
   0xFD, 0xE8, 0x53, 0x80, 0x4A, 0x25, 0x50, 0x76, 0x95, 0x79, 
   0x34, 0x9B, 0xAA, 0xFE, 0xDC, 0xF1, 0x19, 0x4B, 0x68, 0x57, 
   0x3D, 0x3A, 0x37, 0x9A, 0xD7, 0x00, 0x00, 0x04, 0x00, 0x09, 
   0xFF, 0xFB, 0x08, 0xAB, 0x05, 0x95, 0x00, 0x1D, 0x00, 0x3B, 
   0x00, 0x3F, 0x00, 0x43, 0x00, 0xEE, 0x00, 0xB0, 0x15, 0x2F, 
   0xB0, 0x0A, 0xCD, 0xB0, 0x04, 0x2F, 0xB0, 0x1B, 0xCD, 0xB0, 
   0x22, 0x2F, 0xB0, 0x39, 0xCD, 0xB0, 0x33, 0x2F, 0xB0, 0x28, 
   0xCD, 0x01, 0xB0, 0x44, 0x2F, 0xB0, 0x08, 0xD6, 0xB0, 0x17, 
   0xCD, 0xB0, 0x17, 0x10, 0xB1, 0x3F, 0x01, 0x2B, 0xB0, 0x3E, 
   0xCD, 0xB3, 0x3D, 0x3E, 0x3F, 0x08, 0x2B, 0xB0, 0x3C, 0xCD, 
   0xB0, 0x3C, 0x2F, 0xB0, 0x3D, 0xCD, 0xB3, 0x36, 0x3D, 0x3C, 
   0x08, 0x2B, 0xB0, 0x26, 0xCD, 0xB3, 0x40, 0x3E, 0x3F, 0x08, 
   0x2B, 0xB0, 0x41, 0xCD, 0xB0, 0x3E, 0x10, 0xB1, 0x43, 0x01, 
   0x2B, 0xB0, 0x42, 0xCD, 0xB1, 0x45, 0x01, 0x2B, 0xB0, 0x36, 
   0x1A, 0xBA, 0x3E, 0xAD, 0xF3, 0x0D, 0x00, 0x15, 0x2B, 0x0A, 
   0x04, 0xB0, 0x3C, 0x2E, 0xB0, 0x3E, 0x2E, 0xB0, 0x3C, 0x10, 
   0xB1, 0x3D, 0x09, 0xF9, 0xB0, 0x3E, 0x10, 0xB1, 0x3F, 0x09, 
   0xF9, 0xBA, 0x3E, 0xAD, 0xF3, 0x0D, 0x00, 0x15, 0x2B, 0x0A, 
   0xB0, 0x40, 0x2E, 0xB0, 0x42, 0x2E, 0xB0, 0x40, 0x10, 0xB1, 
   0x41, 0x09, 0xF9, 0xB0, 0x42, 0x10, 0xB1, 0x43, 0x09, 0xF9, 
   0x02, 0xB7, 0x3C, 0x3D, 0x3E, 0x3F, 0x40, 0x41, 0x42, 0x43, 
   0x2E, 0x2E, 0x2E, 0x2E, 0x2E, 0x2E, 0x2E, 0x2E, 0xB0, 0x40, 
   0x1A, 0x01, 0xB1, 0x17, 0x08, 0x11, 0x12, 0xB0, 0x15, 0x39, 
   0xB1, 0x3F, 0x3C, 0x11, 0x12, 0xB3, 0x28, 0x33, 0x38, 0x2C, 
   0x24, 0x17, 0x39, 0x00, 0xB1, 0x0A, 0x15, 0x11, 0x12, 0xB0, 
   0x11, 0x39, 0xB0, 0x04, 0x11, 0xB1, 0x0E, 0x17, 0x39, 0x39, 
   0xB1, 0x39, 0x22, 0x11, 0x12, 0xB0, 0x25, 0x39, 0xB0, 0x33, 
   0x11, 0xB0, 0x2F, 0x39, 0xB0, 0x28, 0x12, 0xB1, 0x26, 0x2C, 
   0x39, 0x39, 0x30, 0x31, 0x13, 0x14, 0x17, 0x16, 0x33, 0x21, 
   0x32, 0x16, 0x14, 0x06, 0x23, 0x22, 0x27, 0x26, 0x23, 0x22, 
   0x06, 0x15, 0x14, 0x17, 0x16, 0x32, 0x36, 0x35, 0x34, 0x26, 
   0x23, 0x21, 0x22, 0x06, 0x35, 0x14, 0x17, 0x16, 0x33, 0x21, 
   0x32, 0x36, 0x34, 0x26, 0x23, 0x22, 0x07, 0x06, 0x15, 0x14, 
   0x16, 0x33, 0x32, 0x37, 0x36, 0x33, 0x32, 0x16, 0x14, 0x06, 
   0x23, 0x21, 0x22, 0x06, 0x01, 0x21, 0x13, 0x21, 0x13, 0x21, 
   0x13, 0x21, 0x09, 0x12, 0x13, 0x1A, 0x04, 0x55, 0x1C, 0x2A, 
   0x2A, 0x1C, 0x1D, 0x15, 0x14, 0x17, 0x1A, 0x23, 0x12, 0x39, 
   0x9E, 0x6F, 0x6F, 0x4F, 0xFB, 0xAB, 0x1A, 0x25, 0x12, 0x13, 
   0x1A, 0x05, 0xC1, 0x4F, 0x70, 0x70, 0x4F, 0x4E, 0x39, 0x11, 
   0x22, 0x1A, 0x18, 0x14, 0x13, 0x1D, 0x1C, 0x2A, 0x2A, 0x1C, 
   0xFA, 0x3F, 0x1A, 0x25, 0x05, 0x5F, 0x01, 0x07, 0xB0, 0xFE, 
   0xF9, 0xDD, 0x01, 0x06, 0xB0, 0xFE, 0xFB, 0x03, 0x7B, 0x1C, 
   0x0F, 0x12, 0x28, 0x3A, 0x2A, 0x16, 0x11, 0x22, 0x19, 0x1A, 
   0x12, 0x39, 0x70, 0x50, 0x4F, 0x71, 0x25, 0xBF, 0x1B, 0x0F, 
   0x11, 0x70, 0x9E, 0x6F, 0x36, 0x14, 0x19, 0x1A, 0x21, 0x11, 
   0x13, 0x27, 0x3A, 0x2A, 0x24, 0xFB, 0x8F, 0x03, 0x54, 0xFC, 
   0xAC, 0x03, 0x54, 0x00, 0x00, 0x00, 0x00, 0x04, 0x00, 0x09, 
   0xFF, 0xFB, 0x0A, 0x03, 0x05, 0x95, 0x00, 0x1D, 0x00, 0x3B, 
   0x00, 0x3F, 0x00, 0x63, 0x00, 0xFF, 0x00, 0xB0, 0x56, 0x2F, 
   0xB0, 0x4F, 0xCD, 0xB3, 0x0A, 0x4F, 0x56, 0x08, 0x2B, 0xB0, 
   0x15, 0xCD, 0xB3, 0x04, 0x4F, 0x56, 0x08, 0x2B, 0xB0, 0x1B, 
   0xCD, 0xB0, 0x22, 0x2F, 0xB0, 0x39, 0xCD, 0xB0, 0x33, 0x2F, 
   0xB0, 0x28, 0xCD, 0x01, 0xB0, 0x64, 0x2F, 0xB0, 0x08, 0xD6, 
   0xB0, 0x17, 0xCD, 0xB0, 0x17, 0x10, 0xB1, 0x3F, 0x01, 0x2B, 
   0xB0, 0x3E, 0xCD, 0xB3, 0x3D, 0x3E, 0x3F, 0x08, 0x2B, 0xB0, 
   0x3C, 0xCD, 0xB0, 0x3C, 0x2F, 0xB0, 0x3D, 0xCD, 0xB3, 0x36, 
   0x3D, 0x3C, 0x08, 0x2B, 0xB0, 0x26, 0xCD, 0xB0, 0x3E, 0x10, 
   0xB1, 0x52, 0x01, 0x2B, 0xB0, 0x53, 0xCD, 0xB0, 0x53, 0x10, 
   0xB1, 0x59, 0x01, 0x2B, 0xB0, 0x4B, 0xCD, 0xB1, 0x65, 0x01, 
   0x2B, 0xB0, 0x36, 0x1A, 0xBA, 0x3E, 0xAD, 0xF3, 0x0D, 0x00, 
   0x15, 0x2B, 0x0A, 0x04, 0xB0, 0x3C, 0x2E, 0xB0, 0x3E, 0x2E, 
   0xB0, 0x3C, 0x10, 0xB1, 0x3D, 0x09, 0xF9, 0xB0, 0x3E, 0x10, 
   0xB1, 0x3F, 0x09, 0xF9, 0x02, 0xB3, 0x3C, 0x3D, 0x3E, 0x3F, 
   0x2E, 0x2E, 0x2E, 0x2E, 0xB0, 0x40, 0x1A, 0x01, 0xB1, 0x17, 
   0x08, 0x11, 0x12, 0xB0, 0x15, 0x39, 0xB1, 0x3F, 0x3C, 0x11, 
   0x12, 0xB3, 0x28, 0x33, 0x38, 0x2C, 0x24, 0x17, 0x39, 0xB1, 
   0x3E, 0x26, 0x11, 0x12, 0xB0, 0x40, 0x39, 0xB1, 0x59, 0x53, 
   0x11, 0x12, 0xB3, 0x46, 0x4F, 0x43, 0x5D, 0x24, 0x17, 0x39, 
   0xB0, 0x4B, 0x11, 0xB1, 0x41, 0x42, 0x39, 0x39, 0x00, 0xB1, 
   0x56, 0x15, 0x11, 0x12, 0xB0, 0x4B, 0x39, 0xB0, 0x0A, 0x11, 
   0xB0, 0x11, 0x39, 0xB0, 0x4F, 0x12, 0xB1, 0x0E, 0x17, 0x39, 
   0x39, 0xB0, 0x1B, 0x11, 0xB0, 0x00, 0x39, 0xB1, 0x39, 0x22, 
   0x11, 0x12, 0xB0, 0x25, 0x39, 0xB0, 0x33, 0x11, 0xB0, 0x2F, 
   0x39, 0xB0, 0x28, 0x12, 0xB1, 0x26, 0x2C, 0x39, 0x39, 0x30, 
   0x31, 0x13, 0x14, 0x17, 0x16, 0x33, 0x21, 0x32, 0x16, 0x14, 
   0x06, 0x23, 0x22, 0x27, 0x26, 0x23, 0x22, 0x06, 0x15, 0x14, 
   0x17, 0x16, 0x32, 0x36, 0x35, 0x34, 0x26, 0x23, 0x21, 0x22, 
   0x06, 0x35, 0x14, 0x17, 0x16, 0x33, 0x21, 0x32, 0x36, 0x34, 
   0x26, 0x23, 0x22, 0x07, 0x06, 0x15, 0x14, 0x16, 0x33, 0x32, 
   0x37, 0x36, 0x33, 0x32, 0x16, 0x14, 0x06, 0x23, 0x21, 0x22, 
   0x06, 0x01, 0x21, 0x13, 0x21, 0x13, 0x21, 0x37, 0x21, 0x35, 
   0x3E, 0x05, 0x35, 0x34, 0x2E, 0x01, 0x23, 0x22, 0x06, 0x07, 
   0x33, 0x34, 0x36, 0x33, 0x32, 0x16, 0x15, 0x14, 0x06, 0x07, 
   0x06, 0x07, 0x06, 0x07, 0x06, 0x07, 0x06, 0x09, 0x12, 0x13, 
   0x1A, 0x04, 0x55, 0x1C, 0x2A, 0x2A, 0x1C, 0x1D, 0x15, 0x14, 
   0x17, 0x1A, 0x23, 0x12, 0x39, 0x9E, 0x6F, 0x6F, 0x4F, 0xFB, 
   0xAB, 0x1A, 0x25, 0x12, 0x13, 0x1A, 0x05, 0xC1, 0x4F, 0x70, 
   0x70, 0x4F, 0x4E, 0x39, 0x11, 0x22, 0x1A, 0x18, 0x14, 0x13, 
   0x1D, 0x1C, 0x2A, 0x2A, 0x1C, 0xFA, 0x3F, 0x1A, 0x25, 0x05, 
   0x5F, 0x01, 0x07, 0xB0, 0xFE, 0xF9, 0xCB, 0x02, 0xC2, 0x2B, 
   0xFE, 0x79, 0x20, 0x78, 0x52, 0x66, 0x3E, 0x2C, 0x5C, 0x8A, 
   0x56, 0x9B, 0xC4, 0x13, 0xDD, 0x46, 0x40, 0x30, 0x2F, 0x46, 
   0x62, 0x06, 0x03, 0x8E, 0x22, 0x7F, 0x31, 0x1A, 0x03, 0x7B, 
   0x1C, 0x0F, 0x12, 0x28, 0x3A, 0x2A, 0x16, 0x11, 0x22, 0x19, 
   0x1A, 0x12, 0x39, 0x70, 0x50, 0x4F, 0x71, 0x25, 0xBF, 0x1B, 
   0x0F, 0x11, 0x70, 0x9E, 0x6F, 0x36, 0x14, 0x19, 0x1A, 0x21, 
   0x11, 0x13, 0x27, 0x3A, 0x2A, 0x24, 0xFB, 0x8F, 0x03, 0x54, 
   0xFC, 0xAC, 0xCB, 0x02, 0x0F, 0x30, 0x22, 0x3C, 0x3F, 0x61, 
   0x3A, 0x59, 0x78, 0x32, 0xA7, 0xA3, 0x3C, 0x52, 0x33, 0x21, 
   0x34, 0x3A, 0x30, 0x02, 0x02, 0x44, 0x14, 0x4C, 0x6E, 0x3A, 
   0x00, 0x00, 0x00, 0x0B, 0x00, 0x01, 0xFF, 0xDD, 0x0A, 0x96, 
   0x08, 0xB8, 0x00, 0x0E, 0x00, 0x1C, 0x00, 0x2A, 0x00, 0x38, 
   0x00, 0x49, 0x00, 0x6E, 0x00, 0x7B, 0x00, 0x87, 0x00, 0x96, 
   0x00, 0xA6, 0x00, 0xB4, 0x01, 0x37, 0x00, 0xB2, 0x13, 0x00, 
   0x00, 0x2B, 0xB0, 0x1A, 0xCD, 0xB2, 0x7A, 0x00, 0x00, 0x2B, 
   0xB0, 0x73, 0xCD, 0xB0, 0x20, 0x2F, 0xB0, 0x28, 0xCD, 0xB0, 
   0x59, 0x2F, 0xB0, 0x5F, 0xCD, 0xB3, 0x04, 0x5F, 0x59, 0x08, 
   0x2B, 0xB0, 0x0C, 0xCD, 0xB0, 0x36, 0x2F, 0xB0, 0xB1, 0x33, 
   0xB0, 0x2F, 0xCD, 0xB0, 0xAB, 0x32, 0xB0, 0x66, 0x2F, 0xB0, 
   0x4F, 0xCD, 0xB2, 0x66, 0x4F, 0x0A, 0x2B, 0xB3, 0x40, 0x66, 
   0x6D, 0x09, 0x2B, 0xB0, 0x86, 0x2F, 0xB0, 0x80, 0xCD, 0x01, 
   0xB0, 0xB5, 0x2F, 0xB0, 0x2B, 0xD6, 0xB0, 0x33, 0xCD, 0xB0, 
   0x33, 0x10, 0xB1, 0x4A, 0x01, 0x2B, 0xB0, 0x69, 0xCD, 0xB0, 
   0x69, 0x10, 0xB1, 0x6F, 0x01, 0x2B, 0xB0, 0x7C, 0x32, 0xB0, 
   0x77, 0xCD, 0xB0, 0x82, 0x32, 0xB0, 0x77, 0x10, 0xB1, 0x63, 
   0x01, 0x2B, 0xB0, 0x54, 0xCD, 0xB2, 0x63, 0x54, 0x0A, 0x2B, 
   0xB3, 0x40, 0x63, 0x5D, 0x09, 0x2B, 0xB3, 0x97, 0x54, 0x63, 
   0x08, 0x2B, 0xB0, 0x88, 0x33, 0xB0, 0x9F, 0xCD, 0xB0, 0x90, 
   0x32, 0xB0, 0x54, 0x10, 0xB1, 0xA7, 0x01, 0x2B, 0xB0, 0xAF, 
   0xCD, 0xB1, 0xB6, 0x01, 0x2B, 0xB1, 0x33, 0x2B, 0x11, 0x12, 
   0xB0, 0x39, 0x39, 0xB0, 0x4A, 0x11, 0xB1, 0x3D, 0x45, 0x39, 
   0x39, 0xB0, 0x69, 0x12, 0xB1, 0x08, 0x42, 0x39, 0x39, 0xB0, 
   0x6F, 0x11, 0xB2, 0x17, 0x16, 0x24, 0x39, 0x39, 0x39, 0xB0, 
   0x77, 0x12, 0xB4, 0x58, 0x5C, 0x4F, 0x60, 0x66, 0x24, 0x17, 
   0x39, 0xB0, 0x63, 0x11, 0xB0, 0x61, 0x39, 0xB1, 0xA7, 0x54, 
   0x11, 0x12, 0xB2, 0x8C, 0x9C, 0xA4, 0x39, 0x39, 0x39, 0x00, 
   0xB1, 0x20, 0x1A, 0x11, 0x12, 0xB1, 0x91, 0x93, 0x39, 0x39, 
   0xB1, 0x28, 0x73, 0x11, 0x12, 0xB2, 0x24, 0x1D, 0x90, 0x39, 
   0x39, 0x39, 0xB0, 0x59, 0x11, 0xB0, 0x88, 0x39, 0xB0, 0x04, 
   0x12, 0xB0, 0x8C, 0x39, 0xB1, 0x0C, 0x5F, 0x11, 0x12, 0xB1, 
   0x08, 0x00, 0x39, 0x39, 0xB1, 0x2F, 0x36, 0x11, 0x12, 0xB2, 
   0x54, 0x63, 0x69, 0x39, 0x39, 0x39, 0xB1, 0x4F, 0x66, 0x11, 
   0x12, 0xB1, 0x45, 0xA4, 0x39, 0x39, 0xB0, 0x86, 0x11, 0xB3, 
   0x39, 0x42, 0x97, 0x9F, 0x24, 0x17, 0x39, 0xB0, 0x80, 0x12, 
   0xB1, 0x3D, 0x9C, 0x39, 0x39, 0x30, 0x31, 0x13, 0x14, 0x17, 
   0x16, 0x33, 0x21, 0x32, 0x36, 0x35, 0x34, 0x26, 0x23, 0x21, 
   0x22, 0x06, 0x13, 0x14, 0x17, 0x16, 0x33, 0x21, 0x32, 0x36, 
   0x34, 0x26, 0x23, 0x21, 0x22, 0x06, 0x13, 0x14, 0x16, 0x33, 
   0x21, 0x32, 0x36, 0x35, 0x34, 0x26, 0x23, 0x21, 0x22, 0x06, 
   0x01, 0x34, 0x37, 0x36, 0x3B, 0x01, 0x32, 0x16, 0x14, 0x06, 
   0x2B, 0x01, 0x22, 0x26, 0x01, 0x34, 0x37, 0x36, 0x33, 0x32, 
   0x1F, 0x01, 0x16, 0x15, 0x14, 0x06, 0x23, 0x22, 0x2F, 0x01, 
   0x26, 0x01, 0x35, 0x3E, 0x02, 0x33, 0x32, 0x1E, 0x02, 0x15, 
   0x14, 0x0E, 0x01, 0x07, 0x23, 0x22, 0x26, 0x3D, 0x01, 0x34, 
   0x3B, 0x01, 0x3E, 0x01, 0x35, 0x34, 0x26, 0x23, 0x22, 0x06, 
   0x07, 0x14, 0x06, 0x2B, 0x01, 0x22, 0x01, 0x35, 0x34, 0x36, 
   0x33, 0x32, 0x16, 0x1D, 0x01, 0x14, 0x06, 0x22, 0x26, 0x11, 
   0x35, 0x34, 0x36, 0x32, 0x16, 0x1D, 0x01, 0x14, 0x06, 0x22, 
   0x26, 0x01, 0x34, 0x37, 0x36, 0x33, 0x32, 0x1F, 0x01, 0x16, 
   0x14, 0x07, 0x06, 0x2F, 0x01, 0x26, 0x11, 0x34, 0x3F, 0x01, 
   0x36, 0x33, 0x32, 0x16, 0x15, 0x14, 0x0F, 0x01, 0x06, 0x23, 
   0x22, 0x26, 0x13, 0x34, 0x37, 0x36, 0x3B, 0x01, 0x32, 0x16, 
   0x14, 0x06, 0x2B, 0x01, 0x22, 0x26, 0x01, 0x1C, 0x19, 0x27, 
   0x03, 0xED, 0x25, 0x33, 0x32, 0x26, 0xFC, 0x13, 0x26, 0x36, 
   0x24, 0x1B, 0x1A, 0x26, 0x03, 0xEE, 0x26, 0x36, 0x36, 0x26, 
   0xFC, 0x12, 0x26, 0x35, 0x92, 0x36, 0x28, 0x03, 0xEB, 0x26, 
   0x32, 0x32, 0x26, 0xFC, 0x15, 0x28, 0x36, 0x01, 0x03, 0x1C, 
   0x1C, 0x24, 0xD9, 0x25, 0x32, 0x32, 0x25, 0xD9, 0x26, 0x36, 
   0x01, 0x31, 0x1A, 0x1F, 0x24, 0x23, 0x1C, 0x98, 0x1A, 0x33, 
   0x26, 0x27, 0x18, 0x9C, 0x1A, 0x01, 0x10, 0x03, 0x98, 0xFE, 
   0x93, 0x70, 0xCE, 0x95, 0x58, 0x94, 0xFE, 0x96, 0x15, 0x0B, 
   0x10, 0x17, 0x1A, 0x9A, 0xDB, 0xDD, 0x9C, 0x97, 0xDA, 0x06, 
   0x10, 0x13, 0x7A, 0x18, 0x01, 0xD2, 0x34, 0x26, 0x27, 0x34, 
   0x35, 0x4C, 0x34, 0x35, 0x4A, 0x36, 0x35, 0x4C, 0x34, 0x02, 
   0x4C, 0x18, 0x18, 0x25, 0x27, 0x19, 0x9B, 0x1A, 0x1A, 0x40, 
   0x40, 0x98, 0x18, 0x18, 0x98, 0x1C, 0x23, 0x26, 0x35, 0x1A, 
   0x9B, 0x1D, 0x23, 0x24, 0x31, 0xF1, 0x1B, 0x1A, 0x22, 0xD8, 
   0x25, 0x38, 0x38, 0x25, 0xD8, 0x25, 0x32, 0x02, 0xEB, 0x26, 
   0x1A, 0x1B, 0x35, 0x26, 0x25, 0x33, 0x33, 0xFD, 0x4B, 0x27, 
   0x19, 0x1B, 0x36, 0x4A, 0x33, 0x33, 0x01, 0x26, 0x26, 0x32, 
   0x32, 0x26, 0x28, 0x33, 0x34, 0x02, 0x7E, 0x26, 0x1C, 0x1A, 
   0x36, 0x4C, 0x35, 0x36, 0x03, 0x07, 0x24, 0x1D, 0x1A, 0x1A, 
   0x9D, 0x18, 0x27, 0x26, 0x33, 0x1A, 0x98, 0x1C, 0xFD, 0x51, 
   0x07, 0x92, 0xF7, 0x8F, 0x59, 0x95, 0xCE, 0x70, 0x96, 0xFF, 
   0x95, 0x01, 0x10, 0x0B, 0x82, 0x15, 0x01, 0xDD, 0x9B, 0x9A, 
   0xDA, 0xD0, 0x95, 0x09, 0x13, 0xFB, 0xFC, 0xD4, 0x26, 0x34, 
   0x34, 0x26, 0xD4, 0x27, 0x36, 0x35, 0x07, 0x71, 0xDA, 0x26, 
   0x35, 0x36, 0x25, 0xDA, 0x25, 0x31, 0x31, 0xFA, 0xA7, 0x25, 
   0x17, 0x19, 0x19, 0x98, 0x1C, 0x4A, 0x1A, 0x32, 0x32, 0x98, 
   0x1B, 0x04, 0xB6, 0x28, 0x17, 0x9D, 0x1A, 0x36, 0x25, 0x28, 
   0x1A, 0x98, 0x1A, 0x33, 0xFD, 0xDF, 0x25, 0x1D, 0x1A, 0x37, 
   0x4A, 0x36, 0x35, 0x00, 0x00, 0x03, 0x00, 0x00, 0x00, 0x00, 
   0x08, 0x47, 0x07, 0x8D, 0x00, 0x69, 0x00, 0xA3, 0x00, 0xA8, 
   0x00, 0xAA, 0x00, 0xB2, 0x67, 0x00, 0x00, 0x2B, 0xB0, 0x03, 
   0xCD, 0xB2, 0x2A, 0x5F, 0xA4, 0x32, 0x32, 0x32, 0xB2, 0x67, 
   0x00, 0x00, 0x2B, 0xB0, 0x6E, 0xCD, 0xB0, 0x9C, 0x2F, 0xB0, 
   0x10, 0xCD, 0x01, 0xB0, 0xA9, 0x2F, 0xB0, 0x08, 0xD6, 0xB0, 
   0x6A, 0xCD, 0xB2, 0x08, 0x6A, 0x0A, 0x2B, 0xB3, 0x40, 0x08, 
   0x00, 0x09, 0x2B, 0xB3, 0x04, 0x6A, 0x08, 0x08, 0x2B, 0xB0, 
   0x6E, 0xCD, 0xB0, 0x6A, 0x10, 0xB1, 0x6F, 0x01, 0x2B, 0xB0, 
   0x2A, 0xCD, 0xB0, 0x2A, 0x10, 0xB1, 0x2B, 0x01, 0x2B, 0xB0, 
   0xA4, 0xCD, 0xB0, 0xA4, 0x10, 0xB1, 0xA5, 0x01, 0x2B, 0xB0, 
   0x5F, 0xCD, 0xB1, 0xAA, 0x01, 0x2B, 0xB1, 0x2A, 0x6F, 0x11, 
   0x12, 0xB2, 0x70, 0x84, 0x8A, 0x39, 0x39, 0x39, 0xB0, 0x2B, 
   0x11, 0xB1, 0x31, 0x33, 0x39, 0x39, 0xB0, 0xA4, 0x12, 0xB2, 
   0x10, 0x79, 0x9C, 0x39, 0x39, 0x39, 0xB0, 0xA5, 0x11, 0x40, 
   0x09, 0x19, 0x21, 0x35, 0x53, 0x77, 0x23, 0x94, 0x98, 0x7E, 
   0x24, 0x17, 0x39, 0xB0, 0x5F, 0x12, 0xB0, 0x1B, 0x39, 0x00, 
   0xB1, 0x9C, 0x6E, 0x11, 0x12, 0x40, 0x0A, 0x15, 0x08, 0x23, 
   0x2E, 0x3C, 0x5E, 0x2C, 0xA6, 0xA7, 0xA8, 0x24, 0x17, 0x39, 
   0x30, 0x31, 0x35, 0x34, 0x36, 0x3B, 0x01, 0x26, 0x27, 0x26, 
   0x35, 0x10, 0x37, 0x36, 0x37, 0x36, 0x37, 0x36, 0x21, 0x32, 
   0x17, 0x16, 0x1F, 0x01, 0x07, 0x06, 0x07, 0x06, 0x1F, 0x01, 
   0x07, 0x06, 0x07, 0x06, 0x07, 0x06, 0x1F, 0x01, 0x07, 0x06, 
   0x04, 0x07, 0x06, 0x02, 0x07, 0x21, 0x11, 0x07, 0x06, 0x26, 
   0x27, 0x26, 0x36, 0x37, 0x25, 0x37, 0x32, 0x35, 0x33, 0x32, 
   0x37, 0x36, 0x37, 0x3B, 0x01, 0x16, 0x3B, 0x05, 0x14, 0x3B, 
   0x02, 0x17, 0x3B, 0x01, 0x16, 0x15, 0x33, 0x32, 0x15, 0x32, 
   0x15, 0x32, 0x1F, 0x01, 0x05, 0x1E, 0x01, 0x07, 0x0E, 0x01, 
   0x2F, 0x01, 0x11, 0x33, 0x32, 0x16, 0x15, 0x16, 0x06, 0x23, 
   0x21, 0x22, 0x26, 0x13, 0x14, 0x17, 0x16, 0x17, 0x21, 0x36, 
   0x37, 0x36, 0x37, 0x36, 0x37, 0x36, 0x37, 0x27, 0x26, 0x37, 
   0x36, 0x37, 0x36, 0x37, 0x26, 0x07, 0x06, 0x07, 0x06, 0x07, 
   0x06, 0x23, 0x22, 0x27, 0x2E, 0x01, 0x37, 0x36, 0x37, 0x36, 
   0x37, 0x36, 0x1E, 0x01, 0x1F, 0x01, 0x36, 0x37, 0x36, 0x37, 
   0x26, 0x27, 0x26, 0x23, 0x22, 0x07, 0x06, 0x07, 0x06, 0x07, 
   0x06, 0x01, 0x21, 0x11, 0x27, 0x07, 0x25, 0x19, 0x2B, 0x22, 
   0x16, 0x22, 0x61, 0x62, 0xB1, 0xB3, 0xED, 0xF1, 0x01, 0x1B, 
   0xAA, 0x96, 0x97, 0x8C, 0xB5, 0xC8, 0x5D, 0x23, 0x19, 0x1C, 
   0x2C, 0x6D, 0x45, 0x39, 0x34, 0x0A, 0x11, 0x37, 0x56, 0x86, 
   0xF8, 0xFE, 0xC3, 0x5C, 0x5A, 0x57, 0x04, 0x02, 0x31, 0x29, 
   0x16, 0x35, 0x0D, 0x0E, 0x0B, 0x17, 0x01, 0x97, 0x02, 0x01, 
   0x02, 0x02, 0x01, 0x0B, 0x0D, 0x03, 0x03, 0x02, 0x01, 0x01, 
   0x01, 0x03, 0x01, 0x01, 0x02, 0x01, 0x02, 0x02, 0x01, 0x01, 
   0x02, 0x02, 0x01, 0x03, 0x01, 0x02, 0x02, 0x01, 0x97, 0x17, 
   0x0B, 0x0E, 0x0D, 0x35, 0x16, 0x21, 0x66, 0x19, 0x23, 0x01, 
   0x24, 0x19, 0xF8, 0x50, 0x1A, 0x24, 0xA5, 0x20, 0x18, 0x22, 
   0x01, 0x1F, 0x08, 0x28, 0x38, 0x73, 0x75, 0xBF, 0x83, 0xC9, 
   0x09, 0x10, 0x1A, 0x24, 0x65, 0x0B, 0x09, 0x8A, 0x8B, 0x9F, 
   0x8A, 0xB1, 0x90, 0x10, 0x19, 0x13, 0x0E, 0x10, 0x05, 0x0E, 
   0xA0, 0xC4, 0x9D, 0xB2, 0x5B, 0xAE, 0x46, 0x0D, 0x09, 0x08, 
   0x12, 0x19, 0x2B, 0x30, 0x3F, 0x80, 0x9F, 0xFC, 0xDB, 0xD6, 
   0x97, 0x9D, 0x51, 0x58, 0x04, 0xC3, 0x01, 0x9E, 0xD3, 0xCB, 
   0x41, 0x1A, 0x26, 0x69, 0x74, 0xB0, 0x8F, 0x01, 0x12, 0xEF, 
   0xEA, 0xA7, 0xAA, 0x58, 0x5C, 0x1E, 0x23, 0x4B, 0x61, 0x2A, 
   0x15, 0x3E, 0x34, 0x42, 0x65, 0x05, 0x05, 0x18, 0x19, 0x1C, 
   0x24, 0x47, 0x66, 0x13, 0x25, 0x83, 0x68, 0x64, 0xFE, 0xCE, 
   0xE6, 0x01, 0x29, 0x19, 0x0E, 0x0D, 0x17, 0x16, 0x35, 0x0E, 
   0xFE, 0x02, 0x01, 0x01, 0x04, 0x03, 0x02, 0x01, 0x01, 0x01, 
   0x02, 0x01, 0x01, 0x01, 0x01, 0xFB, 0x0E, 0x36, 0x16, 0x16, 
   0x0C, 0x0E, 0x14, 0xFE, 0xD8, 0x26, 0x1A, 0x1B, 0x26, 0x25, 
   0x02, 0x78, 0x72, 0xB1, 0x82, 0x60, 0xE8, 0x97, 0xCC, 0x7E, 
   0x83, 0x4E, 0x37, 0x26, 0x1B, 0x49, 0x3A, 0x52, 0x2F, 0x05, 
   0x03, 0x20, 0x11, 0x14, 0x47, 0x5D, 0xAB, 0x13, 0x0B, 0x0E, 
   0x2D, 0x11, 0xBE, 0x65, 0x4F, 0x16, 0x0C, 0x14, 0x10, 0x05, 
   0x03, 0x31, 0x29, 0x2F, 0x26, 0x0F, 0x0F, 0x1C, 0x52, 0x52, 
   0x92, 0x92, 0xCA, 0xD7, 0xFC, 0xF3, 0x01, 0x78, 0x81, 0x7F, 
   0x00, 0x01, 0x00, 0x00, 0xFF, 0x30, 0x08, 0x20, 0x07, 0x1B, 
   0x00, 0x45, 0x01, 0x19, 0x00, 0xB0, 0x03, 0x2F, 0xB0, 0x20, 
   0x33, 0xB0, 0x44, 0xCD, 0xB1, 0x26, 0x43, 0x32, 0x32, 0x01, 
   0xB0, 0x46, 0x2F, 0xB1, 0x47, 0x01, 0x2B, 0xB0, 0x36, 0x1A, 
   0xBA, 0x3F, 0x16, 0xF5, 0x39, 0x00, 0x15, 0x2B, 0x0A, 0xB0, 
   0x43, 0x2E, 0x0E, 0xB0, 0x42, 0xC0, 0xB1, 0x07, 0x0B, 0xF9, 
   0xB0, 0x08, 0xC0, 0xBA, 0xC0, 0x7B, 0xF8, 0x2F, 0x00, 0x15, 
   0x2B, 0x0A, 0xB1, 0x07, 0x08, 0x08, 0xB0, 0x08, 0x10, 0x0E, 
   0xB0, 0x09, 0xC0, 0xB1, 0x3C, 0x0C, 0xF9, 0xB0, 0x3B, 0xC0, 
   0xBA, 0x3F, 0x7A, 0xF7, 0xD2, 0x00, 0x15, 0x2B, 0x0A, 0xB1, 
   0x3C, 0x3B, 0x08, 0xB0, 0x3B, 0x10, 0x0E, 0xB0, 0x3A, 0xC0, 
   0xB1, 0x0F, 0x0B, 0xF9, 0xB0, 0x10, 0xC0, 0xBA, 0x3E, 0x78, 
   0xF2, 0x17, 0x00, 0x15, 0x2B, 0x0A, 0x0E, 0xB0, 0x33, 0x10, 
   0xB0, 0x32, 0xC0, 0xB1, 0x18, 0x0B, 0xF9, 0xB0, 0x19, 0xC0, 
   0xBA, 0xC0, 0x18, 0xFC, 0x8C, 0x00, 0x15, 0x2B, 0x0A, 0xB1, 
   0x33, 0x32, 0x08, 0xB0, 0x32, 0x10, 0x0E, 0xB0, 0x1A, 0xC0, 
   0xB1, 0x2C, 0x0B, 0xF9, 0xB0, 0x1F, 0xC0, 0xB1, 0x18, 0x19, 
   0x08, 0xB0, 0x32, 0x10, 0xB3, 0x19, 0x32, 0x1A, 0x13, 0x2B, 
   0xBA, 0xC0, 0x16, 0xFC, 0xAC, 0x00, 0x15, 0x2B, 0x0B, 0xB0, 
   0x2C, 0x10, 0xB3, 0x2B, 0x2C, 0x1F, 0x13, 0x2B, 0xB2, 0x2B, 
   0x2C, 0x1F, 0x20, 0x8A, 0x20, 0x8A, 0x23, 0x06, 0x0E, 0x11, 
   0x12, 0x39, 0x00, 0x40, 0x11, 0x07, 0x08, 0x09, 0x0F, 0x10, 
   0x18, 0x19, 0x1A, 0x1F, 0x2B, 0x2C, 0x32, 0x33, 0x3A, 0x3B, 
   0x3C, 0x42, 0x2E, 0x2E, 0x2E, 0x2E, 0x2E, 0x2E, 0x2E, 0x2E, 
   0x2E, 0x2E, 0x2E, 0x2E, 0x2E, 0x2E, 0x2E, 0x2E, 0x2E, 0x01, 
   0x40, 0x12, 0x07, 0x08, 0x09, 0x0F, 0x10, 0x18, 0x19, 0x1A, 
   0x1F, 0x2B, 0x2C, 0x32, 0x33, 0x3A, 0x3B, 0x3C, 0x42, 0x43, 
   0x2E, 0x2E, 0x2E, 0x2E, 0x2E, 0x2E, 0x2E, 0x2E, 0x2E, 0x2E, 
   0x2E, 0x2E, 0x2E, 0x2E, 0x2E, 0x2E, 0x2E, 0x2E, 0xB0, 0x40, 
   0x1A, 0x01, 0x00, 0x30, 0x31, 0x10, 0x14, 0x16, 0x33, 0x21, 
   0x32, 0x36, 0x37, 0x1B, 0x01, 0x1E, 0x01, 0x33, 0x32, 0x36, 
   0x37, 0x1B, 0x01, 0x1E, 0x01, 0x3B, 0x01, 0x3E, 0x01, 0x37, 
   0x1B, 0x01, 0x1E, 0x02, 0x36, 0x37, 0x13, 0x21, 0x32, 0x36, 
   0x34, 0x26, 0x23, 0x21, 0x22, 0x06, 0x07, 0x0B, 0x01, 0x2E, 
   0x01, 0x27, 0x26, 0x06, 0x07, 0x0B, 0x01, 0x2E, 0x01, 0x07, 
   0x0E, 0x01, 0x07, 0x0B, 0x01, 0x2E, 0x01, 0x27, 0x26, 0x06, 
   0x07, 0x03, 0x21, 0x22, 0x24, 0x19, 0x01, 0x3E, 0x17, 0x22, 
   0x04, 0x60, 0xAD, 0x04, 0x21, 0x16, 0x18, 0x22, 0x04, 0x85, 
   0x6F, 0x06, 0x1F, 0x13, 0x05, 0x13, 0x1F, 0x05, 0xA3, 0x4C, 
   0x01, 0x1E, 0x2E, 0x24, 0x05, 0xB0, 0x01, 0x28, 0x19, 0x24, 
   0x24, 0x19, 0xFE, 0xA8, 0x15, 0x21, 0x05, 0x59, 0x4D, 0x01, 
   0x20, 0x16, 0x17, 0x25, 0x05, 0xD5, 0x7C, 0x07, 0x25, 0x14, 
   0x15, 0x1D, 0x04, 0x69, 0xA3, 0x04, 0x20, 0x16, 0x17, 0x23, 
   0x04, 0x9E, 0xFE, 0xF4, 0x19, 0x02, 0xD4, 0x32, 0x23, 0x1C, 
   0x16, 0x02, 0x32, 0xFA, 0x82, 0x17, 0x1E, 0x1E, 0x17, 0x04, 
   0x08, 0xFE, 0xD5, 0x12, 0x16, 0x01, 0x1A, 0x14, 0x02, 0xDC, 
   0xFA, 0x82, 0x17, 0x21, 0x04, 0x1A, 0x16, 0x02, 0xE4, 0x23, 
   0x32, 0x24, 0x1A, 0x14, 0xFE, 0x86, 0x05, 0x92, 0x17, 0x21, 
   0x01, 0x02, 0x1B, 0x17, 0xFC, 0x43, 0x01, 0x51, 0x13, 0x16, 
   0x02, 0x02, 0x1E, 0x15, 0xFC, 0xDF, 0x05, 0x3B, 0x17, 0x1D, 
   0x01, 0x01, 0x1C, 0x17, 0xFC, 0x6A, 0x00, 0x00, 0x00, 0x02, 
   0x00, 0x01, 0xFF, 0x8D, 0x06, 0x5B, 0x06, 0xCE, 0x00, 0x13, 
   0x00, 0x78, 0x00, 0x22, 0x00, 0xB0, 0x11, 0x2F, 0xB0, 0x03, 
   0xCD, 0xB0, 0x70, 0x2F, 0xB0, 0x23, 0xCD, 0x01, 0xB0, 0x79, 
   0x2F, 0xB1, 0x7A, 0x01, 0x2B, 0x00, 0xB1, 0x23, 0x70, 0x11, 
   0x12, 0xB1, 0x58, 0x72, 0x39, 0x39, 0x30, 0x31, 0x37, 0x34, 
   0x36, 0x33, 0x35, 0x05, 0x36, 0x33, 0x1E, 0x01, 0x07, 0x14, 
   0x06, 0x23, 0x15, 0x25, 0x06, 0x23, 0x2E, 0x01, 0x13, 0x26, 
   0x37, 0x36, 0x37, 0x36, 0x37, 0x1E, 0x01, 0x15, 0x16, 0x17, 
   0x16, 0x17, 0x16, 0x17, 0x32, 0x16, 0x33, 0x26, 0x27, 0x26, 
   0x27, 0x26, 0x37, 0x36, 0x37, 0x36, 0x37, 0x36, 0x37, 0x36, 
   0x37, 0x36, 0x37, 0x14, 0x06, 0x14, 0x15, 0x06, 0x07, 0x06, 
   0x17, 0x16, 0x17, 0x1E, 0x01, 0x1F, 0x01, 0x36, 0x37, 0x36, 
   0x27, 0x34, 0x37, 0x16, 0x17, 0x16, 0x17, 0x16, 0x17, 0x16, 
   0x17, 0x16, 0x07, 0x06, 0x07, 0x06, 0x07, 0x36, 0x37, 0x36, 
   0x37, 0x36, 0x37, 0x34, 0x37, 0x1E, 0x01, 0x17, 0x16, 0x17, 
   0x16, 0x07, 0x06, 0x07, 0x06, 0x07, 0x06, 0x07, 0x06, 0x07, 
   0x21, 0x2E, 0x01, 0x27, 0x26, 0x27, 0x26, 0x27, 0x26, 0x01, 
   0x3E, 0x2C, 0x05, 0x7C, 0x0A, 0x01, 0x2C, 0x3E, 0x01, 0x3E, 
   0x2C, 0xFA, 0x91, 0x10, 0x08, 0x2C, 0x3E, 0x59, 0x02, 0x13, 
   0x09, 0x26, 0x04, 0x0A, 0x02, 0x04, 0x11, 0x23, 0x21, 0x36, 
   0x2A, 0x4B, 0x03, 0x0B, 0x03, 0x35, 0x1F, 0x30, 0x0D, 0x0A, 
   0x14, 0x04, 0x1B, 0x18, 0x2C, 0x34, 0x61, 0x3B, 0x6B, 0x0B, 
   0x1A, 0x01, 0x27, 0x0D, 0x0A, 0x24, 0x1B, 0x47, 0x0F, 0x61, 
   0x1A, 0x1B, 0x2A, 0x05, 0x07, 0x16, 0x01, 0x04, 0x1C, 0x59, 
   0x30, 0x4D, 0x24, 0x1E, 0x0A, 0x09, 0x01, 0x02, 0x19, 0x0B, 
   0x09, 0x28, 0x1D, 0x28, 0x18, 0x1A, 0x0F, 0x03, 0x01, 0x08, 
   0x01, 0x14, 0x09, 0x0C, 0x04, 0x03, 0x0E, 0x0D, 0x0B, 0x1E, 
   0x24, 0x0A, 0x05, 0xFB, 0x6D, 0x02, 0x0A, 0x03, 0x2B, 0x2D, 
   0x0D, 0x12, 0x13, 0x02, 0x30, 0x43, 0x02, 0x04, 0x02, 0x01, 
   0x44, 0x30, 0x30, 0x42, 0x01, 0x03, 0x02, 0x01, 0x43, 0x02, 
   0x77, 0x44, 0x5E, 0x30, 0x62, 0x08, 0x16, 0x03, 0x04, 0x01, 
   0x47, 0x39, 0x34, 0x16, 0x11, 0x02, 0x01, 0x35, 0x36, 0x53, 
   0x6E, 0x56, 0x7B, 0x18, 0x54, 0x4B, 0x3E, 0x4E, 0x53, 0x32, 
   0x40, 0x07, 0x0D, 0x03, 0x05, 0x03, 0x01, 0x5C, 0x5D, 0x54, 
   0x4A, 0x3A, 0x41, 0x0F, 0x5D, 0x1A, 0x1B, 0x3D, 0x53, 0x58, 
   0x68, 0x01, 0x0B, 0x03, 0x17, 0x50, 0x3F, 0x64, 0x56, 0x49, 
   0x4C, 0x44, 0x2C, 0x7D, 0x54, 0x22, 0x15, 0x0B, 0x11, 0x19, 
   0x2D, 0x2E, 0x3B, 0x02, 0x03, 0x03, 0x0D, 0x04, 0x32, 0x35, 
   0x3C, 0x3D, 0x2E, 0x28, 0x26, 0x18, 0x3D, 0x2B, 0x0C, 0x05, 
   0x02, 0x08, 0x03, 0x29, 0x50, 0x18, 0x32, 0x32, 0x00, 0x03, 
   0x00, 0x0B, 0xFF, 0x79, 0x06, 0x5F, 0x07, 0x7F, 0x00, 0x20, 
   0x00, 0x4C, 0x00, 0x68, 0x00, 0x38, 0x00, 0x01, 0xB0, 0x69, 
   0x2F, 0xB0, 0x3E, 0xD6, 0xB0, 0x38, 0xCD, 0xB2, 0x38, 0x3E, 
   0x0A, 0x2B, 0xB3, 0x40, 0x38, 0x2E, 0x09, 0x2B, 0xB2, 0x3E, 
   0x38, 0x0A, 0x2B, 0xB3, 0x40, 0x3E, 0x21, 0x09, 0x2B, 0xB1, 
   0x6A, 0x01, 0x2B, 0xB1, 0x38, 0x3E, 0x11, 0x12, 0xB6, 0x15, 
   0x17, 0x36, 0x0F, 0x4D, 0x4E, 0x52, 0x24, 0x17, 0x39, 0x00, 
   0x30, 0x31, 0x17, 0x26, 0x37, 0x13, 0x36, 0x37, 0x36, 0x37, 
   0x36, 0x37, 0x36, 0x37, 0x13, 0x36, 0x3B, 0x01, 0x0E, 0x02, 
   0x14, 0x16, 0x17, 0x1E, 0x01, 0x0E, 0x04, 0x07, 0x21, 0x22, 
   0x26, 0x01, 0x34, 0x36, 0x37, 0x3E, 0x01, 0x33, 0x32, 0x16, 
   0x17, 0x33, 0x32, 0x16, 0x15, 0x14, 0x07, 0x14, 0x06, 0x07, 
   0x0E, 0x01, 0x07, 0x16, 0x15, 0x14, 0x06, 0x23, 0x22, 0x26, 
   0x35, 0x34, 0x36, 0x35, 0x23, 0x22, 0x26, 0x35, 0x34, 0x37, 
   0x26, 0x27, 0x23, 0x2E, 0x01, 0x00, 0x26, 0x3E, 0x02, 0x37, 
   0x33, 0x32, 0x1F, 0x01, 0x13, 0x01, 0x17, 0x16, 0x07, 0x06, 
   0x23, 0x21, 0x3E, 0x04, 0x2E, 0x04, 0x0B, 0x14, 0x1E, 0x95, 
   0x02, 0x0A, 0x07, 0x22, 0x03, 0x46, 0x4C, 0x67, 0xC0, 0x1B, 
   0x32, 0x4B, 0x1A, 0x2C, 0x26, 0x3C, 0x40, 0x2C, 0x12, 0x28, 
   0x56, 0x66, 0x7E, 0x63, 0x32, 0xFE, 0xD3, 0x1A, 0x2E, 0x01, 
   0x1C, 0x61, 0x4B, 0x12, 0x92, 0x5D, 0x5A, 0x8C, 0x16, 0x0F, 
   0x5C, 0x88, 0x45, 0x4D, 0x2D, 0x0A, 0x48, 0x33, 0x18, 0x38, 
   0x28, 0x27, 0x38, 0x05, 0x05, 0x2E, 0x44, 0x13, 0x26, 0x17, 
   0x43, 0x57, 0x7B, 0x01, 0xED, 0x01, 0x11, 0x11, 0x1C, 0x06, 
   0x28, 0x2C, 0x1A, 0x07, 0x8C, 0x01, 0xF0, 0x04, 0x22, 0x19, 
   0x18, 0x38, 0xFD, 0xA8, 0x1C, 0x25, 0x3C, 0x1E, 0x14, 0x12, 
   0x3E, 0x6E, 0x4D, 0x2B, 0x51, 0x2C, 0x2A, 0x01, 0x1D, 0x06, 
   0x0A, 0x07, 0x18, 0x02, 0x33, 0x34, 0x4B, 0x01, 0x3E, 0x2C, 
   0x1E, 0x44, 0x72, 0x73, 0x97, 0x49, 0x32, 0x62, 0x50, 0x4D, 
   0x39, 0x36, 0x21, 0x0E, 0x1D, 0x06, 0x4B, 0x4A, 0x75, 0x12, 
   0x59, 0x74, 0x6F, 0x59, 0x73, 0x51, 0x59, 0x3F, 0x2C, 0x6F, 
   0x0A, 0x31, 0x45, 0x0B, 0x1A, 0x20, 0x28, 0x36, 0x37, 0x27, 
   0x05, 0x14, 0x04, 0x44, 0x2E, 0x13, 0x26, 0x14, 0x2F, 0x08, 
   0x7B, 0xFD, 0x05, 0x34, 0x3F, 0x26, 0x39, 0x0F, 0x22, 0x0B, 
   0xFE, 0xF7, 0xFD, 0xD2, 0x03, 0x2B, 0x33, 0x31, 0x19, 0x22, 
   0x47, 0x3C, 0x57, 0x51, 0x62, 0x60, 0x5B, 0x48, 0x00, 0x02, 
   0x00, 0x07, 0x00, 0x00, 0x06, 0x13, 0x05, 0xF3, 0x00, 0x20, 
   0x00, 0x3B, 0x00, 0x32, 0x00, 0xB2, 0x39, 0x00, 0x00, 0x2B, 
   0xB0, 0x31, 0x33, 0xB0, 0x25, 0xCD, 0xB0, 0x2A, 0x32, 0x01, 
   0xB0, 0x3C, 0x2F, 0xB0, 0x00, 0xD6, 0xB0, 0x1C, 0xCD, 0xB1, 
   0x3D, 0x01, 0x2B, 0xB1, 0x1C, 0x00, 0x11, 0x12, 0xB1, 0x1F, 
   0x21, 0x39, 0x39, 0x00, 0xB1, 0x25, 0x39, 0x11, 0x12, 0xB0, 
   0x34, 0x39, 0x30, 0x31, 0x13, 0x34, 0x12, 0x36, 0x24, 0x3B, 
   0x01, 0x16, 0x15, 0x17, 0x16, 0x00, 0x1F, 0x01, 0x32, 0x1D, 
   0x01, 0x16, 0x07, 0x23, 0x36, 0x37, 0x24, 0x00, 0x27, 0x06, 
   0x04, 0x02, 0x15, 0x14, 0x17, 0x23, 0x26, 0x13, 0x34, 0x37, 
   0x36, 0x33, 0x21, 0x01, 0x36, 0x17, 0x01, 0x21, 0x32, 0x16, 
   0x15, 0x14, 0x06, 0x23, 0x21, 0x22, 0x27, 0x25, 0x07, 0x06, 
   0x23, 0x21, 0x22, 0x26, 0x07, 0x7B, 0xD0, 0x01, 0x20, 0x9E, 
   0x7D, 0x1A, 0x04, 0x06, 0x01, 0x21, 0xCD, 0x5B, 0x19, 0x01, 
   0x3F, 0xDB, 0x51, 0x16, 0xFE, 0xF4, 0xFE, 0xBD, 0x19, 0x9B, 
   0xFE, 0xFF, 0x8D, 0x59, 0xE2, 0x40, 0x1E, 0x1E, 0x1C, 0x2E, 
   0x01, 0x19, 0x01, 0x4B, 0x10, 0x15, 0x01, 0x51, 0x01, 0x27, 
   0x2B, 0x3D, 0x3D, 0x2B, 0xFE, 0x97, 0x10, 0x0F, 0xFE, 0xFF, 
   0xFF, 0x0D, 0x11, 0xFE, 0xA5, 0x2B, 0x3D, 0x02, 0xEA, 0x9D, 
   0x01, 0x1F, 0xD1, 0x7C, 0x07, 0x17, 0x60, 0xD0, 0xFE, 0xD9, 
   0x08, 0x07, 0x19, 0x6C, 0xA4, 0x93, 0x77, 0x97, 0x38, 0x01, 
   0x5C, 0xEB, 0x08, 0xAF, 0xFE, 0xF4, 0x93, 0xAB, 0x8C, 0x94, 
   0xFE, 0x22, 0x2E, 0x1B, 0x1C, 0x01, 0x38, 0x0D, 0x0D, 0xFE, 
   0xC8, 0x3B, 0x2A, 0x2B, 0x3E, 0x08, 0xF2, 0xF2, 0x08, 0x3E, 
   0x00, 0x00, 0x00, 0x02, 0x00, 0x00, 0xFE, 0xD0, 0x06, 0x0D, 
   0x05, 0xF3, 0x00, 0x22, 0x00, 0x3C, 0x00, 0x2F, 0x00, 0xB2, 
   0x3A, 0x00, 0x00, 0x2B, 0xB0, 0x34, 0x33, 0xB0, 0x27, 0xCD, 
   0xB0, 0x2E, 0x32, 0xB2, 0x2B, 0x00, 0x00, 0x2B, 0x01, 0xB0, 
   0x3D, 0x2F, 0xB0, 0x00, 0xD6, 0xB0, 0x1E, 0xCD, 0xB1, 0x3E, 
   0x01, 0x2B, 0xB1, 0x1E, 0x00, 0x11, 0x12, 0xB1, 0x21, 0x23, 
   0x39, 0x39, 0x00, 0x30, 0x31, 0x11, 0x34, 0x12, 0x36, 0x24, 
   0x3B, 0x01, 0x16, 0x15, 0x17, 0x1E, 0x03, 0x1F, 0x01, 0x32, 
   0x1D, 0x01, 0x16, 0x07, 0x23, 0x36, 0x37, 0x24, 0x00, 0x27, 
   0x06, 0x04, 0x02, 0x15, 0x14, 0x17, 0x23, 0x26, 0x13, 0x34, 
   0x37, 0x36, 0x33, 0x21, 0x32, 0x1F, 0x01, 0x25, 0x36, 0x33, 
   0x21, 0x32, 0x16, 0x14, 0x06, 0x23, 0x21, 0x01, 0x06, 0x27, 
   0x01, 0x21, 0x22, 0x26, 0x7B, 0xD0, 0x01, 0x20, 0x9E, 0x7D, 
   0x1A, 0x05, 0x03, 0x50, 0x85, 0xB6, 0x65, 0x5B, 0x1A, 0x01, 
   0x40, 0xDB, 0x51, 0x16, 0xFE, 0xF4, 0xFE, 0xBD, 0x19, 0x9B, 
   0xFE, 0xFF, 0x8D, 0x59, 0xE2, 0x40, 0x1B, 0x20, 0x1D, 0x2B, 
   0x01, 0x57, 0x11, 0x0D, 0xFB, 0x00, 0xFF, 0x0B, 0x14, 0x01, 
   0x60, 0x2B, 0x3D, 0x3D, 0x2B, 0xFE, 0xE2, 0xFE, 0xB2, 0x14, 
   0x10, 0xFE, 0xB7, 0xFE, 0xEB, 0x2B, 0x3D, 0x02, 0xEA, 0x9D, 
   0x01, 0x1F, 0xD1, 0x7C, 0x07, 0x17, 0x60, 0x67, 0xB9, 0x88, 
   0x53, 0x04, 0x07, 0x19, 0x6C, 0xA2, 0x95, 0x77, 0x97, 0x38, 
   0x01, 0x5C, 0xEB, 0x08, 0xAF, 0xFE, 0xF4, 0x93, 0xAB, 0x8C, 
   0x94, 0xFE, 0x20, 0x2A, 0x20, 0x1D, 0x08, 0xED, 0xED, 0x08, 
   0x3C, 0x56, 0x3D, 0xFE, 0xD1, 0x0E, 0x0E, 0x01, 0x2F, 0x3D, 
   0x00, 0x00, 0x00, 0x03, 0x00, 0x00, 0xFF, 0x53, 0x08, 0xF7, 
   0x07, 0xF5, 0x00, 0x55, 0x00, 0x65, 0x00, 0x90, 0x01, 0x17, 
   0x00, 0xB0, 0x48, 0x2F, 0xB2, 0x2C, 0x33, 0x3D, 0x33, 0x33, 
   0x33, 0xB0, 0x59, 0xCD, 0xB2, 0x59, 0x48, 0x0A, 0x2B, 0xB3, 
   0x40, 0x59, 0x12, 0x09, 0x2B, 0xB0, 0x62, 0x2F, 0xB0, 0x04, 
   0xCD, 0xB0, 0x04, 0x10, 0xB0, 0x53, 0xCD, 0xB0, 0x0C, 0x32, 
   0xB0, 0x16, 0x2F, 0xB0, 0x25, 0x33, 0xB0, 0x1D, 0xCD, 0x01, 
   0xB0, 0x91, 0x2F, 0xB0, 0x51, 0xD6, 0xB0, 0x56, 0xCD, 0xB2, 
   0x56, 0x51, 0x0A, 0x2B, 0xB3, 0x40, 0x56, 0x09, 0x09, 0x2B, 
   0xB2, 0x51, 0x56, 0x0A, 0x2B, 0xB3, 0x40, 0x51, 0x00, 0x09, 
   0x2B, 0xB3, 0x4A, 0x56, 0x51, 0x08, 0x2B, 0xB0, 0x45, 0xCD, 
   0xB0, 0x56, 0x10, 0xB1, 0x40, 0x01, 0x2B, 0xB0, 0x3B, 0xCD, 
   0xB0, 0x3B, 0x10, 0xB1, 0x15, 0x01, 0x2B, 0xB0, 0x26, 0xCD, 
   0xB2, 0x26, 0x15, 0x0A, 0x2B, 0xB3, 0x40, 0x26, 0x22, 0x09, 
   0x2B, 0xB2, 0x15, 0x26, 0x0A, 0x2B, 0xB3, 0x40, 0x15, 0x19, 
   0x09, 0x2B, 0xB0, 0x26, 0x10, 0xB0, 0x31, 0x20, 0xD6, 0x11, 
   0xB0, 0x36, 0xCD, 0xB0, 0x36, 0x2F, 0xB0, 0x31, 0xCD, 0xB3, 
   0x75, 0x26, 0x15, 0x08, 0x2B, 0xB0, 0x70, 0xCD, 0xB0, 0x70, 
   0x2F, 0xB0, 0x75, 0xCD, 0xB1, 0x92, 0x01, 0x2B, 0xB1, 0x56, 
   0x4A, 0x11, 0x12, 0xB0, 0x4C, 0x39, 0xB0, 0x45, 0x11, 0xB2, 
   0x43, 0x48, 0x5D, 0x39, 0x39, 0x39, 0xB1, 0x3B, 0x40, 0x11, 
   0x12, 0xB3, 0x0D, 0x12, 0x39, 0x42, 0x24, 0x17, 0x39, 0xB0, 
   0x36, 0x11, 0xB1, 0x14, 0x66, 0x39, 0x39, 0xB0, 0x15, 0x12, 
   0xB3, 0x34, 0x38, 0x68, 0x6B, 0x24, 0x17, 0x39, 0xB0, 0x70, 
   0x11, 0xB0, 0x8D, 0x39, 0xB0, 0x75, 0x12, 0xB0, 0x6E, 0x39, 
   0xB0, 0x26, 0x11, 0xB1, 0x33, 0x8A, 0x39, 0x39, 0xB0, 0x31, 
   0x12, 0xB3, 0x2F, 0x7C, 0x7E, 0x80, 0x24, 0x17, 0x39, 0x00, 
   0xB1, 0x59, 0x48, 0x11, 0x12, 0xB5, 0x2B, 0x2E, 0x38, 0x42, 
   0x50, 0x51, 0x24, 0x17, 0x39, 0xB0, 0x62, 0x11, 0xB4, 0x0E, 
   0x14, 0x15, 0x26, 0x27, 0x24, 0x17, 0x39, 0x30, 0x31, 0x11, 
   0x35, 0x34, 0x36, 0x33, 0x21, 0x32, 0x16, 0x1D, 0x01, 0x14, 
   0x06, 0x2B, 0x01, 0x15, 0x33, 0x3E, 0x01, 0x32, 0x16, 0x17, 
   0x33, 0x11, 0x2E, 0x01, 0x3D, 0x01, 0x34, 0x36, 0x3B, 0x01, 
   0x32, 0x16, 0x1D, 0x01, 0x14, 0x06, 0x07, 0x11, 0x33, 0x32, 
   0x16, 0x15, 0x11, 0x01, 0x21, 0x11, 0x23, 0x16, 0x15, 0x14, 
   0x06, 0x22, 0x26, 0x35, 0x34, 0x37, 0x23, 0x16, 0x15, 0x14, 
   0x06, 0x22, 0x26, 0x35, 0x34, 0x37, 0x23, 0x16, 0x15, 0x14, 
   0x06, 0x22, 0x26, 0x35, 0x34, 0x37, 0x2E, 0x01, 0x3D, 0x01, 
   0x23, 0x11, 0x23, 0x22, 0x26, 0x13, 0x14, 0x16, 0x3B, 0x01, 
   0x32, 0x36, 0x3D, 0x01, 0x34, 0x26, 0x2B, 0x01, 0x22, 0x06, 
   0x15, 0x01, 0x14, 0x17, 0x14, 0x16, 0x17, 0x1E, 0x01, 0x17, 
   0x06, 0x15, 0x14, 0x16, 0x32, 0x36, 0x35, 0x34, 0x26, 0x35, 
   0x33, 0x32, 0x36, 0x35, 0x34, 0x27, 0x36, 0x37, 0x33, 0x3E, 
   0x01, 0x35, 0x34, 0x26, 0x27, 0x2E, 0x01, 0x23, 0x22, 0x06, 
   0x07, 0x23, 0x22, 0x06, 0x16, 0x10, 0x03, 0x29, 0x10, 0x16, 
   0x16, 0x10, 0x2F, 0xE2, 0x04, 0x43, 0x5C, 0x42, 0x04, 0x8D, 
   0x16, 0x1F, 0x23, 0x18, 0xD4, 0x18, 0x21, 0x1D, 0x16, 0xA6, 
   0x2C, 0x3F, 0x01, 0x8E, 0xFE, 0x06, 0x4C, 0x11, 0x89, 0xC2, 
   0x8A, 0x11, 0x6B, 0x12, 0x8B, 0xC2, 0x89, 0x11, 0x7E, 0x13, 
   0x8B, 0xC2, 0x8A, 0x12, 0x27, 0x34, 0x02, 0x2D, 0x10, 0x16, 
   0xDB, 0x30, 0x22, 0x9A, 0x22, 0x2E, 0x2F, 0x21, 0x9A, 0x22, 
   0x30, 0x03, 0xF3, 0x32, 0x38, 0x20, 0x07, 0x34, 0x25, 0x11, 
   0x27, 0x3A, 0x28, 0x03, 0x03, 0x22, 0x30, 0x0D, 0x1C, 0x10, 
   0x30, 0x3F, 0x59, 0x46, 0x36, 0x0D, 0x6A, 0x43, 0x41, 0x64, 
   0x10, 0x0C, 0x42, 0x62, 0x03, 0xD3, 0x22, 0x10, 0x15, 0x15, 
   0x10, 0x22, 0x10, 0x15, 0xB0, 0x2D, 0x3E, 0x3E, 0x2D, 0x01, 
   0x6A, 0x01, 0x21, 0x17, 0x21, 0x17, 0x22, 0x22, 0x17, 0x21, 
   0x17, 0x21, 0x01, 0xFE, 0x96, 0x40, 0x2C, 0xFE, 0xC8, 0xFD, 
   0xF9, 0x01, 0x44, 0x2A, 0x2F, 0x61, 0x8A, 0x8A, 0x61, 0x2F, 
   0x2A, 0x2C, 0x2D, 0x61, 0x8A, 0x8A, 0x61, 0x2F, 0x2A, 0x2F, 
   0x2A, 0x61, 0x8A, 0x8A, 0x61, 0x2E, 0x2C, 0x06, 0x3C, 0x28, 
   0x5C, 0x02, 0x50, 0x15, 0xFE, 0x6B, 0x22, 0x2F, 0x2F, 0x22, 
   0xF5, 0x21, 0x2F, 0x30, 0x20, 0x03, 0xB5, 0x42, 0x2D, 0x20, 
   0x51, 0x06, 0x24, 0x31, 0x08, 0x11, 0x19, 0x1D, 0x27, 0x28, 
   0x1C, 0x03, 0x0E, 0x04, 0x31, 0x22, 0x10, 0x18, 0x0F, 0x23, 
   0x05, 0x59, 0x3F, 0x36, 0x54, 0x0D, 0x40, 0x54, 0x50, 0x40, 
   0x53, 0x00, 0x00, 0x02, 0x00, 0x00, 0xFE, 0xDB, 0x04, 0x53, 
   0x06, 0x00, 0x00, 0x03, 0x00, 0x06, 0x00, 0x12, 0x00, 0x01, 
   0xB0, 0x07, 0x2F, 0xB0, 0x00, 0xD6, 0xB0, 0x03, 0xCD, 0xB1, 
   0x08, 0x01, 0x2B, 0x00, 0x30, 0x31, 0x19, 0x01, 0x33, 0x11, 
   0x13, 0x11, 0x01, 0x6E, 0x4A, 0x03, 0x9B, 0xFE, 0xDB, 0x07, 
   0x25, 0xF8, 0xDB, 0x04, 0x0F, 0x03, 0x16, 0xFE, 0x76, 0x00, 
   0x00, 0x00, 0x00, 0x03, 0x00, 0x00, 0xFE, 0xDB, 0x04, 0x53, 
   0x06, 0x00, 0x00, 0x03, 0x00, 0x06, 0x00, 0x09, 0x00, 0x12, 
   0x00, 0x01, 0xB0, 0x0A, 0x2F, 0xB0, 0x00, 0xD6, 0xB0, 0x03, 
   0xCD, 0xB1, 0x0B, 0x01, 0x2B, 0x00, 0x30, 0x31, 0x19, 0x01, 
   0x33, 0x11, 0x37, 0x11, 0x09, 0x01, 0x11, 0x01, 0x6E, 0x4A, 
   0x03, 0x9B, 0xFC, 0x65, 0x03, 0x9B, 0xFE, 0xDB, 0x07, 0x25, 
   0xF8, 0xDB, 0xE6, 0x03, 0x16, 0xFE, 0x76, 0x01, 0x9D, 0x03, 
   0x16, 0xFE, 0x76, 0x00, 0x00, 0x03, 0x00, 0x00, 0xFE, 0xDB, 
   0x04, 0x5E, 0x06, 0x00, 0x00, 0x03, 0x00, 0x07, 0x00, 0x0B, 
   0x00, 0x40, 0x00, 0xB0, 0x04, 0x2F, 0xB0, 0x08, 0xCD, 0xB0, 
   0x0B, 0x2F, 0xB0, 0x05, 0xCD, 0xB0, 0x01, 0x32, 0xB2, 0x0B, 
   0x05, 0x0A, 0x2B, 0xB3, 0x40, 0x0B, 0x00, 0x09, 0x2B, 0x01, 
   0xB0, 0x0C, 0x2F, 0xB0, 0x00, 0xD6, 0xB0, 0x03, 0xCD, 0xB0, 
   0x03, 0x10, 0xB1, 0x04, 0x01, 0x2B, 0xB0, 0x08, 0xCD, 0xB0, 
   0x08, 0x10, 0xB1, 0x09, 0x01, 0x2B, 0xB0, 0x07, 0xCD, 0xB1, 
   0x0D, 0x01, 0x2B, 0x00, 0x30, 0x31, 0x19, 0x01, 0x33, 0x11, 
   0x13, 0x11, 0x21, 0x11, 0x25, 0x21, 0x11, 0x21, 0x79, 0x55, 
   0x03, 0x90, 0xFD, 0x6C, 0x01, 0x96, 0xFE, 0x6A, 0xFE, 0xDB, 
   0x07, 0x25, 0xF8, 0xDB, 0x04, 0x65, 0x02, 0xC0, 0xFD, 0x40, 
   0xD6, 0x01, 0x0B, 0x00, 0x00, 0x05, 0x00, 0x00, 0xFE, 0xDB, 
   0x04, 0x5E, 0x06, 0x00, 0x00, 0x03, 0x00, 0x07, 0x00, 0x0B, 
   0x00, 0x0F, 0x00, 0x13, 0x00, 0x58, 0x00, 0xB0, 0x04, 0x2F, 
   0xB0, 0x0C, 0xCD, 0xB0, 0x0F, 0x2F, 0xB0, 0x05, 0xCD, 0xB0, 
   0x08, 0x2F, 0xB0, 0x10, 0xCD, 0xB0, 0x13, 0x2F, 0xB0, 0x09, 
   0xCD, 0xB0, 0x01, 0x32, 0xB2, 0x13, 0x09, 0x0A, 0x2B, 0xB3, 
   0x40, 0x13, 0x00, 0x09, 0x2B, 0x01, 0xB0, 0x14, 0x2F, 0xB0, 
   0x00, 0xD6, 0xB0, 0x03, 0xCD, 0xB0, 0x03, 0x10, 0xB1, 0x04, 
   0x01, 0x2B, 0xB0, 0x08, 0x32, 0xB0, 0x0C, 0xCD, 0xB0, 0x10, 
   0x32, 0xB0, 0x0C, 0x10, 0xB1, 0x0D, 0x01, 0x2B, 0xB0, 0x11, 
   0x32, 0xB0, 0x07, 0xCD, 0xB0, 0x0A, 0x32, 0xB1, 0x15, 0x01, 
   0x2B, 0x00, 0x30, 0x31, 0x19, 0x01, 0x33, 0x11, 0x13, 0x11, 
   0x21, 0x11, 0x01, 0x11, 0x21, 0x11, 0x01, 0x21, 0x11, 0x21, 
   0x11, 0x21, 0x11, 0x21, 0x79, 0x55, 0x03, 0x90, 0xFC, 0x70, 
   0x03, 0x90, 0xFD, 0x6C, 0x01, 0x96, 0xFE, 0x6A, 0x01, 0x96, 
   0xFE, 0x6A, 0xFE, 0xDB, 0x07, 0x25, 0xF8, 0xDB, 0x01, 0x48, 
   0x02, 0xC0, 0xFD, 0x40, 0x03, 0x1D, 0x02, 0xC0, 0xFD, 0x40, 
   0xFD, 0xB9, 0x01, 0x0C, 0x02, 0x11, 0x01, 0x0B, 0x00, 0x00, 
   0x00, 0x02, 0x00, 0x00, 0x00, 0x00, 0x06, 0x01, 0x06, 0x01, 
   0x00, 0x0F, 0x00, 0x1B, 0x00, 0x43, 0x00, 0xB2, 0x0D, 0x00, 
   0x00, 0x2B, 0xB0, 0x05, 0xCD, 0xB2, 0x0D, 0x00, 0x00, 0x2B, 
   0xB0, 0x05, 0xCD, 0x01, 0xB0, 0x1C, 0x2F, 0xB0, 0x01, 0xD6, 
   0xB0, 0x13, 0xCD, 0xB0, 0x13, 0x10, 0xB1, 0x18, 0x01, 0x2B, 
   0xB0, 0x09, 0xCD, 0xB1, 0x1D, 0x01, 0x2B, 0xB1, 0x13, 0x01, 
   0x11, 0x12, 0xB3, 0x05, 0x0C, 0x10, 0x15, 0x24, 0x17, 0x39, 
   0x00, 0xB1, 0x05, 0x0D, 0x11, 0x12, 0xB1, 0x10, 0x15, 0x39, 
   0x39, 0x30, 0x31, 0x18, 0x01, 0x12, 0x36, 0x24, 0x20, 0x04, 
   0x16, 0x12, 0x10, 0x02, 0x06, 0x04, 0x20, 0x24, 0x26, 0x01, 
   0x16, 0x12, 0x15, 0x10, 0x05, 0x36, 0x00, 0x35, 0x34, 0x02, 
   0x24, 0x7A, 0xCE, 0x01, 0x1C, 0x01, 0x38, 0x01, 0x1D, 0xCE, 
   0x7A, 0x7A, 0xCE, 0xFE, 0xE3, 0xFE, 0xC8, 0xFE, 0xE4, 0xCE, 
   0x02, 0xE5, 0xA8, 0xD7, 0xFE, 0xA0, 0xF1, 0x01, 0x40, 0x9C, 
   0xFE, 0xF1, 0x02, 0x65, 0x01, 0x38, 0x01, 0x1C, 0xCE, 0x7A, 
   0x7A, 0xCE, 0xFE, 0xE4, 0xFE, 0xC8, 0xFE, 0xE3, 0xCE, 0x7A, 
   0x7A, 0xCE, 0x04, 0x61, 0x5C, 0xFE, 0xA3, 0xEF, 0xFE, 0x0A, 
   0xAD, 0x2D, 0x01, 0x7C, 0xFA, 0xAA, 0x01, 0x28, 0xBF, 0x00, 
   0x00, 0x02, 0x00, 0x00, 0x00, 0x00, 0x06, 0x01, 0x06, 0x01, 
   0x00, 0x0F, 0x00, 0x1C, 0x00, 0x43, 0x00, 0xB2, 0x0D, 0x00, 
   0x00, 0x2B, 0xB0, 0x05, 0xCD, 0xB2, 0x0D, 0x00, 0x00, 0x2B, 
   0xB0, 0x05, 0xCD, 0x01, 0xB0, 0x1D, 0x2F, 0xB0, 0x01, 0xD6, 
   0xB0, 0x13, 0xCD, 0xB0, 0x13, 0x10, 0xB1, 0x19, 0x01, 0x2B, 
   0xB0, 0x09, 0xCD, 0xB1, 0x1E, 0x01, 0x2B, 0xB1, 0x13, 0x01, 
   0x11, 0x12, 0xB3, 0x05, 0x0C, 0x10, 0x15, 0x24, 0x17, 0x39, 
   0x00, 0xB1, 0x05, 0x0D, 0x11, 0x12, 0xB1, 0x10, 0x15, 0x39, 
   0x39, 0x30, 0x31, 0x18, 0x01, 0x12, 0x36, 0x24, 0x20, 0x04, 
   0x16, 0x12, 0x10, 0x02, 0x06, 0x04, 0x20, 0x24, 0x26, 0x01, 
   0x16, 0x12, 0x15, 0x10, 0x05, 0x36, 0x24, 0x12, 0x35, 0x34, 
   0x02, 0x24, 0x7A, 0xCE, 0x01, 0x1C, 0x01, 0x38, 0x01, 0x1D, 
   0xCE, 0x7A, 0x7A, 0xCE, 0xFE, 0xE3, 0xFE, 0xC8, 0xFE, 0xE4, 
   0xCE, 0x02, 0xC4, 0x98, 0xC2, 0xFE, 0xB9, 0xA9, 0x01, 0x15, 
   0xA0, 0xA6, 0xFE, 0xE2, 0x02, 0x65, 0x01, 0x38, 0x01, 0x1C, 
   0xCE, 0x7A, 0x7A, 0xCE, 0xFE, 0xE4, 0xFE, 0xC8, 0xFE, 0xE3, 
   0xCE, 0x7A, 0x7A, 0xCE, 0x04, 0x65, 0x65, 0xFE, 0xA1, 0xE8, 
   0xFE, 0x14, 0xBE, 0x14, 0xBE, 0x01, 0x2B, 0xAD, 0xB0, 0x01, 
   0x30, 0xBD, 0x00, 0x00, 0x00, 0x02, 0x00, 0x00, 0x00, 0x00, 
   0x06, 0x01, 0x06, 0x01, 0x00, 0x0F, 0x00, 0x1D, 0x00, 0x43, 
   0x00, 0xB2, 0x0D, 0x00, 0x00, 0x2B, 0xB0, 0x05, 0xCD, 0xB2, 
   0x0D, 0x00, 0x00, 0x2B, 0xB0, 0x05, 0xCD, 0x01, 0xB0, 0x1E, 
   0x2F, 0xB0, 0x01, 0xD6, 0xB0, 0x13, 0xCD, 0xB0, 0x13, 0x10, 
   0xB1, 0x1A, 0x01, 0x2B, 0xB0, 0x09, 0xCD, 0xB1, 0x1F, 0x01, 
   0x2B, 0xB1, 0x13, 0x01, 0x11, 0x12, 0xB3, 0x05, 0x0C, 0x10, 
   0x15, 0x24, 0x17, 0x39, 0x00, 0xB1, 0x05, 0x0D, 0x11, 0x12, 
   0xB1, 0x10, 0x15, 0x39, 0x39, 0x30, 0x31, 0x18, 0x01, 0x12, 
   0x36, 0x24, 0x20, 0x04, 0x16, 0x12, 0x10, 0x02, 0x06, 0x04, 
   0x20, 0x24, 0x26, 0x01, 0x16, 0x12, 0x15, 0x10, 0x05, 0x3E, 
   0x03, 0x35, 0x34, 0x02, 0x24, 0x7A, 0xCE, 0x01, 0x1C, 0x01, 
   0x38, 0x01, 0x1D, 0xCE, 0x7A, 0x7A, 0xCE, 0xFE, 0xE3, 0xFE, 
   0xC8, 0xFE, 0xE4, 0xCE, 0x02, 0xAE, 0x83, 0xA6, 0xFE, 0xE4, 
   0x83, 0xEA, 0xAA, 0x63, 0xAC, 0xFE, 0xD6, 0x02, 0x65, 0x01, 
   0x38, 0x01, 0x1C, 0xCE, 0x7A, 0x7A, 0xCE, 0xFE, 0xE4, 0xFE, 
   0xC8, 0xFE, 0xE3, 0xCE, 0x7A, 0x7A, 0xCE, 0x04, 0x66, 0x71, 
   0xFE, 0xA2, 0xDE, 0xFE, 0x25, 0xD3, 0x0A, 0x74, 0xB6, 0xF5, 
   0x85, 0xB3, 0x01, 0x35, 0xBC, 0x00, 0x00, 0x00, 0x00, 0x02, 
   0x00, 0x00, 0x00, 0x00, 0x06, 0x01, 0x06, 0x01, 0x00, 0x0F, 
   0x00, 0x1D, 0x00, 0x44, 0x00, 0xB2, 0x0D, 0x00, 0x00, 0x2B, 
   0xB0, 0x15, 0xCD, 0xB0, 0x10, 0x2F, 0xB0, 0x05, 0xCD, 0x01, 
   0xB0, 0x1E, 0x2F, 0xB0, 0x01, 0xD6, 0xB0, 0x13, 0xCD, 0xB0, 
   0x13, 0x10, 0xB1, 0x1A, 0x01, 0x2B, 0xB0, 0x09, 0xCD, 0xB1, 
   0x1F, 0x01, 0x2B, 0xB1, 0x13, 0x01, 0x11, 0x12, 0xB3, 0x05, 
   0x0C, 0x10, 0x15, 0x24, 0x17, 0x39, 0x00, 0xB1, 0x10, 0x15, 
   0x11, 0x12, 0xB3, 0x01, 0x08, 0x09, 0x00, 0x24, 0x17, 0x39, 
   0x30, 0x31, 0x18, 0x01, 0x12, 0x36, 0x24, 0x20, 0x04, 0x16, 
   0x12, 0x10, 0x02, 0x06, 0x04, 0x20, 0x24, 0x26, 0x01, 0x16, 
   0x12, 0x15, 0x10, 0x07, 0x3E, 0x03, 0x35, 0x34, 0x02, 0x24, 
   0x7A, 0xCE, 0x01, 0x1C, 0x01, 0x38, 0x01, 0x1D, 0xCE, 0x7A, 
   0x7A, 0xCE, 0xFE, 0xE3, 0xFE, 0xC8, 0xFE, 0xE4, 0xCE, 0x02, 
   0x9E, 0x6C, 0x87, 0xEA, 0x86, 0xF2, 0xAF, 0x67, 0xB1, 0xFE, 
   0xCF, 0x02, 0x65, 0x01, 0x38, 0x01, 0x1C, 0xCE, 0x7A, 0x7A, 
   0xCE, 0xFE, 0xE4, 0xFE, 0xC8, 0xFE, 0xE3, 0xCE, 0x7A, 0x7A, 
   0xCE, 0x04, 0x67, 0x82, 0xFE, 0xA6, 0xD2, 0xFE, 0x3E, 0xED, 
   0x06, 0x72, 0xB7, 0xF8, 0x88, 0xB6, 0x01, 0x37, 0xBB, 0x00, 
   0x00, 0x00, 0x00, 0x02, 0x00, 0x00, 0x00, 0x00, 0x06, 0x01, 
   0x06, 0x01, 0x00, 0x0F, 0x00, 0x1C, 0x00, 0x44, 0x00, 0xB2, 
   0x0D, 0x00, 0x00, 0x2B, 0xB0, 0x14, 0xCD, 0xB0, 0x10, 0x2F, 
   0xB0, 0x05, 0xCD, 0x01, 0xB0, 0x1D, 0x2F, 0xB0, 0x01, 0xD6, 
   0xB0, 0x12, 0xCD, 0xB0, 0x12, 0x10, 0xB1, 0x19, 0x01, 0x2B, 
   0xB0, 0x09, 0xCD, 0xB1, 0x1E, 0x01, 0x2B, 0xB1, 0x12, 0x01, 
   0x11, 0x12, 0xB3, 0x05, 0x0C, 0x10, 0x14, 0x24, 0x17, 0x39, 
   0x00, 0xB1, 0x10, 0x14, 0x11, 0x12, 0xB3, 0x01, 0x08, 0x09, 
   0x00, 0x24, 0x17, 0x39, 0x30, 0x31, 0x18, 0x01, 0x12, 0x36, 
   0x24, 0x20, 0x04, 0x16, 0x12, 0x10, 0x02, 0x06, 0x04, 0x20, 
   0x24, 0x26, 0x01, 0x12, 0x11, 0x10, 0x03, 0x3E, 0x03, 0x35, 
   0x34, 0x02, 0x24, 0x7A, 0xCE, 0x01, 0x1C, 0x01, 0x38, 0x01, 
   0x1D, 0xCE, 0x7A, 0x7A, 0xCE, 0xFE, 0xE3, 0xFE, 0xC8, 0xFE, 
   0xE4, 0xCE, 0x02, 0x91, 0xBB, 0xB5, 0x89, 0xF8, 0xB3, 0x6A, 
   0xB5, 0xFE, 0xC9, 0x02, 0x65, 0x01, 0x38, 0x01, 0x1C, 0xCE, 
   0x7A, 0x7A, 0xCE, 0xFE, 0xE4, 0xFE, 0xC8, 0xFE, 0xE3, 0xCE, 
   0x7A, 0x7A, 0xCE, 0x04, 0x67, 0xFE, 0xB6, 0xFE, 0x9C, 0xFE, 
   0x56, 0xFE, 0xFB, 0x03, 0x70, 0xB7, 0xFB, 0x8A, 0xB8, 0x01, 
   0x3A, 0xB9, 0x00, 0x02, 0x00, 0x00, 0x00, 0x00, 0x06, 0x01, 
   0x06, 0x01, 0x00, 0x0F, 0x00, 0x1C, 0x00, 0x4C, 0x00, 0xB2, 
   0x0D, 0x00, 0x00, 0x2B, 0xB0, 0x14, 0xCD, 0xB0, 0x10, 0x2F, 
   0xB0, 0x05, 0xCD, 0x01, 0xB0, 0x1D, 0x2F, 0xB0, 0x01, 0xD6, 
   0xB0, 0x12, 0xCD, 0xB0, 0x12, 0x10, 0xB1, 0x19, 0x01, 0x2B, 
   0xB0, 0x09, 0xCD, 0xB1, 0x1E, 0x01, 0x2B, 0xB1, 0x12, 0x01, 
   0x11, 0x12, 0xB3, 0x04, 0x0D, 0x10, 0x14, 0x24, 0x17, 0x39, 
   0xB0, 0x19, 0x11, 0xB1, 0x0C, 0x05, 0x39, 0x39, 0x00, 0xB1, 
   0x10, 0x14, 0x11, 0x12, 0xB3, 0x01, 0x08, 0x09, 0x00, 0x24, 
   0x17, 0x39, 0x30, 0x31, 0x18, 0x01, 0x12, 0x36, 0x24, 0x20, 
   0x04, 0x16, 0x12, 0x10, 0x02, 0x06, 0x04, 0x20, 0x24, 0x26, 
   0x01, 0x12, 0x11, 0x10, 0x03, 0x3E, 0x03, 0x10, 0x2E, 0x02, 
   0x7A, 0xCE, 0x01, 0x1C, 0x01, 0x38, 0x01, 0x1D, 0xCE, 0x7A, 
   0x7A, 0xCE, 0xFE, 0xE3, 0xFE, 0xC8, 0xFE, 0xE4, 0xCE, 0x02, 
   0x87, 0x7E, 0x79, 0x8A, 0xFD, 0xB6, 0x6C, 0x6D, 0xB8, 0xFE, 
   0x02, 0x65, 0x01, 0x38, 0x01, 0x1C, 0xCE, 0x7A, 0x7A, 0xCE, 
   0xFE, 0xE4, 0xFE, 0xC8, 0xFE, 0xE3, 0xCE, 0x7A, 0x7A, 0xCE, 
   0x04, 0x67, 0xFE, 0x95, 0xFE, 0xBD, 0xFE, 0x6E, 0xFE, 0xE3, 
   0x01, 0x6D, 0xB8, 0xFE, 0x01, 0x16, 0xFE, 0xB8, 0x6D, 0x00, 
   0x00, 0x02, 0x00, 0x00, 0x00, 0x00, 0x06, 0x01, 0x06, 0x01, 
   0x00, 0x0F, 0x00, 0x1C, 0x00, 0x49, 0x00, 0xB2, 0x0D, 0x00, 
   0x00, 0x2B, 0xB0, 0x10, 0xCD, 0xB0, 0x1C, 0x2F, 0xB0, 0x05, 
   0xCD, 0x01, 0xB0, 0x1D, 0x2F, 0xB0, 0x01, 0xD6, 0xB0, 0x10, 
   0xCD, 0xB0, 0x10, 0x10, 0xB1, 0x16, 0x01, 0x2B, 0xB0, 0x09, 
   0xCD, 0xB1, 0x1E, 0x01, 0x2B, 0xB1, 0x10, 0x01, 0x11, 0x12, 
   0xB1, 0x04, 0x0D, 0x39, 0x39, 0xB0, 0x16, 0x11, 0xB1, 0x0C, 
   0x05, 0x39, 0x39, 0x00, 0xB1, 0x1C, 0x10, 0x11, 0x12, 0xB3, 
   0x01, 0x08, 0x09, 0x00, 0x24, 0x17, 0x39, 0x30, 0x31, 0x18, 
   0x01, 0x12, 0x36, 0x24, 0x20, 0x04, 0x16, 0x12, 0x10, 0x02, 
   0x06, 0x04, 0x20, 0x24, 0x26, 0x05, 0x33, 0x32, 0x3E, 0x02, 
   0x35, 0x34, 0x2E, 0x02, 0x2B, 0x01, 0x7A, 0xCE, 0x01, 0x1C, 
   0x01, 0x38, 0x01, 0x1D, 0xCE, 0x7A, 0x7A, 0xCE, 0xFE, 0xE3, 
   0xFE, 0xC8, 0xFE, 0xE4, 0xCE, 0x02, 0x79, 0x0D, 0x8C, 0xFE, 
   0xB8, 0x6D, 0x6D, 0xB8, 0xFE, 0x8C, 0x0D, 0x02, 0x65, 0x01, 
   0x38, 0x01, 0x1C, 0xCE, 0x7A, 0x7A, 0xCE, 0xFE, 0xE4, 0xFE, 
   0xC8, 0xFE, 0xE3, 0xCE, 0x7A, 0x7A, 0xCE, 0xF6, 0x6D, 0xB8, 
   0xFE, 0x8C, 0x8B, 0xFE, 0xB8, 0x6D, 0x00, 0x02, 0x00, 0x00, 
   0x00, 0x00, 0x06, 0x01, 0x06, 0x01, 0x00, 0x0F, 0x00, 0x1F, 
   0x00, 0x49, 0x00, 0xB2, 0x0D, 0x00, 0x00, 0x2B, 0xB0, 0x12, 
   0xCD, 0xB0, 0x1E, 0x2F, 0xB0, 0x05, 0xCD, 0x01, 0xB0, 0x20, 
   0x2F, 0xB0, 0x01, 0xD6, 0xB0, 0x10, 0xCD, 0xB0, 0x10, 0x10, 
   0xB1, 0x18, 0x01, 0x2B, 0xB0, 0x09, 0xCD, 0xB1, 0x21, 0x01, 
   0x2B, 0xB1, 0x10, 0x01, 0x11, 0x12, 0xB1, 0x04, 0x0D, 0x39, 
   0x39, 0xB0, 0x18, 0x11, 0xB1, 0x0C, 0x05, 0x39, 0x39, 0x00, 
   0xB1, 0x1E, 0x12, 0x11, 0x12, 0xB3, 0x01, 0x08, 0x09, 0x00, 
   0x24, 0x17, 0x39, 0x30, 0x31, 0x18, 0x01, 0x12, 0x36, 0x24, 
   0x20, 0x04, 0x16, 0x12, 0x10, 0x02, 0x06, 0x04, 0x20, 0x24, 
   0x26, 0x01, 0x10, 0x13, 0x33, 0x32, 0x3E, 0x02, 0x35, 0x34, 
   0x2E, 0x02, 0x2B, 0x01, 0x02, 0x7A, 0xCE, 0x01, 0x1C, 0x01, 
   0x38, 0x01, 0x1D, 0xCE, 0x7A, 0x7A, 0xCE, 0xFE, 0xE3, 0xFE, 
   0xC8, 0xFE, 0xE4, 0xCE, 0x02, 0x18, 0x54, 0x1A, 0x8C, 0xFE, 
   0xB8, 0x6D, 0x6D, 0xB8, 0xFE, 0x8C, 0x17, 0x57, 0x02, 0x65, 
   0x01, 0x38, 0x01, 0x1C, 0xCE, 0x7A, 0x7A, 0xCE, 0xFE, 0xE4, 
   0xFE, 0xC8, 0xFE, 0xE3, 0xCE, 0x7A, 0x7A, 0xCE, 0x01, 0xB9, 
   0xFE, 0x7A, 0xFE, 0xD7, 0x6D, 0xB8, 0xFE, 0x8C, 0x8B, 0xFE, 
   0xB8, 0x6D, 0xFE, 0x90, 0x00, 0x02, 0x00, 0x00, 0x00, 0x00, 
   0x06, 0x01, 0x06, 0x01, 0x00, 0x0F, 0x00, 0x21, 0x00, 0x44, 
   0x00, 0xB2, 0x0D, 0x00, 0x00, 0x2B, 0xB0, 0x14, 0xCD, 0xB0, 
   0x1E, 0x2F, 0xB0, 0x05, 0xCD, 0x01, 0xB0, 0x22, 0x2F, 0xB0, 
   0x01, 0xD6, 0xB0, 0x10, 0xCD, 0xB0, 0x10, 0x10, 0xB1, 0x19, 
   0x01, 0x2B, 0xB0, 0x09, 0xCD, 0xB1, 0x23, 0x01, 0x2B, 0xB1, 
   0x19, 0x10, 0x11, 0x12, 0xB3, 0x04, 0x0C, 0x0D, 0x05, 0x24, 
   0x17, 0x39, 0x00, 0xB1, 0x1E, 0x14, 0x11, 0x12, 0xB3, 0x01, 
   0x08, 0x09, 0x00, 0x24, 0x17, 0x39, 0x30, 0x31, 0x18, 0x01, 
   0x12, 0x36, 0x24, 0x20, 0x04, 0x16, 0x12, 0x10, 0x02, 0x06, 
   0x04, 0x20, 0x24, 0x26, 0x01, 0x10, 0x13, 0x16, 0x33, 0x32, 
   0x3E, 0x02, 0x35, 0x34, 0x2E, 0x02, 0x23, 0x22, 0x07, 0x02, 
   0x7A, 0xCE, 0x01, 0x1C, 0x01, 0x38, 0x01, 0x1D, 0xCE, 0x7A, 
   0x7A, 0xCE, 0xFE, 0xE3, 0xFE, 0xC8, 0xFE, 0xE4, 0xCE, 0x01, 
   0xB7, 0xA5, 0x0F, 0x1B, 0x8C, 0xFE, 0xB8, 0x6D, 0x6D, 0xB8, 
   0xFE, 0x8C, 0x18, 0x0D, 0xAA, 0x02, 0x65, 0x01, 0x38, 0x01, 
   0x1C, 0xCE, 0x7A, 0x7A, 0xCE, 0xFE, 0xE4, 0xFE, 0xC8, 0xFE, 
   0xE3, 0xCE, 0x7A, 0x7A, 0xCE, 0x01, 0xB9, 0xFE, 0x57, 0xFE, 
   0xFB, 0x01, 0x6D, 0xB8, 0xFE, 0x8C, 0x8B, 0xFE, 0xB8, 0x6D, 
   0x01, 0xFE, 0xBE, 0x00, 0x00, 0x00, 0x00, 0x02, 0x00, 0x00, 
   0x00, 0x00, 0x06, 0x01, 0x06, 0x01, 0x00, 0x10, 0x00, 0x25, 
   0x00, 0x42, 0x00, 0xB2, 0x0D, 0x00, 0x00, 0x2B, 0xB0, 0x17, 
   0xCD, 0xB0, 0x21, 0x2F, 0xB0, 0x04, 0xCD, 0x01, 0xB0, 0x26, 
   0x2F, 0xB0, 0x00, 0xD6, 0xB0, 0x11, 0xCD, 0xB0, 0x11, 0x10, 
   0xB1, 0x1C, 0x01, 0x2B, 0xB0, 0x09, 0xCD, 0xB1, 0x27, 0x01, 
   0x2B, 0xB1, 0x1C, 0x11, 0x11, 0x12, 0xB2, 0x0C, 0x0D, 0x04, 
   0x39, 0x39, 0x39, 0x00, 0xB1, 0x21, 0x17, 0x11, 0x12, 0xB2, 
   0x08, 0x09, 0x00, 0x39, 0x39, 0x39, 0x30, 0x31, 0x11, 0x34, 
   0x12, 0x24, 0x33, 0x32, 0x04, 0x16, 0x12, 0x10, 0x02, 0x06, 
   0x04, 0x20, 0x24, 0x26, 0x02, 0x25, 0x10, 0x17, 0x32, 0x1E, 
   0x01, 0x33, 0x32, 0x24, 0x3E, 0x01, 0x35, 0x34, 0x2E, 0x02, 
   0x23, 0x22, 0x07, 0x06, 0x02, 0xCE, 0x01, 0x62, 0xD0, 0x9C, 
   0x01, 0x1D, 0xCE, 0x7A, 0x7A, 0xCE, 0xFE, 0xE3, 0xFE, 0xC8, 
   0xFE, 0xE3, 0xCD, 0x7A, 0x01, 0xD0, 0xEF, 0x07, 0x1B, 0x15, 
   0x0A, 0x8B, 0x00, 0xFF, 0xB8, 0x6D, 0x6D, 0xB8, 0xFF, 0x8B, 
   0x25, 0x12, 0x6F, 0x8A, 0x03, 0x01, 0xD0, 0x01, 0x62, 0xCE, 
   0x7A, 0xCE, 0xFE, 0xE4, 0xFE, 0xC8, 0xFE, 0xE3, 0xCE, 0x7A, 
   0x7A, 0xCE, 0x01, 0x1D, 0x9C, 0xFE, 0x39, 0xE5, 0x02, 0x01, 
   0x6D, 0xB8, 0xFE, 0x8C, 0x8B, 0xFE, 0xB8, 0x6D, 0x02, 0x7D, 
   0xFE, 0x9F, 0x00, 0x02, 0x00, 0x00, 0x00, 0x00, 0x06, 0x03, 
   0x06, 0x03, 0x00, 0x13, 0x00, 0x25, 0x00, 0x3E, 0x00, 0xB2, 
   0x0F, 0x00, 0x00, 0x2B, 0xB0, 0x18, 0xCD, 0xB0, 0x21, 0x2F, 
   0xB0, 0x05, 0xCD, 0x01, 0xB0, 0x26, 0x2F, 0xB0, 0x00, 0xD6, 
   0xB0, 0x14, 0xCD, 0xB0, 0x14, 0x10, 0xB1, 0x1D, 0x01, 0x2B, 
   0xB0, 0x0A, 0xCD, 0xB1, 0x27, 0x01, 0x2B, 0xB1, 0x1D, 0x14, 
   0x11, 0x12, 0xB1, 0x0F, 0x05, 0x39, 0x39, 0x00, 0xB1, 0x21, 
   0x18, 0x11, 0x12, 0xB1, 0x0A, 0x00, 0x39, 0x39, 0x30, 0x31, 
   0x11, 0x34, 0x12, 0x36, 0x24, 0x33, 0x32, 0x04, 0x16, 0x12, 
   0x15, 0x14, 0x02, 0x06, 0x04, 0x23, 0x22, 0x24, 0x26, 0x02, 
   0x25, 0x10, 0x05, 0x16, 0x33, 0x32, 0x3E, 0x01, 0x12, 0x35, 
   0x34, 0x02, 0x24, 0x23, 0x22, 0x07, 0x06, 0x02, 0x7A, 0xCE, 
   0x01, 0x1D, 0x9C, 0x9D, 0x01, 0x1D, 0xCE, 0x7A, 0x7A, 0xCE, 
   0xFE, 0xE3, 0x9D, 0x9C, 0xFE, 0xE3, 0xCE, 0x7A, 0x01, 0x70, 
   0x01, 0x30, 0x2D, 0x34, 0x8C, 0xFE, 0xB9, 0x6D, 0xB9, 0xFE, 
   0xC3, 0xBA, 0x2E, 0x23, 0x8F, 0xB1, 0x03, 0x01, 0x9D, 0x01, 
   0x1D, 0xCE, 0x7A, 0x7A, 0xCE, 0xFE, 0xE3, 0x9D, 0x9C, 0xFE, 
   0xE3, 0xCE, 0x7A, 0x7A, 0xCE, 0x01, 0x1D, 0x9D, 0xFE, 0x21, 
   0xCA, 0x07, 0x6D, 0xB8, 0x00, 0xFF, 0x8B, 0xBA, 0x01, 0x3D, 
   0xB9, 0x04, 0x6D, 0xFE, 0x9D, 0x00, 0x00, 0x00, 0x00, 0x02, 
   0x00, 0x00, 0x00, 0x00, 0x06, 0x03, 0x06, 0x03, 0x00, 0x13, 
   0x00, 0x25, 0x00, 0x3E, 0x00, 0xB2, 0x0F, 0x00, 0x00, 0x2B, 
   0xB0, 0x18, 0xCD, 0xB0, 0x21, 0x2F, 0xB0, 0x05, 0xCD, 0x01, 
   0xB0, 0x26, 0x2F, 0xB0, 0x00, 0xD6, 0xB0, 0x14, 0xCD, 0xB0, 
   0x14, 0x10, 0xB1, 0x1D, 0x01, 0x2B, 0xB0, 0x0A, 0xCD, 0xB1, 
   0x27, 0x01, 0x2B, 0xB1, 0x1D, 0x14, 0x11, 0x12, 0xB1, 0x0F, 
   0x05, 0x39, 0x39, 0x00, 0xB1, 0x21, 0x18, 0x11, 0x12, 0xB1, 
   0x0A, 0x00, 0x39, 0x39, 0x30, 0x31, 0x11, 0x34, 0x12, 0x36, 
   0x24, 0x33, 0x32, 0x04, 0x16, 0x12, 0x15, 0x14, 0x02, 0x06, 
   0x04, 0x23, 0x22, 0x24, 0x26, 0x02, 0x25, 0x10, 0x05, 0x16, 
   0x33, 0x32, 0x3E, 0x01, 0x12, 0x35, 0x34, 0x02, 0x24, 0x23, 
   0x22, 0x07, 0x06, 0x02, 0x7A, 0xCE, 0x01, 0x1D, 0x9C, 0x9D, 
   0x01, 0x1D, 0xCE, 0x7A, 0x7A, 0xCE, 0xFE, 0xE3, 0x9D, 0x9C, 
   0xFE, 0xE3, 0xCE, 0x7A, 0x01, 0x0F, 0x01, 0x53, 0x4B, 0x54, 
   0x8C, 0xFE, 0xB9, 0x6D, 0xB9, 0xFE, 0xC3, 0xBA, 0x46, 0x38, 
   0xA7, 0xCD, 0x03, 0x01, 0x9D, 0x01, 0x1D, 0xCE, 0x7A, 0x7A, 
   0xCE, 0xFE, 0xE3, 0x9D, 0x9C, 0xFE, 0xE3, 0xCE, 0x7A, 0x7A, 
   0xCE, 0x01, 0x1D, 0x9C, 0xFE, 0x19, 0xB5, 0x13, 0x6D, 0xB8, 
   0x00, 0xFF, 0x8B, 0xBA, 0x01, 0x3D, 0xB9, 0x0B, 0x60, 0xFE, 
   0x9F, 0x00, 0x00, 0x00, 0x00, 0x02, 0x00, 0x00, 0x00, 0x00, 
   0x06, 0x03, 0x06, 0x03, 0x00, 0x13, 0x00, 0x2D, 0x00, 0x3E, 
   0x00, 0xB2, 0x0F, 0x00, 0x00, 0x2B, 0xB0, 0x1C, 0xCD, 0xB0, 
   0x25, 0x2F, 0xB0, 0x05, 0xCD, 0x01, 0xB0, 0x2E, 0x2F, 0xB0, 
   0x00, 0xD6, 0xB0, 0x14, 0xCD, 0xB0, 0x14, 0x10, 0xB1, 0x21, 
   0x01, 0x2B, 0xB0, 0x0A, 0xCD, 0xB1, 0x2F, 0x01, 0x2B, 0xB1, 
   0x21, 0x14, 0x11, 0x12, 0xB1, 0x0F, 0x05, 0x39, 0x39, 0x00, 
   0xB1, 0x25, 0x1C, 0x11, 0x12, 0xB1, 0x0A, 0x00, 0x39, 0x39, 
   0x30, 0x31, 0x11, 0x34, 0x12, 0x36, 0x24, 0x33, 0x32, 0x04, 
   0x16, 0x12, 0x15, 0x14, 0x02, 0x06, 0x04, 0x23, 0x22, 0x24, 
   0x26, 0x02, 0x37, 0x14, 0x1E, 0x03, 0x17, 0x16, 0x33, 0x32, 
   0x3E, 0x01, 0x12, 0x35, 0x34, 0x02, 0x24, 0x23, 0x22, 0x07, 
   0x0E, 0x05, 0x7A, 0xCE, 0x01, 0x1D, 0x9C, 0x9D, 0x01, 0x1D, 
   0xCE, 0x7A, 0x7A, 0xCE, 0xFE, 0xE3, 0x9D, 0x9C, 0xFE, 0xE3, 
   0xCE, 0x7A, 0xB7, 0x14, 0x3A, 0x60, 0xA0, 0x6D, 0x45, 0x4A, 
   0x8C, 0xFE, 0xB9, 0x6D, 0xB9, 0xFE, 0xC3, 0xBA, 0x57, 0x47, 
   0x5A, 0x8C, 0x5B, 0x3F, 0x1F, 0x0D, 0x03, 0x01, 0x9D, 0x01, 
   0x1D, 0xCE, 0x7A, 0x7A, 0xCE, 0xFE, 0xE3, 0x9D, 0x9C, 0xFE, 
   0xE3, 0xCE, 0x7A, 0x7A, 0xCE, 0x01, 0x1D, 0x9C, 0x50, 0x86, 
   0x97, 0x7E, 0x80, 0x35, 0x0F, 0x6D, 0xB8, 0x00, 0xFF, 0x8B, 
   0xBA, 0x01, 0x3D, 0xB9, 0x12, 0x2B, 0x65, 0x6E, 0x6F, 0x7F, 
   0x70, 0x00, 0x00, 0x02, 0x00, 0x00, 0x00, 0x00, 0x06, 0x03, 
   0x06, 0x03, 0x00, 0x13, 0x00, 0x26, 0x00, 0x3E, 0x00, 0xB2, 
   0x0F, 0x00, 0x00, 0x2B, 0xB0, 0x19, 0xCD, 0xB0, 0x22, 0x2F, 
   0xB0, 0x05, 0xCD, 0x01, 0xB0, 0x27, 0x2F, 0xB0, 0x00, 0xD6, 
   0xB0, 0x14, 0xCD, 0xB0, 0x14, 0x10, 0xB1, 0x1E, 0x01, 0x2B, 
   0xB0, 0x0A, 0xCD, 0xB1, 0x28, 0x01, 0x2B, 0xB1, 0x1E, 0x14, 
   0x11, 0x12, 0xB1, 0x0F, 0x05, 0x39, 0x39, 0x00, 0xB1, 0x22, 
   0x19, 0x11, 0x12, 0xB1, 0x0A, 0x00, 0x39, 0x39, 0x30, 0x31, 
   0x11, 0x34, 0x12, 0x36, 0x24, 0x33, 0x32, 0x04, 0x16, 0x12, 
   0x15, 0x14, 0x02, 0x06, 0x04, 0x23, 0x22, 0x24, 0x26, 0x02, 
   0x37, 0x14, 0x1E, 0x01, 0x04, 0x33, 0x32, 0x3E, 0x01, 0x12, 
   0x35, 0x34, 0x02, 0x24, 0x23, 0x22, 0x0E, 0x02, 0x7A, 0xCE, 
   0x01, 0x1D, 0x9C, 0x9D, 0x01, 0x1D, 0xCE, 0x7A, 0x7A, 0xCE, 
   0xFE, 0xE3, 0x9D, 0x9C, 0xFE, 0xE3, 0xCE, 0x7A, 0x52, 0x6D, 
   0xB8, 0x00, 0xFF, 0x8B, 0x8C, 0xFE, 0xB9, 0x6D, 0xB9, 0xFE, 
   0xC3, 0xBA, 0x8B, 0xFF, 0xB8, 0x6D, 0x03, 0x01, 0x9D, 0x01, 
   0x1D, 0xCE, 0x7A, 0x7A, 0xCE, 0xFE, 0xE3, 0x9D, 0x9C, 0xFE, 
   0xE3, 0xCE, 0x7A, 0x7A, 0xCE, 0x01, 0x1D, 0x9C, 0x8B, 0xFF, 
   0xB8, 0x6D, 0x6D, 0xB8, 0x00, 0xFF, 0x8B, 0xBA, 0x01, 0x3D, 
   0xB9, 0x6D, 0xB9, 0xFE, 0x00, 0x02, 0x00, 0x00, 0x00, 0x00, 
   0x06, 0x01, 0x06, 0x01, 0x00, 0x0B, 0x00, 0x24, 0x00, 0x44, 
   0x00, 0xB2, 0x0A, 0x00, 0x00, 0x2B, 0xB0, 0x11, 0xCD, 0xB0, 
   0x20, 0x2F, 0xB0, 0x04, 0xCD, 0x01, 0xB0, 0x25, 0x2F, 0xB0, 
   0x01, 0xD6, 0xB0, 0x0C, 0xCD, 0xB0, 0x0C, 0x10, 0xB1, 0x19, 
   0x01, 0x2B, 0xB0, 0x07, 0xCD, 0xB1, 0x26, 0x01, 0x2B, 0xB1, 
   0x19, 0x0C, 0x11, 0x12, 0xB3, 0x04, 0x09, 0x0A, 0x03, 0x24, 
   0x17, 0x39, 0x00, 0xB1, 0x20, 0x11, 0x11, 0x12, 0xB3, 0x01, 
   0x06, 0x07, 0x00, 0x24, 0x17, 0x39, 0x30, 0x31, 0x18, 0x01, 
   0x12, 0x24, 0x20, 0x04, 0x12, 0x10, 0x02, 0x04, 0x20, 0x24, 
   0x03, 0x14, 0x1E, 0x01, 0x04, 0x33, 0x32, 0x37, 0x3E, 0x04, 
   0x35, 0x34, 0x2E, 0x02, 0x27, 0x26, 0x23, 0x22, 0x0E, 0x02, 
   0xCF, 0x01, 0x62, 0x01, 0xA2, 0x01, 0x61, 0xCD, 0xCD, 0xFE, 
   0x9F, 0xFE, 0x5E, 0xFE, 0x9E, 0x7D, 0x6E, 0xB8, 0x00, 0xFF, 
   0x8B, 0x58, 0x44, 0x55, 0x7E, 0x49, 0x2D, 0x0E, 0x29, 0x56, 
   0x95, 0x63, 0x29, 0x53, 0x8B, 0xFF, 0xB9, 0x6D, 0x02, 0x31, 
   0x01, 0xA2, 0x01, 0x61, 0xCD, 0xCD, 0xFE, 0x9F, 0xFE, 0x5E, 
   0xFE, 0x9E, 0xCF, 0xCF, 0x02, 0x33, 0x8B, 0xFF, 0xB8, 0x6E, 
   0x13, 0x2D, 0x7C, 0x81, 0x9D, 0x87, 0x4F, 0x5F, 0xB8, 0xB5, 
   0xA0, 0x38, 0x09, 0x6C, 0xB8, 0xFD, 0x00, 0x02, 0x00, 0x00, 
   0x00, 0x00, 0x06, 0x01, 0x06, 0x01, 0x00, 0x0F, 0x00, 0x26, 
   0x00, 0x44, 0x00, 0xB2, 0x0D, 0x00, 0x00, 0x2B, 0xB0, 0x15, 
   0xCD, 0xB0, 0x22, 0x2F, 0xB0, 0x05, 0xCD, 0x01, 0xB0, 0x27, 
   0x2F, 0xB0, 0x01, 0xD6, 0xB0, 0x10, 0xCD, 0xB0, 0x10, 0x10, 
   0xB1, 0x1C, 0x01, 0x2B, 0xB0, 0x09, 0xCD, 0xB1, 0x28, 0x01, 
   0x2B, 0xB1, 0x1C, 0x10, 0x11, 0x12, 0xB3, 0x05, 0x0C, 0x0D, 
   0x04, 0x24, 0x17, 0x39, 0x00, 0xB1, 0x22, 0x15, 0x11, 0x12, 
   0xB3, 0x01, 0x08, 0x09, 0x00, 0x24, 0x17, 0x39, 0x30, 0x31, 
   0x18, 0x01, 0x12, 0x36, 0x24, 0x20, 0x04, 0x16, 0x12, 0x10, 
   0x02, 0x06, 0x04, 0x20, 0x24, 0x26, 0x03, 0x14, 0x1E, 0x02, 
   0x33, 0x32, 0x37, 0x3E, 0x03, 0x35, 0x34, 0x2E, 0x01, 0x27, 
   0x26, 0x23, 0x22, 0x0E, 0x02, 0x7A, 0xCE, 0x01, 0x1C, 0x01, 
   0x38, 0x01, 0x1D, 0xCE, 0x7A, 0x7A, 0xCE, 0xFE, 0xE3, 0xFE, 
   0xC8, 0xFE, 0xE4, 0xCE, 0x28, 0x6D, 0xB8, 0xFE, 0x8B, 0x25, 
   0x2D, 0x5F, 0x83, 0x40, 0x19, 0x3F, 0x9A, 0x73, 0x2A, 0x17, 
   0x8B, 0xFE, 0xB8, 0x6D, 0x02, 0x65, 0x01, 0x38, 0x01, 0x1C, 
   0xCE, 0x7A, 0x7A, 0xCE, 0xFE, 0xE4, 0xFE, 0xC8, 0xFE, 0xE3, 
   0xCE, 0x7A, 0x7A, 0xCE, 0x01, 0xB9, 0x8C, 0xFE, 0xB8, 0x6D, 
   0x05, 0x3A, 0xA1, 0xBC, 0xAE, 0x65, 0x80, 0xF1, 0xEC, 0x4F, 
   0x02, 0x6D, 0xB8, 0xFE, 0x00, 0x00, 0x00, 0x02, 0x00, 0x00, 
   0x00, 0x00, 0x06, 0x01, 0x06, 0x01, 0x00, 0x0F, 0x00, 0x25, 
   0x00, 0x44, 0x00, 0xB2, 0x0D, 0x00, 0x00, 0x2B, 0xB0, 0x15, 
   0xCD, 0xB0, 0x21, 0x2F, 0xB0, 0x05, 0xCD, 0x01, 0xB0, 0x26, 
   0x2F, 0xB0, 0x01, 0xD6, 0xB0, 0x10, 0xCD, 0xB0, 0x10, 0x10, 
   0xB1, 0x1C, 0x01, 0x2B, 0xB0, 0x09, 0xCD, 0xB1, 0x27, 0x01, 
   0x2B, 0xB1, 0x1C, 0x10, 0x11, 0x12, 0xB3, 0x05, 0x0C, 0x0D, 
   0x04, 0x24, 0x17, 0x39, 0x00, 0xB1, 0x21, 0x15, 0x11, 0x12, 
   0xB3, 0x01, 0x08, 0x09, 0x00, 0x24, 0x17, 0x39, 0x30, 0x31, 
   0x18, 0x01, 0x12, 0x36, 0x24, 0x20, 0x04, 0x16, 0x12, 0x10, 
   0x02, 0x06, 0x04, 0x20, 0x24, 0x26, 0x03, 0x14, 0x1E, 0x02, 
   0x33, 0x32, 0x37, 0x3E, 0x03, 0x35, 0x34, 0x02, 0x27, 0x26, 
   0x23, 0x22, 0x0E, 0x02, 0x7A, 0xCE, 0x01, 0x1C, 0x01, 0x38, 
   0x01, 0x1D, 0xCE, 0x7A, 0x7A, 0xCE, 0xFE, 0xE3, 0xFE, 0xC8, 
   0xFE, 0xE4, 0xCE, 0x28, 0x6D, 0xB8, 0xFE, 0x8B, 0x22, 0x10, 
   0x50, 0x6C, 0x35, 0x15, 0x84, 0x8C, 0x0D, 0x1B, 0x8B, 0xFE, 
   0xB8, 0x6D, 0x02, 0x65, 0x01, 0x38, 0x01, 0x1C, 0xCE, 0x7A, 
   0x7A, 0xCE, 0xFE, 0xE4, 0xFE, 0xC8, 0xFE, 0xE3, 0xCE, 0x7A, 
   0x7A, 0xCE, 0x01, 0xB9, 0x8C, 0xFE, 0xB8, 0x6D, 0x01, 0x3E, 
   0xA4, 0xBB, 0xAC, 0x65, 0xC4, 0x01, 0x6D, 0x7C, 0x01, 0x6D, 
   0xB8, 0xFE, 0x00, 0x02, 0x00, 0x00, 0x00, 0x00, 0x06, 0x01, 
   0x06, 0x01, 0x00, 0x0F, 0x00, 0x23, 0x00, 0x44, 0x00, 0xB2, 
   0x0D, 0x00, 0x00, 0x2B, 0xB0, 0x15, 0xCD, 0xB0, 0x1F, 0x2F, 
   0xB0, 0x05, 0xCD, 0x01, 0xB0, 0x24, 0x2F, 0xB0, 0x01, 0xD6, 
   0xB0, 0x10, 0xCD, 0xB0, 0x10, 0x10, 0xB1, 0x1B, 0x01, 0x2B, 
   0xB0, 0x09, 0xCD, 0xB1, 0x25, 0x01, 0x2B, 0xB1, 0x1B, 0x10, 
   0x11, 0x12, 0xB3, 0x05, 0x0C, 0x0D, 0x04, 0x24, 0x17, 0x39, 
   0x00, 0xB1, 0x1F, 0x15, 0x11, 0x12, 0xB3, 0x01, 0x08, 0x09, 
   0x00, 0x24, 0x17, 0x39, 0x30, 0x31, 0x18, 0x01, 0x12, 0x36, 
   0x24, 0x20, 0x04, 0x16, 0x12, 0x10, 0x02, 0x06, 0x04, 0x20, 
   0x24, 0x26, 0x03, 0x14, 0x1E, 0x02, 0x3B, 0x01, 0x3E, 0x03, 
   0x35, 0x34, 0x02, 0x27, 0x23, 0x22, 0x0E, 0x02, 0x7A, 0xCE, 
   0x01, 0x1C, 0x01, 0x38, 0x01, 0x1D, 0xCE, 0x7A, 0x7A, 0xCE, 
   0xFE, 0xE3, 0xFE, 0xC8, 0xFE, 0xE4, 0xCE, 0x28, 0x6D, 0xB8, 
   0xFE, 0x8B, 0x1A, 0x3D, 0x53, 0x28, 0x10, 0x64, 0x6B, 0x13, 
   0x8B, 0xFE, 0xB8, 0x6D, 0x02, 0x65, 0x01, 0x38, 0x01, 0x1C, 
   0xCE, 0x7A, 0x7A, 0xCE, 0xFE, 0xE4, 0xFE, 0xC8, 0xFE, 0xE3, 
   0xCE, 0x7A, 0x7A, 0xCE, 0x01, 0xB9, 0x8C, 0xFE, 0xB8, 0x6D, 
   0x42, 0xA7, 0xB9, 0xA9, 0x64, 0xC1, 0x01, 0x67, 0x86, 0x6D, 
   0xB8, 0xFE, 0x00, 0x00, 0x00, 0x02, 0x00, 0x00, 0x00, 0x00, 
   0x06, 0x01, 0x06, 0x01, 0x00, 0x0F, 0x00, 0x22, 0x00, 0x44, 
   0x00, 0xB2, 0x0D, 0x00, 0x00, 0x2B, 0xB0, 0x15, 0xCD, 0xB0, 
   0x1E, 0x2F, 0xB0, 0x05, 0xCD, 0x01, 0xB0, 0x23, 0x2F, 0xB0, 
   0x01, 0xD6, 0xB0, 0x10, 0xCD, 0xB0, 0x10, 0x10, 0xB1, 0x1A, 
   0x01, 0x2B, 0xB0, 0x09, 0xCD, 0xB1, 0x24, 0x01, 0x2B, 0xB1, 
   0x1A, 0x10, 0x11, 0x12, 0xB3, 0x05, 0x0C, 0x0D, 0x04, 0x24, 
   0x17, 0x39, 0x00, 0xB1, 0x1E, 0x15, 0x11, 0x12, 0xB3, 0x01, 
   0x08, 0x09, 0x00, 0x24, 0x17, 0x39, 0x30, 0x31, 0x18, 0x01, 
   0x12, 0x36, 0x24, 0x20, 0x04, 0x16, 0x12, 0x10, 0x02, 0x06, 
   0x04, 0x20, 0x24, 0x26, 0x03, 0x14, 0x1E, 0x02, 0x33, 0x32, 
   0x37, 0x36, 0x12, 0x35, 0x10, 0x03, 0x26, 0x23, 0x22, 0x0E, 
   0x02, 0x7A, 0xCE, 0x01, 0x1C, 0x01, 0x38, 0x01, 0x1D, 0xCE, 
   0x7A, 0x7A, 0xCE, 0xFE, 0xE3, 0xFE, 0xC8, 0xFE, 0xE4, 0xCE, 
   0x28, 0x6D, 0xB8, 0xFE, 0x8B, 0x1B, 0x0D, 0x4F, 0x39, 0x8B, 
   0x0B, 0x1A, 0x8B, 0xFE, 0xB8, 0x6D, 0x02, 0x65, 0x01, 0x38, 
   0x01, 0x1C, 0xCE, 0x7A, 0x7A, 0xCE, 0xFE, 0xE4, 0xFE, 0xC8, 
   0xFE, 0xE3, 0xCE, 0x7A, 0x7A, 0xCE, 0x01, 0xB9, 0x8C, 0xFE, 
   0xB8, 0x6D, 0x01, 0x88, 0x01, 0x56, 0xD0, 0x01, 0x9B, 0x01, 
   0x12, 0x01, 0x6D, 0xB8, 0xFE, 0x00, 0x00, 0x02, 0x00, 0x00, 
   0x00, 0x00, 0x06, 0x01, 0x06, 0x01, 0x00, 0x0F, 0x00, 0x1F, 
   0x00, 0x49, 0x00, 0xB2, 0x0D, 0x00, 0x00, 0x2B, 0xB0, 0x15, 
   0xCD, 0xB0, 0x1B, 0x2F, 0xB0, 0x05, 0xCD, 0x01, 0xB0, 0x20, 
   0x2F, 0xB0, 0x01, 0xD6, 0xB0, 0x10, 0xCD, 0xB0, 0x10, 0x10, 
   0xB1, 0x18, 0x01, 0x2B, 0xB0, 0x09, 0xCD, 0xB1, 0x21, 0x01, 
   0x2B, 0xB1, 0x18, 0x10, 0x11, 0x12, 0xB1, 0x0D, 0x04, 0x39, 
   0x39, 0xB0, 0x09, 0x11, 0xB1, 0x05, 0x0C, 0x39, 0x39, 0x00, 
   0xB1, 0x1B, 0x15, 0x11, 0x12, 0xB3, 0x01, 0x08, 0x09, 0x00, 
   0x24, 0x17, 0x39, 0x30, 0x31, 0x18, 0x01, 0x12, 0x36, 0x24, 
   0x20, 0x04, 0x16, 0x12, 0x10, 0x02, 0x06, 0x04, 0x20, 0x24, 
   0x26, 0x03, 0x14, 0x1E, 0x02, 0x3B, 0x01, 0x12, 0x11, 0x10, 
   0x03, 0x23, 0x22, 0x0E, 0x02, 0x7A, 0xCE, 0x01, 0x1C, 0x01, 
   0x38, 0x01, 0x1D, 0xCE, 0x7A, 0x7A, 0xCE, 0xFE, 0xE3, 0xFE, 
   0xC8, 0xFE, 0xE4, 0xCE, 0x28, 0x6D, 0xB8, 0xFE, 0x8B, 0x1A, 
   0x45, 0x46, 0x19, 0x8B, 0xFE, 0xB8, 0x6D, 0x02, 0x65, 0x01, 
   0x38, 0x01, 0x1C, 0xCE, 0x7A, 0x7A, 0xCE, 0xFE, 0xE4, 0xFE, 
   0xC8, 0xFE, 0xE3, 0xCE, 0x7A, 0x7A, 0xCE, 0x01, 0xB9, 0x8C, 
   0xFE, 0xB8, 0x6D, 0x00, 0xFF, 0x01, 0xB0, 0x01, 0x87, 0x01, 
   0x27, 0x6D, 0xB8, 0xFE, 0x00, 0x02, 0x00, 0x00, 0x00, 0x00, 
   0x06, 0x01, 0x06, 0x01, 0x00, 0x0F, 0x00, 0x1C, 0x00, 0x49, 
   0x00, 0xB2, 0x0D, 0x00, 0x00, 0x2B, 0xB0, 0x15, 0xCD, 0xB0, 
   0x18, 0x2F, 0xB0, 0x05, 0xCD, 0x01, 0xB0, 0x1D, 0x2F, 0xB0, 
   0x01, 0xD6, 0xB0, 0x10, 0xCD, 0xB0, 0x10, 0x10, 0xB1, 0x16, 
   0x01, 0x2B, 0xB0, 0x09, 0xCD, 0xB1, 0x1E, 0x01, 0x2B, 0xB1, 
   0x16, 0x10, 0x11, 0x12, 0xB1, 0x0D, 0x04, 0x39, 0x39, 0xB0, 
   0x09, 0x11, 0xB1, 0x05, 0x0C, 0x39, 0x39, 0x00, 0xB1, 0x18, 
   0x15, 0x11, 0x12, 0xB3, 0x01, 0x08, 0x09, 0x00, 0x24, 0x17, 
   0x39, 0x30, 0x31, 0x18, 0x01, 0x12, 0x36, 0x24, 0x20, 0x04, 
   0x16, 0x12, 0x10, 0x02, 0x06, 0x04, 0x20, 0x24, 0x26, 0x03, 
   0x14, 0x1E, 0x02, 0x3B, 0x01, 0x11, 0x23, 0x22, 0x0E, 0x02, 
   0x7A, 0xCE, 0x01, 0x1C, 0x01, 0x38, 0x01, 0x1D, 0xCE, 0x7A, 
   0x7A, 0xCE, 0xFE, 0xE3, 0xFE, 0xC8, 0xFE, 0xE4, 0xCE, 0x28, 
   0x6D, 0xB8, 0xFE, 0x8B, 0x0E, 0x0E, 0x8B, 0xFE, 0xB8, 0x6D, 
   0x02, 0x65, 0x01, 0x38, 0x01, 0x1C, 0xCE, 0x7A, 0x7A, 0xCE, 
   0xFE, 0xE4, 0xFE, 0xC8, 0xFE, 0xE3, 0xCE, 0x7A, 0x7A, 0xCE, 
   0x01, 0xB9, 0x8C, 0xFE, 0xB8, 0x6D, 0x05, 0x5D, 0x6D, 0xB8, 
   0xFE, 0x00, 0x00, 0x00, 0x00, 0x02, 0x00, 0x00, 0x00, 0x00, 
   0x06, 0x01, 0x06, 0x01, 0x00, 0x0F, 0x00, 0x1F, 0x00, 0x4C, 
   0x00, 0xB2, 0x0D, 0x00, 0x00, 0x2B, 0xB0, 0x15, 0xCD, 0xB0, 
   0x1B, 0x2F, 0xB0, 0x05, 0xCD, 0x01, 0xB0, 0x20, 0x2F, 0xB0, 
   0x01, 0xD6, 0xB0, 0x10, 0xCD, 0xB0, 0x10, 0x10, 0xB1, 0x18, 
   0x01, 0x2B, 0xB0, 0x09, 0xCD, 0xB1, 0x21, 0x01, 0x2B, 0xB1, 
   0x18, 0x10, 0x11, 0x12, 0xB1, 0x0D, 0x04, 0x39, 0x39, 0xB0, 
   0x09, 0x11, 0xB3, 0x05, 0x0C, 0x16, 0x1A, 0x24, 0x17, 0x39, 
   0x00, 0xB1, 0x1B, 0x15, 0x11, 0x12, 0xB3, 0x01, 0x08, 0x09, 
   0x00, 0x24, 0x17, 0x39, 0x30, 0x31, 0x18, 0x01, 0x12, 0x36, 
   0x24, 0x20, 0x04, 0x16, 0x12, 0x10, 0x02, 0x06, 0x04, 0x20, 
   0x24, 0x26, 0x03, 0x14, 0x1E, 0x02, 0x3B, 0x01, 0x02, 0x11, 
   0x10, 0x13, 0x23, 0x22, 0x0E, 0x02, 0x7A, 0xCE, 0x01, 0x1C, 
   0x01, 0x38, 0x01, 0x1D, 0xCE, 0x7A, 0x7A, 0xCE, 0xFE, 0xE3, 
   0xFE, 0xC8, 0xFE, 0xE4, 0xCE, 0x28, 0x6D, 0xB8, 0xFE, 0x8B, 
   0x05, 0x3C, 0x3E, 0x07, 0x8B, 0xFE, 0xB8, 0x6D, 0x02, 0x65, 
   0x01, 0x38, 0x01, 0x1C, 0xCE, 0x7A, 0x7A, 0xCE, 0xFE, 0xE4, 
   0xFE, 0xC8, 0xFE, 0xE3, 0xCE, 0x7A, 0x7A, 0xCE, 0x01, 0xB9, 
   0x8C, 0xFE, 0xB8, 0x6D, 0x01, 0x11, 0x01, 0x9E, 0x01, 0x5B, 
   0x01, 0x53, 0x6D, 0xB8, 0xFE, 0x00, 0x00, 0x02, 0x00, 0x00, 
   0x00, 0x00, 0x06, 0x01, 0x06, 0x01, 0x00, 0x0F, 0x00, 0x1C, 
   0x00, 0x4C, 0x00, 0xB2, 0x0D, 0x00, 0x00, 0x2B, 0xB0, 0x15, 
   0xCD, 0xB0, 0x19, 0x2F, 0xB0, 0x05, 0xCD, 0x01, 0xB0, 0x1D, 
   0x2F, 0xB0, 0x01, 0xD6, 0xB0, 0x11, 0xCD, 0xB0, 0x11, 0x10, 
   0xB1, 0x17, 0x01, 0x2B, 0xB0, 0x09, 0xCD, 0xB1, 0x1E, 0x01, 
   0x2B, 0xB1, 0x17, 0x11, 0x11, 0x12, 0xB1, 0x0D, 0x04, 0x39, 
   0x39, 0xB0, 0x09, 0x11, 0xB3, 0x05, 0x0C, 0x15, 0x19, 0x24, 
   0x17, 0x39, 0x00, 0xB1, 0x19, 0x15, 0x11, 0x12, 0xB3, 0x01, 
   0x08, 0x09, 0x00, 0x24, 0x17, 0x39, 0x30, 0x31, 0x18, 0x01, 
   0x12, 0x36, 0x24, 0x20, 0x04, 0x16, 0x12, 0x10, 0x02, 0x06, 
   0x04, 0x20, 0x24, 0x26, 0x02, 0x10, 0x1E, 0x02, 0x17, 0x26, 
   0x11, 0x10, 0x13, 0x22, 0x0E, 0x01, 0x7A, 0xCE, 0x01, 0x1C, 
   0x01, 0x38, 0x01, 0x1D, 0xCE, 0x7A, 0x7A, 0xCE, 0xFE, 0xE3, 
   0xFE, 0xC8, 0xFE, 0xE4, 0xCE, 0x28, 0x6C, 0xB6, 0xFB, 0x8B, 
   0x77, 0x7B, 0x8B, 0xFD, 0xB7, 0x02, 0x65, 0x01, 0x38, 0x01, 
   0x1C, 0xCE, 0x7A, 0x7A, 0xCE, 0xFE, 0xE4, 0xFE, 0xC8, 0xFE, 
   0xE3, 0xCE, 0x7A, 0x7A, 0xCE, 0x02, 0x44, 0xFE, 0xEA, 0xFD, 
   0xB8, 0x6E, 0x01, 0xFD, 0x01, 0xB2, 0x01, 0x72, 0x01, 0x3C, 
   0x6E, 0xB8, 0x00, 0x00, 0x00, 0x02, 0x00, 0x00, 0x00, 0x00, 
   0x06, 0x01, 0x06, 0x01, 0x00, 0x0F, 0x00, 0x1D, 0x00, 0x44, 
   0x00, 0xB2, 0x0D, 0x00, 0x00, 0x2B, 0xB0, 0x15, 0xCD, 0xB0, 
   0x1A, 0x2F, 0xB0, 0x05, 0xCD, 0x01, 0xB0, 0x1E, 0x2F, 0xB0, 
   0x01, 0xD6, 0xB0, 0x10, 0xCD, 0xB0, 0x10, 0x10, 0xB1, 0x17, 
   0x01, 0x2B, 0xB0, 0x09, 0xCD, 0xB1, 0x1F, 0x01, 0x2B, 0xB1, 
   0x09, 0x17, 0x11, 0x12, 0xB3, 0x04, 0x0D, 0x15, 0x1A, 0x24, 
   0x17, 0x39, 0x00, 0xB1, 0x1A, 0x15, 0x11, 0x12, 0xB3, 0x01, 
   0x08, 0x09, 0x00, 0x24, 0x17, 0x39, 0x30, 0x31, 0x18, 0x01, 
   0x12, 0x36, 0x24, 0x20, 0x04, 0x16, 0x12, 0x10, 0x02, 0x06, 
   0x04, 0x20, 0x24, 0x26, 0x03, 0x14, 0x1E, 0x02, 0x17, 0x26, 
   0x11, 0x34, 0x12, 0x37, 0x06, 0x04, 0x02, 0x7A, 0xCE, 0x01, 
   0x1C, 0x01, 0x38, 0x01, 0x1D, 0xCE, 0x7A, 0x7A, 0xCE, 0xFE, 
   0xE3, 0xFE, 0xC8, 0xFE, 0xE4, 0xCE, 0x28, 0x69, 0xB3, 0xF8, 
   0x88, 0xAF, 0x5E, 0x56, 0xB8, 0xFE, 0xCB, 0xB4, 0x02, 0x65, 
   0x01, 0x38, 0x01, 0x1C, 0xCE, 0x7A, 0x7A, 0xCE, 0xFE, 0xE4, 
   0xFE, 0xC8, 0xFE, 0xE3, 0xCE, 0x7A, 0x7A, 0xCE, 0x01, 0xB9, 
   0x89, 0xFB, 0xB8, 0x6F, 0x04, 0xEE, 0x01, 0xC1, 0xBF, 0x01, 
   0x64, 0x8B, 0x03, 0xBA, 0xFE, 0xC7, 0x00, 0x00, 0x00, 0x02, 
   0x00, 0x00, 0x00, 0x00, 0x06, 0x01, 0x06, 0x01, 0x00, 0x0F, 
   0x00, 0x1E, 0x00, 0x3A, 0x00, 0xB0, 0x1B, 0x2F, 0xB0, 0x05, 
   0xCD, 0xB2, 0x1B, 0x05, 0x0A, 0x2B, 0xB3, 0x40, 0x1B, 0x0D, 
   0x09, 0x2B, 0x01, 0xB0, 0x1F, 0x2F, 0xB0, 0x01, 0xD6, 0xB0, 
   0x10, 0xCD, 0xB0, 0x10, 0x10, 0xB1, 0x18, 0x01, 0x2B, 0xB0, 
   0x09, 0xCD, 0xB1, 0x20, 0x01, 0x2B, 0xB1, 0x09, 0x18, 0x11, 
   0x12, 0xB3, 0x04, 0x0D, 0x15, 0x1B, 0x24, 0x17, 0x39, 0x00, 
   0x30, 0x31, 0x18, 0x01, 0x12, 0x36, 0x24, 0x20, 0x04, 0x16, 
   0x12, 0x10, 0x02, 0x06, 0x04, 0x20, 0x24, 0x26, 0x03, 0x14, 
   0x1E, 0x02, 0x17, 0x26, 0x02, 0x35, 0x34, 0x12, 0x37, 0x06, 
   0x04, 0x02, 0x7A, 0xCE, 0x01, 0x1C, 0x01, 0x38, 0x01, 0x1D, 
   0xCE, 0x7A, 0x7A, 0xCE, 0xFE, 0xE3, 0xFE, 0xC8, 0xFE, 0xE4, 
   0xCE, 0x28, 0x67, 0xAE, 0xF2, 0x86, 0x7F, 0x67, 0x7E, 0x70, 
   0xB5, 0xFE, 0xD0, 0xB0, 0x02, 0x65, 0x01, 0x38, 0x01, 0x1C, 
   0xCE, 0x7A, 0x7A, 0xCE, 0xFE, 0xE4, 0xFE, 0xC8, 0xFE, 0xE3, 
   0xCE, 0x7A, 0x7A, 0xCE, 0x01, 0xB9, 0x88, 0xF8, 0xB6, 0x72, 
   0x07, 0x7A, 0x01, 0x58, 0xDD, 0xC6, 0x01, 0x69, 0x7F, 0x07, 
   0xBB, 0xFE, 0xC9, 0x00, 0x00, 0x02, 0x00, 0x00, 0x00, 0x00, 
   0x06, 0x01, 0x06, 0x01, 0x00, 0x0F, 0x00, 0x1F, 0x00, 0x43, 
   0x00, 0xB2, 0x0D, 0x00, 0x00, 0x2B, 0xB0, 0x05, 0xCD, 0xB2, 
   0x0D, 0x00, 0x00, 0x2B, 0xB0, 0x05, 0xCD, 0x01, 0xB0, 0x20, 
   0x2F, 0xB0, 0x01, 0xD6, 0xB0, 0x10, 0xCD, 0xB0, 0x10, 0x10, 
   0xB1, 0x18, 0x01, 0x2B, 0xB0, 0x09, 0xCD, 0xB1, 0x21, 0x01, 
   0x2B, 0xB1, 0x09, 0x18, 0x11, 0x12, 0xB3, 0x04, 0x0D, 0x15, 
   0x1B, 0x24, 0x17, 0x39, 0x00, 0xB1, 0x05, 0x0D, 0x11, 0x12, 
   0xB1, 0x15, 0x1B, 0x39, 0x39, 0x30, 0x31, 0x18, 0x01, 0x12, 
   0x36, 0x24, 0x20, 0x04, 0x16, 0x12, 0x10, 0x02, 0x06, 0x04, 
   0x20, 0x24, 0x26, 0x03, 0x14, 0x1E, 0x02, 0x17, 0x26, 0x02, 
   0x35, 0x34, 0x12, 0x37, 0x0E, 0x03, 0x7A, 0xCE, 0x01, 0x1C, 
   0x01, 0x38, 0x01, 0x1D, 0xCE, 0x7A, 0x7A, 0xCE, 0xFE, 0xE3, 
   0xFE, 0xC8, 0xFE, 0xE4, 0xCE, 0x28, 0x5F, 0xA3, 0xE2, 0x7F, 
   0xB3, 0x93, 0xB4, 0xA0, 0x81, 0xE8, 0xA6, 0x62, 0x02, 0x65, 
   0x01, 0x38, 0x01, 0x1C, 0xCE, 0x7A, 0x7A, 0xCE, 0xFE, 0xE4, 
   0xFE, 0xC8, 0xFE, 0xE3, 0xCE, 0x7A, 0x7A, 0xCE, 0x01, 0xB9, 
   0x82, 0xF0, 0xB4, 0x77, 0x0E, 0x6A, 0x01, 0x58, 0xE9, 0xD4, 
   0x01, 0x6D, 0x6B, 0x0B, 0x75, 0xB6, 0xF2, 0x00, 0x00, 0x02, 
   0x00, 0x00, 0x00, 0x00, 0x06, 0x01, 0x06, 0x01, 0x00, 0x0F, 
   0x00, 0x1E, 0x00, 0x43, 0x00, 0xB2, 0x0D, 0x00, 0x00, 0x2B, 
   0xB0, 0x05, 0xCD, 0xB2, 0x0D, 0x00, 0x00, 0x2B, 0xB0, 0x05, 
   0xCD, 0x01, 0xB0, 0x1F, 0x2F, 0xB0, 0x01, 0xD6, 0xB0, 0x10, 
   0xCD, 0xB0, 0x10, 0x10, 0xB1, 0x18, 0x01, 0x2B, 0xB0, 0x09, 
   0xCD, 0xB1, 0x20, 0x01, 0x2B, 0xB1, 0x09, 0x18, 0x11, 0x12, 
   0xB3, 0x04, 0x0D, 0x13, 0x1B, 0x24, 0x17, 0x39, 0x00, 0xB1, 
   0x05, 0x0D, 0x11, 0x12, 0xB1, 0x13, 0x1B, 0x39, 0x39, 0x30, 
   0x31, 0x18, 0x01, 0x12, 0x36, 0x24, 0x20, 0x04, 0x16, 0x12, 
   0x10, 0x02, 0x06, 0x04, 0x20, 0x24, 0x26, 0x03, 0x14, 0x00, 
   0x17, 0x2E, 0x03, 0x35, 0x34, 0x12, 0x37, 0x06, 0x04, 0x02, 
   0x7A, 0xCE, 0x01, 0x1C, 0x01, 0x38, 0x01, 0x1D, 0xCE, 0x7A, 
   0x7A, 0xCE, 0xFE, 0xE3, 0xFE, 0xC8, 0xFE, 0xE4, 0xCE, 0x28, 
   0x01, 0x49, 0xF7, 0x67, 0x90, 0x4F, 0x23, 0xCC, 0xB3, 0xA7, 
   0xFE, 0xEF, 0x9E, 0x02, 0x65, 0x01, 0x38, 0x01, 0x1C, 0xCE, 
   0x7A, 0x7A, 0xCE, 0xFE, 0xE4, 0xFE, 0xC8, 0xFE, 0xE3, 0xCE, 
   0x7A, 0x7A, 0xCE, 0x01, 0xB9, 0xFE, 0xFE, 0x80, 0x29, 0x33, 
   0x92, 0xB2, 0xBE, 0x72, 0xD8, 0x01, 0x6D, 0x63, 0x15, 0xBE, 
   0xFE, 0xD6, 0x00, 0x01, 0x00, 0x00, 0x00, 0x00, 0x06, 0x01, 
   0x06, 0x01, 0x00, 0x0B, 0x00, 0x1B, 0x00, 0xB2, 0x04, 0x00, 
   0x00, 0x2B, 0xB0, 0x0A, 0xCD, 0x01, 0xB0, 0x0C, 0x2F, 0xB1, 
   0x01, 0x0B, 0x2B, 0xB0, 0x07, 0xCD, 0xB1, 0x0D, 0x01, 0x2B, 
   0x00, 0x30, 0x31, 0x18, 0x01, 0x12, 0x04, 0x20, 0x24, 0x12, 
   0x10, 0x02, 0x24, 0x20, 0x04, 0xCE, 0x01, 0x62, 0x01, 0xA2, 
   0x01, 0x61, 0xCE, 0xCE, 0xFE, 0x9F, 0xFE, 0x5E, 0xFE, 0x9E, 
   0x03, 0xD2, 0xFE, 0x5E, 0xFE, 0x9E, 0xCE, 0xCE, 0x01, 0x62, 
   0x01, 0xA2, 0x01, 0x61, 0xCE, 0xCE, 0x00, 0x01, 0x00, 0x00, 
   0x00, 0x01, 0x19, 0x99, 0x14, 0x41, 0xDD, 0x58, 0x5F, 0x0F, 
   0x3C, 0xF5, 0x00, 0x1F, 0x08, 0x00, 0x00, 0x00, 0x00, 0x00, 
   0xD1, 0xF9, 0x53, 0x38, 0x00, 0x00, 0x00, 0x00, 0xD1, 0xF9, 
   0x53, 0x38, 0xFF, 0xF6, 0xFD, 0x5A, 0x0C, 0x3D, 0x08, 0xC5, 
   0x00, 0x00, 0x00, 0x08, 0x00, 0x02, 0x00, 0x00, 0x00, 0x00, 
   0x00, 0x00, 0x00, 0x01, 0x00, 0x00, 0x08, 0xC5, 0xFD, 0x32, 
   0x00, 0x00, 0x0C, 0x3C, 0xFF, 0xF6, 0xFF, 0x48, 0x0C, 0x3D, 
   0x00, 0x01, 0x00, 0x00, 0x00, 0x00, 0x00, 0x00, 0x00, 0x00, 
   0x00, 0x00, 0x00, 0x00, 0x00, 0x00, 0x00, 0xE0, 0x02, 0xEC, 
   0x00, 0x44, 0x00, 0x00, 0x00, 0x00, 0x02, 0xAA, 0x00, 0x00, 
   0x02, 0xAD, 0x00, 0x00, 0x02, 0xAD, 0x00, 0x00, 0x04, 0x62, 
   0x00, 0x00, 0x08, 0xC5, 0x00, 0x00, 0x04, 0x62, 0x00, 0x00, 
   0x08, 0xC5, 0x00, 0x00, 0x02, 0xEC, 0x00, 0x00, 0x02, 0x31, 
   0x00, 0x00, 0x01, 0x76, 0x00, 0x00, 0x01, 0x76, 0x00, 0x00, 
   0x01, 0x18, 0x00, 0x00, 0x01, 0xC1, 0x00, 0x00, 0x00, 0x7C, 
   0x00, 0x00, 0x01, 0xC1, 0x00, 0x00, 0x02, 0x31, 0x00, 0x00, 
   0x02, 0x3B, 0x00, 0x00, 0x0C, 0x36, 0x00, 0x00, 0x0C, 0x21, 
   0x00, 0x00, 0x0B, 0x33, 0x00, 0x00, 0x0C, 0x3C, 0x00, 0x00, 
   0x0B, 0x44, 0x00, 0x00, 0x0B, 0x34, 0x00, 0x00, 0x0B, 0x45, 
   0x00, 0x00, 0x0B, 0x45, 0x00, 0x00, 0x0B, 0x3D, 0x00, 0x00, 
   0x0B, 0x34, 0x00, 0x00, 0x0B, 0x30, 0x00, 0x00, 0x0B, 0x30, 
   0x00, 0x00, 0x09, 0xED, 0x00, 0x00, 0x08, 0xDB, 0x00, 0x00, 
   0x0B, 0x43, 0x00, 0x00, 0x0B, 0x3B, 0x00, 0x00, 0x09, 0x7C, 
   0x00, 0x00, 0x09, 0xEB, 0x00, 0x00, 0x09, 0x42, 0x00, 0x00, 
   0x0A, 0x51, 0x00, 0x00, 0x08, 0xA2, 0x00, 0x00, 0x05, 0xDE, 
   0x00, 0x00, 0x08, 0xA1, 0x00, 0x00, 0x08, 0xA5, 0x00, 0x00, 
   0x08, 0xA3, 0x00, 0x00, 0x08, 0xAA, 0x00, 0x00, 0x08, 0xA3, 
   0x00, 0x00, 0x08, 0xA2, 0x00, 0x00, 0x08, 0xA4, 0x00, 0x00, 
   0x08, 0xA5, 0x00, 0x00, 0x08, 0xA1, 0x00, 0x00, 0x0A, 0x04, 
   0x00, 0x00, 0x0A, 0x8B, 0x00, 0x00, 0x09, 0x15, 0x00, 0x00, 
   0x09, 0x10, 0x00, 0x00, 0x09, 0x1C, 0x00, 0x00, 0x09, 0x1D, 
   0x00, 0x00, 0x09, 0x1B, 0x00, 0x00, 0x09, 0x1B, 0x00, 0x00, 
   0x09, 0x1B, 0x00, 0x00, 0x09, 0x13, 0x00, 0x00, 0x09, 0x18, 
   0x00, 0x00, 0x09, 0x1A, 0x00, 0x00, 0x05, 0xE8, 0x00, 0x00, 
   0x09, 0xF4, 0x00, 0x00, 0x0A, 0x79, 0x00, 0x00, 0x08, 0xEA, 
   0x00, 0x00, 0x08, 0xF6, 0x00, 0x00, 0x08, 0xED, 0x00, 0x00, 
   0x09, 0x03, 0x00, 0x00, 0x09, 0x13, 0x00, 0x00, 0x08, 0xF3, 
   0x00, 0x00, 0x08, 0xF5, 0x00, 0x00, 0x08, 0xF9, 0x00, 0x00, 
   0x08, 0xF8, 0xFF, 0xFE, 0x08, 0xF6, 0x00, 0x00, 0x08, 0xF0, 
   0x00, 0x00, 0x04, 0x60, 0x00, 0x00, 0x08, 0xA8, 0x00, 0x00, 
   0x08, 0xA4, 0x00, 0x00, 0x08, 0xA3, 0x00, 0x00, 0x08, 0xA8, 
   0x00, 0x00, 0x01, 0x82, 0x00, 0x00, 0x02, 0xA5, 0x00, 0x00, 
   0x02, 0xB2, 0x00, 0x00, 0x04, 0x72, 0x00, 0x00, 0x09, 0x14, 
   0x00, 0x00, 0x08, 0x64, 0x00, 0x00, 0x04, 0x38, 0x00, 0x00, 
   0x04, 0x60, 0x00, 0x28, 0x0A, 0x48, 0x00, 0x00, 0x02, 0xAE, 
   0x00, 0x00, 0x04, 0x5B, 0x00, 0x00, 0x04, 0x39, 0x00, 0x01, 
   0x03, 0x53, 0x00, 0x00, 0x09, 0xEB, 0x00, 0x00, 0x0A, 0x35, 
   0x00, 0x00, 0x0A, 0x19, 0x00, 0x00, 0x04, 0x3D, 0x00, 0x00, 
   0x02, 0x1A, 0x00, 0x00, 0x04, 0x3D, 0x00, 0x00, 0x05, 0xCC, 
   0x00, 0x00, 0x02, 0xA4, 0x00, 0x00, 0x02, 0xB3, 0x00, 0x01, 
   0x05, 0xFD, 0x00, 0x00, 0x05, 0xFD, 0x00, 0x00, 0x05, 0xFD, 
   0x00, 0x00, 0x06, 0x01, 0x00, 0x00, 0x06, 0x01, 0x00, 0x00, 
   0x05, 0xFD, 0x00, 0x00, 0x06, 0x02, 0x00, 0x00, 0x06, 0x05, 
   0x00, 0x00, 0x07, 0x18, 0x00, 0x00, 0x06, 0x64, 0x00, 0x00, 
   0x08, 0xA3, 0x00, 0x00, 0x0B, 0x30, 0x00, 0x00, 0x08, 0xF9, 
   0x00, 0x00, 0x09, 0x1B, 0x00, 0x00, 0x0B, 0x43, 0x00, 0x00, 
   0x0B, 0x43, 0x00, 0x00, 0x09, 0x18, 0x00, 0x00, 0x0B, 0x43, 
   0x00, 0x00, 0x08, 0xFA, 0x00, 0x00, 0x09, 0x18, 0x00, 0x00, 
   0x08, 0xDB, 0x00, 0x00, 0x04, 0x56, 0x00, 0x00, 0x06, 0x98, 
   0x00, 0x00, 0x09, 0x0D, 0x00, 0x00, 0x03, 0x4A, 0x00, 0x03, 
   0x07, 0x36, 0x00, 0x00, 0x06, 0x21, 0x00, 0x76, 0x06, 0x49, 
   0x00, 0x00, 0x08, 0x06, 0x00, 0x00, 0x04, 0x56, 0x00, 0x01, 
   0x06, 0x1A, 0x00, 0x01, 0x05, 0xEA, 0xFF, 0xF6, 0x06, 0xC9, 
   0x00, 0x01, 0x06, 0xEB, 0xFF, 0xF8, 0x09, 0x35, 0x00, 0x00, 
   0x09, 0x84, 0xFF, 0xFF, 0x09, 0x84, 0x00, 0x00, 0x06, 0xDB, 
   0x00, 0x00, 0x09, 0xEB, 0x00, 0x00, 0x06, 0xDB, 0x00, 0x00, 
   0x08, 0xA8, 0x00, 0x03, 0x0B, 0x44, 0x00, 0x00, 0x09, 0x0C, 
   0x00, 0x00, 0x02, 0xA4, 0xFF, 0xFF, 0x02, 0xA5, 0x00, 0x00, 
   0x06, 0x01, 0x00, 0x00, 0x06, 0x01, 0x00, 0x00, 0x06, 0x01, 
   0x00, 0x00, 0x06, 0x01, 0x00, 0x00, 0x06, 0x01, 0x00, 0x00, 
   0x06, 0x01, 0x00, 0x00, 0x06, 0x01, 0x00, 0x00, 0x06, 0x01, 
   0x00, 0x00, 0x06, 0x01, 0x00, 0x00, 0x06, 0x01, 0x00, 0x00, 
   0x06, 0x01, 0x00, 0x00, 0x06, 0x01, 0x00, 0x00, 0x06, 0x01, 
   0x00, 0x00, 0x06, 0x01, 0x03, 0x01, 0x06, 0x01, 0x03, 0x01, 
   0x06, 0x01, 0x03, 0x01, 0x06, 0x01, 0x03, 0x01, 0x06, 0x01, 
   0x03, 0x00, 0x06, 0x01, 0x03, 0x00, 0x06, 0x01, 0x03, 0x01, 
   0x06, 0x01, 0x02, 0xB7, 0x06, 0x01, 0x02, 0x6E, 0x06, 0x01, 
   0x02, 0x26, 0x06, 0x01, 0x01, 0xDD, 0x06, 0x01, 0x01, 0x93, 
   0x06, 0x01, 0x01, 0x4A, 0x06, 0x01, 0x00, 0x00, 0x06, 0x01, 
   0x00, 0x00, 0x06, 0x01, 0x00, 0x00, 0x06, 0x01, 0x00, 0x00, 
   0x06, 0x01, 0x00, 0x00, 0x06, 0x01, 0x00, 0x00, 0x06, 0x01, 
   0x00, 0x00, 0x06, 0x01, 0x00, 0x00, 0x06, 0x01, 0x00, 0x00, 
   0x06, 0x01, 0x00, 0x00, 0x06, 0x01, 0x00, 0x00, 0x06, 0x01, 
   0x00, 0x00, 0x06, 0x01, 0x00, 0x00, 0x06, 0x01, 0x00, 0x00, 
   0x06, 0x01, 0x00, 0x00, 0x0B, 0x43, 0x00, 0x00, 0x08, 0xFA, 
   0x00, 0x00, 0x09, 0x18, 0x00, 0x00, 0x09, 0x18, 0x00, 0x00, 
   0x08, 0xDB, 0x00, 0x00, 0x08, 0x65, 0x00, 0x09, 0x07, 0xC6, 
   0x00, 0x09, 0x08, 0x75, 0x00, 0x09, 0x08, 0x61, 0x00, 0x09, 
   0x08, 0x6B, 0x00, 0x09, 0x08, 0x6E, 0x00, 0x09, 0x08, 0x78, 
   0x00, 0x09, 0x08, 0x8B, 0x00, 0x09, 0x08, 0x69, 0x00, 0x09, 
   0x08, 0x55, 0x00, 0x09, 0x09, 0xF1, 0x00, 0x09, 0x08, 0xAB, 
   0x00, 0x09, 0x0A, 0x03, 0x00, 0x09, 0x0A, 0x94, 0x00, 0x01, 
   0x08, 0x46, 0x00, 0x00, 0x08, 0x20, 0x00, 0x00, 0x06, 0x5C, 
   0x00, 0x01, 0x06, 0x6E, 0x00, 0x0B, 0x06, 0x0D, 0x00, 0x07, 
   0x06, 0x0D, 0x00, 0x00, 0x08, 0xF6, 0x00, 0x00, 0x04, 0x53, 
   0x00, 0x00, 0x03, 0x9B, 0x00, 0x00, 0x04, 0x5D, 0x00, 0x00, 
   0x06, 0x01, 0x00, 0x00, 0x06, 0x01, 0x00, 0x00, 0x06, 0x01, 
   0x00, 0x00, 0x06, 0x01, 0x00, 0x00, 0x06, 0xDB, 0x00, 0x00, 
   0x06, 0x01, 0x00, 0x00, 0x00, 0x00, 0x00, 0x00, 0x00, 0x00, 
   0x00, 0x00, 0x00, 0x00, 0x00, 0x00, 0x00, 0x00, 0x00, 0x00, 
   0x00, 0x00, 0x00, 0x00, 0x00, 0x00, 0x00, 0x00, 0x00, 0x00, 
   0x00, 0x00, 0x00, 0x00, 0x00, 0x00, 0x00, 0x00, 0x00, 0x00, 
   0x00, 0x00, 0x00, 0x00, 0x00, 0x00, 0x00, 0x00, 0x00, 0x00, 
   0x00, 0x00, 0x00, 0x00, 0x00, 0x2C, 0x00, 0x2C, 0x00, 0x2C, 
   0x00, 0x2C, 0x00, 0x2C, 0x00, 0x2C, 0x00, 0x2C, 0x00, 0x2C, 
   0x00, 0x2C, 0x00, 0x2C, 0x00, 0x2C, 0x00, 0x2C, 0x00, 0x2C, 
   0x00, 0x2C, 0x00, 0x2C, 0x00, 0x2C, 0x00, 0x2C, 0x00, 0x2C, 
   0x00, 0x34, 0x02, 0x0E, 0x03, 0x96, 0x04, 0xE8, 0x06, 0x70, 
   0x07, 0xDA, 0x09, 0x5E, 0x0A, 0xFA, 0x0C, 0x58, 0x0E, 0x4C, 
   0x0F, 0xB4, 0x10, 0xF0, 0x12, 0x9E, 0x14, 0x04, 0x15, 0x4E, 
   0x16, 0xA4, 0x17, 0xCA, 0x18, 0xDE, 0x19, 0x96, 0x1A, 0x68, 
   0x1B, 0x14, 0x1C, 0x96, 0x1C, 0xD2, 0x1F, 0x2E, 0x20, 0x6E, 
   0x21, 0xA0, 0x23, 0xB0, 0x24, 0xE0, 0x25, 0xDA, 0x27, 0x90, 
   0x28, 0xB0, 0x29, 0x14, 0x2A, 0x70, 0x2B, 0x7E, 0x2D, 0x46, 
   0x2E, 0x40, 0x2F, 0x9A, 0x31, 0x2A, 0x32, 0x9C, 0x34, 0xD6, 
   0x36, 0x60, 0x37, 0xA8, 0x39, 0x7C, 0x3A, 0xD2, 0x3B, 0x24, 
   0x3C, 0x54, 0x3D, 0x32, 0x3D, 0xD6, 0x3F, 0x78, 0x40, 0x4E, 
   0x41, 0x88, 0x42, 0xD6, 0x44, 0x1C, 0x46, 0x50, 0x47, 0xAC, 
   0x48, 0xCA, 0x4A, 0x5A, 0x4B, 0x90, 0x4C, 0x46, 0x4D, 0x08, 
   0x4D, 0xF4, 0x4E, 0xB8, 0x4F, 0x34, 0x4F, 0x74, 0x4F, 0xAE, 
   0x4F, 0xE8, 0x50, 0x60, 0x51, 0x82, 0x52, 0x34, 0x52, 0x62, 
   0x53, 0x8E, 0x54, 0x64, 0x54, 0xAA, 0x55, 0x08, 0x55, 0x44, 
   0x55, 0xA8, 0x56, 0x30, 0x57, 0x6A, 0x58, 0x9A, 0x59, 0x10, 
   0x59, 0x46, 0x59, 0xE4, 0x5B, 0x34, 0x5B, 0x6C, 0x5B, 0xA2, 
   0x5C, 0x1C, 0x5C, 0x96, 0x5D, 0x10, 0x5D, 0x88, 0x5E, 0x02, 
   0x5E, 0x7C, 0x5E, 0xF6, 0x5F, 0x70, 0x60, 0x34, 0x61, 0x7A, 
   0x62, 0xE4, 0x64, 0x20, 0x65, 0xBA, 0x67, 0x68, 0x68, 0xBE, 
   0x6A, 0x6A, 0x6C, 0x3C, 0x6D, 0x74, 0x6E, 0xCE, 0x70, 0x48, 
   0x71, 0x94, 0x71, 0xEA, 0x72, 0x80, 0x74, 0x5E, 0x74, 0xE0, 
   0x75, 0x3E, 0x75, 0xB6, 0x76, 0xFC, 0x77, 0x4C, 0x77, 0x7E, 
   0x78, 0x4E, 0x79, 0x0A, 0x79, 0x3E, 0x7A, 0x0A, 0x7B, 0x3A, 
   0x7B, 0xF6, 0x7C, 0xB6, 0x7D, 0x92, 0x7F, 0x3C, 0x7F, 0xDC, 
   0x80, 0xDA, 0x82, 0xA0, 0x83, 0x7C, 0x83, 0xC2, 0x84, 0x06, 
   0x84, 0x82, 0x85, 0x0A, 0x85, 0x92, 0x86, 0x2A, 0x86, 0xB0, 
   0x87, 0x36, 0x87, 0xB0, 0x88, 0x36, 0x88, 0xBC, 0x89, 0x52, 
   0x89, 0xDA, 0x8A, 0x60, 0x8A, 0xC0, 0x8A, 0xEE, 0x8B, 0x18, 
   0x8B, 0x40, 0x8B, 0x68, 0x8B, 0x8C, 0x8B, 0xB0, 0x8B, 0xCE, 
   0x8B, 0xF2, 0x8C, 0x16, 0x8C, 0x40, 0x8C, 0x6C, 0x8C, 0x98, 
   0x8C, 0xC4, 0x8C, 0xEE, 0x8D, 0x1A, 0x8D, 0x42, 0x8D, 0x6C, 
   0x8D, 0x94, 0x8D, 0xB8, 0x8D, 0xDE, 0x8D, 0xFC, 0x8E, 0x1E, 
   0x8E, 0x40, 0x8E, 0x64, 0x8E, 0x8A, 0x8E, 0xB2, 0x8E, 0xDE, 
   0x8F, 0x56, 0x90, 0xDA, 0x92, 0xF6, 0x94, 0x2C, 0x95, 0x4C, 
   0x96, 0xEA, 0x97, 0xC6, 0x98, 0x7E, 0x99, 0x68, 0x9A, 0x76, 
   0x9B, 0x58, 0x9C, 0x36, 0x9D, 0x34, 0x9D, 0xE0, 0x9F, 0x16, 
   0xA0, 0x14, 0xA1, 0x14, 0xA1, 0xF0, 0xA2, 0xFC, 0xA4, 0x92, 
   0xA5, 0xDA, 0xA6, 0xD8, 0xA7, 0xA0, 0xA8, 0x54, 0xA8, 0xCE, 
   0xA9, 0x46, 0xAA, 0x90, 0xAA, 0xAE, 0xAA, 0xD2, 0xAB, 0x0E, 
   0xAB, 0x66, 0xAB, 0xC0, 0xAC, 0x1C, 0xAC, 0x78, 0xAC, 0xD4, 
   0xAD, 0x2E, 0xAD, 0x8C, 0xAD, 0xE4, 0xAE, 0x42, 0xAE, 0xA2, 
   0xAF, 0x04, 0xAF, 0x66, 0xAF, 0xC8, 0xB0, 0x30, 0xB0, 0x90, 
   0xB0, 0xF0, 0xB1, 0x54, 0xB1, 0xB6, 0xB2, 0x16, 0xB2, 0x76, 
   0xB2, 0xD4, 0xB3, 0x2E, 0xB3, 0x8E, 0xB3, 0xEC, 0xB4, 0x48, 
   0xB4, 0xA0, 0xB4, 0xFC, 0xB5, 0x58, 0xB5, 0x82, 0x00, 0x01, 
   0x00, 0x00, 0x00, 0xF7, 0x01, 0x58, 0x00, 0x10, 0x00, 0x00, 
   0x00, 0x00, 0x00, 0x02, 0x00, 0x01, 0x00, 0x02, 0x00, 0x16, 
   0x00, 0x00, 0x01, 0x00, 0x02, 0x6F, 0x00, 0x00, 0x00, 0x00, 
   0x00, 0x00, 0x00, 0x0E, 0x00, 0xAE, 0x00, 0x03, 0x00, 0x01, 
   0x04, 0x09, 0x00, 0x00, 0x00, 0xE6, 0x00, 0x00, 0x00, 0x03, 
   0x00, 0x01, 0x04, 0x09, 0x00, 0x01, 0x00, 0x1A, 0x00, 0xE6, 
   0x00, 0x03, 0x00, 0x01, 0x04, 0x09, 0x00, 0x02, 0x00, 0x0E, 
   0x01, 0x00, 0x00, 0x03, 0x00, 0x01, 0x04, 0x09, 0x00, 0x03, 
   0x00, 0x3E, 0x01, 0x0E, 0x00, 0x03, 0x00, 0x01, 0x04, 0x09, 
   0x00, 0x04, 0x00, 0x2A, 0x01, 0x4C, 0x00, 0x03, 0x00, 0x01, 
   0x04, 0x09, 0x00, 0x05, 0x00, 0x78, 0x01, 0x76, 0x00, 0x03, 
   0x00, 0x01, 0x04, 0x09, 0x00, 0x06, 0x00, 0x28, 0x01, 0xEE, 
   0x00, 0x03, 0x00, 0x01, 0x04, 0x09, 0x00, 0x09, 0x00, 0x4A, 
   0x02, 0x16, 0x00, 0x03, 0x00, 0x01, 0x04, 0x09, 0x00, 0x0C, 
   0x00, 0x5C, 0x02, 0x60, 0x00, 0x03, 0x00, 0x01, 0x04, 0x09, 
   0x00, 0xC8, 0x00, 0x16, 0x02, 0xBC, 0x00, 0x03, 0x00, 0x01, 
   0x04, 0x09, 0x00, 0xC9, 0x00, 0x30, 0x02, 0xD2, 0x00, 0x03, 
   0x00, 0x01, 0x04, 0x09, 0x00, 0xCA, 0x00, 0x0E, 0x03, 0x02, 
   0x00, 0x03, 0x00, 0x01, 0x04, 0x09, 0x00, 0xCB, 0x00, 0x0E, 
   0x03, 0x10, 0x00, 0x03, 0x00, 0x01, 0x04, 0x09, 0xD9, 0x03, 
   0x00, 0x1A, 0x03, 0x1E, 0x00, 0x57, 0x00, 0x65, 0x00, 0x61, 
   0x00, 0x74, 0x00, 0x68, 0x00, 0x65, 0x00, 0x72, 0x00, 0x20, 
   0x00, 0x49, 0x00, 0x63, 0x00, 0x6F, 0x00, 0x6E, 0x00, 0x73, 
   0x00, 0x20, 0x00, 0x6C, 0x00, 0x69, 0x00, 0x63, 0x00, 0x65, 
   0x00, 0x6E, 0x00, 0x73, 0x00, 0x65, 0x00, 0x64, 0x00, 0x20, 
   0x00, 0x75, 0x00, 0x6E, 0x00, 0x64, 0x00, 0x65, 0x00, 0x72, 
   0x00, 0x20, 0x00, 0x53, 0x00, 0x49, 0x00, 0x4C, 0x00, 0x20, 
   0x00, 0x4F, 0x00, 0x46, 0x00, 0x4C, 0x00, 0x20, 0x00, 0x31, 
   0x00, 0x2E, 0x00, 0x31, 0x00, 0x20, 0x20, 0x14, 0x00, 0x20, 
   0x00, 0x43, 0x00, 0x6F, 0x00, 0x64, 0x00, 0x65, 0x00, 0x20, 
   0x00, 0x6C, 0x00, 0x69, 0x00, 0x63, 0x00, 0x65, 0x00, 0x6E, 
   0x00, 0x73, 0x00, 0x65, 0x00, 0x64, 0x00, 0x20, 0x00, 0x75, 
   0x00, 0x6E, 0x00, 0x64, 0x00, 0x65, 0x00, 0x72, 0x00, 0x20, 
   0x00, 0x4D, 0x00, 0x49, 0x00, 0x54, 0x00, 0x20, 0x00, 0x4C, 
   0x00, 0x69, 0x00, 0x63, 0x00, 0x65, 0x00, 0x6E, 0x00, 0x73, 
   0x00, 0x65, 0x00, 0x20, 0x20, 0x14, 0x00, 0x20, 0x00, 0x44, 
   0x00, 0x6F, 0x00, 0x63, 0x00, 0x75, 0x00, 0x6D, 0x00, 0x65, 
   0x00, 0x6E, 0x00, 0x74, 0x00, 0x61, 0x00, 0x74, 0x00, 0x69, 
   0x00, 0x6F, 0x00, 0x6E, 0x00, 0x20, 0x00, 0x6C, 0x00, 0x69, 
   0x00, 0x63, 0x00, 0x65, 0x00, 0x6E, 0x00, 0x73, 0x00, 0x65, 
   0x00, 0x64, 0x00, 0x20, 0x00, 0x75, 0x00, 0x6E, 0x00, 0x64, 
   0x00, 0x65, 0x00, 0x72, 0x00, 0x20, 0x00, 0x43, 0x00, 0x43, 
   0x00, 0x20, 0x00, 0x42, 0x00, 0x59, 0x00, 0x20, 0x00, 0x33, 
   0x00, 0x2E, 0x00, 0x30, 0x00, 0x57, 0x00, 0x65, 0x00, 0x61, 
   0x00, 0x74, 0x00, 0x68, 0x00, 0x65, 0x00, 0x72, 0x00, 0x20, 
   0x00, 0x49, 0x00, 0x63, 0x00, 0x6F, 0x00, 0x6E, 0x00, 0x73, 
   0x00, 0x52, 0x00, 0x65, 0x00, 0x67, 0x00, 0x75, 0x00, 0x6C, 
   0x00, 0x61, 0x00, 0x72, 0x00, 0x31, 0x00, 0x2E, 0x00, 0x31, 
   0x00, 0x30, 0x00, 0x30, 0x00, 0x3B, 0x00, 0x55, 0x00, 0x4B, 
   0x00, 0x57, 0x00, 0x4E, 0x00, 0x3B, 0x00, 0x57, 0x00, 0x65, 
   0x00, 0x61, 0x00, 0x74, 0x00, 0x68, 0x00, 0x65, 0x00, 0x72, 
   0x00, 0x49, 0x00, 0x63, 0x00, 0x6F, 0x00, 0x6E, 0x00, 0x73, 
   0x00, 0x2D, 0x00, 0x52, 0x00, 0x65, 0x00, 0x67, 0x00, 0x75, 
   0x00, 0x6C, 0x00, 0x61, 0x00, 0x72, 0x00, 0x57, 0x00, 0x65, 
   0x00, 0x61, 0x00, 0x74, 0x00, 0x68, 0x00, 0x65, 0x00, 0x72, 
   0x00, 0x20, 0x00, 0x49, 0x00, 0x63, 0x00, 0x6F, 0x00, 0x6E, 
   0x00, 0x73, 0x00, 0x20, 0x00, 0x52, 0x00, 0x65, 0x00, 0x67, 
   0x00, 0x75, 0x00, 0x6C, 0x00, 0x61, 0x00, 0x72, 0x00, 0x56, 
   0x00, 0x65, 0x00, 0x72, 0x00, 0x73, 0x00, 0x69, 0x00, 0x6F, 
   0x00, 0x6E, 0x00, 0x20, 0x00, 0x31, 0x00, 0x2E, 0x00, 0x31, 
   0x00, 0x30, 0x00, 0x30, 0x00, 0x3B, 0x00, 0x50, 0x00, 0x53, 
   0x00, 0x20, 0x00, 0x30, 0x00, 0x30, 0x00, 0x31, 0x00, 0x2E, 
   0x00, 0x31, 0x00, 0x30, 0x00, 0x30, 0x00, 0x3B, 0x00, 0x68, 
   0x00, 0x6F, 0x00, 0x74, 0x00, 0x63, 0x00, 0x6F, 0x00, 0x6E, 
   0x00, 0x76, 0x00, 0x20, 0x00, 0x31, 0x00, 0x2E, 0x00, 0x30, 
   0x00, 0x2E, 0x00, 0x37, 0x00, 0x30, 0x00, 0x3B, 0x00, 0x6D, 
   0x00, 0x61, 0x00, 0x6B, 0x00, 0x65, 0x00, 0x6F, 0x00, 0x74, 
   0x00, 0x66, 0x00, 0x2E, 0x00, 0x6C, 0x00, 0x69, 0x00, 0x62, 
   0x00, 0x32, 0x00, 0x2E, 0x00, 0x35, 0x00, 0x2E, 0x00, 0x35, 
   0x00, 0x38, 0x00, 0x33, 0x00, 0x32, 0x00, 0x39, 0x00, 0x57, 
   0x00, 0x65, 0x00, 0x61, 0x00, 0x74, 0x00, 0x68, 0x00, 0x65, 
   0x00, 0x72, 0x00, 0x49, 0x00, 0x63, 0x00, 0x6F, 0x00, 0x6E, 
   0x00, 0x73, 0x00, 0x2D, 0x00, 0x52, 0x00, 0x65, 0x00, 0x67, 
   0x00, 0x75, 0x00, 0x6C, 0x00, 0x61, 0x00, 0x72, 0x00, 0x45, 
   0x00, 0x72, 0x00, 0x69, 0x00, 0x6B, 0x00, 0x20, 0x00, 0x46, 
   0x00, 0x6C, 0x00, 0x6F, 0x00, 0x77, 0x00, 0x65, 0x00, 0x72, 
   0x00, 0x73, 0x00, 0x2C, 0x00, 0x20, 0x00, 0x4C, 0x00, 0x75, 
   0x00, 0x6B, 0x00, 0x61, 0x00, 0x73, 0x00, 0x20, 0x00, 0x42, 
   0x00, 0x69, 0x00, 0x73, 0x00, 0x63, 0x00, 0x68, 0x00, 0x6F, 
   0x00, 0x66, 0x00, 0x66, 0x00, 0x20, 0x00, 0x28, 0x00, 0x76, 
   0x00, 0x31, 0x00, 0x20, 0x00, 0x41, 0x00, 0x72, 0x00, 0x74, 
   0x00, 0x29, 0x00, 0x68, 0x00, 0x74, 0x00, 0x74, 0x00, 0x70, 
   0x00, 0x3A, 0x00, 0x2F, 0x00, 0x2F, 0x00, 0x77, 0x00, 0x77, 
   0x00, 0x77, 0x00, 0x2E, 0x00, 0x68, 0x00, 0x65, 0x00, 0x6C, 
   0x00, 0x6C, 0x00, 0x6F, 0x00, 0x65, 0x00, 0x72, 0x00, 0x69, 
   0x00, 0x6B, 0x00, 0x2E, 0x00, 0x63, 0x00, 0x6F, 0x00, 0x6D, 
   0x00, 0x2C, 0x00, 0x20, 0x00, 0x68, 0x00, 0x74, 0x00, 0x74, 
   0x00, 0x70, 0x00, 0x3A, 0x00, 0x2F, 0x00, 0x2F, 0x00, 0x77, 
   0x00, 0x77, 0x00, 0x77, 0x00, 0x2E, 0x00, 0x61, 0x00, 0x72, 
   0x00, 0x74, 0x00, 0x69, 0x00, 0x6C, 0x00, 0x6C, 0x00, 0x2E, 
   0x00, 0x64, 0x00, 0x65, 0x00, 0x57, 0x00, 0x65, 0x00, 0x62, 
   0x00, 0x66, 0x00, 0x6F, 0x00, 0x6E, 0x00, 0x74, 0x00, 0x20, 
   0x00, 0x31, 0x00, 0x2E, 0x00, 0x30, 0x00, 0x54, 0x00, 0x75, 
   0x00, 0x65, 0x00, 0x20, 0x00, 0x41, 0x00, 0x75, 0x00, 0x67, 
   0x00, 0x20, 0x00, 0x31, 0x00, 0x38, 0x00, 0x20, 0x00, 0x31, 
   0x00, 0x37, 0x00, 0x3A, 0x00, 0x32, 0x00, 0x35, 0x00, 0x3A, 
   0x00, 0x31, 0x00, 0x32, 0x00, 0x20, 0x00, 0x32, 0x00, 0x30, 
   0x00, 0x31, 0x00, 0x35, 0x00, 0x64, 0x00, 0x65, 0x00, 0x66, 
   0x00, 0x61, 0x00, 0x75, 0x00, 0x6C, 0x00, 0x74, 0x00, 0x70, 
   0x00, 0x65, 0x00, 0x72, 0x00, 0x73, 0x00, 0x65, 0x00, 0x75, 
   0x00, 0x73, 0x00, 0x46, 0x00, 0x6F, 0x00, 0x6E, 0x00, 0x74, 
   0x00, 0x20, 0x00, 0x53, 0x00, 0x71, 0x00, 0x75, 0x00, 0x69, 
   0x00, 0x72, 0x00, 0x72, 0x00, 0x65, 0x00, 0x6C, 0x00, 0x00, 
   0x00, 0x02, 0x00, 0x00, 0x00, 0x00, 0x00, 0x00, 0xFF, 0xAB, 
   0x00, 0x39, 0x00, 0x00, 0x00, 0x00, 0x00, 0x00, 0x00, 0x00, 
   0x00, 0x00, 0x00, 0x00, 0x00, 0x00, 0x00, 0x00, 0x00, 0x00, 
   0x00, 0x00, 0x00, 0xF7, 0x00, 0x00, 0x01, 0x02, 0x01, 0x03, 
   0x00, 0x03, 0x01, 0x04, 0x01, 0x05, 0x01, 0x06, 0x01, 0x07, 
   0x01, 0x08, 0x01, 0x09, 0x01, 0x0A, 0x01, 0x0B, 0x01, 0x0C, 
   0x01, 0x0D, 0x01, 0x0E, 0x01, 0x0F, 0x01, 0x10, 0x01, 0x11, 
   0x01, 0x12, 0x01, 0x13, 0x01, 0x14, 0x01, 0x15, 0x01, 0x16, 
   0x01, 0x17, 0x01, 0x18, 0x01, 0x19, 0x01, 0x1A, 0x01, 0x1B, 
   0x01, 0x1C, 0x01, 0x1D, 0x01, 0x1E, 0x01, 0x1F, 0x01, 0x20, 
   0x01, 0x21, 0x01, 0x22, 0x01, 0x23, 0x01, 0x24, 0x01, 0x25, 
   0x01, 0x26, 0x01, 0x27, 0x01, 0x28, 0x01, 0x29, 0x01, 0x2A, 
   0x01, 0x2B, 0x01, 0x2C, 0x01, 0x2D, 0x01, 0x2E, 0x01, 0x2F, 
   0x01, 0x30, 0x01, 0x31, 0x01, 0x32, 0x01, 0x33, 0x01, 0x34, 
   0x01, 0x35, 0x01, 0x36, 0x01, 0x37, 0x01, 0x38, 0x01, 0x39, 
   0x01, 0x3A, 0x01, 0x3B, 0x01, 0x3C, 0x01, 0x3D, 0x01, 0x3E, 
   0x01, 0x3F, 0x01, 0x40, 0x01, 0x41, 0x01, 0x42, 0x01, 0x43, 
   0x01, 0x44, 0x01, 0x45, 0x01, 0x46, 0x01, 0x47, 0x01, 0x48, 
   0x01, 0x49, 0x01, 0x4A, 0x01, 0x4B, 0x01, 0x4C, 0x01, 0x4D, 
   0x01, 0x4E, 0x01, 0x4F, 0x01, 0x50, 0x01, 0x51, 0x01, 0x52, 
   0x01, 0x53, 0x01, 0x54, 0x01, 0x55, 0x01, 0x56, 0x01, 0x57, 
   0x01, 0x58, 0x01, 0x59, 0x01, 0x5A, 0x01, 0x5B, 0x01, 0x5C, 
   0x01, 0x5D, 0x01, 0x5E, 0x01, 0x5F, 0x01, 0x60, 0x01, 0x61, 
   0x01, 0x62, 0x01, 0x63, 0x01, 0x64, 0x01, 0x65, 0x01, 0x66, 
   0x01, 0x67, 0x01, 0x68, 0x01, 0x69, 0x01, 0x6A, 0x01, 0x6B, 
   0x01, 0x6C, 0x01, 0x6D, 0x01, 0x6E, 0x01, 0x6F, 0x01, 0x70, 
   0x01, 0x71, 0x01, 0x72, 0x01, 0x73, 0x01, 0x74, 0x01, 0x75, 
   0x01, 0x76, 0x01, 0x77, 0x01, 0x78, 0x01, 0x79, 0x01, 0x7A, 
   0x01, 0x7B, 0x01, 0x7C, 0x01, 0x7D, 0x01, 0x7E, 0x01, 0x7F, 
   0x01, 0x80, 0x01, 0x81, 0x01, 0x82, 0x01, 0x83, 0x01, 0x84, 
   0x01, 0x85, 0x01, 0x86, 0x01, 0x87, 0x01, 0x88, 0x01, 0x89, 
   0x01, 0x8A, 0x01, 0x8B, 0x01, 0x8C, 0x01, 0x8D, 0x01, 0x8E, 
   0x01, 0x8F, 0x01, 0x90, 0x01, 0x91, 0x01, 0x92, 0x01, 0x93, 
   0x01, 0x94, 0x01, 0x95, 0x01, 0x96, 0x01, 0x97, 0x01, 0x98, 
   0x01, 0x99, 0x01, 0x9A, 0x01, 0x9B, 0x01, 0x9C, 0x01, 0x9D, 
   0x01, 0x9E, 0x01, 0x9F, 0x01, 0xA0, 0x01, 0xA1, 0x01, 0xA2, 
   0x01, 0xA3, 0x01, 0xA4, 0x01, 0xA5, 0x01, 0xA6, 0x01, 0xA7, 
   0x01, 0xA8, 0x01, 0xA9, 0x01, 0xAA, 0x01, 0xAB, 0x01, 0xAC, 
   0x01, 0xAD, 0x01, 0xAE, 0x01, 0xAF, 0x01, 0xB0, 0x01, 0xB1, 
   0x01, 0xB2, 0x01, 0xB3, 0x01, 0xB4, 0x01, 0xB5, 0x01, 0xB6, 
   0x01, 0xB7, 0x01, 0xB8, 0x01, 0xB9, 0x01, 0xBA, 0x01, 0xBB, 
   0x01, 0xBC, 0x01, 0xBD, 0x01, 0xBE, 0x01, 0xBF, 0x01, 0xC0, 
   0x01, 0xC1, 0x01, 0xC2, 0x01, 0xC3, 0x01, 0xC4, 0x01, 0xC5, 
   0x01, 0xC6, 0x01, 0xC7, 0x01, 0xC8, 0x01, 0xC9, 0x01, 0xCA, 
   0x01, 0xCB, 0x01, 0xCC, 0x01, 0xCD, 0x01, 0xCE, 0x01, 0xCF, 
   0x01, 0xD0, 0x01, 0xD1, 0x01, 0xD2, 0x01, 0xD3, 0x01, 0xD4, 
   0x01, 0xD5, 0x01, 0xD6, 0x01, 0xD7, 0x01, 0xD8, 0x01, 0xD9, 
   0x01, 0xDA, 0x01, 0xDB, 0x01, 0xDC, 0x01, 0xDD, 0x01, 0xDE, 
   0x01, 0xDF, 0x01, 0xE0, 0x01, 0xE1, 0x01, 0xE2, 0x01, 0xE3, 
   0x01, 0xE4, 0x01, 0xE5, 0x01, 0xE6, 0x01, 0xE7, 0x01, 0xE8, 
   0x01, 0xE9, 0x01, 0xEA, 0x01, 0xEB, 0x01, 0xEC, 0x01, 0xED, 
   0x01, 0xEE, 0x01, 0xEF, 0x01, 0xF0, 0x01, 0xF1, 0x01, 0xF2, 
   0x01, 0xF3, 0x01, 0xF4, 0x01, 0xF5, 0x01, 0xF6, 0x06, 0x67, 
   0x6C, 0x79, 0x70, 0x68, 0x31, 0x06, 0x67, 0x6C, 0x79, 0x70, 
   0x68, 0x32, 0x07, 0x75, 0x6E, 0x69, 0x30, 0x30, 0x41, 0x30, 
   0x07, 0x75, 0x6E, 0x69, 0x32, 0x30, 0x30, 0x30, 0x07, 0x75, 
   0x6E, 0x69, 0x32, 0x30, 0x30, 0x31, 0x07, 0x75, 0x6E, 0x69, 
   0x32, 0x30, 0x30, 0x32, 0x07, 0x75, 0x6E, 0x69, 0x32, 0x30, 
   0x30, 0x33, 0x07, 0x75, 0x6E, 0x69, 0x32, 0x30, 0x30, 0x34, 
   0x07, 0x75, 0x6E, 0x69, 0x32, 0x30, 0x30, 0x35, 0x07, 0x75, 
   0x6E, 0x69, 0x32, 0x30, 0x30, 0x36, 0x07, 0x75, 0x6E, 0x69, 
   0x32, 0x30, 0x30, 0x37, 0x07, 0x75, 0x6E, 0x69, 0x32, 0x30, 
   0x30, 0x38, 0x07, 0x75, 0x6E, 0x69, 0x32, 0x30, 0x30, 0x39, 
   0x07, 0x75, 0x6E, 0x69, 0x32, 0x30, 0x30, 0x41, 0x07, 0x75, 
   0x6E, 0x69, 0x32, 0x30, 0x32, 0x46, 0x07, 0x75, 0x6E, 0x69, 
   0x32, 0x30, 0x35, 0x46, 0x07, 0x75, 0x6E, 0x69, 0x32, 0x35, 
   0x46, 0x43, 0x07, 0x75, 0x6E, 0x69, 0x46, 0x30, 0x30, 0x30, 
   0x07, 0x75, 0x6E, 0x69, 0x46, 0x30, 0x30, 0x31, 0x07, 0x75, 
   0x6E, 0x69, 0x46, 0x30, 0x30, 0x32, 0x07, 0x75, 0x6E, 0x69, 
   0x46, 0x30, 0x30, 0x33, 0x07, 0x75, 0x6E, 0x69, 0x46, 0x30, 
   0x30, 0x34, 0x07, 0x75, 0x6E, 0x69, 0x46, 0x30, 0x30, 0x35, 
   0x07, 0x75, 0x6E, 0x69, 0x46, 0x30, 0x30, 0x36, 0x07, 0x75, 
   0x6E, 0x69, 0x46, 0x30, 0x30, 0x37, 0x07, 0x75, 0x6E, 0x69, 
   0x46, 0x30, 0x30, 0x38, 0x07, 0x75, 0x6E, 0x69, 0x46, 0x30, 
   0x30, 0x39, 0x07, 0x75, 0x6E, 0x69, 0x46, 0x30, 0x30, 0x41, 
   0x07, 0x75, 0x6E, 0x69, 0x46, 0x30, 0x30, 0x42, 0x07, 0x75, 
   0x6E, 0x69, 0x46, 0x30, 0x30, 0x43, 0x07, 0x75, 0x6E, 0x69, 
   0x46, 0x30, 0x30, 0x44, 0x07, 0x75, 0x6E, 0x69, 0x46, 0x30, 
   0x30, 0x45, 0x07, 0x75, 0x6E, 0x69, 0x46, 0x30, 0x31, 0x30, 
   0x07, 0x75, 0x6E, 0x69, 0x46, 0x30, 0x31, 0x31, 0x07, 0x75, 
   0x6E, 0x69, 0x46, 0x30, 0x31, 0x32, 0x07, 0x75, 0x6E, 0x69, 
   0x46, 0x30, 0x31, 0x33, 0x07, 0x75, 0x6E, 0x69, 0x46, 0x30, 
   0x31, 0x34, 0x07, 0x75, 0x6E, 0x69, 0x46, 0x30, 0x31, 0x35, 
   0x07, 0x75, 0x6E, 0x69, 0x46, 0x30, 0x31, 0x36, 0x07, 0x75, 
   0x6E, 0x69, 0x46, 0x30, 0x31, 0x37, 0x07, 0x75, 0x6E, 0x69, 
   0x46, 0x30, 0x31, 0x38, 0x07, 0x75, 0x6E, 0x69, 0x46, 0x30, 
   0x31, 0x39, 0x07, 0x75, 0x6E, 0x69, 0x46, 0x30, 0x31, 0x41, 
   0x07, 0x75, 0x6E, 0x69, 0x46, 0x30, 0x31, 0x42, 0x07, 0x75, 
   0x6E, 0x69, 0x46, 0x30, 0x31, 0x43, 0x07, 0x75, 0x6E, 0x69, 
   0x46, 0x30, 0x31, 0x44, 0x07, 0x75, 0x6E, 0x69, 0x46, 0x30, 
   0x31, 0x45, 0x07, 0x75, 0x6E, 0x69, 0x46, 0x30, 0x32, 0x31, 
   0x07, 0x75, 0x6E, 0x69, 0x46, 0x30, 0x32, 0x32, 0x07, 0x75, 
   0x6E, 0x69, 0x46, 0x30, 0x32, 0x33, 0x07, 0x75, 0x6E, 0x69, 
   0x46, 0x30, 0x32, 0x34, 0x07, 0x75, 0x6E, 0x69, 0x46, 0x30, 
   0x32, 0x35, 0x07, 0x75, 0x6E, 0x69, 0x46, 0x30, 0x32, 0x36, 
   0x07, 0x75, 0x6E, 0x69, 0x46, 0x30, 0x32, 0x37, 0x07, 0x75, 
   0x6E, 0x69, 0x46, 0x30, 0x32, 0x38, 0x07, 0x75, 0x6E, 0x69, 
   0x46, 0x30, 0x32, 0x39, 0x07, 0x75, 0x6E, 0x69, 0x46, 0x30, 
   0x32, 0x41, 0x07, 0x75, 0x6E, 0x69, 0x46, 0x30, 0x32, 0x42, 
   0x07, 0x75, 0x6E, 0x69, 0x46, 0x30, 0x32, 0x43, 0x07, 0x75, 
   0x6E, 0x69, 0x46, 0x30, 0x32, 0x44, 0x07, 0x75, 0x6E, 0x69, 
   0x46, 0x30, 0x32, 0x45, 0x07, 0x75, 0x6E, 0x69, 0x46, 0x30, 
   0x32, 0x46, 0x07, 0x75, 0x6E, 0x69, 0x46, 0x30, 0x33, 0x30, 
   0x07, 0x75, 0x6E, 0x69, 0x46, 0x30, 0x33, 0x31, 0x07, 0x75, 
   0x6E, 0x69, 0x46, 0x30, 0x33, 0x32, 0x07, 0x75, 0x6E, 0x69, 
   0x46, 0x30, 0x33, 0x33, 0x07, 0x75, 0x6E, 0x69, 0x46, 0x30, 
   0x33, 0x34, 0x07, 0x75, 0x6E, 0x69, 0x46, 0x30, 0x33, 0x35, 
   0x07, 0x75, 0x6E, 0x69, 0x46, 0x30, 0x33, 0x36, 0x07, 0x75, 
   0x6E, 0x69, 0x46, 0x30, 0x33, 0x37, 0x07, 0x75, 0x6E, 0x69, 
   0x46, 0x30, 0x33, 0x38, 0x07, 0x75, 0x6E, 0x69, 0x46, 0x30, 
   0x33, 0x39, 0x07, 0x75, 0x6E, 0x69, 0x46, 0x30, 0x33, 0x41, 
   0x07, 0x75, 0x6E, 0x69, 0x46, 0x30, 0x33, 0x42, 0x07, 0x75, 
   0x6E, 0x69, 0x46, 0x30, 0x33, 0x43, 0x07, 0x75, 0x6E, 0x69, 
   0x46, 0x30, 0x33, 0x44, 0x07, 0x75, 0x6E, 0x69, 0x46, 0x30, 
   0x33, 0x45, 0x07, 0x75, 0x6E, 0x69, 0x46, 0x30, 0x34, 0x30, 
   0x07, 0x75, 0x6E, 0x69, 0x46, 0x30, 0x34, 0x31, 0x07, 0x75, 
   0x6E, 0x69, 0x46, 0x30, 0x34, 0x32, 0x07, 0x75, 0x6E, 0x69, 
   0x46, 0x30, 0x34, 0x33, 0x07, 0x75, 0x6E, 0x69, 0x46, 0x30, 
   0x34, 0x34, 0x07, 0x75, 0x6E, 0x69, 0x46, 0x30, 0x34, 0x35, 
   0x07, 0x75, 0x6E, 0x69, 0x46, 0x30, 0x34, 0x36, 0x07, 0x75, 
   0x6E, 0x69, 0x46, 0x30, 0x34, 0x37, 0x07, 0x75, 0x6E, 0x69, 
   0x46, 0x30, 0x34, 0x38, 0x07, 0x75, 0x6E, 0x69, 0x46, 0x30, 
   0x34, 0x39, 0x07, 0x75, 0x6E, 0x69, 0x46, 0x30, 0x34, 0x41, 
   0x07, 0x75, 0x6E, 0x69, 0x46, 0x30, 0x34, 0x42, 0x07, 0x75, 
   0x6E, 0x69, 0x46, 0x30, 0x34, 0x43, 0x07, 0x75, 0x6E, 0x69, 
   0x46, 0x30, 0x34, 0x44, 0x07, 0x75, 0x6E, 0x69, 0x46, 0x30, 
   0x34, 0x45, 0x07, 0x75, 0x6E, 0x69, 0x46, 0x30, 0x35, 0x30, 
   0x07, 0x75, 0x6E, 0x69, 0x46, 0x30, 0x35, 0x31, 0x07, 0x75, 
   0x6E, 0x69, 0x46, 0x30, 0x35, 0x32, 0x07, 0x75, 0x6E, 0x69, 
   0x46, 0x30, 0x35, 0x33, 0x07, 0x75, 0x6E, 0x69, 0x46, 0x30, 
   0x35, 0x34, 0x07, 0x75, 0x6E, 0x69, 0x46, 0x30, 0x35, 0x35, 
   0x07, 0x75, 0x6E, 0x69, 0x46, 0x30, 0x35, 0x36, 0x07, 0x75, 
   0x6E, 0x69, 0x46, 0x30, 0x35, 0x37, 0x07, 0x75, 0x6E, 0x69, 
   0x46, 0x30, 0x35, 0x38, 0x07, 0x75, 0x6E, 0x69, 0x46, 0x30, 
   0x35, 0x39, 0x07, 0x75, 0x6E, 0x69, 0x46, 0x30, 0x35, 0x41, 
   0x07, 0x75, 0x6E, 0x69, 0x46, 0x30, 0x35, 0x42, 0x07, 0x75, 
   0x6E, 0x69, 0x46, 0x30, 0x35, 0x43, 0x07, 0x75, 0x6E, 0x69, 
   0x46, 0x30, 0x35, 0x44, 0x07, 0x75, 0x6E, 0x69, 0x46, 0x30, 
   0x35, 0x45, 0x07, 0x75, 0x6E, 0x69, 0x46, 0x30, 0x36, 0x30, 
   0x07, 0x75, 0x6E, 0x69, 0x46, 0x30, 0x36, 0x31, 0x07, 0x75, 
   0x6E, 0x69, 0x46, 0x30, 0x36, 0x32, 0x07, 0x75, 0x6E, 0x69, 
   0x46, 0x30, 0x36, 0x33, 0x07, 0x75, 0x6E, 0x69, 0x46, 0x30, 
   0x36, 0x34, 0x07, 0x75, 0x6E, 0x69, 0x46, 0x30, 0x36, 0x35, 
   0x07, 0x75, 0x6E, 0x69, 0x46, 0x30, 0x36, 0x36, 0x07, 0x75, 
   0x6E, 0x69, 0x46, 0x30, 0x36, 0x37, 0x07, 0x75, 0x6E, 0x69, 
   0x46, 0x30, 0x36, 0x38, 0x07, 0x75, 0x6E, 0x69, 0x46, 0x30, 
   0x36, 0x39, 0x07, 0x75, 0x6E, 0x69, 0x46, 0x30, 0x36, 0x41, 
   0x07, 0x75, 0x6E, 0x69, 0x46, 0x30, 0x36, 0x42, 0x07, 0x75, 
   0x6E, 0x69, 0x46, 0x30, 0x36, 0x43, 0x07, 0x75, 0x6E, 0x69, 
   0x46, 0x30, 0x36, 0x44, 0x07, 0x75, 0x6E, 0x69, 0x46, 0x30, 
   0x36, 0x45, 0x07, 0x75, 0x6E, 0x69, 0x46, 0x30, 0x37, 0x30, 
   0x07, 0x75, 0x6E, 0x69, 0x46, 0x30, 0x37, 0x31, 0x07, 0x75, 
   0x6E, 0x69, 0x46, 0x30, 0x37, 0x32, 0x07, 0x75, 0x6E, 0x69, 
   0x46, 0x30, 0x37, 0x33, 0x07, 0x75, 0x6E, 0x69, 0x46, 0x30, 
   0x37, 0x34, 0x07, 0x75, 0x6E, 0x69, 0x46, 0x30, 0x37, 0x35, 
   0x07, 0x75, 0x6E, 0x69, 0x46, 0x30, 0x37, 0x36, 0x07, 0x75, 
   0x6E, 0x69, 0x46, 0x30, 0x37, 0x37, 0x07, 0x75, 0x6E, 0x69, 
   0x46, 0x30, 0x37, 0x38, 0x07, 0x75, 0x6E, 0x69, 0x46, 0x30, 
   0x37, 0x39, 0x07, 0x75, 0x6E, 0x69, 0x46, 0x30, 0x37, 0x41, 
   0x07, 0x75, 0x6E, 0x69, 0x46, 0x30, 0x37, 0x42, 0x07, 0x75, 
   0x6E, 0x69, 0x46, 0x30, 0x37, 0x43, 0x07, 0x75, 0x6E, 0x69, 
   0x46, 0x30, 0x37, 0x44, 0x07, 0x75, 0x6E, 0x69, 0x46, 0x30, 
   0x37, 0x45, 0x07, 0x75, 0x6E, 0x69, 0x46, 0x30, 0x38, 0x30, 
   0x07, 0x75, 0x6E, 0x69, 0x46, 0x30, 0x38, 0x31, 0x07, 0x75, 
   0x6E, 0x69, 0x46, 0x30, 0x38, 0x32, 0x07, 0x75, 0x6E, 0x69, 
   0x46, 0x30, 0x38, 0x33, 0x07, 0x75, 0x6E, 0x69, 0x46, 0x30, 
   0x38, 0x34, 0x07, 0x75, 0x6E, 0x69, 0x46, 0x30, 0x38, 0x35, 
   0x07, 0x75, 0x6E, 0x69, 0x46, 0x30, 0x38, 0x36, 0x07, 0x75, 
   0x6E, 0x69, 0x46, 0x30, 0x38, 0x37, 0x07, 0x75, 0x6E, 0x69, 
   0x46, 0x30, 0x38, 0x38, 0x07, 0x75, 0x6E, 0x69, 0x46, 0x30, 
   0x38, 0x39, 0x07, 0x75, 0x6E, 0x69, 0x46, 0x30, 0x38, 0x41, 
   0x07, 0x75, 0x6E, 0x69, 0x46, 0x30, 0x38, 0x42, 0x07, 0x75, 
   0x6E, 0x69, 0x46, 0x30, 0x38, 0x43, 0x07, 0x75, 0x6E, 0x69, 
   0x46, 0x30, 0x38, 0x44, 0x07, 0x75, 0x6E, 0x69, 0x46, 0x30, 
   0x38, 0x45, 0x07, 0x75, 0x6E, 0x69, 0x46, 0x30, 0x38, 0x46, 
   0x07, 0x75, 0x6E, 0x69, 0x46, 0x30, 0x39, 0x30, 0x07, 0x75, 
   0x6E, 0x69, 0x46, 0x30, 0x39, 0x31, 0x07, 0x75, 0x6E, 0x69, 
   0x46, 0x30, 0x39, 0x32, 0x07, 0x75, 0x6E, 0x69, 0x46, 0x30, 
   0x39, 0x33, 0x07, 0x75, 0x6E, 0x69, 0x46, 0x30, 0x39, 0x34, 
   0x07, 0x75, 0x6E, 0x69, 0x46, 0x30, 0x39, 0x35, 0x07, 0x75, 
   0x6E, 0x69, 0x46, 0x30, 0x39, 0x36, 0x07, 0x75, 0x6E, 0x69, 
   0x46, 0x30, 0x39, 0x37, 0x07, 0x75, 0x6E, 0x69, 0x46, 0x30, 
   0x39, 0x38, 0x07, 0x75, 0x6E, 0x69, 0x46, 0x30, 0x39, 0x39, 
   0x07, 0x75, 0x6E, 0x69, 0x46, 0x30, 0x39, 0x41, 0x07, 0x75, 
   0x6E, 0x69, 0x46, 0x30, 0x39, 0x42, 0x07, 0x75, 0x6E, 0x69, 
   0x46, 0x30, 0x39, 0x43, 0x07, 0x75, 0x6E, 0x69, 0x46, 0x30, 
   0x39, 0x44, 0x07, 0x75, 0x6E, 0x69, 0x46, 0x30, 0x39, 0x45, 
   0x07, 0x75, 0x6E, 0x69, 0x46, 0x30, 0x39, 0x46, 0x07, 0x75, 
   0x6E, 0x69, 0x46, 0x30, 0x41, 0x30, 0x07, 0x75, 0x6E, 0x69, 
   0x46, 0x30, 0x41, 0x31, 0x07, 0x75, 0x6E, 0x69, 0x46, 0x30, 
   0x41, 0x32, 0x07, 0x75, 0x6E, 0x69, 0x46, 0x30, 0x41, 0x33, 
   0x07, 0x75, 0x6E, 0x69, 0x46, 0x30, 0x41, 0x34, 0x07, 0x75, 
   0x6E, 0x69, 0x46, 0x30, 0x41, 0x35, 0x07, 0x75, 0x6E, 0x69, 
   0x46, 0x30, 0x41, 0x36, 0x07, 0x75, 0x6E, 0x69, 0x46, 0x30, 
   0x41, 0x37, 0x07, 0x75, 0x6E, 0x69, 0x46, 0x30, 0x41, 0x38, 
   0x07, 0x75, 0x6E, 0x69, 0x46, 0x30, 0x41, 0x39, 0x07, 0x75, 
   0x6E, 0x69, 0x46, 0x30, 0x41, 0x41, 0x07, 0x75, 0x6E, 0x69, 
   0x46, 0x30, 0x41, 0x42, 0x07, 0x75, 0x6E, 0x69, 0x46, 0x30, 
   0x41, 0x43, 0x07, 0x75, 0x6E, 0x69, 0x46, 0x30, 0x41, 0x44, 
   0x07, 0x75, 0x6E, 0x69, 0x46, 0x30, 0x41, 0x45, 0x07, 0x75, 
   0x6E, 0x69, 0x46, 0x30, 0x41, 0x46, 0x07, 0x75, 0x6E, 0x69, 
   0x46, 0x30, 0x42, 0x30, 0x07, 0x75, 0x6E, 0x69, 0x46, 0x30, 
   0x42, 0x31, 0x07, 0x75, 0x6E, 0x69, 0x46, 0x30, 0x42, 0x32, 
   0x07, 0x75, 0x6E, 0x69, 0x46, 0x30, 0x42, 0x33, 0x07, 0x75, 
   0x6E, 0x69, 0x46, 0x30, 0x42, 0x34, 0x07, 0x75, 0x6E, 0x69, 
   0x46, 0x30, 0x42, 0x35, 0x07, 0x75, 0x6E, 0x69, 0x46, 0x30, 
   0x42, 0x36, 0x07, 0x75, 0x6E, 0x69, 0x46, 0x30, 0x42, 0x37, 
   0x07, 0x75, 0x6E, 0x69, 0x46, 0x30, 0x42, 0x38, 0x07, 0x75, 
   0x6E, 0x69, 0x46, 0x30, 0x42, 0x39, 0x07, 0x75, 0x6E, 0x69, 
   0x46, 0x30, 0x42, 0x41, 0x07, 0x75, 0x6E, 0x69, 0x46, 0x30, 
   0x42, 0x42, 0x07, 0x75, 0x6E, 0x69, 0x46, 0x30, 0x42, 0x43, 
   0x07, 0x75, 0x6E, 0x69, 0x46, 0x30, 0x42, 0x44, 0x07, 0x75, 
   0x6E, 0x69, 0x46, 0x30, 0x42, 0x45, 0x07, 0x75, 0x6E, 0x69, 
   0x46, 0x30, 0x42, 0x46, 0x07, 0x75, 0x6E, 0x69, 0x46, 0x30, 
   0x43, 0x30, 0x07, 0x75, 0x6E, 0x69, 0x46, 0x30, 0x43, 0x31, 
   0x07, 0x75, 0x6E, 0x69, 0x46, 0x30, 0x43, 0x32, 0x07, 0x75, 
   0x6E, 0x69, 0x46, 0x30, 0x43, 0x33, 0x07, 0x75, 0x6E, 0x69, 
   0x46, 0x30, 0x43, 0x34, 0x07, 0x75, 0x6E, 0x69, 0x46, 0x30, 
   0x43, 0x35, 0x07, 0x75, 0x6E, 0x69, 0x46, 0x30, 0x43, 0x36, 
   0x07, 0x75, 0x6E, 0x69, 0x46, 0x30, 0x43, 0x37, 0x07, 0x75, 
   0x6E, 0x69, 0x46, 0x30, 0x43, 0x38, 0x07, 0x75, 0x6E, 0x69, 
   0x46, 0x30, 0x43, 0x39, 0x07, 0x75, 0x6E, 0x69, 0x46, 0x30, 
   0x43, 0x41, 0x07, 0x75, 0x6E, 0x69, 0x46, 0x30, 0x43, 0x42, 
   0x07, 0x75, 0x6E, 0x69, 0x46, 0x30, 0x43, 0x43, 0x07, 0x75, 
   0x6E, 0x69, 0x46, 0x30, 0x43, 0x44, 0x07, 0x75, 0x6E, 0x69, 
   0x46, 0x30, 0x43, 0x45, 0x07, 0x75, 0x6E, 0x69, 0x46, 0x30, 
   0x43, 0x46, 0x07, 0x75, 0x6E, 0x69, 0x46, 0x30, 0x44, 0x30, 
   0x07, 0x75, 0x6E, 0x69, 0x46, 0x30, 0x44, 0x31, 0x07, 0x75, 
   0x6E, 0x69, 0x46, 0x30, 0x44, 0x32, 0x07, 0x75, 0x6E, 0x69, 
   0x46, 0x30, 0x44, 0x33, 0x07, 0x75, 0x6E, 0x69, 0x46, 0x30, 
   0x44, 0x34, 0x07, 0x75, 0x6E, 0x69, 0x46, 0x30, 0x44, 0x35, 
   0x07, 0x75, 0x6E, 0x69, 0x46, 0x30, 0x44, 0x36, 0x07, 0x75, 
   0x6E, 0x69, 0x46, 0x30, 0x44, 0x37, 0x07, 0x75, 0x6E, 0x69, 
   0x46, 0x30, 0x44, 0x38, 0x07, 0x75, 0x6E, 0x69, 0x46, 0x30, 
   0x44, 0x39, 0x07, 0x75, 0x6E, 0x69, 0x46, 0x30, 0x44, 0x41, 
   0x07, 0x75, 0x6E, 0x69, 0x46, 0x30, 0x44, 0x42, 0x07, 0x75, 
   0x6E, 0x69, 0x46, 0x30, 0x44, 0x43, 0x07, 0x75, 0x6E, 0x69, 
   0x46, 0x30, 0x44, 0x44, 0x07, 0x75, 0x6E, 0x69, 0x46, 0x30, 
   0x44, 0x45, 0x07, 0x75, 0x6E, 0x69, 0x46, 0x30, 0x44, 0x46, 
   0x07, 0x75, 0x6E, 0x69, 0x46, 0x30, 0x45, 0x30, 0x07, 0x75, 
   0x6E, 0x69, 0x46, 0x30, 0x45, 0x31, 0x07, 0x75, 0x6E, 0x69, 
   0x46, 0x30, 0x45, 0x32, 0x07, 0x75, 0x6E, 0x69, 0x46, 0x30, 
   0x45, 0x33, 0x07, 0x75, 0x6E, 0x69, 0x46, 0x30, 0x45, 0x34, 
   0x07, 0x75, 0x6E, 0x69, 0x46, 0x30, 0x45, 0x35, 0x07, 0x75, 
   0x6E, 0x69, 0x46, 0x30, 0x45, 0x36, 0x07, 0x75, 0x6E, 0x69, 
   0x46, 0x30, 0x45, 0x37, 0x07, 0x75, 0x6E, 0x69, 0x46, 0x30, 
   0x45, 0x38, 0x07, 0x75, 0x6E, 0x69, 0x46, 0x30, 0x45, 0x39, 
   0x07, 0x75, 0x6E, 0x69, 0x46, 0x30, 0x45, 0x41, 0x07, 0x75, 
   0x6E, 0x69, 0x46, 0x30, 0x45, 0x42, 0x00, 0x00, 0xB8, 0x01, 
   0xFF, 0x85, 0xB0, 0x01, 0x8D, 0x00, 0x4B, 0xB0, 0x08, 0x50, 
   0x58, 0xB1, 0x01, 0x01, 0x8E, 0x59, 0xB1, 0x46, 0x06, 0x2B, 
   0x58, 0x21, 0xB0, 0x10, 0x59, 0x4B, 0xB0, 0x14, 0x52, 0x58, 
   0x21, 0xB0, 0x80, 0x59, 0x1D, 0xB0, 0x06, 0x2B, 0x5C, 0x58, 
   0x59, 0xB0, 0x14, 0x2B, 0x00, 0x00, 0x00, 0x01, 0x55, 0xD3, 
   0xA2, 0xB8, 0x00, 0x00
};
#endif

#ifndef TTF_PATH_OWM_ICONS
// embedded TTF file with misc additional icons used that are not in
// the weather icon TTF
static const uint8_t owm_icons_ttf[8840] = {
//0x0000
0x00,0x01,0x00,0x00,0x00,0x0D,0x00,0x80,0x00,0x03,0x00,0x50,0x46,0x46,0x54,0x4D,
//0x0010
0xAF,0x6E,0xD8,0x5E,0x00,0x00,0x22,0x6C,0x00,0x00,0x00,0x1C,0x4F,0x53,0x2F,0x32,
//0x0020
0x37,0x1F,0xE3,0x4F,0x00,0x00,0x01,0x58,0x00,0x00,0x00,0x60,0x63,0x6D,0x61,0x70,
//0x0030
0x86,0xBD,0x6F,0xBF,0x00,0x00,0x02,0x14,0x00,0x00,0x01,0xD2,0x63,0x76,0x74,0x20,
//0x0040
0x00,0x21,0x02,0x79,0x00,0x00,0x03,0xE8,0x00,0x00,0x00,0x04,0x67,0x61,0x73,0x70,
//0x0050
0xFF,0xFF,0x00,0x03,0x00,0x00,0x22,0x64,0x00,0x00,0x00,0x08,0x67,0x6C,0x79,0x66,
//0x0060
0xFB,0x32,0xE2,0xA1,0x00,0x00,0x04,0x44,0x00,0x00,0x17,0x40,0x68,0x65,0x61,0x64,
//0x0070
0x30,0x46,0x5A,0x3C,0x00,0x00,0x00,0xDC,0x00,0x00,0x00,0x36,0x68,0x68,0x65,0x61,
//0x0080
0x08,0x21,0x03,0xED,0x00,0x00,0x01,0x14,0x00,0x00,0x00,0x24,0x68,0x6D,0x74,0x78,
//0x0090
0x14,0x38,0x08,0x61,0x00,0x00,0x01,0xB8,0x00,0x00,0x00,0x5C,0x6C,0x6F,0x63,0x61,
//0x00A0
0x7C,0x22,0x76,0x96,0x00,0x00,0x03,0xEC,0x00,0x00,0x00,0x56,0x6D,0x61,0x78,0x70,
//0x00B0
0x00,0x74,0x01,0x30,0x00,0x00,0x01,0x38,0x00,0x00,0x00,0x20,0x6E,0x61,0x6D,0x65,
//0x00C0
0xE2,0x0D,0x5F,0x17,0x00,0x00,0x1B,0x84,0x00,0x00,0x02,0x8E,0x70,0x6F,0x73,0x74,
//0x00D0
0x5E,0x21,0xF2,0x75,0x00,0x00,0x1E,0x14,0x00,0x00,0x04,0x4D,0x00,0x01,0x00,0x00,
//0x00E0
0x00,0x01,0x00,0x00,0xB0,0x6E,0x3B,0xE7,0x5F,0x0F,0x3C,0xF5,0x00,0x0B,0x03,0xE8,
//0x00F0
0x00,0x00,0x00,0x00,0xE6,0xA0,0x0A,0xBA,0x00,0x00,0x00,0x00,0xE6,0xA0,0x0A,0xBA,
//0x0100
0x00,0x05,0x00,0x00,0x03,0xE3,0x03,0xE3,0x00,0x00,0x00,0x08,0x00,0x02,0x00,0x00,
//0x0110
0x00,0x00,0x00,0x00,0x00,0x01,0x00,0x00,0x03,0xE3,0x00,0x00,0x00,0x5A,0x03,0xE8,
//0x0120
0x00,0x00,0x00,0x00,0x03,0xE3,0x00,0x01,0x00,0x00,0x00,0x00,0x00,0x00,0x00,0x00,
//0x0130
0x00,0x00,0x00,0x00,0x00,0x00,0x00,0x04,0x00,0x01,0x00,0x00,0x00,0x2A,0x00,0xFF,
//0x0140
0x00,0x08,0x00,0x00,0x00,0x00,0x00,0x02,0x00,0x00,0x00,0x01,0x00,0x01,0x00,0x00,
//0x0150
0x00,0x40,0x00,0x2E,0x00,0x00,0x00,0x00,0x00,0x04,0x03,0xE8,0x01,0x90,0x00,0x05,
//0x0160
0x00,0x00,0x02,0x8A,0x02,0xBC,0x00,0x00,0x00,0x8C,0x02,0x8A,0x02,0xBC,0x00,0x00,
//0x0170
0x01,0xE0,0x00,0x31,0x01,0x02,0x00,0x00,0x02,0x00,0x05,0x09,0x00,0x00,0x00,0x00,
//0x0180
0x00,0x00,0x00,0x00,0x00,0x00,0x10,0x00,0x00,0x00,0x00,0x00,0x00,0x00,0x00,0x00,
//0x0190
0x00,0x00,0x50,0x66,0x45,0x64,0x00,0x80,0xE1,0xA4,0xF1,0x12,0x03,0x20,0xFF,0x38,
//0x01A0
0x00,0x5A,0x03,0xE3,0x00,0x00,0x80,0x00,0x00,0x01,0x00,0x00,0x00,0x00,0x00,0x00,
//0x01B0
0x00,0x00,0x00,0x00,0x00,0x20,0x00,0x01,0x03,0xE8,0x00,0x21,0x00,0x00,0x00,0x00,
//0x01C0
0x03,0xE8,0x00,0x00,0x03,0xE8,0x00,0x3E,0x01,0xC5,0x01,0x38,0x00,0xBB,0x00,0x4E,
//0x01D0
0x00,0x9B,0x00,0xB7,0x00,0x6C,0x00,0x6C,0x00,0x81,0x00,0x96,0x00,0x96,0x00,0xA7,
//0x01E0
0x00,0x53,0x00,0x53,0x00,0x53,0x00,0x53,0x00,0x53,0x00,0x53,0x00,0x53,0x00,0x53,
//0x01F0
0x00,0xA7,0x00,0xA6,0x00,0x3D,0x00,0x0F,0x00,0x20,0x00,0x07,0x00,0x32,0x00,0x99,
//0x0200
0x00,0xA9,0x00,0xAE,0x00,0x3B,0x00,0x0C,0x00,0x27,0x00,0x05,0x00,0x30,0x00,0x9F,
//0x0210
0x00,0x25,0x00,0x1D,0x00,0x00,0x00,0x03,0x00,0x00,0x00,0x03,0x00,0x00,0x00,0x1C,
//0x0220
0x00,0x01,0x00,0x00,0x00,0x00,0x00,0xCC,0x00,0x03,0x00,0x01,0x00,0x00,0x00,0x1C,
//0x0230
0x00,0x04,0x00,0xB0,0x00,0x00,0x00,0x14,0x00,0x10,0x00,0x03,0x00,0x04,0xE1,0xA4,
//0x0240
0xE4,0xCA,0xE4,0xD9,0xE6,0x3E,0xE8,0xF4,0xEB,0xD4,0xEB,0xE2,0xF0,0xF1,0xF1,0x12,
//0x0250
0xFF,0xFF,0x00,0x00,0xE1,0xA4,0xE4,0xCA,0xE4,0xD9,0xE6,0x3E,0xE8,0xF4,0xEB,0xD2,
//0x0260
0xEB,0xD9,0xF0,0xF0,0xF0,0xFA,0xFF,0xFF,0x1E,0x73,0x1B,0x3A,0x1B,0x2C,0x19,0xC5,
//0x0270
0x17,0x1B,0x00,0x00,0x00,0x00,0x00,0x00,0x00,0x00,0x00,0x01,0x00,0x00,0x00,0x00,
//0x0280
0x00,0x00,0x00,0x00,0x00,0x00,0x00,0x0A,0x00,0x0E,0x00,0x20,0x00,0x22,0x00,0x00,
//0x0290
0x00,0x16,0x00,0x00,0x00,0x15,0x00,0x11,0x00,0x00,0x00,0x00,0x00,0x10,0x00,0x13,
//0x02A0
0x00,0x00,0x00,0x00,0x00,0x12,0x00,0x06,0x00,0x14,0x00,0x07,0x00,0x08,0x00,0x09,
//0x02B0
0x00,0x0A,0x00,0x0B,0x00,0x00,0x00,0x18,0x00,0x1D,0x00,0x1E,0x00,0x1F,0x00,0x20,
//0x02C0
0x00,0x21,0x00,0x22,0x00,0x19,0x00,0x23,0x00,0x24,0x00,0x25,0x00,0x26,0x00,0x27,
//0x02D0
0x00,0x1A,0x00,0x1B,0x00,0x1C,0x00,0x0C,0x00,0x0D,0x00,0x0E,0x00,0x28,0x00,0x29,
//0x02E0
0x00,0x00,0x01,0x06,0x00,0x00,0x01,0x00,0x00,0x00,0x00,0x00,0x00,0x00,0x01,0x02,
//0x02F0
0x00,0x00,0x00,0x02,0x00,0x00,0x00,0x00,0x00,0x00,0x00,0x00,0x00,0x00,0x00,0x00,
//0x0300
0x00,0x00,0x00,0x01,0x00,0x00,0x00,0x00,0x00,0x00,0x00,0x00,0x00,0x00,0x00,0x00,
//0x0310
0x00,0x00,0x00,0x00,0x00,0x00,0x00,0x00,0x00,0x00,0x00,0x00,0x00,0x00,0x00,0x00,
//0x0320
0x00,0x00,0x00,0x00,0x00,0x00,0x00,0x00,0x00,0x00,0x00,0x00,0x00,0x00,0x00,0x00,
//0x0330
0x00,0x00,0x00,0x00,0x00,0x00,0x00,0x00,0x00,0x00,0x00,0x00,0x00,0x00,0x00,0x00,
//0x0340
0x00,0x00,0x00,0x00,0x00,0x00,0x00,0x00,0x00,0x00,0x00,0x00,0x00,0x00,0x00,0x00,
//0x0350
0x00,0x00,0x00,0x00,0x00,0x00,0x00,0x00,0x00,0x00,0x00,0x00,0x00,0x00,0x00,0x00,
//0x0360
0x00,0x00,0x00,0x00,0x00,0x00,0x00,0x00,0x00,0x00,0x00,0x00,0x00,0x00,0x00,0x00,
//0x0370
0x00,0x00,0x00,0x00,0x00,0x00,0x00,0x00,0x00,0x00,0x00,0x00,0x00,0x00,0x00,0x00,
//0x0380
0x00,0x00,0x00,0x00,0x00,0x00,0x00,0x00,0x00,0x00,0x00,0x00,0x00,0x00,0x00,0x00,
//0x0390
0x00,0x00,0x00,0x00,0x00,0x00,0x00,0x00,0x00,0x00,0x00,0x00,0x00,0x00,0x00,0x00,
//0x03A0
0x00,0x00,0x00,0x00,0x00,0x00,0x00,0x00,0x00,0x00,0x00,0x00,0x00,0x00,0x00,0x00,
//0x03B0
0x00,0x00,0x00,0x00,0x00,0x00,0x00,0x00,0x00,0x00,0x00,0x00,0x00,0x00,0x00,0x00,
//0x03C0
0x00,0x00,0x00,0x00,0x00,0x00,0x00,0x00,0x00,0x00,0x00,0x00,0x00,0x00,0x00,0x00,
//0x03D0
0x00,0x00,0x00,0x00,0x00,0x00,0x00,0x00,0x00,0x00,0x00,0x00,0x00,0x00,0x00,0x00,
//0x03E0
0x00,0x00,0x00,0x00,0x00,0x00,0x00,0x00,0x00,0x21,0x02,0x79,0x00,0x00,0x00,0x2A,
//0x03F0
0x00,0x2A,0x00,0x2A,0x00,0x8E,0x00,0xA0,0x00,0xCC,0x01,0x16,0x01,0xAA,0x02,0x66,
//0x0400
0x02,0xA0,0x03,0x46,0x03,0xD8,0x04,0xEA,0x05,0x48,0x05,0x9C,0x05,0xCA,0x05,0xF2,
//0x0410
0x06,0x1A,0x06,0x42,0x06,0x6A,0x06,0x90,0x06,0xB6,0x06,0xDC,0x06,0xFC,0x07,0x20,
//0x0420
0x07,0x40,0x07,0x64,0x07,0x86,0x07,0xAA,0x07,0xCA,0x07,0xEE,0x08,0x10,0x08,0x34,
//0x0430
0x08,0x54,0x08,0x78,0x08,0x9A,0x08,0xBE,0x08,0xE0,0x09,0x04,0x09,0x26,0x0A,0x30,
//0x0440
0x0B,0xA0,0x00,0x00,0x00,0x02,0x00,0x21,0x00,0x00,0x01,0x2A,0x02,0x9A,0x00,0x03,
//0x0450
0x00,0x07,0x00,0x2E,0xB1,0x01,0x00,0x2F,0x3C,0xB2,0x07,0x04,0x00,0xED,0x32,0xB1,
//0x0460
0x06,0x05,0xDC,0x3C,0xB2,0x03,0x02,0x00,0xED,0x32,0x00,0xB1,0x03,0x00,0x2F,0x3C,
//0x0470
0xB2,0x05,0x04,0x00,0xED,0x32,0xB2,0x07,0x06,0x01,0xFC,0x3C,0xB2,0x01,0x02,0x00,
//0x0480
0xED,0x32,0x33,0x11,0x21,0x11,0x27,0x33,0x11,0x23,0x21,0x01,0x09,0xE8,0xC7,0xC7,
//0x0490
0x02,0x9A,0xFD,0x66,0x21,0x02,0x58,0x00,0x00,0x04,0x00,0x3E,0x00,0xAC,0x03,0xAA,
//0x04A0
0x03,0x3C,0x00,0x13,0x00,0x27,0x00,0x3B,0x00,0x43,0x00,0x00,0x00,0x22,0x0E,0x01,
//0x04B0
0x23,0x22,0x26,0x35,0x34,0x37,0x36,0x32,0x17,0x16,0x15,0x14,0x06,0x23,0x22,0x26,
//0x04C0
0x37,0x14,0x06,0x23,0x22,0x27,0x26,0x20,0x07,0x06,0x23,0x22,0x26,0x35,0x34,0x37,
//0x04D0
0x36,0x20,0x17,0x16,0x37,0x16,0x15,0x14,0x06,0x23,0x22,0x27,0x26,0x20,0x07,0x06,
//0x04E0
0x23,0x22,0x26,0x35,0x34,0x37,0x36,0x20,0x02,0x14,0x06,0x22,0x26,0x34,0x36,0x32,
//0x04F0
0x02,0x1D,0x52,0x44,0x28,0x07,0x0D,0x12,0x0C,0x4E,0xC2,0x4E,0x0D,0x13,0x0D,0x07,
//0x0500
0x28,0xCC,0x13,0x0D,0x0A,0x09,0x73,0xFE,0xDA,0x73,0x09,0x0A,0x0D,0x12,0x0B,0x86,
//0x0510
0x01,0x4E,0x86,0x0C,0x71,0x0C,0x13,0x0D,0x0A,0x0A,0xA8,0xFE,0x4C,0xA8,0x0A,0x0A,
//0x0520
0x0D,0x13,0x0C,0xBA,0x01,0xE0,0xC1,0x1B,0x28,0x1B,0x1B,0x28,0x01,0x87,0x19,0x1A,
//0x0530
0x12,0x0D,0x10,0x09,0x39,0x39,0x0A,0x0F,0x0D,0x12,0x1A,0x92,0x0D,0x13,0x07,0x5B,
//0x0540
0x5B,0x07,0x13,0x0D,0x0F,0x09,0x69,0x69,0x0A,0x96,0x0A,0x0E,0x0D,0x13,0x08,0x8A,
//0x0550
0x8A,0x08,0x13,0x0D,0x0E,0x0A,0x98,0xFD,0xB2,0x26,0x1C,0x1C,0x26,0x1C,0x00,0x00,
//0x0560
0x00,0x01,0x01,0xC5,0x00,0xAC,0x02,0x23,0x01,0x0A,0x00,0x07,0x00,0x00,0x24,0x14,
//0x0570
0x06,0x22,0x26,0x34,0x36,0x32,0x02,0x23,0x1B,0x28,0x1B,0x1B,0x28,0xEE,0x26,0x1C,
//0x0580
0x1C,0x26,0x1C,0x00,0x00,0x02,0x01,0x38,0x00,0xAC,0x02,0xB0,0x01,0xC5,0x00,0x13,
//0x0590
0x00,0x1B,0x00,0x00,0x00,0x22,0x0E,0x01,0x23,0x22,0x26,0x35,0x34,0x37,0x36,0x32,
//0x05A0
0x17,0x16,0x15,0x14,0x06,0x23,0x22,0x26,0x06,0x14,0x06,0x22,0x26,0x34,0x36,0x32,
//0x05B0
0x02,0x1D,0x52,0x44,0x28,0x07,0x0D,0x13,0x0D,0x4E,0xC2,0x4E,0x0D,0x13,0x0D,0x07,
//0x05C0
0x28,0x3E,0x1B,0x28,0x1B,0x1B,0x28,0x01,0x87,0x19,0x1A,0x12,0x0D,0x0F,0x0A,0x39,
//0x05D0
0x39,0x0A,0x0F,0x0D,0x12,0x1A,0x80,0x26,0x1C,0x1C,0x26,0x1C,0x00,0x03,0x00,0xBB,
//0x05E0
0x00,0xAC,0x03,0x2D,0x02,0x81,0x00,0x13,0x00,0x27,0x00,0x2F,0x00,0x00,0x00,0x22,
//0x05F0
0x0E,0x01,0x23,0x22,0x26,0x35,0x34,0x37,0x36,0x32,0x17,0x16,0x15,0x14,0x06,0x23,
//0x0600
0x22,0x26,0x37,0x14,0x06,0x23,0x22,0x27,0x26,0x20,0x07,0x06,0x23,0x22,0x26,0x35,
//0x0610
0x34,0x37,0x36,0x20,0x17,0x16,0x00,0x14,0x06,0x22,0x26,0x34,0x36,0x32,0x02,0x1D,
//0x0620
0x52,0x44,0x28,0x07,0x0D,0x13,0x0D,0x4E,0xC2,0x4E,0x0D,0x13,0x0D,0x07,0x28,0xCC,
//0x0630
0x13,0x0D,0x0A,0x09,0x73,0xFE,0xDA,0x73,0x09,0x0A,0x0D,0x13,0x0C,0x86,0x01,0x4E,
//0x0640
0x86,0x0C,0xFE,0xF6,0x1B,0x28,0x1B,0x1B,0x28,0x01,0x87,0x19,0x1A,0x12,0x0D,0x0F,
//0x0650
0x0A,0x39,0x39,0x0A,0x0F,0x0D,0x12,0x1A,0x92,0x0D,0x13,0x07,0x5B,0x5B,0x07,0x13,
//0x0660
0x0D,0x0E,0x0A,0x69,0x69,0x0A,0xFE,0xE0,0x26,0x1C,0x1C,0x26,0x1C,0x00,0x00,0x00,
//0x0670
0x00,0x05,0x00,0x4E,0x00,0xAC,0x03,0x9A,0x03,0x3C,0x00,0x18,0x00,0x2D,0x00,0x42,
//0x0680
0x00,0x4A,0x00,0x68,0x00,0x00,0x01,0x26,0x2B,0x01,0x22,0x07,0x06,0x2B,0x01,0x22,
//0x0690
0x26,0x35,0x34,0x37,0x36,0x3B,0x01,0x32,0x17,0x1E,0x01,0x15,0x14,0x06,0x23,0x27,
//0x06A0
0x26,0x23,0x22,0x07,0x06,0x23,0x22,0x26,0x35,0x34,0x37,0x36,0x33,0x32,0x17,0x1E,
//0x06B0
0x01,0x14,0x06,0x23,0x02,0x22,0x0E,0x01,0x23,0x22,0x26,0x35,0x34,0x37,0x36,0x33,
//0x06C0
0x32,0x17,0x16,0x15,0x14,0x06,0x23,0x22,0x26,0x06,0x32,0x16,0x14,0x06,0x22,0x26,
//0x06D0
0x34,0x01,0x16,0x15,0x14,0x06,0x22,0x2F,0x01,0x07,0x06,0x22,0x26,0x35,0x34,0x3F,
//0x06E0
0x01,0x27,0x26,0x34,0x36,0x32,0x1F,0x01,0x37,0x36,0x32,0x16,0x14,0x0F,0x01,0x02,
//0x06F0
0x3E,0x19,0x21,0x02,0x93,0x71,0x07,0x0C,0x01,0x0D,0x12,0x0C,0x84,0xA7,0x02,0x1D,
//0x0700
0x25,0x0B,0x10,0x12,0x0D,0x03,0x1E,0x1D,0xDB,0xA8,0x0A,0x0A,0x0D,0x12,0x0C,0xBA,
//0x0710
0xF0,0x20,0x21,0x0C,0x11,0x12,0x0D,0x17,0x52,0x43,0x28,0x08,0x0D,0x12,0x0D,0x4E,
//0x0720
0x61,0x60,0x4E,0x0D,0x12,0x0D,0x08,0x28,0x80,0x28,0x1B,0x1B,0x28,0x1B,0x01,0xBC,
//0x0730
0x09,0x12,0x1A,0x09,0x48,0x48,0x09,0x1A,0x12,0x09,0x48,0x48,0x09,0x12,0x1A,0x09,
//0x0740
0x48,0x48,0x09,0x1A,0x12,0x09,0x48,0x02,0x3E,0x04,0x5B,0x06,0x12,0x0D,0x0E,0x0A,
//0x0750
0x69,0x05,0x02,0x11,0x0C,0x0D,0x12,0xBD,0x03,0x8A,0x08,0x13,0x0D,0x0E,0x0A,0x98,
//0x0760
0x03,0x01,0x11,0x1A,0x12,0xFE,0x8C,0x19,0x1A,0x12,0x0D,0x0F,0x0A,0x39,0x39,0x0A,
//0x0770
0x0F,0x0D,0x12,0x1A,0x64,0x1C,0x26,0x1C,0x1C,0x26,0x01,0x8A,0x09,0x0E,0x0D,0x12,
//0x0780
0x09,0x48,0x48,0x09,0x12,0x0D,0x0E,0x09,0x47,0x48,0x09,0x1A,0x12,0x09,0x48,0x48,
//0x0790
0x09,0x12,0x1A,0x09,0x48,0x00,0x00,0x00,0x00,0x05,0x00,0x9B,0x00,0x9B,0x03,0x4D,
//0x07A0
0x03,0x4D,0x00,0x07,0x00,0x33,0x00,0x78,0x00,0x80,0x00,0x88,0x00,0x00,0x12,0x34,
//0x07B0
0x36,0x32,0x16,0x14,0x06,0x22,0x25,0x2E,0x02,0x27,0x22,0x26,0x34,0x36,0x3B,0x01,
//0x07C0
0x16,0x17,0x35,0x07,0x11,0x37,0x35,0x2E,0x02,0x27,0x22,0x26,0x34,0x36,0x3B,0x01,
//0x07D0
0x16,0x17,0x35,0x2E,0x01,0x27,0x22,0x26,0x34,0x36,0x33,0x32,0x16,0x33,0x16,0x1F,
//0x07E0
0x01,0x32,0x16,0x15,0x14,0x07,0x06,0x07,0x15,0x0E,0x01,0x23,0x07,0x22,0x26,0x27,
//0x07F0
0x35,0x22,0x26,0x34,0x36,0x33,0x35,0x22,0x26,0x34,0x36,0x33,0x35,0x22,0x26,0x34,
//0x0800
0x36,0x33,0x35,0x3E,0x01,0x33,0x37,0x32,0x16,0x17,0x15,0x3E,0x02,0x33,0x32,0x16,
//0x0810
0x15,0x14,0x07,0x06,0x07,0x15,0x3E,0x01,0x33,0x32,0x1E,0x01,0x15,0x14,0x07,0x06,
//0x0820
0x07,0x15,0x3E,0x01,0x24,0x34,0x36,0x32,0x16,0x14,0x06,0x22,0x26,0x34,0x36,0x32,
//0x0830
0x16,0x14,0x06,0x22,0x9B,0x15,0x1C,0x14,0x14,0x1C,0x01,0xBB,0x10,0x21,0x1B,0x13,
//0x0840
0x0C,0x10,0x10,0x0C,0x07,0x28,0x30,0xF5,0xF5,0x0F,0x1F,0x1B,0x16,0x0C,0x10,0x11,
//0x0850
0x0C,0x06,0x26,0x32,0x06,0x3D,0x1C,0x0C,0x10,0x11,0x0C,0x01,0x04,0x01,0x26,0x32,
//0x0860
0xC2,0x0D,0x10,0x0A,0x40,0x4C,0x02,0x2C,0x1F,0xE6,0x1F,0x2D,0x01,0x0E,0x14,0x14,
//0x0870
0x0E,0x0E,0x14,0x14,0x0E,0x0E,0x14,0x14,0x0E,0x02,0x2C,0x1F,0xE6,0x1F,0x2D,0x01,
//0x0880
0x20,0x34,0x20,0x08,0x0C,0x11,0x0D,0x40,0x4C,0x2C,0x49,0x05,0x03,0x0A,0x0F,0x0B,
//0x0890
0x40,0x4D,0x2C,0x49,0xFD,0x74,0x15,0x1C,0x14,0x14,0x1C,0x15,0x15,0x1C,0x14,0x14,
//0x08A0
0x1C,0x01,0x4D,0x1C,0x14,0x14,0x1C,0x15,0xEE,0x07,0x13,0x0C,0x03,0x11,0x18,0x10,
//0x08B0
0x06,0x1B,0xA3,0x27,0xFD,0xFD,0x26,0x3B,0x06,0x13,0x0C,0x04,0x11,0x18,0x10,0x05,
//0x08C0
0x1D,0x33,0x02,0x22,0x05,0x11,0x18,0x11,0x01,0x05,0x1D,0x5B,0x13,0x0A,0x0E,0x08,
//0x08D0
0x31,0x03,0x2A,0x1E,0x2B,0x24,0x2A,0x1F,0x7A,0x15,0x1C,0x14,0x2E,0x15,0x1C,0x15,
//0x08E0
0x2E,0x14,0x1C,0x15,0x54,0x1E,0x2B,0x26,0x2A,0x1F,0xB0,0x02,0x16,0x15,0x11,0x0C,
//0x08F0
0x10,0x08,0x31,0x03,0x37,0x02,0x29,0x02,0x0E,0x0C,0x0F,0x08,0x31,0x03,0x37,0x02,
//0x0900
0x29,0x27,0x1C,0x14,0x14,0x1C,0x15,0x88,0x1C,0x14,0x14,0x1C,0x15,0x00,0x00,0x00,
//0x0910
0x00,0x04,0x00,0xB7,0x00,0xB7,0x03,0x31,0x03,0x31,0x00,0x07,0x00,0x13,0x00,0x1B,
//0x0920
0x00,0x23,0x00,0x00,0x00,0x14,0x06,0x22,0x26,0x34,0x36,0x32,0x27,0x35,0x34,0x36,
//0x0930
0x32,0x16,0x1D,0x01,0x14,0x06,0x22,0x26,0x06,0x32,0x36,0x34,0x26,0x22,0x06,0x14,
//0x0940
0x12,0x20,0x16,0x10,0x06,0x20,0x26,0x10,0x02,0x19,0x16,0x1E,0x16,0x16,0x1E,0x27,
//0x0950
0x0E,0x14,0x0E,0x0E,0x14,0x0E,0x57,0xDE,0x9D,0x9D,0xDE,0x9D,0x89,0x01,0x06,0xBA,
//0x0960
0xBA,0xFE,0xFA,0xBA,0x01,0x7D,0x1E,0x16,0x16,0x1E,0x15,0x4A,0xAA,0x0A,0x0F,0x0F,
//0x0970
0x0A,0xAA,0x0A,0x0F,0x0F,0xEA,0x9D,0xDE,0x9D,0x9D,0xDE,0x01,0xAC,0xBA,0xFE,0xFA,
//0x0980
0xBA,0xBA,0x01,0x06,0x00,0x08,0x00,0x6C,0x00,0x8D,0x03,0x7E,0x03,0x5B,0x00,0x0C,
//0x0990
0x00,0x12,0x00,0x16,0x00,0x28,0x00,0x30,0x00,0x46,0x00,0x6B,0x00,0x76,0x00,0x00,
//0x09A0
0x01,0x22,0x35,0x34,0x26,0x34,0x36,0x35,0x34,0x32,0x1D,0x01,0x06,0x36,0x22,0x15,
//0x09B0
0x14,0x32,0x35,0x07,0x33,0x37,0x23,0x07,0x35,0x34,0x36,0x35,0x34,0x33,0x32,0x1D,
//0x09C0
0x01,0x14,0x23,0x22,0x35,0x34,0x26,0x34,0x35,0x37,0x22,0x15,0x14,0x33,0x32,0x35,
//0x09D0
0x34,0x12,0x22,0x26,0x35,0x34,0x3E,0x03,0x3F,0x01,0x16,0x17,0x1E,0x01,0x17,0x1E,
//0x09E0
0x01,0x17,0x16,0x15,0x14,0x03,0x36,0x32,0x1F,0x01,0x35,0x34,0x36,0x3B,0x01,0x32,
//0x09F0
0x16,0x1D,0x01,0x17,0x16,0x0E,0x01,0x2F,0x01,0x11,0x14,0x06,0x23,0x21,0x22,0x26,
//0x0A00
0x35,0x11,0x07,0x0E,0x01,0x2E,0x02,0x36,0x37,0x25,0x09,0x01,0x11,0x14,0x16,0x33,
//0x0A10
0x21,0x32,0x36,0x35,0x02,0x3A,0x0B,0x01,0x01,0x16,0x02,0x22,0x56,0x56,0xAE,0x1B,
//0x0A20
0x65,0x1B,0x71,0x01,0x0A,0x0C,0x0C,0x09,0x01,0x0A,0x2A,0x2A,0x2C,0x4E,0x78,0x5A,
//0x0A30
0x1C,0x24,0x2D,0x14,0x05,0x10,0x0A,0x06,0x01,0x1C,0x0A,0x27,0x19,0x10,0x0F,0xBB,
//0x0A40
0x0F,0x2C,0x0F,0x77,0x10,0x0A,0x34,0x0A,0x10,0x7B,0x0B,0x09,0x1A,0x0D,0x22,0x2E,
//0x0A50
0x20,0xFE,0x2C,0x20,0x2E,0x22,0x06,0x0E,0x0C,0x09,0x05,0x03,0x06,0x02,0x83,0xFE,
//0x0A60
0xFC,0xFE,0xFC,0x10,0x0A,0x01,0xD4,0x0A,0x10,0x01,0x50,0x13,0x01,0x07,0x06,0x07,
//0x0A70
0x01,0x13,0x10,0x1B,0x10,0x55,0x38,0x37,0x37,0x3C,0xD9,0x43,0x0E,0x01,0x04,0x02,
//0x0A80
0x10,0x13,0x16,0x13,0x0A,0x01,0x03,0x04,0x03,0x40,0x37,0x38,0x38,0x37,0xFE,0xF7,
//0x0A90
0x56,0x40,0x1B,0x43,0x35,0x34,0x15,0x04,0x0E,0x0A,0x04,0x01,0x1E,0x0C,0x2E,0x25,
//0x0AA0
0x24,0x23,0x1B,0x42,0x01,0xFB,0x0F,0x0F,0x77,0x43,0x0A,0x10,0x10,0x0A,0xAC,0x7A,
//0x0AB0
0x0B,0x1D,0x07,0x0A,0x21,0xFE,0xED,0x20,0x2E,0x2E,0x20,0x01,0x13,0x21,0x06,0x03,
//0x0AC0
0x05,0x09,0x0C,0x0E,0x06,0x30,0x01,0x05,0xFE,0xFB,0xFE,0xB9,0x0B,0x0F,0x0F,0x0B,
//0x0AD0
0x00,0x05,0x00,0x6C,0x00,0x8D,0x03,0x7E,0x03,0x5B,0x00,0x24,0x00,0x35,0x00,0x49,
//0x0AE0
0x00,0x5A,0x00,0x65,0x00,0x00,0x01,0x36,0x32,0x1F,0x01,0x35,0x34,0x36,0x3B,0x01,
//0x0AF0
0x32,0x16,0x1D,0x01,0x17,0x16,0x0E,0x01,0x2F,0x01,0x11,0x14,0x06,0x23,0x21,0x22,
//0x0B00
0x26,0x35,0x11,0x07,0x0E,0x01,0x2E,0x02,0x36,0x37,0x05,0x22,0x26,0x35,0x34,0x36,
//0x0B10
0x37,0x35,0x34,0x32,0x1D,0x01,0x1E,0x01,0x15,0x14,0x06,0x03,0x22,0x1D,0x01,0x14,
//0x0B20
0x0E,0x01,0x15,0x14,0x16,0x32,0x36,0x35,0x34,0x27,0x26,0x3D,0x01,0x34,0x26,0x03,
//0x0B30
0x22,0x26,0x35,0x34,0x37,0x35,0x34,0x36,0x32,0x16,0x1D,0x01,0x16,0x15,0x14,0x06,
//0x0B40
0x13,0x09,0x01,0x11,0x14,0x16,0x33,0x21,0x32,0x36,0x35,0x01,0xCF,0x0F,0x2C,0x0F,
//0x0B50
0x77,0x10,0x0A,0x34,0x0A,0x10,0x7B,0x0B,0x09,0x1A,0x0D,0x22,0x2E,0x20,0xFE,0x2C,
//0x0B60
0x20,0x2E,0x22,0x06,0x0E,0x0C,0x09,0x05,0x03,0x06,0x01,0x7E,0x14,0x1B,0x19,0x10,
//0x0B70
0x0C,0x14,0x16,0x1F,0x10,0x16,0x14,0x15,0x24,0x36,0x26,0x28,0x02,0x0C,0x0B,0x2C,
//0x0B80
0x34,0x2A,0x1D,0x32,0x1D,0x2A,0x33,0xD7,0xFE,0xFC,0xFE,0xFC,0x10,0x0A,0x01,0xD4,
//0x0B90
0x0A,0x10,0x03,0x4C,0x0F,0x0F,0x77,0x43,0x0A,0x10,0x10,0x0A,0xAC,0x7A,0x0B,0x1D,
//0x0BA0
0x07,0x0A,0x21,0xFE,0xED,0x20,0x2E,0x2E,0x20,0x01,0x13,0x21,0x06,0x03,0x05,0x09,
//0x0BB0
0x0C,0x0E,0x06,0xCA,0x1D,0x14,0x12,0x1B,0x03,0x8A,0x06,0x06,0x8B,0x03,0x1C,0x11,
//0x0BC0
0x17,0x19,0x01,0x51,0x15,0xCB,0x02,0x0D,0x1C,0x15,0x1A,0x26,0x26,0x19,0x27,0x14,
//0x0BD0
0x01,0x05,0xCB,0x08,0x0D,0xFE,0x80,0x3A,0x26,0x32,0x1D,0xBC,0x15,0x21,0x1F,0x17,
//0x0BE0
0xBB,0x1D,0x33,0x25,0x3B,0x01,0x29,0x01,0x05,0xFE,0xFB,0xFE,0xB9,0x0B,0x0F,0x0F,
//0x0BF0
0x0B,0x00,0x00,0x00,0x00,0x06,0x00,0x81,0x00,0x98,0x03,0x67,0x03,0x50,0x00,0x27,
//0x0C00
0x00,0x3A,0x00,0x4F,0x00,0x63,0x00,0x91,0x00,0xBA,0x00,0x00,0x25,0x0E,0x01,0x27,
//0x0C10
0x1E,0x01,0x3E,0x01,0x37,0x36,0x2F,0x01,0x37,0x3E,0x01,0x3F,0x02,0x16,0x3F,0x01,
//0x0C20
0x32,0x16,0x15,0x06,0x1E,0x03,0x36,0x37,0x07,0x0E,0x05,0x23,0x22,0x12,0x32,0x15,
//0x0C30
0x14,0x0E,0x02,0x0F,0x01,0x27,0x36,0x37,0x3E,0x02,0x27,0x35,0x37,0x36,0x05,0x14,
//0x0C40
0x1E,0x02,0x17,0x06,0x0F,0x01,0x06,0x2E,0x03,0x27,0x26,0x3F,0x01,0x16,0x1F,0x01,
//0x0C50
0x37,0x3E,0x01,0x16,0x17,0x14,0x06,0x23,0x27,0x2E,0x03,0x0E,0x01,0x0F,0x01,0x26,
//0x0C60
0x27,0x36,0x17,0x0E,0x01,0x16,0x17,0x14,0x0F,0x01,0x2F,0x01,0x26,0x27,0x2E,0x01,
//0x0C70
0x06,0x07,0x06,0x16,0x1F,0x01,0x2E,0x02,0x37,0x3E,0x01,0x3F,0x01,0x26,0x27,0x26,
//0x0C80
0x3E,0x02,0x37,0x36,0x16,0x07,0x0E,0x01,0x16,0x17,0x16,0x3B,0x01,0x15,0x37,0x3E,
//0x0C90
0x04,0x35,0x34,0x26,0x2F,0x01,0x26,0x1E,0x03,0x17,0x16,0x07,0x06,0x17,0x1E,0x03,
//0x0CA0
0x06,0x07,0x36,0x2E,0x01,0x27,0x26,0x07,0x06,0x27,0x26,0x37,0x36,0x27,0x26,0x35,
//0x0CB0
0x01,0xF3,0x3E,0xC5,0x43,0x2B,0x60,0x4C,0x36,0x07,0x09,0x15,0x02,0x0C,0x03,0x06,
//0x0CC0
0x02,0x03,0x02,0x27,0x1E,0x04,0x01,0x19,0x14,0x09,0x23,0x3F,0x44,0x4D,0x20,0x03,
//0x0CD0
0x03,0x0F,0x13,0x1D,0x20,0x2B,0x16,0x63,0x82,0x04,0x05,0x11,0x2D,0x21,0x10,0x0E,
//0x0CE0
0x1B,0x09,0x07,0x11,0x19,0x04,0x0A,0x0B,0xFE,0xC5,0x05,0x0E,0x24,0x1B,0x01,0x07,
//0x0CF0
0x05,0x01,0x17,0x20,0x21,0x19,0x03,0x02,0x03,0x01,0x0B,0x0C,0x17,0x34,0x27,0x5A,
//0x0D00
0x3F,0x11,0x20,0x01,0x05,0x05,0x11,0x16,0x1C,0x1E,0x22,0x0F,0x06,0x11,0x12,0x10,
//0x0D10
0x58,0x12,0x12,0x02,0x01,0x0D,0x0E,0x01,0x02,0x02,0x02,0x25,0x7C,0x6B,0x0D,0x03,
//0x0D20
0x04,0x04,0x04,0x03,0x0C,0x04,0x12,0x14,0x53,0x32,0x06,0x01,0x01,0x10,0x0C,0x27,
//0x0D30
0x4C,0x30,0x09,0x01,0x05,0x43,0x45,0x17,0x36,0x2B,0x24,0x02,0x13,0x11,0x21,0x2C,
//0x0D40
0x20,0x16,0x4D,0x32,0x07,0x01,0x1D,0x2C,0x30,0x2D,0x0B,0x13,0x17,0x02,0x04,0x2E,
//0x0D50
0x47,0x27,0x12,0x05,0x0D,0x0B,0x08,0x3F,0x34,0x60,0x47,0x01,0x0D,0x0F,0x02,0x0A,
//0x0D60
0x2F,0x01,0xE7,0x4D,0x02,0x52,0x2B,0x16,0x21,0x40,0x26,0x2E,0x35,0x03,0x06,0x02,
//0x0D70
0x03,0x01,0x02,0x01,0x1E,0x1C,0x03,0x0F,0x01,0x2C,0x4C,0x40,0x25,0x0C,0x1C,0x22,
//0x0D80
0x04,0x04,0x0F,0x11,0x12,0x0F,0x09,0x01,0x41,0x11,0x0D,0x22,0x3A,0x36,0x11,0x06,
//0x0D90
0x2D,0x12,0x09,0x07,0x15,0x38,0x19,0x05,0x03,0x04,0x0E,0x0B,0x19,0x2A,0x28,0x0D,
//0x0DA0
0x04,0x18,0x13,0x01,0x0B,0x19,0x24,0x37,0x1E,0x13,0x14,0x04,0x03,0x03,0x06,0xA1,
//0x0DB0
0x16,0x04,0x16,0x11,0x01,0x22,0x03,0x03,0x07,0x07,0x04,0x01,0x0A,0x0A,0x04,0x12,
//0x0DC0
0x12,0x0A,0x79,0x04,0x1B,0x17,0x07,0x01,0x08,0x08,0x02,0x02,0x03,0x02,0x32,0x14,
//0x0DD0
0x47,0x47,0x16,0x1F,0x0F,0x0F,0x03,0x2B,0x4C,0x2A,0x31,0x43,0x08,0x01,0x03,0x04,
//0x0DE0
0x2A,0x59,0x4D,0x38,0x08,0x02,0x01,0x01,0x0E,0x6C,0x7D,0x24,0x1C,0x21,0x20,0x03,
//0x0DF0
0x0A,0x18,0x20,0x37,0x22,0x3E,0x52,0x0B,0x02,0x01,0x05,0x12,0x1E,0x3B,0x27,0x43,
//0x0E00
0x3B,0x05,0x01,0x09,0x31,0x3E,0x46,0x42,0x1A,0x27,0x50,0x4A,0x0E,0x17,0x59,0x01,
//0x0E10
0x08,0x07,0x06,0x22,0x17,0x07,0x09,0x00,0x00,0x04,0x00,0x96,0x00,0xAB,0x03,0x52,
//0x0E20
0x03,0x3A,0x00,0x10,0x00,0x1B,0x00,0x2A,0x00,0x3B,0x00,0x00,0x01,0x16,0x32,0x37,
//0x0E30
0x16,0x1F,0x01,0x07,0x0E,0x03,0x26,0x27,0x26,0x27,0x3F,0x01,0x26,0x36,0x16,0x17,
//0x0E40
0x16,0x06,0x27,0x2E,0x02,0x13,0x32,0x1E,0x03,0x17,0x15,0x23,0x35,0x34,0x2F,0x01,
//0x0E50
0x36,0x37,0x07,0x06,0x07,0x14,0x15,0x07,0x15,0x23,0x35,0x3E,0x03,0x3F,0x01,0x16,
//0x0E60
0x17,0x01,0xC0,0x17,0x3B,0x16,0x05,0x3B,0x3B,0x02,0x02,0x1F,0x40,0x4A,0x65,0x30,
//0x0E70
0x16,0x05,0x5E,0x0B,0x04,0x2E,0x3F,0x14,0x1B,0x2D,0x2C,0x0A,0x16,0x1C,0xF1,0x04,
//0x0E80
0x23,0x33,0x30,0x23,0x02,0xF5,0x30,0x04,0x56,0x16,0xD5,0x2F,0x05,0x01,0xF5,0x01,
//0x0E90
0x0C,0x1F,0x47,0x33,0x09,0x51,0x28,0x01,0xB1,0x0E,0x0E,0x06,0x68,0x66,0x01,0x02,
//0x0EA0
0x10,0x15,0x0A,0x0D,0x16,0x0A,0x05,0xA4,0x84,0x22,0x2C,0x03,0x1A,0x26,0x4E,0x04,
//0x0EB0
0x01,0x08,0x1E,0x01,0x4D,0x17,0x32,0x42,0x63,0x36,0x0A,0x02,0x38,0x1E,0x03,0x95,
//0x0EC0
0x26,0xBB,0x20,0x31,0x02,0x03,0x03,0x02,0x0B,0x19,0x38,0x57,0x56,0x20,0x05,0x8C,
//0x0ED0
0x45,0x00,0x00,0x00,0x00,0x04,0x00,0x96,0x00,0xBB,0x03,0x52,0x03,0x2D,0x00,0x07,
//0x0EE0
0x00,0x17,0x00,0x28,0x00,0x34,0x00,0x00,0x00,0x32,0x16,0x14,0x06,0x22,0x26,0x34,
//0x0EF0
0x05,0x01,0x26,0x22,0x07,0x01,0x06,0x15,0x14,0x16,0x33,0x21,0x32,0x36,0x35,0x34,
//0x0F00
0x17,0x14,0x06,0x23,0x35,0x21,0x22,0x26,0x35,0x34,0x37,0x01,0x36,0x32,0x17,0x01,
//0x0F10
0x16,0x25,0x35,0x34,0x36,0x32,0x16,0x1D,0x01,0x14,0x06,0x22,0x26,0x01,0xE4,0x20,
//0x0F20
0x15,0x15,0x20,0x16,0x01,0x4F,0xFE,0xED,0x07,0x1E,0x07,0xFE,0xED,0x03,0x0E,0x0B,
//0x0F30
0x02,0x26,0x0B,0x0E,0x32,0x2C,0x1F,0xFD,0xDA,0x1F,0x2C,0x0A,0x01,0x13,0x16,0x56,
//0x0F40
0x16,0x01,0x13,0x0A,0xFE,0x89,0x0F,0x14,0x0F,0x0E,0x16,0x0E,0x01,0x6A,0x15,0x20,
//0x0F50
0x16,0x16,0x20,0x42,0x01,0xDB,0x0D,0x0D,0xFE,0x25,0x06,0x06,0x0B,0x0E,0x0E,0x0B,
//0x0F60
0x06,0x06,0x1F,0x2D,0x01,0x2C,0x1F,0x13,0x12,0x01,0xDB,0x26,0x26,0xFE,0x25,0x12,
//0x0F70
0x9B,0x96,0x0B,0x0E,0x0E,0x0B,0x96,0x0A,0x0E,0x0E,0x00,0x00,0x00,0x03,0x00,0xA7,
//0x0F80
0x01,0x11,0x03,0x41,0x02,0xD7,0x00,0x07,0x00,0x0F,0x00,0x19,0x00,0x00,0x00,0x32,
//0x0F90
0x16,0x14,0x06,0x22,0x26,0x34,0x16,0x32,0x36,0x34,0x26,0x22,0x06,0x14,0x12,0x32,
//0x0FA0
0x16,0x17,0x0E,0x01,0x22,0x26,0x27,0x36,0x01,0xCE,0x4C,0x35,0x35,0x4C,0x35,0x1C,
//0x0FB0
0x7E,0x59,0x59,0x7E,0x59,0x28,0xE0,0xB5,0x28,0x28,0xB5,0xE0,0xB5,0x28,0x28,0x02,
//0x0FC0
0x4F,0x35,0x4C,0x35,0x35,0x4C,0xBE,0x59,0x7E,0x59,0x59,0x7E,0x01,0x22,0x7E,0x65,
//0x0FD0
0x65,0x7E,0x7E,0x65,0x65,0x00,0x00,0x00,0x00,0x02,0x00,0x53,0x01,0x24,0x03,0x95,
//0x0FE0
0x02,0xC4,0x00,0x03,0x00,0x17,0x00,0x00,0x01,0x35,0x21,0x15,0x05,0x21,0x22,0x26,
//0x0FF0
0x35,0x11,0x34,0x36,0x33,0x21,0x32,0x16,0x1D,0x01,0x33,0x15,0x23,0x15,0x14,0x06,
//0x1000
0x02,0xEE,0xFD,0xB9,0x02,0x71,0xFD,0x65,0x11,0x19,0x19,0x11,0x02,0x9B,0x11,0x18,
//0x1010
0x54,0x54,0x18,0x01,0x77,0xFA,0xFA,0x53,0x18,0x11,0x01,0x4E,0x11,0x18,0x18,0x11,
//0x1020
0x54,0xA6,0x54,0x11,0x18,0x00,0x00,0x00,0x00,0x02,0x00,0x53,0x01,0x24,0x03,0x95,
//0x1030
0x02,0xC4,0x00,0x03,0x00,0x17,0x00,0x00,0x01,0x35,0x21,0x15,0x05,0x21,0x22,0x26,
//0x1040
0x35,0x11,0x34,0x36,0x33,0x21,0x32,0x16,0x1D,0x01,0x33,0x15,0x23,0x15,0x14,0x06,
//0x1050
0x02,0xEE,0xFE,0x0C,0x02,0x1E,0xFD,0x65,0x11,0x19,0x19,0x11,0x02,0x9B,0x11,0x18,
//0x1060
0x54,0x54,0x18,0x01,0x77,0xFA,0xFA,0x53,0x18,0x11,0x01,0x4E,0x11,0x18,0x18,0x11,
//0x1070
0x54,0xA6,0x54,0x11,0x18,0x00,0x00,0x00,0x00,0x02,0x00,0x53,0x01,0x24,0x03,0x95,
//0x1080
0x02,0xC4,0x00,0x03,0x00,0x17,0x00,0x00,0x01,0x35,0x21,0x15,0x05,0x21,0x22,0x26,
//0x1090
0x35,0x11,0x34,0x36,0x33,0x21,0x32,0x16,0x1D,0x01,0x33,0x15,0x23,0x15,0x14,0x06,
//0x10A0
0x02,0xEE,0xFE,0x5F,0x01,0xCB,0xFD,0x65,0x11,0x19,0x19,0x11,0x02,0x9B,0x11,0x18,
//0x10B0
0x54,0x54,0x18,0x01,0x77,0xFA,0xFA,0x53,0x18,0x11,0x01,0x4E,0x11,0x18,0x18,0x11,
//0x10C0
0x54,0xA6,0x54,0x11,0x18,0x00,0x00,0x00,0x00,0x02,0x00,0x53,0x01,0x24,0x03,0x95,
//0x10D0
0x02,0xC4,0x00,0x03,0x00,0x17,0x00,0x00,0x01,0x35,0x21,0x15,0x05,0x21,0x22,0x26,
//0x10E0
0x35,0x11,0x34,0x36,0x33,0x21,0x32,0x16,0x1D,0x01,0x33,0x15,0x23,0x15,0x14,0x06,
//0x10F0
0x02,0xEE,0xFE,0xB3,0x01,0x77,0xFD,0x65,0x11,0x19,0x19,0x11,0x02,0x9B,0x11,0x18,
//0x1100
0x54,0x54,0x18,0x01,0x77,0xFA,0xFA,0x53,0x18,0x11,0x01,0x4E,0x11,0x18,0x18,0x11,
//0x1110
0x54,0xA6,0x54,0x11,0x18,0x00,0x00,0x00,0x00,0x02,0x00,0x53,0x01,0x24,0x03,0x95,
//0x1120
0x02,0xC4,0x00,0x03,0x00,0x17,0x00,0x00,0x01,0x35,0x23,0x15,0x05,0x21,0x22,0x26,
//0x1130
0x35,0x11,0x34,0x36,0x33,0x21,0x32,0x16,0x1D,0x01,0x33,0x15,0x23,0x15,0x14,0x06,
//0x1140
0x02,0xEE,0xFA,0x01,0x24,0xFD,0x65,0x11,0x19,0x19,0x11,0x02,0x9B,0x11,0x18,0x54,
//0x1150
0x54,0x18,0x01,0x77,0xFA,0xFA,0x53,0x18,0x11,0x01,0x4E,0x11,0x18,0x18,0x11,0x54,
//0x1160
0xA6,0x54,0x11,0x18,0x00,0x02,0x00,0x53,0x01,0x24,0x03,0x95,0x02,0xC4,0x00,0x03,
//0x1170
0x00,0x17,0x00,0x00,0x01,0x35,0x23,0x15,0x17,0x21,0x22,0x26,0x35,0x11,0x34,0x36,
//0x1180
0x33,0x21,0x32,0x16,0x1D,0x01,0x33,0x15,0x23,0x15,0x14,0x06,0x02,0xEE,0xA7,0xD1,
//0x1190
0xFD,0x65,0x11,0x19,0x19,0x11,0x02,0x9B,0x11,0x18,0x54,0x54,0x18,0x01,0x77,0xFA,
//0x11A0
0xFA,0x53,0x18,0x11,0x01,0x4E,0x11,0x18,0x18,0x11,0x54,0xA6,0x54,0x11,0x18,0x00,
//0x11B0
0x00,0x02,0x00,0x53,0x01,0x24,0x03,0x95,0x02,0xC4,0x00,0x03,0x00,0x17,0x00,0x00,
//0x11C0
0x01,0x35,0x23,0x15,0x17,0x21,0x22,0x26,0x35,0x11,0x34,0x36,0x33,0x21,0x32,0x16,
//0x11D0
0x1D,0x01,0x33,0x15,0x23,0x15,0x14,0x06,0x02,0xEE,0x53,0x7D,0xFD,0x65,0x11,0x19,
//0x11E0
0x19,0x11,0x02,0x9B,0x11,0x18,0x54,0x54,0x18,0x01,0x77,0xFA,0xFA,0x53,0x18,0x11,
//0x11F0
0x01,0x4E,0x11,0x18,0x18,0x11,0x54,0xA6,0x54,0x11,0x18,0x00,0x00,0x01,0x00,0x53,
//0x1200
0x01,0x24,0x03,0x95,0x02,0xC4,0x00,0x13,0x00,0x00,0x01,0x14,0x06,0x23,0x21,0x22,
//0x1210
0x26,0x35,0x11,0x34,0x36,0x33,0x21,0x32,0x16,0x1D,0x01,0x33,0x15,0x23,0x03,0x41,
//0x1220
0x21,0x16,0xFD,0x81,0x17,0x21,0x21,0x17,0x02,0x7F,0x16,0x21,0x54,0x54,0x01,0x5B,
//0x1230
0x17,0x20,0x21,0x17,0x01,0x31,0x17,0x20,0x20,0x17,0x46,0xA6,0x00,0x01,0x00,0xA7,
//0x1240
0x00,0x20,0x03,0x3F,0x03,0xC1,0x00,0x11,0x00,0x00,0x25,0x22,0x27,0x25,0x26,0x22,
//0x1250
0x0F,0x01,0x06,0x26,0x37,0x01,0x36,0x32,0x17,0x01,0x16,0x06,0x03,0x1F,0x0B,0x0E,
//0x1260
0xFE,0xEB,0x04,0x0E,0x04,0xF8,0x17,0x25,0x09,0x01,0x14,0x0A,0x2E,0x0A,0x01,0x32,
//0x1270
0x07,0x11,0x27,0x09,0xC6,0x02,0x02,0xC2,0x14,0x1A,0x1E,0x03,0x4D,0x1C,0x1C,0xFC,
//0x1280
0xB3,0x15,0x1C,0x00,0x00,0x01,0x00,0xA6,0x00,0x07,0x03,0x3A,0x03,0xE3,0x00,0x0E,
//0x1290
0x00,0x00,0x25,0x0E,0x01,0x27,0x03,0x26,0x07,0x05,0x06,0x26,0x37,0x01,0x36,0x16,
//0x12A0
0x07,0x03,0x10,0x02,0x2A,0x11,0xB3,0x07,0x0D,0xFE,0xD0,0x1C,0x1A,0x14,0x02,0x43,
//0x12B0
0x13,0x2A,0x01,0x31,0x1E,0x0C,0x19,0x01,0x21,0x0B,0x02,0x56,0x08,0x22,0x1B,0x02,
//0x12C0
0xA4,0x16,0x11,0x1F,0x00,0x01,0x00,0x3D,0x00,0x32,0x03,0xAD,0x03,0xB8,0x00,0x10,
//0x12D0
0x00,0x00,0x25,0x0E,0x01,0x26,0x27,0x03,0x2E,0x01,0x27,0x25,0x2E,0x01,0x37,0x01,
//0x12E0
0x36,0x16,0x07,0x02,0x24,0x0A,0x1C,0x15,0x04,0x38,0x01,0x0A,0x04,0xFE,0xC7,0x1D,
//0x12F0
0x0B,0x1D,0x03,0x19,0x1B,0x1F,0x0C,0x50,0x13,0x0B,0x13,0x13,0x01,0x4F,0x05,0x09,
//0x1300
0x01,0x26,0x02,0x2A,0x12,0x01,0x92,0x0C,0x1F,0x1B,0x00,0x00,0x00,0x01,0x00,0x0F,
//0x1310
0x00,0x99,0x03,0xDC,0x03,0x49,0x00,0x0F,0x00,0x00,0x25,0x06,0x26,0x37,0x13,0x36,
//0x1320
0x27,0x25,0x2E,0x01,0x36,0x37,0x25,0x36,0x16,0x07,0x01,0x2E,0x15,0x28,0x06,0x4D,
//0x1330
0x02,0x0A,0xFE,0xED,0x0F,0x0B,0x12,0x16,0x03,0x76,0x1F,0x10,0x16,0xAD,0x14,0x14,
//0x1340
0x1F,0x01,0x4B,0x0E,0x06,0x9B,0x08,0x1A,0x18,0x03,0x45,0x01,0x2A,0x14,0x00,0x00,
//0x1350
0x00,0x01,0x00,0x20,0x00,0xA9,0x03,0xC1,0x03,0x41,0x00,0x11,0x00,0x00,0x37,0x34,
//0x1360
0x37,0x13,0x36,0x34,0x2F,0x01,0x26,0x36,0x17,0x01,0x16,0x14,0x07,0x01,0x06,0x26,
//0x1370
0x27,0x09,0xC6,0x02,0x02,0xC2,0x14,0x1A,0x1E,0x03,0x4D,0x1C,0x1C,0xFC,0xB3,0x15,
//0x1380
0x1C,0xC9,0x0B,0x0E,0x01,0x15,0x04,0x0E,0x04,0xF8,0x17,0x25,0x09,0xFE,0xEC,0x0A,
//0x1390
0x2E,0x0A,0xFE,0xCE,0x07,0x11,0x00,0x00,0x00,0x01,0x00,0x07,0x00,0xAE,0x03,0xE3,
//0x13A0
0x03,0x42,0x00,0x0E,0x00,0x00,0x37,0x2E,0x01,0x37,0x25,0x36,0x27,0x03,0x26,0x36,
//0x13B0
0x17,0x01,0x16,0x06,0x27,0x31,0x1E,0x0C,0x19,0x01,0x21,0x0B,0x02,0x56,0x08,0x22,
//0x13C0
0x1B,0x02,0xA4,0x16,0x11,0x1F,0xD8,0x02,0x2A,0x11,0xB3,0x07,0x0D,0x01,0x30,0x1C,
//0x13D0
0x1A,0x14,0xFD,0xBD,0x13,0x2A,0x01,0x00,0x00,0x01,0x00,0x32,0x00,0x3B,0x03,0xB8,
//0x13E0
0x03,0xAB,0x00,0x10,0x00,0x00,0x13,0x2E,0x01,0x36,0x37,0x25,0x3E,0x01,0x37,0x13,
//0x13F0
0x3E,0x01,0x17,0x01,0x16,0x06,0x27,0x50,0x13,0x0B,0x13,0x13,0x01,0x4F,0x05,0x09,
//0x1400
0x01,0x26,0x02,0x2A,0x12,0x01,0x92,0x0C,0x1F,0x1B,0x01,0xC4,0x0A,0x1C,0x15,0x04,
//0x1410
0x38,0x01,0x0A,0x04,0x01,0x39,0x1D,0x0B,0x1D,0xFC,0xE7,0x1B,0x1F,0x0C,0x00,0x00,
//0x1420
0x00,0x01,0x00,0x99,0x00,0x0C,0x03,0x49,0x03,0xD9,0x00,0x0F,0x00,0x00,0x13,0x26,
//0x1430
0x36,0x17,0x05,0x16,0x37,0x13,0x3E,0x01,0x16,0x17,0x13,0x16,0x06,0x27,0xAD,0x14,
//0x1440
0x14,0x1F,0x01,0x4B,0x0E,0x06,0x9B,0x08,0x1A,0x18,0x03,0x45,0x01,0x2A,0x14,0x02,
//0x1450
0xBA,0x15,0x28,0x06,0x4D,0x02,0x0A,0x01,0x13,0x0F,0x0B,0x12,0x16,0xFC,0x8A,0x1F,
//0x1460
0x10,0x16,0x00,0x00,0x00,0x01,0x00,0xA9,0x00,0x27,0x03,0x41,0x03,0xC8,0x00,0x11,
//0x1470
0x00,0x00,0x13,0x32,0x17,0x05,0x16,0x32,0x3F,0x01,0x36,0x16,0x07,0x01,0x06,0x22,
//0x1480
0x27,0x01,0x26,0x36,0xC9,0x0B,0x0E,0x01,0x15,0x04,0x0E,0x04,0xF8,0x17,0x25,0x09,
//0x1490
0xFE,0xEC,0x0A,0x2E,0x0A,0xFE,0xCE,0x07,0x11,0x03,0xC1,0x09,0xC6,0x02,0x02,0xC2,
//0x14A0
0x14,0x1A,0x1E,0xFC,0xB3,0x1C,0x1C,0x03,0x4D,0x15,0x1C,0x00,0x00,0x01,0x00,0xAE,
//0x14B0
0x00,0x05,0x03,0x42,0x03,0xE1,0x00,0x0E,0x00,0x00,0x13,0x3E,0x01,0x17,0x13,0x16,
//0x14C0
0x37,0x25,0x36,0x16,0x07,0x01,0x06,0x26,0x37,0xD8,0x02,0x2A,0x11,0xB3,0x07,0x0D,
//0x14D0
0x01,0x30,0x1C,0x1A,0x14,0xFD,0xBD,0x13,0x2A,0x01,0x03,0xB7,0x1E,0x0C,0x19,0xFE,
//0x14E0
0xDF,0x0B,0x02,0x56,0x08,0x22,0x1B,0xFD,0x5C,0x16,0x11,0x1F,0x00,0x01,0x00,0x3B,
//0x14F0
0x00,0x30,0x03,0xAB,0x03,0xB6,0x00,0x10,0x00,0x00,0x01,0x3E,0x01,0x16,0x17,0x13,
//0x1500
0x1E,0x01,0x17,0x05,0x1E,0x01,0x07,0x01,0x06,0x26,0x37,0x01,0xC4,0x0A,0x1C,0x15,
//0x1510
0x04,0x38,0x01,0x0A,0x04,0x01,0x39,0x1D,0x0B,0x1D,0xFC,0xE7,0x1B,0x1F,0x0C,0x03,
//0x1520
0x98,0x13,0x0B,0x13,0x13,0xFE,0xB1,0x05,0x09,0x01,0x26,0x02,0x2A,0x12,0xFE,0x6E,
//0x1530
0x0C,0x1F,0x1B,0x00,0x00,0x01,0x00,0x0C,0x00,0x9F,0x03,0xD9,0x03,0x4F,0x00,0x0F,
//0x1540
0x00,0x00,0x01,0x36,0x16,0x07,0x03,0x06,0x17,0x05,0x1E,0x01,0x06,0x07,0x05,0x06,
//0x1550
0x26,0x37,0x02,0xBA,0x15,0x28,0x06,0x4D,0x02,0x0A,0x01,0x13,0x0F,0x0B,0x12,0x16,
//0x1560
0xFC,0x8A,0x1F,0x10,0x16,0x03,0x3B,0x14,0x14,0x1F,0xFE,0xB5,0x0E,0x06,0x9B,0x08,
//0x1570
0x1A,0x18,0x03,0x45,0x01,0x2A,0x14,0x00,0x00,0x01,0x00,0x27,0x00,0xA7,0x03,0xC8,
//0x1580
0x03,0x3F,0x00,0x11,0x00,0x00,0x01,0x14,0x07,0x03,0x06,0x14,0x1F,0x01,0x16,0x06,
//0x1590
0x27,0x01,0x26,0x34,0x37,0x01,0x36,0x16,0x03,0xC1,0x09,0xC6,0x02,0x02,0xC2,0x14,
//0x15A0
0x1A,0x1E,0xFC,0xB3,0x1C,0x1C,0x03,0x4D,0x15,0x1C,0x03,0x1F,0x0B,0x0E,0xFE,0xEB,
//0x15B0
0x04,0x0E,0x04,0xF8,0x17,0x25,0x09,0x01,0x14,0x0A,0x2E,0x0A,0x01,0x32,0x07,0x11,
//0x15C0
0x00,0x01,0x00,0x05,0x00,0xA6,0x03,0xE1,0x03,0x3A,0x00,0x0E,0x00,0x00,0x01,0x1E,
//0x15D0
0x01,0x07,0x05,0x06,0x17,0x13,0x16,0x06,0x27,0x01,0x26,0x36,0x17,0x03,0xB7,0x1E,
//0x15E0
0x0C,0x19,0xFE,0xDF,0x0B,0x02,0x56,0x08,0x22,0x1B,0xFD,0x5C,0x16,0x11,0x1F,0x03,
//0x15F0
0x10,0x02,0x2A,0x11,0xB3,0x07,0x0D,0xFE,0xD0,0x1C,0x1A,0x14,0x02,0x43,0x13,0x2A,
//0x1600
0x01,0x00,0x00,0x00,0x00,0x01,0x00,0x30,0x00,0x3D,0x03,0xB6,0x03,0xAD,0x00,0x10,
//0x1610
0x00,0x00,0x01,0x1E,0x01,0x06,0x07,0x05,0x0E,0x01,0x07,0x03,0x0E,0x01,0x27,0x01,
//0x1620
0x26,0x36,0x17,0x03,0x98,0x13,0x0B,0x13,0x13,0xFE,0xB1,0x05,0x09,0x01,0x26,0x02,
//0x1630
0x2A,0x12,0xFE,0x6E,0x0C,0x1F,0x1B,0x02,0x24,0x0A,0x1C,0x15,0x04,0x38,0x01,0x0A,
//0x1640
0x04,0xFE,0xC7,0x1D,0x0B,0x1D,0x03,0x19,0x1B,0x1F,0x0C,0x00,0x00,0x01,0x00,0x9F,
//0x1650
0x00,0x0F,0x03,0x4F,0x03,0xDC,0x00,0x0F,0x00,0x00,0x01,0x16,0x06,0x27,0x25,0x26,
//0x1660
0x07,0x03,0x0E,0x01,0x26,0x27,0x03,0x26,0x36,0x17,0x03,0x3B,0x14,0x14,0x1F,0xFE,
//0x1670
0xB5,0x0E,0x06,0x9B,0x08,0x1A,0x18,0x03,0x45,0x01,0x2A,0x14,0x01,0x2E,0x15,0x28,
//0x1680
0x06,0x4D,0x02,0x0A,0xFE,0xED,0x0F,0x0B,0x12,0x16,0x03,0x76,0x1F,0x10,0x16,0x00,
//0x1690
0x00,0x03,0x00,0x25,0x00,0xA0,0x03,0xC2,0x03,0x42,0x00,0x47,0x00,0xA1,0x00,0xB8,
//0x16A0
0x00,0x00,0x13,0x26,0x36,0x16,0x17,0x1E,0x02,0x17,0x16,0x36,0x37,0x36,0x37,0x36,
//0x16B0
0x16,0x15,0x14,0x16,0x17,0x16,0x36,0x35,0x34,0x36,0x16,0x15,0x14,0x16,0x37,0x3E,
//0x16C0
0x01,0x35,0x34,0x36,0x17,0x1E,0x01,0x17,0x1E,0x01,0x37,0x3E,0x01,0x35,0x34,0x36,
//0x16D0
0x17,0x1E,0x01,0x0E,0x02,0x23,0x22,0x2F,0x01,0x0E,0x01,0x27,0x26,0x2F,0x01,0x0E,
//0x16E0
0x01,0x27,0x26,0x27,0x07,0x0E,0x01,0x26,0x27,0x36,0x32,0x16,0x15,0x14,0x1E,0x01,
//0x16F0
0x37,0x32,0x3E,0x02,0x37,0x3E,0x02,0x1E,0x01,0x17,0x16,0x17,0x1E,0x01,0x36,0x37,
//0x1700
0x3E,0x02,0x33,0x32,0x17,0x1E,0x01,0x36,0x37,0x3E,0x01,0x32,0x1E,0x01,0x15,0x14,
//0x1710
0x16,0x17,0x16,0x3E,0x02,0x35,0x34,0x36,0x33,0x32,0x17,0x16,0x0E,0x02,0x07,0x0E,
//0x1720
0x01,0x26,0x27,0x26,0x27,0x26,0x07,0x06,0x07,0x06,0x26,0x2F,0x01,0x0E,0x01,0x26,
//0x1730
0x27,0x26,0x27,0x26,0x07,0x0E,0x02,0x07,0x06,0x26,0x27,0x26,0x25,0x22,0x26,0x35,
//0x1740
0x34,0x33,0x32,0x1F,0x01,0x35,0x34,0x3E,0x01,0x17,0x15,0x37,0x36,0x33,0x32,0x15,
//0x1750
0x14,0x07,0x06,0x29,0x02,0x0D,0x0E,0x04,0x03,0x06,0x18,0x19,0x2B,0x51,0x07,0x03,
//0x1760
0x09,0x0B,0x10,0x2F,0x1F,0x2D,0x3C,0x13,0x12,0x52,0x30,0x14,0x22,0x10,0x0B,0x06,
//0x1770
0x02,0x03,0x07,0x52,0x2B,0x17,0x1D,0x18,0x08,0x04,0x01,0x14,0x1D,0x32,0x1E,0x40,
//0x1780
0x26,0x0A,0x22,0x7B,0x29,0x04,0x0C,0x06,0x1D,0x7A,0x32,0x0E,0x05,0x0A,0x23,0x69,
//0x1790
0x53,0x01,0x06,0x06,0x0E,0x0E,0x32,0x25,0x06,0x12,0x20,0x1A,0x04,0x02,0x08,0x07,
//0x17A0
0x09,0x04,0x01,0x04,0x03,0x06,0x56,0x56,0x05,0x01,0x0A,0x06,0x02,0x11,0x02,0x05,
//0x17B0
0x56,0x56,0x06,0x02,0x09,0x0A,0x0A,0x06,0x30,0x27,0x1E,0x2B,0x14,0x08,0x0E,0x03,
//0x17C0
0x05,0x06,0x08,0x05,0x10,0x29,0x1B,0x0B,0x1F,0x40,0x19,0x11,0x02,0x01,0x04,0x02,
//0x17D0
0x10,0x24,0x76,0x25,0x09,0x1C,0x4F,0x44,0x19,0x10,0x02,0x04,0x02,0x01,0x10,0x27,
//0x17E0
0x15,0x2E,0x62,0x0C,0x06,0x01,0xCF,0x07,0x54,0x12,0x09,0x17,0x17,0x03,0x12,0x0F,
//0x17F0
0x17,0x17,0x09,0x12,0x2A,0x2B,0x01,0x1E,0x12,0x0D,0x03,0x04,0x02,0x25,0x2C,0x0C,
//0x1800
0x14,0x2C,0x2F,0x18,0x04,0x06,0x10,0x0C,0x1D,0x33,0x05,0x06,0x3C,0x23,0x0D,0x0A,
//0x1810
0x0B,0x0C,0x2B,0x3C,0x15,0x08,0x30,0x13,0x0F,0x0F,0x05,0x03,0x06,0x13,0x2F,0x2C,
//0x1820
0x14,0x0B,0x2F,0x19,0x0C,0x08,0x09,0x08,0x1F,0x28,0x24,0x19,0x31,0x0C,0x36,0x0D,
//0x1830
0x28,0x04,0x0F,0x09,0x33,0x14,0x2E,0x10,0x08,0x0C,0x2C,0x0A,0x42,0xE3,0x06,0x06,
//0x1840
0x01,0x10,0x2D,0x2C,0x02,0x05,0x0E,0x25,0x1A,0x0D,0x0E,0x03,0x03,0x03,0x01,0x03,
//0x1850
0x13,0x35,0x29,0x2B,0x34,0x0B,0x0D,0x02,0x1A,0x34,0x2B,0x29,0x35,0x0E,0x0D,0x05,
//0x1860
0x07,0x02,0x23,0x3B,0x02,0x01,0x19,0x27,0x1E,0x0A,0x01,0x06,0x06,0x06,0x25,0x29,
//0x1870
0x28,0x0A,0x04,0x06,0x0F,0x19,0x11,0x04,0x03,0x05,0x03,0x10,0x27,0x05,0x2F,0x0B,
//0x1880
0x28,0x1B,0x13,0x18,0x10,0x03,0x05,0x03,0x02,0x14,0x1C,0x05,0x0C,0x37,0x39,0x1D,
//0x1890
0x7D,0x54,0x08,0x12,0x17,0x17,0x5B,0x49,0x19,0x08,0x0F,0xB6,0x17,0x17,0x11,0x08,
//0x18A0
0x2A,0x2B,0x00,0x00,0x00,0x04,0x00,0x1D,0x00,0x6B,0x03,0xC2,0x03,0x77,0x00,0x4A,
//0x18B0
0x00,0x9B,0x00,0xE8,0x00,0xFE,0x00,0x00,0x13,0x36,0x17,0x1E,0x02,0x17,0x16,0x36,
//0x18C0
0x37,0x3E,0x01,0x16,0x15,0x14,0x16,0x37,0x3E,0x04,0x35,0x34,0x36,0x16,0x15,0x14,
//0x18D0
0x1E,0x01,0x37,0x3E,0x02,0x37,0x36,0x17,0x1E,0x01,0x17,0x1E,0x01,0x36,0x37,0x36,
//0x18E0
0x35,0x34,0x36,0x17,0x1E,0x01,0x0E,0x02,0x07,0x06,0x26,0x2F,0x01,0x07,0x0E,0x01,
//0x18F0
0x27,0x26,0x27,0x06,0x26,0x2F,0x01,0x07,0x0E,0x01,0x26,0x27,0x26,0x25,0x06,0x23,
//0x1900
0x22,0x27,0x26,0x27,0x26,0x07,0x0E,0x01,0x26,0x27,0x26,0x37,0x36,0x17,0x16,0x17,
//0x1910
0x1E,0x01,0x33,0x32,0x36,0x37,0x3E,0x01,0x37,0x36,0x1E,0x02,0x17,0x16,0x36,0x37,
//0x1920
0x3E,0x01,0x16,0x15,0x14,0x16,0x17,0x16,0x33,0x32,0x37,0x3E,0x03,0x1E,0x02,0x17,
//0x1930
0x16,0x3E,0x01,0x37,0x36,0x37,0x36,0x17,0x1E,0x01,0x0E,0x02,0x07,0x06,0x2E,0x01,
//0x1940
0x27,0x26,0x07,0x0E,0x02,0x23,0x22,0x27,0x25,0x32,0x1E,0x02,0x17,0x16,0x36,0x37,
//0x1950
0x3E,0x02,0x1E,0x01,0x17,0x16,0x17,0x1E,0x01,0x37,0x3E,0x01,0x37,0x36,0x37,0x36,
//0x1960
0x16,0x15,0x14,0x16,0x17,0x16,0x36,0x37,0x36,0x37,0x3E,0x01,0x16,0x17,0x1E,0x01,
//0x1970
0x36,0x37,0x3E,0x03,0x33,0x32,0x16,0x15,0x14,0x06,0x27,0x26,0x27,0x06,0x07,0x06,
//0x1980
0x23,0x22,0x2F,0x01,0x07,0x06,0x26,0x2F,0x01,0x0E,0x01,0x27,0x26,0x27,0x26,0x37,
//0x1990
0x36,0x25,0x34,0x36,0x33,0x32,0x16,0x15,0x14,0x23,0x22,0x2F,0x01,0x15,0x06,0x26,
//0x19A0
0x27,0x35,0x07,0x0E,0x01,0x23,0x22,0x30,0x0B,0x0C,0x03,0x06,0x17,0x1A,0x2B,0x50,
//0x19B0
0x08,0x02,0x13,0x12,0x53,0x30,0x02,0x08,0x11,0x0E,0x0B,0x12,0x13,0x37,0x47,0x21,
//0x19C0
0x10,0x0A,0x03,0x09,0x06,0x08,0x06,0x02,0x03,0x06,0x46,0x4F,0x12,0x0B,0x17,0x08,
//0x19D0
0x04,0x01,0x0A,0x13,0x25,0x18,0x22,0x52,0x18,0x0A,0x09,0x1F,0x70,0x2E,0x12,0x05,
//0x19E0
0x2C,0x84,0x24,0x09,0x09,0x20,0x66,0x55,0x0A,0x05,0x01,0xD0,0x30,0x3F,0x34,0x24,
//0x19F0
0x0F,0x04,0x03,0x02,0x17,0x67,0x60,0x0D,0x06,0x09,0x0A,0x0C,0x08,0x02,0x04,0x33,
//0x1A00
0x24,0x22,0x34,0x05,0x02,0x07,0x08,0x0C,0x0A,0x03,0x18,0x17,0x2B,0x54,0x05,0x02,
//0x1A10
0x12,0x12,0x1E,0x17,0x10,0x17,0x18,0x0E,0x19,0x19,0x03,0x0A,0x18,0x05,0x11,0x18,
//0x1A20
0x1B,0x3C,0x33,0x04,0x03,0x08,0x0C,0x09,0x05,0x02,0x13,0x1B,0x31,0x1D,0x0E,0x1F,
//0x1A30
0x36,0x10,0x02,0x02,0x06,0x12,0x36,0x1F,0x40,0x25,0xFE,0x3C,0x0A,0x09,0x01,0x0D,
//0x1A40
0x0C,0x29,0x6C,0x09,0x02,0x08,0x08,0x08,0x04,0x01,0x04,0x03,0x05,0x38,0x26,0x21,
//0x1A50
0x30,0x03,0x01,0x05,0x08,0x18,0x32,0x23,0x25,0x38,0x05,0x03,0x04,0x02,0x0C,0x10,
//0x1A60
0x01,0x05,0x3A,0x47,0x18,0x0C,0x0D,0x01,0x09,0x0A,0x07,0x0B,0x75,0x47,0x18,0x1C,
//0x1A70
0x10,0x20,0x1D,0x22,0x3E,0x29,0x07,0x09,0x28,0x81,0x27,0x05,0x12,0x4C,0x2D,0x3B,
//0x1A80
0x1D,0x16,0x0F,0x05,0x01,0x67,0x55,0x06,0x07,0x55,0x12,0x09,0x17,0x17,0x10,0x0A,
//0x1A90
0x0B,0x17,0x11,0x08,0x07,0x12,0x01,0x01,0x07,0x09,0x02,0x26,0x2B,0x0C,0x15,0x2C,
//0x1AA0
0x32,0x15,0x0B,0x0F,0x0D,0x2A,0x38,0x15,0x01,0x05,0x0F,0x11,0x1C,0x0F,0x0D,0x0A,
//0x1AB0
0x0B,0x0C,0x24,0x35,0x02,0x1F,0x11,0x26,0x15,0x03,0x02,0x03,0x02,0x06,0x14,0x2C,
//0x1AC0
0x2B,0x14,0x25,0x16,0x13,0x0C,0x09,0x09,0x04,0x18,0x21,0x22,0x1F,0x08,0x0C,0x17,
//0x1AD0
0x1F,0x0D,0x0D,0x28,0x0E,0x29,0x12,0x09,0x3F,0x01,0x31,0x0C,0x0C,0x2A,0x0E,0x3C,
//0x1AE0
0x38,0x1B,0x47,0x3C,0x23,0x0F,0x06,0x05,0x03,0x29,0x19,0x34,0x3B,0x1C,0x09,0x0A,
//0x1AF0
0x05,0x04,0x14,0x24,0x2F,0x2B,0x27,0x0F,0x0B,0x01,0x02,0x15,0x20,0x26,0x0B,0x15,
//0x1B00
0x2E,0x32,0x12,0x0B,0x0D,0x0C,0x18,0x2D,0x0B,0x08,0x07,0x0B,0x27,0x20,0x15,0x04,
//0x1B10
0x1E,0x2D,0x11,0x10,0x02,0x2E,0x25,0x14,0x04,0x05,0x09,0x07,0x1E,0x28,0x24,0x1A,
//0x1B20
0x01,0x01,0x04,0x1D,0x1A,0x03,0x04,0x08,0x15,0x1D,0x31,0xF5,0x0E,0x15,0x20,0x0D,
//0x1B30
0x2B,0x23,0x3D,0x0D,0x0D,0x03,0x03,0x03,0x01,0x03,0x13,0x26,0x2F,0x03,0x02,0x30,
//0x1B40
0x21,0x10,0x05,0x09,0x0A,0x0C,0x23,0x36,0x03,0x03,0x30,0x26,0x13,0x03,0x02,0x04,
//0x1B50
0x09,0x10,0x2C,0x2E,0x07,0x1A,0x0D,0x20,0x15,0x0E,0x0D,0x08,0x3D,0x55,0x23,0x0C,
//0x1B60
0x23,0x1A,0x13,0x0F,0x33,0x09,0x0C,0x33,0x04,0x35,0x06,0x1E,0x27,0x0B,0x0E,0x3B,
//0x1B70
0x2D,0x14,0x06,0xF0,0x07,0x55,0x55,0x07,0x12,0x17,0x17,0xB6,0x0E,0x01,0x0D,0xB6,
//0x1B80
0x17,0x11,0x06,0x00,0x00,0x00,0x00,0x0E,0x00,0xAE,0x00,0x01,0x00,0x00,0x00,0x00,
//0x1B90
0x00,0x00,0x00,0x47,0x00,0x90,0x00,0x01,0x00,0x00,0x00,0x00,0x00,0x01,0x00,0x08,
//0x1BA0
0x00,0xEA,0x00,0x01,0x00,0x00,0x00,0x00,0x00,0x02,0x00,0x07,0x01,0x03,0x00,0x01,
//0x1BB0
0x00,0x00,0x00,0x00,0x00,0x03,0x00,0x24,0x01,0x55,0x00,0x01,0x00,0x00,0x00,0x00,
//0x1BC0
0x00,0x04,0x00,0x08,0x01,0x8C,0x00,0x01,0x00,0x00,0x00,0x00,0x00,0x05,0x00,0x0F,
//0x1BD0
0x01,0xB5,0x00,0x01,0x00,0x00,0x00,0x00,0x00,0x06,0x00,0x08,0x01,0xD7,0x00,0x03,
//0x1BE0
0x00,0x01,0x04,0x09,0x00,0x00,0x00,0x8E,0x00,0x00,0x00,0x03,0x00,0x01,0x04,0x09,
//0x1BF0
0x00,0x01,0x00,0x10,0x00,0xD8,0x00,0x03,0x00,0x01,0x04,0x09,0x00,0x02,0x00,0x0E,
//0x1C00
0x00,0xF3,0x00,0x03,0x00,0x01,0x04,0x09,0x00,0x03,0x00,0x48,0x01,0x0B,0x00,0x03,
//0x1C10
0x00,0x01,0x04,0x09,0x00,0x04,0x00,0x10,0x01,0x7A,0x00,0x03,0x00,0x01,0x04,0x09,
//0x1C20
0x00,0x05,0x00,0x1E,0x01,0x95,0x00,0x03,0x00,0x01,0x04,0x09,0x00,0x06,0x00,0x10,
//0x1C30
0x01,0xC5,0x00,0x43,0x00,0x6F,0x00,0x70,0x00,0x79,0x00,0x72,0x00,0x69,0x00,0x67,
//0x1C40
0x00,0x68,0x00,0x74,0x00,0x3A,0x00,0x20,0x00,0x76,0x00,0x61,0x00,0x72,0x00,0x69,
//0x1C50
0x00,0x6F,0x00,0x75,0x00,0x73,0x00,0x20,0x00,0x73,0x00,0x65,0x00,0x65,0x00,0x20,
//0x1C60
0x00,0x68,0x00,0x74,0x00,0x74,0x00,0x70,0x00,0x73,0x00,0x3A,0x00,0x2F,0x00,0x2F,
//0x1C70
0x00,0x67,0x00,0x69,0x00,0x74,0x00,0x68,0x00,0x75,0x00,0x62,0x00,0x2E,0x00,0x63,
//0x1C80
0x00,0x6F,0x00,0x6D,0x00,0x2F,0x00,0x73,0x00,0x6B,0x00,0x69,0x00,0x70,0x00,0x68,
//0x1C90
0x00,0x61,0x00,0x6E,0x00,0x73,0x00,0x65,0x00,0x6E,0x00,0x2F,0x00,0x6C,0x00,0x69,
//0x1CA0
0x00,0x62,0x00,0x44,0x00,0x72,0x00,0x61,0x00,0x77,0x00,0x4F,0x00,0x57,0x00,0x4D,
//0x1CB0
0x00,0x2F,0x00,0x4C,0x00,0x49,0x00,0x43,0x00,0x45,0x00,0x4E,0x00,0x53,0x00,0x45,
//0x1CC0
0x00,0x00,0x43,0x6F,0x70,0x79,0x72,0x69,0x67,0x68,0x74,0x3A,0x20,0x76,0x61,0x72,
//0x1CD0
0x69,0x6F,0x75,0x73,0x20,0x73,0x65,0x65,0x20,0x68,0x74,0x74,0x70,0x73,0x3A,0x2F,
//0x1CE0
0x2F,0x67,0x69,0x74,0x68,0x75,0x62,0x2E,0x63,0x6F,0x6D,0x2F,0x73,0x6B,0x69,0x70,
//0x1CF0
0x68,0x61,0x6E,0x73,0x65,0x6E,0x2F,0x6C,0x69,0x62,0x44,0x72,0x61,0x77,0x4F,0x57,
//0x1D00
0x4D,0x2F,0x4C,0x49,0x43,0x45,0x4E,0x53,0x45,0x00,0x00,0x4F,0x00,0x77,0x00,0x6D,
//0x1D10
0x00,0x49,0x00,0x63,0x00,0x6F,0x00,0x6E,0x00,0x73,0x00,0x00,0x4F,0x77,0x6D,0x49,
//0x1D20
0x63,0x6F,0x6E,0x73,0x00,0x00,0x52,0x00,0x65,0x00,0x67,0x00,0x75,0x00,0x6C,0x00,
//0x1D30
0x61,0x00,0x72,0x00,0x00,0x52,0x65,0x67,0x75,0x6C,0x61,0x72,0x00,0x00,0x46,0x00,
//0x1D40
0x6F,0x00,0x6E,0x00,0x74,0x00,0x46,0x00,0x6F,0x00,0x72,0x00,0x67,0x00,0x65,0x00,
//0x1D50
0x20,0x00,0x32,0x00,0x2E,0x00,0x30,0x00,0x20,0x00,0x3A,0x00,0x20,0x00,0x4F,0x00,
//0x1D60
0x77,0x00,0x6D,0x00,0x49,0x00,0x63,0x00,0x6F,0x00,0x6E,0x00,0x73,0x00,0x20,0x00,
//0x1D70
0x3A,0x00,0x20,0x00,0x31,0x00,0x30,0x00,0x2D,0x00,0x38,0x00,0x2D,0x00,0x32,0x00,
//0x1D80
0x30,0x00,0x32,0x00,0x36,0x00,0x00,0x46,0x6F,0x6E,0x74,0x46,0x6F,0x72,0x67,0x65,
//0x1D90
0x20,0x32,0x2E,0x30,0x20,0x3A,0x20,0x4F,0x77,0x6D,0x49,0x63,0x6F,0x6E,0x73,0x20,
//0x1DA0
0x3A,0x20,0x31,0x30,0x2D,0x38,0x2D,0x32,0x30,0x32,0x36,0x00,0x00,0x4F,0x00,0x77,
//0x1DB0
0x00,0x6D,0x00,0x49,0x00,0x63,0x00,0x6F,0x00,0x6E,0x00,0x73,0x00,0x00,0x4F,0x77,
//0x1DC0
0x6D,0x49,0x63,0x6F,0x6E,0x73,0x00,0x00,0x56,0x00,0x65,0x00,0x72,0x00,0x73,0x00,
//0x1DD0
0x69,0x00,0x6F,0x00,0x6E,0x00,0x20,0x00,0x30,0x00,0x30,0x00,0x31,0x00,0x2E,0x00,
//0x1DE0
0x30,0x00,0x30,0x00,0x30,0x00,0x00,0x56,0x65,0x72,0x73,0x69,0x6F,0x6E,0x20,0x30,
//0x1DF0
0x30,0x31,0x2E,0x30,0x30,0x30,0x00,0x00,0x4F,0x00,0x77,0x00,0x6D,0x00,0x49,0x00,
//0x1E00
0x63,0x00,0x6F,0x00,0x6E,0x00,0x73,0x00,0x00,0x4F,0x77,0x6D,0x49,0x63,0x6F,0x6E,
//0x1E10
0x73,0x00,0x00,0x00,0x00,0x02,0x00,0x00,0x00,0x00,0x00,0x00,0xFF,0xB5,0x00,0x32,
//0x1E20
0x00,0x00,0x00,0x01,0x00,0x00,0x00,0x00,0x00,0x00,0x00,0x00,0x00,0x00,0x00,0x00,
//0x1E30
0x00,0x00,0x00,0x00,0x00,0x2A,0x00,0x00,0x00,0x01,0x00,0x02,0x01,0x02,0x01,0x03,
//0x1E40
0x01,0x04,0x01,0x05,0x01,0x06,0x01,0x07,0x01,0x08,0x01,0x09,0x01,0x0A,0x01,0x0B,
//0x1E50
0x01,0x0C,0x01,0x0D,0x01,0x0E,0x01,0x0F,0x01,0x10,0x01,0x11,0x01,0x12,0x01,0x13,
//0x1E60
0x01,0x14,0x01,0x15,0x01,0x16,0x01,0x17,0x01,0x18,0x01,0x19,0x01,0x1A,0x01,0x1B,
//0x1E70
0x01,0x1C,0x01,0x1D,0x01,0x1E,0x01,0x1F,0x01,0x20,0x01,0x21,0x01,0x22,0x01,0x23,
//0x1E80
0x01,0x24,0x01,0x25,0x01,0x26,0x01,0x27,0x01,0x28,0x04,0x77,0x69,0x66,0x69,0x0A,
//0x1E90
0x77,0x69,0x66,0x69,0x5F,0x31,0x5F,0x62,0x61,0x72,0x0A,0x77,0x69,0x66,0x69,0x5F,
//0x1EA0
0x32,0x5F,0x62,0x61,0x72,0x0A,0x77,0x69,0x66,0x69,0x5F,0x33,0x5F,0x62,0x61,0x72,
//0x1EB0
0x06,0x77,0x69,0x66,0x69,0x5F,0x78,0x0A,0x61,0x69,0x72,0x5F,0x66,0x69,0x6C,0x74,
//0x1EC0
0x65,0x72,0x0A,0x65,0x72,0x72,0x6F,0x72,0x5F,0x69,0x63,0x6F,0x6E,0x0E,0x68,0x6F,
//0x1ED0
0x75,0x73,0x65,0x5F,0x68,0x75,0x6D,0x69,0x64,0x69,0x74,0x79,0x11,0x68,0x6F,0x75,
//0x1EE0
0x73,0x65,0x5F,0x74,0x68,0x65,0x72,0x6D,0x6F,0x6D,0x65,0x74,0x65,0x72,0x18,0x62,
//0x1EF0
0x69,0x6F,0x6C,0x6F,0x67,0x69,0x63,0x61,0x6C,0x5F,0x68,0x61,0x7A,0x61,0x72,0x64,
//0x1F00
0x5F,0x73,0x79,0x6D,0x62,0x6F,0x6C,0x19,0x69,0x6F,0x6E,0x69,0x7A,0x69,0x6E,0x67,
//0x1F10
0x5F,0x72,0x61,0x64,0x69,0x61,0x74,0x69,0x6F,0x6E,0x5F,0x73,0x79,0x6D,0x62,0x6F,
//0x1F20
0x6C,0x0C,0x77,0x61,0x72,0x6E,0x69,0x6E,0x67,0x5F,0x69,0x63,0x6F,0x6E,0x0F,0x76,
//0x1F30
0x69,0x73,0x69,0x62,0x69,0x6C,0x69,0x74,0x79,0x5F,0x69,0x63,0x6F,0x6E,0x13,0x62,
//0x1F40
0x61,0x74,0x74,0x65,0x72,0x79,0x5F,0x30,0x5F,0x62,0x61,0x72,0x5F,0x39,0x30,0x64,
//0x1F50
0x65,0x67,0x13,0x62,0x61,0x74,0x74,0x65,0x72,0x79,0x5F,0x31,0x5F,0x62,0x61,0x72,
//0x1F60
0x5F,0x39,0x30,0x64,0x65,0x67,0x13,0x62,0x61,0x74,0x74,0x65,0x72,0x79,0x5F,0x32,
//0x1F70
0x5F,0x62,0x61,0x72,0x5F,0x39,0x30,0x64,0x65,0x67,0x13,0x62,0x61,0x74,0x74,0x65,
//0x1F80
0x72,0x79,0x5F,0x33,0x5F,0x62,0x61,0x72,0x5F,0x39,0x30,0x64,0x65,0x67,0x13,0x62,
//0x1F90
0x61,0x74,0x74,0x65,0x72,0x79,0x5F,0x34,0x5F,0x62,0x61,0x72,0x5F,0x39,0x30,0x64,
//0x1FA0
0x65,0x67,0x13,0x62,0x61,0x74,0x74,0x65,0x72,0x79,0x5F,0x35,0x5F,0x62,0x61,0x72,
//0x1FB0
0x5F,0x39,0x30,0x64,0x65,0x67,0x13,0x62,0x61,0x74,0x74,0x65,0x72,0x79,0x5F,0x36,
//0x1FC0
0x5F,0x62,0x61,0x72,0x5F,0x39,0x30,0x64,0x65,0x67,0x12,0x62,0x61,0x74,0x74,0x65,
//0x1FD0
0x72,0x79,0x5F,0x66,0x75,0x6C,0x6C,0x5F,0x39,0x30,0x64,0x65,0x67,0x22,0x77,0x69,
//0x1FE0
0x6E,0x64,0x5F,0x64,0x69,0x72,0x65,0x63,0x74,0x69,0x6F,0x6E,0x5F,0x6D,0x65,0x74,
//0x1FF0
0x65,0x6F,0x72,0x6F,0x6C,0x6F,0x67,0x69,0x63,0x61,0x6C,0x5F,0x30,0x64,0x65,0x67,
//0x2000
0x25,0x77,0x69,0x6E,0x64,0x5F,0x64,0x69,0x72,0x65,0x63,0x74,0x69,0x6F,0x6E,0x5F,
//0x2010
0x6D,0x65,0x74,0x65,0x6F,0x72,0x6F,0x6C,0x6F,0x67,0x69,0x63,0x61,0x6C,0x5F,0x32,
//0x2020
0x32,0x5F,0x35,0x64,0x65,0x67,0x23,0x77,0x69,0x6E,0x64,0x5F,0x64,0x69,0x72,0x65,
//0x2030
0x63,0x74,0x69,0x6F,0x6E,0x5F,0x6D,0x65,0x74,0x65,0x6F,0x72,0x6F,0x6C,0x6F,0x67,
//0x2040
0x69,0x63,0x61,0x6C,0x5F,0x34,0x35,0x64,0x65,0x67,0x25,0x77,0x69,0x6E,0x64,0x5F,
//0x2050
0x64,0x69,0x72,0x65,0x63,0x74,0x69,0x6F,0x6E,0x5F,0x6D,0x65,0x74,0x65,0x6F,0x72,
//0x2060
0x6F,0x6C,0x6F,0x67,0x69,0x63,0x61,0x6C,0x5F,0x36,0x37,0x5F,0x35,0x64,0x65,0x67,
//0x2070
0x23,0x77,0x69,0x6E,0x64,0x5F,0x64,0x69,0x72,0x65,0x63,0x74,0x69,0x6F,0x6E,0x5F,
//0x2080
0x6D,0x65,0x74,0x65,0x6F,0x72,0x6F,0x6C,0x6F,0x67,0x69,0x63,0x61,0x6C,0x5F,0x39,
//0x2090
0x30,0x64,0x65,0x67,0x26,0x77,0x69,0x6E,0x64,0x5F,0x64,0x69,0x72,0x65,0x63,0x74,
//0x20A0
0x69,0x6F,0x6E,0x5F,0x6D,0x65,0x74,0x65,0x6F,0x72,0x6F,0x6C,0x6F,0x67,0x69,0x63,
//0x20B0
0x61,0x6C,0x5F,0x31,0x31,0x32,0x5F,0x35,0x64,0x65,0x67,0x24,0x77,0x69,0x6E,0x64,
//0x20C0
0x5F,0x64,0x69,0x72,0x65,0x63,0x74,0x69,0x6F,0x6E,0x5F,0x6D,0x65,0x74,0x65,0x6F,
//0x20D0
0x72,0x6F,0x6C,0x6F,0x67,0x69,0x63,0x61,0x6C,0x5F,0x31,0x33,0x35,0x64,0x65,0x67,
//0x20E0
0x26,0x77,0x69,0x6E,0x64,0x5F,0x64,0x69,0x72,0x65,0x63,0x74,0x69,0x6F,0x6E,0x5F,
//0x20F0
0x6D,0x65,0x74,0x65,0x6F,0x72,0x6F,0x6C,0x6F,0x67,0x69,0x63,0x61,0x6C,0x5F,0x31,
//0x2100
0x35,0x37,0x5F,0x35,0x64,0x65,0x67,0x24,0x77,0x69,0x6E,0x64,0x5F,0x64,0x69,0x72,
//0x2110
0x65,0x63,0x74,0x69,0x6F,0x6E,0x5F,0x6D,0x65,0x74,0x65,0x6F,0x72,0x6F,0x6C,0x6F,
//0x2120
0x67,0x69,0x63,0x61,0x6C,0x5F,0x31,0x38,0x30,0x64,0x65,0x67,0x26,0x77,0x69,0x6E,
//0x2130
0x64,0x5F,0x64,0x69,0x72,0x65,0x63,0x74,0x69,0x6F,0x6E,0x5F,0x6D,0x65,0x74,0x65,
//0x2140
0x6F,0x72,0x6F,0x6C,0x6F,0x67,0x69,0x63,0x61,0x6C,0x5F,0x32,0x30,0x32,0x5F,0x35,
//0x2150
0x64,0x65,0x67,0x24,0x77,0x69,0x6E,0x64,0x5F,0x64,0x69,0x72,0x65,0x63,0x74,0x69,
//0x2160
0x6F,0x6E,0x5F,0x6D,0x65,0x74,0x65,0x6F,0x72,0x6F,0x6C,0x6F,0x67,0x69,0x63,0x61,
//0x2170
0x6C,0x5F,0x32,0x32,0x35,0x64,0x65,0x67,0x26,0x77,0x69,0x6E,0x64,0x5F,0x64,0x69,
//0x2180
0x72,0x65,0x63,0x74,0x69,0x6F,0x6E,0x5F,0x6D,0x65,0x74,0x65,0x6F,0x72,0x6F,0x6C,
//0x2190
0x6F,0x67,0x69,0x63,0x61,0x6C,0x5F,0x32,0x34,0x37,0x5F,0x35,0x64,0x65,0x67,0x24,
//0x21A0
0x77,0x69,0x6E,0x64,0x5F,0x64,0x69,0x72,0x65,0x63,0x74,0x69,0x6F,0x6E,0x5F,0x6D,
//0x21B0
0x65,0x74,0x65,0x6F,0x72,0x6F,0x6C,0x6F,0x67,0x69,0x63,0x61,0x6C,0x5F,0x32,0x37,
//0x21C0
0x30,0x64,0x65,0x67,0x26,0x77,0x69,0x6E,0x64,0x5F,0x64,0x69,0x72,0x65,0x63,0x74,
//0x21D0
0x69,0x6F,0x6E,0x5F,0x6D,0x65,0x74,0x65,0x6F,0x72,0x6F,0x6C,0x6F,0x67,0x69,0x63,
//0x21E0
0x61,0x6C,0x5F,0x32,0x39,0x32,0x5F,0x35,0x64,0x65,0x67,0x24,0x77,0x69,0x6E,0x64,
//0x21F0
0x5F,0x64,0x69,0x72,0x65,0x63,0x74,0x69,0x6F,0x6E,0x5F,0x6D,0x65,0x74,0x65,0x6F,
//0x2200
0x72,0x6F,0x6C,0x6F,0x67,0x69,0x63,0x61,0x6C,0x5F,0x33,0x31,0x35,0x64,0x65,0x67,
//0x2210
0x26,0x77,0x69,0x6E,0x64,0x5F,0x64,0x69,0x72,0x65,0x63,0x74,0x69,0x6F,0x6E,0x5F,
//0x2220
0x6D,0x65,0x74,0x65,0x6F,0x72,0x6F,0x6C,0x6F,0x67,0x69,0x63,0x61,0x6C,0x5F,0x33,
//0x2230
0x33,0x37,0x5F,0x35,0x64,0x65,0x67,0x15,0x74,0x69,0x64,0x65,0x5F,0x64,0x6F,0x77,
//0x2240
0x6E,0x5F,0x61,0x72,0x72,0x6F,0x77,0x5F,0x77,0x61,0x74,0x65,0x72,0x13,0x74,0x69,
//0x2250
0x64,0x65,0x5F,0x75,0x70,0x5F,0x61,0x72,0x72,0x6F,0x77,0x5F,0x77,0x61,0x74,0x65,
//0x2260
0x72,0x00,0x00,0x00,0x00,0x00,0x00,0x01,0xFF,0xFF,0x00,0x02,0x00,0x00,0x00,0x01,
//0x2270
0x00,0x00,0x00,0x00,0xE2,0x2E,0xC2,0xE9,0x00,0x00,0x00,0x00,0xE6,0xA0,0x0A,0xBA,
//0x2280
0x00,0x00,0x00,0x00,0xE6,0xA0,0x0A,0xBA
};
#endif

#ifndef TTF_PATH_FONT
// embedded TTF file for text
const unsigned char binaryttf[24536] = { 
   0x00, 0x01, 0x00, 0x00, 0x00, 0x0D, 0x00, 0x80, 0x00, 0x03, 
   0x00, 0x50, 0x47, 0x44, 0x45, 0x46, 0x0F, 0xE9, 0x10, 0xAF, 
   0x00, 0x00, 0x5C, 0xBC, 0x00, 0x00, 0x00, 0xA6, 0x47, 0x50, 
   0x4F, 0x53, 0x44, 0x76, 0x4C, 0x75, 0x00, 0x00, 0x5D, 0x64, 
   0x00, 0x00, 0x00, 0x20, 0x47, 0x53, 0x55, 0x42, 0x54, 0xC9, 
   0x4E, 0x8C, 0x00, 0x00, 0x5D, 0x84, 0x00, 0x00, 0x02, 0x54, 
   0x4F, 0x53, 0x2F, 0x32, 0x6D, 0x4D, 0x04, 0x88, 0x00, 0x00, 
   0x01, 0x58, 0x00, 0x00, 0x00, 0x60, 0x63, 0x6D, 0x61, 0x70, 
   0xCE, 0xA8, 0xE2, 0x03, 0x00, 0x00, 0x05, 0x6C, 0x00, 0x00, 
   0x01, 0xAC, 0x67, 0x6C, 0x79, 0x66, 0xFB, 0x2E, 0xA4, 0x36, 
   0x00, 0x00, 0x08, 0xF4, 0x00, 0x00, 0x4F, 0xBA, 0x68, 0x65, 
   0x61, 0x64, 0x18, 0xC8, 0xE7, 0x51, 0x00, 0x00, 0x00, 0xDC, 
   0x00, 0x00, 0x00, 0x36, 0x68, 0x68, 0x65, 0x61, 0x07, 0xB6, 
   0x04, 0x07, 0x00, 0x00, 0x01, 0x14, 0x00, 0x00, 0x00, 0x24, 
   0x68, 0x6D, 0x74, 0x78, 0xFC, 0x57, 0x2A, 0x9D, 0x00, 0x00, 
   0x01, 0xB8, 0x00, 0x00, 0x03, 0xB4, 0x6C, 0x6F, 0x63, 0x61, 
   0x65, 0x89, 0x79, 0xB0, 0x00, 0x00, 0x07, 0x18, 0x00, 0x00, 
   0x01, 0xDC, 0x6D, 0x61, 0x78, 0x70, 0x00, 0xF5, 0x00, 0x5A, 
   0x00, 0x00, 0x01, 0x38, 0x00, 0x00, 0x00, 0x20, 0x6E, 0x61, 
   0x6D, 0x65, 0x17, 0xFC, 0x31, 0xE7, 0x00, 0x00, 0x58, 0xB0, 
   0x00, 0x00, 0x01, 0x6A, 0x70, 0x6F, 0x73, 0x74, 0x45, 0xE9, 
   0xF6, 0x27, 0x00, 0x00, 0x5A, 0x1C, 0x00, 0x00, 0x02, 0x9D, 
   0x00, 0x01, 0x00, 0x00, 0x01, 0x9C, 0x3A, 0x0F, 0x4C, 0x9B, 
   0xA1, 0x13, 0x5F, 0x0F, 0x3C, 0xF5, 0x02, 0x0B, 0x03, 0xE8, 
   0x00, 0x00, 0x00, 0x00, 0xCB, 0xC8, 0x37, 0xE9, 0x00, 0x00, 
   0x00, 0x00, 0xE6, 0x7D, 0x31, 0x8A, 0xFF, 0xEA, 0xFF, 0x24, 
   0x03, 0xE1, 0x03, 0xC6, 0x00, 0x00, 0x00, 0x08, 0x00, 0x00, 
   0x00, 0x00, 0x00, 0x00, 0x00, 0x00, 0x00, 0x01, 0x00, 0x00, 
   0x03, 0x84, 0xFF, 0x38, 0x00, 0x64, 0x03, 0xF7, 0xFF, 0xEA, 
   0xFF, 0xEA, 0x03, 0xE1, 0x00, 0x01, 0x00, 0x00, 0x00, 0x00, 
   0x00, 0x00, 0x00, 0x00, 0x00, 0x00, 0x00, 0x00, 0x00, 0x00, 
   0x00, 0xED, 0x00, 0x01, 0x00, 0x00, 0x00, 0xED, 0x00, 0x59, 
   0x00, 0x07, 0x00, 0x00, 0x00, 0x00, 0x00, 0x01, 0x00, 0x00, 
   0x00, 0x00, 0x00, 0x00, 0x00, 0x00, 0x00, 0x00, 0x00, 0x00, 
   0x00, 0x00, 0x00, 0x00, 0x00, 0x03, 0x02, 0x91, 0x01, 0x90, 
   0x00, 0x05, 0x00, 0x00, 0x02, 0x8A, 0x02, 0x9A, 0x00, 0x00, 
   0x00, 0xC8, 0x02, 0x8A, 0x02, 0x9A, 0x00, 0x00, 0x01, 0x86, 
   0x00, 0x31, 0x01, 0x02, 0x08, 0x05, 0x02, 0x0B, 0x05, 0x04, 
   0x02, 0x02, 0x02, 0x02, 0x02, 0x04, 0x80, 0x00, 0x00, 0x2F, 
   0x00, 0x00, 0x00, 0x0A, 0x00, 0x00, 0x00, 0x00, 0x00, 0x00, 
   0x00, 0x00, 0x47, 0x4E, 0x55, 0x20, 0x00, 0x40, 0x00, 0x20, 
   0x21, 0x22, 0x03, 0x20, 0xFF, 0x38, 0x00, 0x64, 0x03, 0x84, 
   0x01, 0x2C, 0x00, 0x00, 0x00, 0x01, 0x00, 0x00, 0x00, 0x00, 
   0x02, 0x0C, 0x02, 0xD9, 0x00, 0x20, 0x00, 0x20, 0x00, 0x0A, 
   0x03, 0x20, 0x00, 0x23, 0x00, 0xFA, 0x00, 0x00, 0x01, 0x4D, 
   0x00, 0x7C, 0x01, 0x4D, 0x00, 0x28, 0x02, 0x2C, 0x00, 0x0E, 
   0x02, 0x2C, 0x00, 0x21, 0x03, 0x79, 0x00, 0x1D, 0x02, 0x9B, 
   0x00, 0x34, 0x00, 0xC8, 0x00, 0x35, 0x01, 0x4D, 0x00, 0x49, 
   0x01, 0x4D, 0x00, 0x26, 0x01, 0x85, 0x00, 0x28, 0x02, 0x48, 
   0x00, 0x32, 0x01, 0x16, 0x00, 0x57, 0x01, 0x4D, 0x00, 0x2E, 
   0x00, 0xFA, 0x00, 0x50, 0x01, 0x16, 0xFF, 0xF8, 0x02, 0x2C, 
   0x00, 0x2B, 0x02, 0x2C, 0x00, 0x66, 0x02, 0x2C, 0x00, 0x22, 
   0x02, 0x2C, 0x00, 0x20, 0x02, 0x2C, 0x00, 0x1C, 0x02, 0x2C, 
   0x00, 0x23, 0x02, 0x2C, 0x00, 0x2B, 0x02, 0x2C, 0x00, 0x2E, 
   0x02, 0x2C, 0x00, 0x25, 0x02, 0x2C, 0x00, 0x26, 0x00, 0xFA, 
   0x00, 0x50, 0x00, 0xFA, 0x00, 0x50, 0x02, 0x48, 0x00, 0x2D, 
   0x02, 0x48, 0x00, 0x32, 0x02, 0x48, 0x00, 0x32, 0x02, 0x2C, 
   0x00, 0x4D, 0x03, 0xF7, 0x00, 0x22, 0x02, 0x9A, 0x00, 0x0F, 
   0x02, 0x98, 0x00, 0x50, 0x02, 0xC5, 0x00, 0x28, 0x02, 0xBA, 
   0x00, 0x50, 0x02, 0x79, 0x00, 0x50, 0x02, 0x57, 0x00, 0x50, 
   0x02, 0xFD, 0x00, 0x28, 0x02, 0xD1, 0x00, 0x50, 0x01, 0x16, 
   0x00, 0x64, 0x02, 0x10, 0x00, 0x23, 0x02, 0xA2, 0x00, 0x50, 
   0x02, 0x33, 0x00, 0x50, 0x03, 0x4E, 0x00, 0x50, 0x02, 0xDA, 
   0x00, 0x50, 0x03, 0x10, 0x00, 0x28, 0x02, 0x90, 0x00, 0x50, 
   0x03, 0x10, 0x00, 0x28, 0x02, 0xC5, 0x00, 0x50, 0x02, 0x9B, 
   0x00, 0x30, 0x02, 0x78, 0x00, 0x1E, 0x02, 0xD0, 0x00, 0x50, 
   0x02, 0x85, 0x00, 0x0F, 0x03, 0xA9, 0x00, 0x0F, 0x02, 0x91, 
   0x00, 0x0F, 0x02, 0xA6, 0x00, 0x0F, 0x02, 0x67, 0x00, 0x1E, 
   0x01, 0x16, 0x00, 0x40, 0x01, 0x16, 0xFF, 0xF8, 0x01, 0x15, 
   0x00, 0x16, 0x01, 0xD5, 0x00, 0x2C, 0x02, 0x2C, 0xFF, 0xEA, 
   0x00, 0xFA, 0x00, 0x16, 0x02, 0x1F, 0x00, 0x1E, 0x02, 0x2F, 
   0x00, 0x3C, 0x01, 0xFA, 0x00, 0x1E, 0x02, 0x2F, 0x00, 0x1E, 
   0x02, 0x15, 0x00, 0x1E, 0x01, 0x18, 0x00, 0x14, 0x02, 0x26, 
   0x00, 0x1E, 0x02, 0x18, 0x00, 0x3C, 0x00, 0xDE, 0x00, 0x42, 
   0x00, 0xF3, 0x00, 0x00, 0x02, 0x02, 0x00, 0x3C, 0x00, 0xD6, 
   0x00, 0x3C, 0x03, 0x2C, 0x00, 0x3C, 0x02, 0x19, 0x00, 0x3C, 
   0x02, 0x16, 0x00, 0x1E, 0x02, 0x2F, 0x00, 0x3C, 0x02, 0x2F, 
   0x00, 0x1E, 0x01, 0x4C, 0x00, 0x3C, 0x01, 0xED, 0x00, 0x22, 
   0x01, 0x18, 0x00, 0x14, 0x02, 0x19, 0x00, 0x3C, 0x01, 0xF0, 
   0x00, 0x0A, 0x02, 0xD2, 0x00, 0x0A, 0x01, 0xDC, 0x00, 0x0A, 
   0x01, 0xDE, 0x00, 0x0A, 0x01, 0xE6, 0x00, 0x1E, 0x01, 0x4D, 
   0x00, 0x2B, 0x00, 0xFA, 0x00, 0x5F, 0x01, 0x4D, 0x00, 0x39, 
   0x01, 0xF4, 0x00, 0x21, 0x01, 0x16, 0x00, 0x00, 0x01, 0x4D, 
   0x00, 0x7A, 0x02, 0x2C, 0x00, 0x34, 0x02, 0x2C, 0x00, 0x1A, 
   0x02, 0x2C, 0x00, 0x43, 0x02, 0x2C, 0x00, 0x0B, 0x01, 0x04, 
   0x00, 0x64, 0x02, 0x2C, 0x00, 0x2B, 0x01, 0x4D, 0x00, 0x19, 
   0x03, 0x20, 0x00, 0x27, 0x01, 0x72, 0x00, 0x25, 0x01, 0xF4, 
   0x00, 0x47, 0x02, 0x48, 0x00, 0x28, 0x01, 0x4D, 0x00, 0x2E, 
   0x03, 0x20, 0x00, 0x27, 0x01, 0x4D, 0x00, 0x1C, 0x02, 0x5E, 
   0x00, 0x97, 0x02, 0x48, 0x00, 0x32, 0x01, 0x5E, 0x00, 0x13, 
   0x01, 0x5E, 0x00, 0x10, 0x01, 0x4D, 0x00, 0x5C, 0x02, 0x2C, 
   0x00, 0x41, 0x02, 0x19, 0x00, 0x30, 0x00, 0xFA, 0x00, 0x57, 
   0x01, 0x4D, 0x00, 0x27, 0x01, 0x5E, 0x00, 0x45, 0x01, 0x6D, 
   0x00, 0x28, 0x01, 0xF4, 0x00, 0x48, 0x03, 0x65, 0x00, 0x3D, 
   0x03, 0x65, 0x00, 0x3D, 0x03, 0x6F, 0x00, 0x1A, 0x02, 0x2C, 
   0x00, 0x60, 0x02, 0x9A, 0x00, 0x0F, 0x02, 0x9A, 0x00, 0x0F, 
   0x02, 0x9A, 0x00, 0x0F, 0x02, 0x9A, 0x00, 0x0F, 0x02, 0x9A, 
   0x00, 0x0F, 0x02, 0x9A, 0x00, 0x0F, 0x03, 0xD8, 0x00, 0x0F, 
   0x02, 0xC5, 0x00, 0x28, 0x02, 0x79, 0x00, 0x50, 0x02, 0x79, 
   0x00, 0x50, 0x02, 0x79, 0x00, 0x50, 0x02, 0x79, 0x00, 0x50, 
   0x01, 0x16, 0x00, 0x00, 0x01, 0x16, 0x00, 0x31, 0x01, 0x2C, 
   0x00, 0x0A, 0x01, 0x2C, 0x00, 0x08, 0x02, 0xC3, 0x00, 0x14, 
   0x02, 0xDA, 0x00, 0x50, 0x03, 0x10, 0x00, 0x28, 0x03, 0x10, 
   0x00, 0x28, 0x03, 0x10, 0x00, 0x28, 0x03, 0x10, 0x00, 0x28, 
   0x03, 0x10, 0x00, 0x28, 0x02, 0x48, 0x00, 0x5F, 0x03, 0x15, 
   0x00, 0x23, 0x02, 0xD0, 0x00, 0x50, 0x02, 0xD0, 0x00, 0x50, 
   0x02, 0xD0, 0x00, 0x50, 0x02, 0xD0, 0x00, 0x50, 0x02, 0xA6, 
   0x00, 0x0F, 0x02, 0x85, 0x00, 0x50, 0x02, 0x52, 0x00, 0x50, 
   0x02, 0x1F, 0x00, 0x1E, 0x02, 0x1F, 0x00, 0x1E, 0x02, 0x1F, 
   0x00, 0x1E, 0x02, 0x1F, 0x00, 0x1E, 0x02, 0x1F, 0x00, 0x1E, 
   0x02, 0x1F, 0x00, 0x1E, 0x03, 0x67, 0x00, 0x1E, 0x01, 0xFA, 
   0x00, 0x1E, 0x02, 0x15, 0x00, 0x1E, 0x02, 0x15, 0x00, 0x1E, 
   0x02, 0x15, 0x00, 0x1E, 0x02, 0x15, 0x00, 0x1E, 0x00, 0xDE, 
   0x00, 0x00, 0x00, 0xDE, 0x00, 0x0D, 0x01, 0x06, 0xFF, 0xF4, 
   0x01, 0x06, 0xFF, 0xF5, 0x02, 0x16, 0x00, 0x1E, 0x02, 0x19, 
   0x00, 0x3C, 0x02, 0x16, 0x00, 0x1E, 0x02, 0x16, 0x00, 0x1E, 
   0x02, 0x16, 0x00, 0x1E, 0x02, 0x16, 0x00, 0x1E, 0x02, 0x16, 
   0x00, 0x1E, 0x02, 0x48, 0x00, 0x32, 0x02, 0x16, 0x00, 0x0A, 
   0x02, 0x19, 0x00, 0x3C, 0x02, 0x19, 0x00, 0x3C, 0x02, 0x19, 
   0x00, 0x3C, 0x02, 0x19, 0x00, 0x3C, 0x01, 0xDE, 0x00, 0x0A, 
   0x02, 0x2E, 0x00, 0x3C, 0x01, 0xDE, 0x00, 0x0A, 0x02, 0xF7, 
   0x00, 0x64, 0x01, 0x80, 0x00, 0x42, 0x02, 0x33, 0x00, 0x50, 
   0x01, 0x68, 0x00, 0x3C, 0x03, 0xDA, 0x00, 0x28, 0x03, 0x97, 
   0x00, 0x1E, 0x02, 0x9B, 0x00, 0x30, 0x01, 0xED, 0x00, 0x22, 
   0x02, 0xA6, 0x00, 0x0F, 0x02, 0x67, 0x00, 0x1E, 0x01, 0xE6, 
   0x00, 0x1E, 0x01, 0x16, 0x00, 0x00, 0x01, 0x4D, 0x00, 0x14, 
   0x01, 0x4D, 0x00, 0x05, 0x01, 0xF4, 0x00, 0x28, 0x03, 0xE8, 
   0x00, 0x28, 0x00, 0xFA, 0x00, 0x61, 0x00, 0xFA, 0x00, 0x50, 
   0x00, 0xFA, 0x00, 0x50, 0x01, 0x90, 0x00, 0x59, 0x01, 0x90, 
   0x00, 0x50, 0x01, 0x90, 0x00, 0x50, 0x02, 0x2C, 0x00, 0x26, 
   0x02, 0x2C, 0x00, 0x26, 0x01, 0x90, 0x00, 0x4B, 0x02, 0xA8, 
   0x00, 0x50, 0x03, 0xE8, 0x00, 0x09, 0x00, 0xFA, 0x00, 0x31, 
   0x00, 0xFA, 0x00, 0x31, 0x02, 0x8F, 0x00, 0x24, 0x03, 0xE8, 
   0x00, 0x14, 0x03, 0x79, 0x00, 0x1E, 0x03, 0x70, 0x00, 0x24, 
   0x03, 0x79, 0x00, 0x1E, 0x03, 0x79, 0x00, 0x1C, 0x03, 0x79, 
   0x00, 0x1A, 0x03, 0x70, 0x00, 0x26, 0x03, 0x65, 0x00, 0x34, 
   0x01, 0xEF, 0x00, 0x12, 0x01, 0xCC, 0x00, 0x0C, 0x01, 0xD1, 
   0x00, 0x12, 0x02, 0x8C, 0x00, 0x12, 0x02, 0x85, 0x00, 0x12, 
   0x02, 0xAA, 0x00, 0xFA, 0x01, 0x65, 0x00, 0xF4, 0x00, 0x00, 
   0x00, 0x03, 0x00, 0x00, 0x00, 0x03, 0x00, 0x00, 0x00, 0x1C, 
   0x00, 0x00, 0x00, 0x0A, 0x00, 0x00, 0x00, 0xC4, 0x00, 0x03, 
   0x00, 0x01, 0x00, 0x00, 0x00, 0x1C, 0x00, 0x04, 0x00, 0xA8, 
   0x00, 0x00, 0x00, 0x26, 0x00, 0x20, 0x00, 0x04, 0x00, 0x06, 
   0x00, 0x7E, 0x00, 0xFF, 0x01, 0x53, 0x01, 0x61, 0x01, 0x78, 
   0x01, 0x7E, 0x01, 0x92, 0x02, 0xC6, 0x02, 0xDC, 0x20, 0x14, 
   0x20, 0x1A, 0x20, 0x1E, 0x20, 0x22, 0x20, 0x26, 0x20, 0x30, 
   0x20, 0x3A, 0x20, 0xAC, 0x21, 0x22, 0xFF, 0xFF, 0x00, 0x00, 
   0x00, 0x20, 0x00, 0xA0, 0x01, 0x52, 0x01, 0x60, 0x01, 0x78, 
   0x01, 0x7D, 0x01, 0x92, 0x02, 0xC6, 0x02, 0xDC, 0x20, 0x13, 
   0x20, 0x18, 0x20, 0x1C, 0x20, 0x20, 0x20, 0x26, 0x20, 0x30, 
   0x20, 0x39, 0x20, 0xAC, 0x21, 0x22, 0xFF, 0xFF, 0xFF, 0xE1, 
   0xFF, 0xC0, 0xFF, 0x72, 0xFF, 0x66, 0xFF, 0x50, 0xFF, 0x4C, 
   0xFF, 0x39, 0xFE, 0x06, 0xFD, 0xF1, 0xE0, 0xBB, 0xE0, 0xB8, 
   0xE0, 0xB7, 0xE0, 0xB6, 0xE0, 0xB3, 0xE0, 0xAA, 0xE0, 0xA2, 
   0xE0, 0x31, 0xDF, 0xBC, 0x00, 0x01, 0x00, 0x00, 0x00, 0x00, 
   0x00, 0x00, 0x00, 0x00, 0x00, 0x00, 0x00, 0x00, 0x00, 0x00, 
   0x00, 0x00, 0x00, 0x00, 0x00, 0x00, 0x00, 0x00, 0x00, 0x00, 
   0x00, 0x00, 0x00, 0x00, 0x00, 0x00, 0x00, 0x00, 0x00, 0x00, 
   0x00, 0x00, 0x00, 0x00, 0x00, 0x0C, 0x00, 0x00, 0x00, 0x00, 
   0x00, 0xE8, 0x00, 0x00, 0x00, 0x00, 0x00, 0x00, 0x00, 0x12, 
   0x00, 0x00, 0x00, 0x20, 0x00, 0x00, 0x00, 0x7E, 0x00, 0x00, 
   0x00, 0x01, 0x00, 0x00, 0x00, 0xA0, 0x00, 0x00, 0x00, 0xFF, 
   0x00, 0x00, 0x00, 0x60, 0x00, 0x00, 0x01, 0x52, 0x00, 0x00, 
   0x01, 0x53, 0x00, 0x00, 0x00, 0xC4, 0x00, 0x00, 0x01, 0x60, 
   0x00, 0x00, 0x01, 0x61, 0x00, 0x00, 0x00, 0xC6, 0x00, 0x00, 
   0x01, 0x78, 0x00, 0x00, 0x01, 0x78, 0x00, 0x00, 0x00, 0xC8, 
   0x00, 0x00, 0x01, 0x7D, 0x00, 0x00, 0x01, 0x7E, 0x00, 0x00, 
   0x00, 0xC9, 0x00, 0x00, 0x01, 0x92, 0x00, 0x00, 0x01, 0x92, 
   0x00, 0x00, 0x00, 0xCB, 0x00, 0x00, 0x02, 0xC6, 0x00, 0x00, 
   0x02, 0xC6, 0x00, 0x00, 0x00, 0xCC, 0x00, 0x00, 0x02, 0xDC, 
   0x00, 0x00, 0x02, 0xDC, 0x00, 0x00, 0x00, 0xCD, 0x00, 0x00, 
   0x20, 0x13, 0x00, 0x00, 0x20, 0x14, 0x00, 0x00, 0x00, 0xCE, 
   0x00, 0x00, 0x20, 0x18, 0x00, 0x00, 0x20, 0x1A, 0x00, 0x00, 
   0x00, 0xD0, 0x00, 0x00, 0x20, 0x1C, 0x00, 0x00, 0x20, 0x1E, 
   0x00, 0x00, 0x00, 0xD3, 0x00, 0x00, 0x20, 0x20, 0x00, 0x00, 
   0x20, 0x22, 0x00, 0x00, 0x00, 0xD6, 0x00, 0x00, 0x20, 0x26, 
   0x00, 0x00, 0x20, 0x26, 0x00, 0x00, 0x00, 0xD9, 0x00, 0x00, 
   0x20, 0x30, 0x00, 0x00, 0x20, 0x30, 0x00, 0x00, 0x00, 0xDA, 
   0x00, 0x00, 0x20, 0x39, 0x00, 0x00, 0x20, 0x3A, 0x00, 0x00, 
   0x00, 0xDB, 0x00, 0x00, 0x20, 0xAC, 0x00, 0x00, 0x20, 0xAC, 
   0x00, 0x00, 0x00, 0xDD, 0x00, 0x00, 0x21, 0x22, 0x00, 0x00, 
   0x21, 0x22, 0x00, 0x00, 0x00, 0xDE, 0x00, 0x00, 0x00, 0x00, 
   0x00, 0x00, 0x00, 0x16, 0x00, 0x2E, 0x00, 0x5E, 0x00, 0xAC, 
   0x01, 0x05, 0x01, 0x62, 0x01, 0x71, 0x01, 0x8D, 0x01, 0xA9, 
   0x01, 0xC7, 0x01, 0xDC, 0x01, 0xF0, 0x01, 0xFD, 0x02, 0x09, 
   0x02, 0x16, 0x02, 0x3E, 0x02, 0x54, 0x02, 0x8A, 0x02, 0xC5, 
   0x02, 0xE0, 0x03, 0x13, 0x03, 0x53, 0x03, 0x6D, 0x03, 0xB6, 
   0x03, 0xF8, 0x04, 0x0A, 0x04, 0x24, 0x04, 0x36, 0x04, 0x4A, 
   0x04, 0x5D, 0x04, 0x8D, 0x04, 0xFE, 0x05, 0x19, 0x05, 0x52, 
   0x05, 0x82, 0x05, 0xA3, 0x05, 0xBA, 0x05, 0xCF, 0x06, 0x08, 
   0x06, 0x20, 0x06, 0x2D, 0x06, 0x4B, 0x06, 0x66, 0x06, 0x76, 
   0x06, 0x90, 0x06, 0xA8, 0x06, 0xDC, 0x07, 0x00, 0x07, 0x3B, 
   0x07, 0x75, 0x07, 0xB9, 0x07, 0xCB, 0x07, 0xEB, 0x07, 0xFD, 
   0x08, 0x19, 0x08, 0x36, 0x08, 0x4C, 0x08, 0x63, 0x08, 0x74, 
   0x08, 0x82, 0x08, 0x93, 0x08, 0xA5, 0x08, 0xB2, 0x08, 0xBF, 
   0x09, 0x0F, 0x09, 0x3C, 0x09, 0x66, 0x09, 0x94, 0x09, 0xC1, 
   0x09, 0xE4, 0x0A, 0x27, 0x0A, 0x4A, 0x0A, 0x5D, 0x0A, 0x7D, 
   0x0A, 0x96, 0x0A, 0xA3, 0x0A, 0xD9, 0x0A, 0xF9, 0x0B, 0x1F, 
   0x0B, 0x4D, 0x0B, 0x79, 0x0B, 0x96, 0x0B, 0xCF, 0x0B, 0xF1, 
   0x0C, 0x11, 0x0C, 0x23, 0x0C, 0x3F, 0x0C, 0x59, 0x0C, 0x7A, 
   0x0C, 0x91, 0x0C, 0xC3, 0x0C, 0xD0, 0x0C, 0xFF, 0x0D, 0x28, 
   0x0D, 0x28, 0x0D, 0x3E, 0x0D, 0x72, 0x0D, 0xC4, 0x0E, 0x04, 
   0x0E, 0x28, 0x0E, 0x3A, 0x0E, 0x9B, 0x0E, 0xAD, 0x0F, 0x0E, 
   0x0F, 0x55, 0x0F, 0x6F, 0x0F, 0x7F, 0x0F, 0x8C, 0x0F, 0xF6, 
   0x10, 0x03, 0x10, 0x2F, 0x10, 0x4A, 0x10, 0x78, 0x10, 0xAF, 
   0x10, 0xBC, 0x10, 0xE7, 0x11, 0x05, 0x11, 0x11, 0x11, 0x3B, 
   0x11, 0x51, 0x11, 0x7E, 0x11, 0x99, 0x11, 0xCA, 0x12, 0x10, 
   0x12, 0x61, 0x12, 0x90, 0x12, 0xB3, 0x12, 0xD5, 0x12, 0xFB, 
   0x13, 0x30, 0x13, 0x57, 0x13, 0x95, 0x13, 0xBA, 0x14, 0x0D, 
   0x14, 0x2C, 0x14, 0x4A, 0x14, 0x6C, 0x14, 0x8F, 0x14, 0xA3, 
   0x14, 0xB6, 0x14, 0xCD, 0x14, 0xE5, 0x15, 0x10, 0x15, 0x41, 
   0x15, 0x7C, 0x15, 0xB7, 0x15, 0xF6, 0x16, 0x44, 0x16, 0x83, 
   0x16, 0x9D, 0x16, 0xDF, 0x17, 0x06, 0x17, 0x2C, 0x17, 0x56, 
   0x17, 0x81, 0x17, 0x9E, 0x17, 0xC1, 0x18, 0x03, 0x18, 0x5A, 
   0x18, 0xB1, 0x19, 0x0B, 0x19, 0x75, 0x19, 0xD1, 0x1A, 0x44, 
   0x1A, 0xAD, 0x1A, 0xFA, 0x1B, 0x2F, 0x1B, 0x64, 0x1B, 0x9C, 
   0x1B, 0xD5, 0x1B, 0xE9, 0x1B, 0xFC, 0x1C, 0x13, 0x1C, 0x2B, 
   0x1C, 0x74, 0x1C, 0xAD, 0x1C, 0xD9, 0x1D, 0x05, 0x1D, 0x35, 
   0x1D, 0x74, 0x1D, 0xA5, 0x1D, 0xBE, 0x1D, 0xF9, 0x1E, 0x21, 
   0x1E, 0x49, 0x1E, 0x74, 0x1E, 0xA0, 0x1E, 0xC7, 0x1E, 0xF7, 
   0x1F, 0x23, 0x1F, 0x49, 0x1F, 0x75, 0x1F, 0x8C, 0x1F, 0xA0, 
   0x1F, 0xE1, 0x20, 0x2E, 0x20, 0x7D, 0x20, 0xC2, 0x20, 0xE3, 
   0x21, 0x04, 0x21, 0x25, 0x21, 0x55, 0x21, 0x66, 0x21, 0x86, 
   0x21, 0x93, 0x21, 0xA0, 0x21, 0xB6, 0x21, 0xCC, 0x21, 0xE2, 
   0x22, 0x08, 0x22, 0x2E, 0x22, 0x53, 0x22, 0x69, 0x22, 0x87, 
   0x22, 0xA3, 0x22, 0xBA, 0x23, 0x39, 0x23, 0x49, 0x23, 0x5A, 
   0x23, 0xAE, 0x23, 0xD4, 0x24, 0x31, 0x24, 0x97, 0x24, 0xE0, 
   0x25, 0x47, 0x25, 0xC1, 0x26, 0x32, 0x26, 0x8D, 0x26, 0xC6, 
   0x26, 0xEE, 0x27, 0x19, 0x27, 0x59, 0x27, 0x96, 0x27, 0xC6, 
   0x27, 0xDD, 0x00, 0x02, 0x00, 0x7C, 0x00, 0x00, 0x00, 0xD0, 
   0x02, 0xD9, 0x00, 0x05, 0x00, 0x09, 0x00, 0x00, 0x13, 0x11, 
   0x07, 0x23, 0x27, 0x11, 0x13, 0x15, 0x23, 0x35, 0xD0, 0x16, 
   0x27, 0x16, 0x53, 0x54, 0x02, 0xD9, 0xFE, 0xAE, 0xDF, 0xDF, 
   0x01, 0x52, 0xFD, 0x8F, 0x68, 0x68, 0x00, 0x02, 0x00, 0x28, 
   0x01, 0xD0, 0x01, 0x25, 0x02, 0xC5, 0x00, 0x05, 0x00, 0x0B, 
   0x00, 0x00, 0x13, 0x33, 0x15, 0x07, 0x23, 0x27, 0x37, 0x33, 
   0x15, 0x07, 0x23, 0x27, 0x28, 0x5D, 0x1B, 0x27, 0x1B, 0xA0, 
   0x5D, 0x1B, 0x27, 0x1B, 0x02, 0xC5, 0x6F, 0x86, 0x86, 0x6F, 
   0x6F, 0x86, 0x86, 0x00, 0x00, 0x02, 0x00, 0x0E, 0xFF, 0xEC, 
   0x02, 0x1E, 0x02, 0xB9, 0x00, 0x1B, 0x00, 0x1F, 0x00, 0x00, 
   0x01, 0x07, 0x33, 0x15, 0x23, 0x07, 0x33, 0x15, 0x23, 0x07, 
   0x23, 0x37, 0x23, 0x07, 0x23, 0x37, 0x23, 0x35, 0x33, 0x37, 
   0x23, 0x35, 0x33, 0x37, 0x33, 0x07, 0x33, 0x37, 0x03, 0x23, 
   0x07, 0x33, 0x01, 0xE5, 0x24, 0x5D, 0x6A, 0x1F, 0x69, 0x75, 
   0x27, 0x4C, 0x26, 0x7C, 0x27, 0x4C, 0x26, 0x65, 0x72, 0x1F, 
   0x6C, 0x79, 0x24, 0x4C, 0x24, 0x7D, 0x23, 0x30, 0x7C, 0x20, 
   0x7D, 0x02, 0xB9, 0xC4, 0x44, 0xAE, 0x44, 0xD3, 0xD3, 0xD3, 
   0xD3, 0x44, 0xAE, 0x44, 0xC4, 0xC4, 0xC4, 0xFE, 0xF8, 0xAE, 
   0x00, 0x03, 0x00, 0x21, 0xFF, 0x82, 0x02, 0x06, 0x03, 0x02, 
   0x00, 0x27, 0x00, 0x2D, 0x00, 0x34, 0x00, 0x00, 0x25, 0x14, 
   0x06, 0x07, 0x15, 0x23, 0x35, 0x26, 0x26, 0x35, 0x33, 0x1E, 
   0x03, 0x17, 0x11, 0x2E, 0x02, 0x35, 0x34, 0x36, 0x37, 0x35, 
   0x33, 0x15, 0x16, 0x16, 0x15, 0x23, 0x26, 0x26, 0x27, 0x15, 
   0x1E, 0x04, 0x25, 0x35, 0x06, 0x06, 0x15, 0x14, 0x13, 0x36, 
   0x36, 0x35, 0x34, 0x26, 0x27, 0x02, 0x06, 0x6E, 0x6A, 0x3B, 
   0x6D, 0x65, 0x4F, 0x02, 0x08, 0x18, 0x34, 0x2D, 0x3C, 0x59, 
   0x30, 0x65, 0x60, 0x3B, 0x5B, 0x67, 0x4F, 0x01, 0x40, 0x32, 
   0x12, 0x36, 0x3B, 0x34, 0x21, 0xFE, 0xED, 0x37, 0x3D, 0xAF, 
   0x46, 0x40, 0x39, 0x4D, 0xC3, 0x5F, 0x73, 0x08, 0x67, 0x67, 
   0x08, 0x75, 0x6A, 0x19, 0x35, 0x2D, 0x21, 0x06, 0x01, 0x10, 
   0x12, 0x2B, 0x4A, 0x3F, 0x56, 0x66, 0x0C, 0x36, 0x36, 0x07, 
   0x68, 0x56, 0x37, 0x46, 0x02, 0xF9, 0x05, 0x0F, 0x19, 0x2A, 
   0x42, 0xA1, 0xF0, 0x07, 0x3E, 0x32, 0x5A, 0xFE, 0x7A, 0x08, 
   0x4D, 0x34, 0x32, 0x36, 0x16, 0x00, 0x00, 0x05, 0x00, 0x1D, 
   0xFF, 0xEC, 0x03, 0x5B, 0x02, 0xC5, 0x00, 0x0F, 0x00, 0x1B, 
   0x00, 0x1F, 0x00, 0x2F, 0x00, 0x3B, 0x00, 0x00, 0x13, 0x32, 
   0x16, 0x16, 0x15, 0x14, 0x06, 0x06, 0x23, 0x22, 0x26, 0x26, 
   0x35, 0x34, 0x36, 0x36, 0x17, 0x22, 0x06, 0x15, 0x14, 0x16, 
   0x33, 0x32, 0x36, 0x35, 0x34, 0x26, 0x25, 0x33, 0x01, 0x23, 
   0x01, 0x32, 0x16, 0x16, 0x15, 0x14, 0x06, 0x06, 0x23, 0x22, 
   0x26, 0x26, 0x35, 0x34, 0x36, 0x36, 0x17, 0x22, 0x06, 0x15, 
   0x14, 0x16, 0x33, 0x32, 0x36, 0x35, 0x34, 0x26, 0xC7, 0x30, 
   0x4E, 0x2D, 0x2E, 0x4D, 0x2F, 0x2F, 0x4E, 0x2E, 0x2E, 0x4E, 
   0x2E, 0x29, 0x3C, 0x3C, 0x2A, 0x29, 0x3C, 0x3B, 0x01, 0x6F, 
   0x42, 0xFE, 0x75, 0x42, 0x01, 0xDA, 0x30, 0x4E, 0x2D, 0x2F, 
   0x4D, 0x2E, 0x2F, 0x4E, 0x2E, 0x2E, 0x4E, 0x2E, 0x29, 0x3C, 
   0x3C, 0x2A, 0x29, 0x3C, 0x3B, 0x02, 0xAD, 0x2E, 0x4E, 0x31, 
   0x2E, 0x4D, 0x2E, 0x2E, 0x4E, 0x2F, 0x2F, 0x4E, 0x2E, 0x46, 
   0x3B, 0x2A, 0x29, 0x3C, 0x3B, 0x29, 0x2B, 0x3B, 0x5E, 0xFD, 
   0x27, 0x01, 0x56, 0x2E, 0x4E, 0x30, 0x2E, 0x4D, 0x2E, 0x2E, 
   0x4E, 0x2F, 0x2F, 0x4D, 0x2E, 0x46, 0x3B, 0x29, 0x2A, 0x3B, 
   0x3B, 0x28, 0x2B, 0x3B, 0x00, 0x03, 0x00, 0x34, 0xFF, 0xE9, 
   0x02, 0x7D, 0x02, 0xC5, 0x00, 0x27, 0x00, 0x34, 0x00, 0x3F, 
   0x00, 0x00, 0x25, 0x0E, 0x02, 0x23, 0x22, 0x26, 0x26, 0x35, 
   0x34, 0x36, 0x36, 0x37, 0x2E, 0x02, 0x35, 0x34, 0x36, 0x36, 
   0x33, 0x32, 0x16, 0x16, 0x15, 0x14, 0x06, 0x06, 0x07, 0x17, 
   0x36, 0x36, 0x35, 0x35, 0x33, 0x14, 0x06, 0x07, 0x17, 0x23, 
   0x03, 0x36, 0x36, 0x35, 0x34, 0x26, 0x23, 0x22, 0x06, 0x15, 
   0x14, 0x16, 0x16, 0x13, 0x27, 0x06, 0x06, 0x15, 0x14, 0x16, 
   0x16, 0x33, 0x32, 0x36, 0x01, 0xD2, 0x10, 0x36, 0x52, 0x39, 
   0x3D, 0x5D, 0x33, 0x1D, 0x47, 0x3E, 0x1F, 0x23, 0x0F, 0x2E, 
   0x4E, 0x2F, 0x30, 0x49, 0x2A, 0x1A, 0x3C, 0x34, 0x85, 0x0E, 
   0x11, 0x50, 0x1E, 0x1C, 0x7A, 0x6D, 0xF3, 0x3B, 0x2C, 0x31, 
   0x26, 0x27, 0x2F, 0x0A, 0x1E, 0xA3, 0xA0, 0x44, 0x36, 0x24, 
   0x3B, 0x24, 0x27, 0x46, 0x4E, 0x0F, 0x30, 0x26, 0x32, 0x59, 
   0x3C, 0x2E, 0x44, 0x3F, 0x24, 0x27, 0x37, 0x2E, 0x17, 0x2C, 
   0x47, 0x2A, 0x28, 0x47, 0x2E, 0x24, 0x38, 0x34, 0x1E, 0xA3, 
   0x1A, 0x3E, 0x1B, 0x04, 0x2D, 0x5F, 0x2B, 0x97, 0x01, 0xAF, 
   0x25, 0x34, 0x22, 0x25, 0x30, 0x2F, 0x27, 0x11, 0x1D, 0x29, 
   0xFE, 0xB7, 0xC8, 0x2B, 0x45, 0x2A, 0x23, 0x3A, 0x23, 0x26, 
   0x00, 0x01, 0x00, 0x35, 0x01, 0xD0, 0x00, 0x93, 0x02, 0xC5, 
   0x00, 0x05, 0x00, 0x00, 0x13, 0x33, 0x15, 0x07, 0x23, 0x27, 
   0x35, 0x5E, 0x1B, 0x28, 0x1B, 0x02, 0xC5, 0x6F, 0x86, 0x86, 
   0x00, 0x01, 0x00, 0x49, 0xFF, 0x2C, 0x01, 0x23, 0x02, 0xD9, 
   0x00, 0x0F, 0x00, 0x00, 0x13, 0x33, 0x06, 0x06, 0x15, 0x14, 
   0x16, 0x17, 0x23, 0x2E, 0x02, 0x35, 0x34, 0x36, 0x36, 0xEC, 
   0x37, 0x42, 0x47, 0x47, 0x42, 0x37, 0x32, 0x49, 0x28, 0x28, 
   0x49, 0x02, 0xD9, 0x6A, 0xF5, 0x77, 0x78, 0xF4, 0x6B, 0x42, 
   0x9E, 0xA8, 0x4F, 0x4F, 0xA7, 0x9F, 0x00, 0x01, 0x00, 0x26, 
   0xFF, 0x2C, 0x01, 0x00, 0x02, 0xD9, 0x00, 0x0F, 0x00, 0x00, 
   0x17, 0x23, 0x36, 0x36, 0x35, 0x34, 0x26, 0x27, 0x33, 0x1E, 
   0x02, 0x15, 0x14, 0x06, 0x06, 0x5D, 0x37, 0x42, 0x47, 0x47, 
   0x42, 0x37, 0x32, 0x49, 0x28, 0x28, 0x49, 0xD4, 0x6B, 0xF4, 
   0x77, 0x78, 0xF4, 0x6B, 0x41, 0x9F, 0xA8, 0x4F, 0x4E, 0xA8, 
   0x9E, 0x00, 0x00, 0x01, 0x00, 0x28, 0x01, 0xB9, 0x01, 0x57, 
   0x02, 0xD9, 0x00, 0x0E, 0x00, 0x00, 0x13, 0x33, 0x07, 0x37, 
   0x17, 0x07, 0x17, 0x07, 0x27, 0x07, 0x27, 0x37, 0x27, 0x37, 
   0x17, 0xA0, 0x3F, 0x05, 0x6A, 0x13, 0x6C, 0x46, 0x33, 0x3E, 
   0x3F, 0x32, 0x45, 0x6C, 0x13, 0x6A, 0x02, 0xD9, 0x70, 0x26, 
   0x3B, 0x1E, 0x59, 0x24, 0x5D, 0x5D, 0x24, 0x59, 0x1E, 0x3B, 
   0x26, 0x00, 0x00, 0x01, 0x00, 0x32, 0xFF, 0xF6, 0x02, 0x16, 
   0x01, 0xDA, 0x00, 0x0B, 0x00, 0x00, 0x01, 0x15, 0x23, 0x15, 
   0x23, 0x35, 0x23, 0x35, 0x33, 0x35, 0x33, 0x15, 0x02, 0x16, 
   0xCF, 0x46, 0xCF, 0xCF, 0x46, 0x01, 0x0B, 0x46, 0xCF, 0xCF, 
   0x46, 0xCF, 0xCF, 0x00, 0x00, 0x01, 0x00, 0x57, 0xFF, 0x6D, 
   0x00, 0xC0, 0x00, 0x68, 0x00, 0x0A, 0x00, 0x00, 0x37, 0x33, 
   0x15, 0x14, 0x23, 0x35, 0x36, 0x36, 0x35, 0x35, 0x23, 0x57, 
   0x69, 0x69, 0x1D, 0x18, 0x35, 0x68, 0x78, 0x83, 0x26, 0x02, 
   0x25, 0x34, 0x12, 0x00, 0x00, 0x01, 0x00, 0x2E, 0x00, 0xF0, 
   0x01, 0x1F, 0x01, 0x38, 0x00, 0x03, 0x00, 0x00, 0x01, 0x15, 
   0x23, 0x35, 0x01, 0x1F, 0xF1, 0x01, 0x38, 0x48, 0x48, 0x00, 
   0x00, 0x01, 0x00, 0x50, 0x00, 0x00, 0x00, 0xB8, 0x00, 0x68, 
   0x00, 0x03, 0x00, 0x00, 0x37, 0x15, 0x23, 0x35, 0xB8, 0x68, 
   0x68, 0x68, 0x68, 0x00, 0x00, 0x01, 0xFF, 0xF8, 0xFF, 0xEC, 
   0x01, 0x1C, 0x02, 0xD9, 0x00, 0x03, 0x00, 0x00, 0x13, 0x33, 
   0x03, 0x23, 0xE5, 0x37, 0xED, 0x37, 0x02, 0xD9, 0xFD, 0x13, 
   0x00, 0x02, 0x00, 0x2B, 0xFF, 0xE9, 0x01, 0xFB, 0x02, 0xC5, 
   0x00, 0x0F, 0x00, 0x18, 0x00, 0x00, 0x13, 0x34, 0x3E, 0x02, 
   0x33, 0x32, 0x1E, 0x02, 0x15, 0x14, 0x06, 0x23, 0x22, 0x26, 
   0x13, 0x22, 0x11, 0x10, 0x33, 0x32, 0x36, 0x35, 0x10, 0x2B, 
   0x2C, 0x46, 0x51, 0x25, 0x42, 0x59, 0x36, 0x17, 0x77, 0x71, 
   0x72, 0x76, 0xE8, 0x8E, 0x8C, 0x4A, 0x46, 0x01, 0x57, 0x75, 
   0x90, 0x4D, 0x1C, 0x3A, 0x66, 0x87, 0x4D, 0xAF, 0xB9, 0xBB, 
   0x01, 0xD3, 0xFE, 0xDF, 0xFE, 0xDC, 0x90, 0x97, 0x01, 0x1E, 
   0x00, 0x01, 0x00, 0x66, 0x00, 0x00, 0x01, 0x5B, 0x02, 0xC5, 
   0x00, 0x0A, 0x00, 0x00, 0x01, 0x23, 0x35, 0x3E, 0x03, 0x37, 
   0x33, 0x11, 0x23, 0x01, 0x03, 0x9D, 0x33, 0x3F, 0x26, 0x17, 
   0x0C, 0x3A, 0x58, 0x01, 0xF9, 0x3F, 0x06, 0x10, 0x1C, 0x32, 
   0x29, 0xFD, 0x3B, 0x00, 0x00, 0x01, 0x00, 0x22, 0x00, 0x00, 
   0x01, 0xFF, 0x02, 0xC5, 0x00, 0x22, 0x00, 0x00, 0x13, 0x3E, 
   0x03, 0x33, 0x32, 0x16, 0x16, 0x15, 0x14, 0x07, 0x07, 0x06, 
   0x06, 0x07, 0x21, 0x15, 0x21, 0x3E, 0x02, 0x37, 0x37, 0x36, 
   0x35, 0x34, 0x26, 0x26, 0x23, 0x22, 0x0E, 0x02, 0x07, 0x32, 
   0x02, 0x2E, 0x46, 0x50, 0x24, 0x43, 0x66, 0x3A, 0x96, 0x64, 
   0x43, 0x36, 0x07, 0x01, 0x75, 0xFE, 0x28, 0x04, 0x25, 0x54, 
   0x4A, 0x5C, 0x60, 0x25, 0x3F, 0x28, 0x2E, 0x37, 0x1D, 0x0B, 
   0x02, 0x01, 0xCF, 0x50, 0x62, 0x33, 0x11, 0x35, 0x5D, 0x3E, 
   0x84, 0x52, 0x36, 0x24, 0x42, 0x2C, 0x57, 0x4E, 0x6A, 0x51, 
   0x2A, 0x34, 0x37, 0x55, 0x26, 0x3C, 0x23, 0x22, 0x34, 0x3A, 
   0x19, 0x00, 0x00, 0x01, 0x00, 0x20, 0xFF, 0xE9, 0x01, 0xFA, 
   0x02, 0xC5, 0x00, 0x28, 0x00, 0x00, 0x01, 0x22, 0x06, 0x06, 
   0x07, 0x23, 0x36, 0x33, 0x32, 0x16, 0x15, 0x14, 0x07, 0x16, 
   0x16, 0x15, 0x14, 0x06, 0x06, 0x23, 0x22, 0x26, 0x27, 0x33, 
   0x16, 0x16, 0x33, 0x32, 0x36, 0x35, 0x34, 0x23, 0x07, 0x23, 
   0x35, 0x3E, 0x02, 0x35, 0x34, 0x26, 0x01, 0x0E, 0x38, 0x39, 
   0x15, 0x01, 0x58, 0x05, 0xD9, 0x65, 0x73, 0x63, 0x40, 0x38, 
   0x3B, 0x6C, 0x49, 0x6F, 0x73, 0x08, 0x58, 0x05, 0x48, 0x48, 
   0x45, 0x4E, 0x93, 0x25, 0x0B, 0x3B, 0x4D, 0x26, 0x42, 0x02, 
   0x78, 0x2C, 0x45, 0x27, 0xE5, 0x67, 0x5C, 0x6C, 0x27, 0x16, 
   0x4F, 0x44, 0x43, 0x63, 0x37, 0x72, 0x73, 0x4D, 0x4A, 0x4B, 
   0x43, 0x81, 0x01, 0x4B, 0x01, 0x11, 0x2F, 0x2E, 0x38, 0x41, 
   0x00, 0x02, 0x00, 0x1C, 0x00, 0x00, 0x02, 0x08, 0x02, 0xC5, 
   0x00, 0x0A, 0x00, 0x0D, 0x00, 0x00, 0x25, 0x21, 0x35, 0x01, 
   0x33, 0x11, 0x33, 0x15, 0x23, 0x15, 0x23, 0x35, 0x11, 0x03, 
   0x01, 0x47, 0xFE, 0xD5, 0x01, 0x42, 0x41, 0x69, 0x69, 0x58, 
   0xDE, 0xAA, 0x5D, 0x01, 0xBE, 0xFE, 0x34, 0x4F, 0xAA, 0xF9, 
   0x01, 0x36, 0xFE, 0xCA, 0x00, 0x01, 0x00, 0x23, 0xFF, 0xE9, 
   0x02, 0x01, 0x02, 0xC5, 0x00, 0x21, 0x00, 0x00, 0x01, 0x15, 
   0x21, 0x07, 0x36, 0x33, 0x32, 0x16, 0x16, 0x15, 0x14, 0x06, 
   0x06, 0x23, 0x22, 0x2E, 0x03, 0x27, 0x33, 0x16, 0x33, 0x32, 
   0x36, 0x35, 0x34, 0x26, 0x23, 0x22, 0x06, 0x07, 0x23, 0x13, 
   0x01, 0xDC, 0xFE, 0xD9, 0x1C, 0x3B, 0x48, 0x44, 0x67, 0x3A, 
   0x3E, 0x6D, 0x48, 0x3C, 0x51, 0x33, 0x1C, 0x0C, 0x03, 0x58, 
   0x1F, 0x72, 0x48, 0x53, 0x54, 0x47, 0x29, 0x3A, 0x1F, 0x51, 
   0x35, 0x02, 0xC5, 0x57, 0xC6, 0x2B, 0x3C, 0x6A, 0x46, 0x4B, 
   0x72, 0x41, 0x1F, 0x32, 0x36, 0x30, 0x0E, 0x77, 0x58, 0x4C, 
   0x4F, 0x5B, 0x1D, 0x25, 0x01, 0x82, 0x00, 0x02, 0x00, 0x2B, 
   0xFF, 0xE9, 0x02, 0x01, 0x02, 0xC5, 0x00, 0x1D, 0x00, 0x2B, 
   0x00, 0x00, 0x13, 0x34, 0x3E, 0x03, 0x33, 0x32, 0x16, 0x17, 
   0x23, 0x26, 0x26, 0x23, 0x22, 0x06, 0x07, 0x36, 0x33, 0x32, 
   0x16, 0x16, 0x15, 0x14, 0x06, 0x06, 0x23, 0x22, 0x26, 0x26, 
   0x37, 0x22, 0x06, 0x15, 0x14, 0x16, 0x16, 0x33, 0x32, 0x36, 
   0x36, 0x35, 0x34, 0x26, 0x2B, 0x20, 0x36, 0x43, 0x46, 0x1F, 
   0x51, 0x6B, 0x0D, 0x58, 0x0A, 0x3E, 0x2F, 0x4C, 0x51, 0x01, 
   0x3A, 0x69, 0x40, 0x61, 0x38, 0x3C, 0x68, 0x44, 0x58, 0x69, 
   0x2D, 0xF2, 0x41, 0x52, 0x26, 0x41, 0x29, 0x29, 0x3F, 0x25, 
   0x4A, 0x01, 0x43, 0x62, 0x88, 0x57, 0x2F, 0x12, 0x62, 0x57, 
   0x33, 0x38, 0x8B, 0x82, 0x4F, 0x39, 0x66, 0x42, 0x45, 0x6C, 
   0x3E, 0x5A, 0x9C, 0x8C, 0x53, 0x42, 0x2D, 0x48, 0x2A, 0x28, 
   0x46, 0x2C, 0x47, 0x53, 0x00, 0x01, 0x00, 0x2E, 0x00, 0x00, 
   0x02, 0x08, 0x02, 0xC5, 0x00, 0x0D, 0x00, 0x00, 0x01, 0x15, 
   0x0E, 0x02, 0x07, 0x23, 0x3E, 0x03, 0x37, 0x21, 0x35, 0x02, 
   0x08, 0x50, 0x72, 0x4A, 0x14, 0x5E, 0x14, 0x31, 0x42, 0x5D, 
   0x3F, 0xFE, 0x81, 0x02, 0xC5, 0x4A, 0x6A, 0xCE, 0xD1, 0x72, 
   0x57, 0x96, 0x8E, 0x99, 0x5A, 0x57, 0x00, 0x03, 0x00, 0x25, 
   0xFF, 0xE9, 0x02, 0x01, 0x02, 0xC5, 0x00, 0x19, 0x00, 0x25, 
   0x00, 0x31, 0x00, 0x00, 0x01, 0x16, 0x15, 0x14, 0x06, 0x06, 
   0x23, 0x22, 0x26, 0x26, 0x35, 0x34, 0x37, 0x26, 0x26, 0x35, 
   0x34, 0x36, 0x36, 0x33, 0x32, 0x16, 0x16, 0x15, 0x14, 0x06, 
   0x27, 0x22, 0x06, 0x15, 0x14, 0x16, 0x33, 0x32, 0x36, 0x35, 
   0x34, 0x26, 0x03, 0x22, 0x06, 0x15, 0x14, 0x16, 0x33, 0x32, 
   0x36, 0x35, 0x34, 0x26, 0x01, 0x87, 0x7A, 0x3D, 0x6B, 0x46, 
   0x46, 0x6B, 0x3D, 0x79, 0x36, 0x2A, 0x36, 0x61, 0x3E, 0x3F, 
   0x60, 0x36, 0x2A, 0xAB, 0x37, 0x44, 0x44, 0x37, 0x38, 0x43, 
   0x43, 0x38, 0x42, 0x52, 0x52, 0x40, 0x44, 0x52, 0x52, 0x01, 
   0x75, 0x3A, 0x77, 0x40, 0x63, 0x38, 0x38, 0x63, 0x41, 0x76, 
   0x3A, 0x22, 0x40, 0x31, 0x38, 0x55, 0x30, 0x30, 0x55, 0x38, 
   0x32, 0x40, 0xE1, 0x3D, 0x33, 0x32, 0x3D, 0x3D, 0x31, 0x34, 
   0x3D, 0xFE, 0xD7, 0x4D, 0x3E, 0x3E, 0x4E, 0x4D, 0x3F, 0x3E, 
   0x4D, 0x00, 0x00, 0x02, 0x00, 0x26, 0xFF, 0xE9, 0x01, 0xFD, 
   0x02, 0xC5, 0x00, 0x1E, 0x00, 0x2C, 0x00, 0x00, 0x01, 0x14, 
   0x0E, 0x03, 0x23, 0x22, 0x26, 0x27, 0x33, 0x16, 0x16, 0x33, 
   0x32, 0x36, 0x37, 0x06, 0x06, 0x23, 0x22, 0x26, 0x26, 0x35, 
   0x34, 0x36, 0x36, 0x33, 0x32, 0x16, 0x16, 0x27, 0x22, 0x06, 
   0x06, 0x15, 0x14, 0x16, 0x33, 0x32, 0x36, 0x35, 0x34, 0x26, 
   0x26, 0x01, 0xFD, 0x20, 0x37, 0x43, 0x46, 0x1F, 0x51, 0x6B, 
   0x0D, 0x58, 0x0B, 0x3E, 0x2E, 0x4C, 0x51, 0x01, 0x22, 0x4E, 
   0x32, 0x40, 0x62, 0x38, 0x3C, 0x69, 0x43, 0x58, 0x69, 0x2E, 
   0xF0, 0x28, 0x40, 0x25, 0x4A, 0x40, 0x41, 0x52, 0x26, 0x41, 
   0x01, 0x6B, 0x62, 0x88, 0x57, 0x2F, 0x12, 0x62, 0x57, 0x33, 
   0x38, 0x8B, 0x82, 0x29, 0x26, 0x3A, 0x65, 0x42, 0x46, 0x6B, 
   0x3E, 0x59, 0x9C, 0xA8, 0x28, 0x46, 0x2D, 0x47, 0x53, 0x54, 
   0x41, 0x2E, 0x48, 0x2A, 0x00, 0x02, 0x00, 0x50, 0x00, 0x00, 
   0x00, 0xB8, 0x02, 0x0C, 0x00, 0x03, 0x00, 0x07, 0x00, 0x00, 
   0x37, 0x15, 0x23, 0x35, 0x13, 0x15, 0x23, 0x35, 0xB8, 0x68, 
   0x68, 0x68, 0x68, 0x68, 0x68, 0x01, 0xA4, 0x68, 0x68, 0x00, 
   0x00, 0x02, 0x00, 0x50, 0xFF, 0x6D, 0x00, 0xB9, 0x02, 0x0C, 
   0x00, 0x03, 0x00, 0x0E, 0x00, 0x00, 0x13, 0x15, 0x23, 0x35, 
   0x03, 0x33, 0x15, 0x14, 0x23, 0x35, 0x36, 0x36, 0x35, 0x35, 
   0x23, 0xB9, 0x68, 0x01, 0x69, 0x69, 0x1D, 0x18, 0x35, 0x02, 
   0x0C, 0x68, 0x68, 0xFE, 0x5C, 0x78, 0x83, 0x26, 0x02, 0x25, 
   0x34, 0x12, 0x00, 0x01, 0x00, 0x2D, 0xFF, 0xF7, 0x02, 0x16, 
   0x01, 0xDA, 0x00, 0x06, 0x00, 0x00, 0x37, 0x35, 0x25, 0x15, 
   0x05, 0x05, 0x15, 0x2D, 0x01, 0xE9, 0xFE, 0x76, 0x01, 0x8A, 
   0xC6, 0x45, 0xCF, 0x4F, 0xA1, 0xA4, 0x4F, 0x00, 0x00, 0x02, 
   0x00, 0x32, 0x00, 0x6F, 0x02, 0x16, 0x01, 0x61, 0x00, 0x03, 
   0x00, 0x07, 0x00, 0x00, 0x01, 0x15, 0x21, 0x35, 0x05, 0x15, 
   0x21, 0x35, 0x02, 0x16, 0xFE, 0x1C, 0x01, 0xE4, 0xFE, 0x1C, 
   0x01, 0x61, 0x46, 0x46, 0xAC, 0x46, 0x46, 0x00, 0x00, 0x01, 
   0x00, 0x32, 0xFF, 0xF7, 0x02, 0x1B, 0x01, 0xDA, 0x00, 0x06, 
   0x00, 0x00, 0x01, 0x15, 0x05, 0x35, 0x25, 0x25, 0x35, 0x02, 
   0x1B, 0xFE, 0x17, 0x01, 0x8A, 0xFE, 0x76, 0x01, 0x0B, 0x45, 
   0xCF, 0x4F, 0xA1, 0xA4, 0x4F, 0x00, 0x00, 0x02, 0x00, 0x4D, 
   0x00, 0x00, 0x01, 0xFD, 0x02, 0xE5, 0x00, 0x1C, 0x00, 0x20, 
   0x00, 0x00, 0x01, 0x14, 0x0E, 0x03, 0x15, 0x15, 0x23, 0x35, 
   0x34, 0x3E, 0x03, 0x35, 0x34, 0x26, 0x23, 0x22, 0x06, 0x06, 
   0x15, 0x23, 0x34, 0x36, 0x33, 0x32, 0x16, 0x03, 0x15, 0x23, 
   0x35, 0x01, 0xFD, 0x24, 0x35, 0x36, 0x24, 0x5A, 0x24, 0x35, 
   0x36, 0x24, 0x46, 0x3A, 0x34, 0x38, 0x15, 0x55, 0x6F, 0x6C, 
   0x62, 0x73, 0xB3, 0x5A, 0x02, 0x25, 0x31, 0x45, 0x33, 0x2E, 
   0x34, 0x24, 0x2F, 0x37, 0x29, 0x3C, 0x32, 0x31, 0x39, 0x26, 
   0x33, 0x3F, 0x29, 0x46, 0x2D, 0x74, 0x76, 0x68, 0xFD, 0xEB, 
   0x68, 0x68, 0x00, 0x02, 0x00, 0x22, 0xFF, 0x72, 0x03, 0xB7, 
   0x02, 0xE5, 0x00, 0x44, 0x00, 0x53, 0x00, 0x00, 0x01, 0x33, 
   0x03, 0x06, 0x15, 0x14, 0x16, 0x33, 0x32, 0x3E, 0x02, 0x35, 
   0x34, 0x2E, 0x02, 0x23, 0x22, 0x0E, 0x02, 0x15, 0x14, 0x1E, 
   0x02, 0x33, 0x32, 0x36, 0x37, 0x17, 0x06, 0x23, 0x22, 0x2E, 
   0x02, 0x35, 0x34, 0x3E, 0x02, 0x33, 0x32, 0x1E, 0x02, 0x15, 
   0x14, 0x0E, 0x02, 0x23, 0x22, 0x27, 0x06, 0x23, 0x22, 0x26, 
   0x26, 0x35, 0x34, 0x3E, 0x02, 0x33, 0x32, 0x17, 0x03, 0x32, 
   0x3E, 0x02, 0x35, 0x34, 0x26, 0x23, 0x22, 0x06, 0x06, 0x15, 
   0x14, 0x16, 0x02, 0x99, 0x53, 0x5A, 0x0C, 0x1E, 0x14, 0x20, 
   0x3C, 0x30, 0x1C, 0x38, 0x61, 0x7F, 0x48, 0x4F, 0x8E, 0x6D, 
   0x3F, 0x39, 0x66, 0x89, 0x4F, 0x29, 0x5B, 0x3D, 0x1C, 0x70, 
   0x72, 0x5F, 0xA5, 0x7D, 0x46, 0x4D, 0x88, 0xB2, 0x64, 0x57, 
   0x9B, 0x75, 0x43, 0x23, 0x44, 0x66, 0x43, 0x60, 0x0E, 0x42, 
   0x4C, 0x2E, 0x4A, 0x2B, 0x2A, 0x48, 0x5D, 0x32, 0x54, 0x26, 
   0xBE, 0x24, 0x39, 0x29, 0x16, 0x35, 0x29, 0x2A, 0x49, 0x2E, 
   0x3A, 0x01, 0xF5, 0xFE, 0xE8, 0x22, 0x10, 0x12, 0x1A, 0x26, 
   0x42, 0x52, 0x2C, 0x3F, 0x6F, 0x55, 0x30, 0x3E, 0x6D, 0x8D, 
   0x4F, 0x48, 0x7B, 0x5C, 0x33, 0x0F, 0x11, 0x43, 0x2A, 0x3E, 
   0x6E, 0x91, 0x53, 0x62, 0xAE, 0x86, 0x4D, 0x3A, 0x67, 0x87, 
   0x4C, 0x38, 0x6E, 0x5B, 0x37, 0x4D, 0x48, 0x30, 0x53, 0x34, 
   0x36, 0x64, 0x4E, 0x2D, 0x57, 0xFE, 0xCB, 0x32, 0x4D, 0x52, 
   0x21, 0x26, 0x34, 0x3C, 0x62, 0x38, 0x31, 0x45, 0x00, 0x02, 
   0x00, 0x0F, 0x00, 0x00, 0x02, 0x8B, 0x02, 0xD9, 0x00, 0x07, 
   0x00, 0x0A, 0x00, 0x00, 0x25, 0x21, 0x07, 0x23, 0x01, 0x33, 
   0x01, 0x23, 0x0B, 0x02, 0x01, 0xD8, 0xFE, 0xE7, 0x4D, 0x63, 
   0x01, 0x04, 0x78, 0x01, 0x00, 0x68, 0x65, 0x70, 0x78, 0xDB, 
   0xDB, 0x02, 0xD9, 0xFD, 0x27, 0x01, 0x29, 0x01, 0x4C, 0xFE, 
   0xB4, 0x00, 0x00, 0x03, 0x00, 0x50, 0x00, 0x00, 0x02, 0x70, 
   0x02, 0xD9, 0x00, 0x10, 0x00, 0x1A, 0x00, 0x24, 0x00, 0x00, 
   0x25, 0x14, 0x06, 0x06, 0x23, 0x21, 0x11, 0x21, 0x32, 0x1E, 
   0x02, 0x15, 0x14, 0x07, 0x16, 0x16, 0x03, 0x34, 0x26, 0x26, 
   0x23, 0x23, 0x15, 0x33, 0x32, 0x36, 0x03, 0x32, 0x36, 0x36, 
   0x35, 0x34, 0x26, 0x23, 0x23, 0x15, 0x02, 0x70, 0x36, 0x60, 
   0x41, 0xFE, 0xB7, 0x01, 0x28, 0x41, 0x54, 0x30, 0x13, 0x65, 
   0x46, 0x3F, 0x7D, 0x29, 0x42, 0x27, 0xB4, 0xB4, 0x42, 0x50, 
   0x63, 0x35, 0x38, 0x16, 0x42, 0x41, 0xE3, 0xD0, 0x3E, 0x5E, 
   0x34, 0x02, 0xD9, 0x24, 0x39, 0x40, 0x1C, 0x70, 0x2F, 0x1B, 
   0x54, 0x01, 0x01, 0x2F, 0x32, 0x13, 0xE8, 0x33, 0xFE, 0x80, 
   0x29, 0x3B, 0x19, 0x38, 0x46, 0xFB, 0x00, 0x01, 0x00, 0x28, 
   0xFF, 0xE9, 0x02, 0x9D, 0x02, 0xE5, 0x00, 0x1F, 0x00, 0x00, 
   0x13, 0x34, 0x3E, 0x03, 0x33, 0x32, 0x17, 0x23, 0x26, 0x26, 
   0x23, 0x22, 0x06, 0x06, 0x15, 0x14, 0x16, 0x16, 0x33, 0x32, 
   0x36, 0x37, 0x33, 0x02, 0x21, 0x22, 0x2E, 0x03, 0x28, 0x13, 
   0x2C, 0x4C, 0x72, 0x50, 0xEE, 0x2B, 0x5F, 0x10, 0x5C, 0x59, 
   0x46, 0x67, 0x38, 0x3A, 0x6B, 0x48, 0x5C, 0x5F, 0x10, 0x60, 
   0x21, 0xFE, 0xF5, 0x4F, 0x71, 0x4B, 0x2C, 0x12, 0x01, 0x64, 
   0x2E, 0x68, 0x66, 0x53, 0x32, 0xEE, 0x4D, 0x4F, 0x49, 0x87, 
   0x5E, 0x5B, 0x86, 0x49, 0x68, 0x67, 0xFE, 0xDF, 0x31, 0x52, 
   0x64, 0x67, 0x00, 0x02, 0x00, 0x50, 0x00, 0x00, 0x02, 0x92, 
   0x02, 0xD9, 0x00, 0x0A, 0x00, 0x13, 0x00, 0x00, 0x33, 0x11, 
   0x21, 0x32, 0x16, 0x16, 0x15, 0x14, 0x06, 0x06, 0x23, 0x27, 
   0x33, 0x32, 0x36, 0x35, 0x34, 0x26, 0x23, 0x23, 0x50, 0x01, 
   0x19, 0x5D, 0x85, 0x47, 0x48, 0x85, 0x5C, 0xBC, 0xAC, 0x6C, 
   0x70, 0x70, 0x6C, 0xAC, 0x02, 0xD9, 0x58, 0xA3, 0x71, 0x72, 
   0xA3, 0x58, 0x52, 0x90, 0x8A, 0x8C, 0x8F, 0x00, 0x00, 0x01, 
   0x00, 0x50, 0x00, 0x00, 0x02, 0x5B, 0x02, 0xD9, 0x00, 0x0B, 
   0x00, 0x00, 0x13, 0x15, 0x21, 0x15, 0x21, 0x11, 0x21, 0x15, 
   0x21, 0x15, 0x21, 0x15, 0xAD, 0x01, 0xAE, 0xFD, 0xF5, 0x01, 
   0xF9, 0xFE, 0x64, 0x01, 0x8D, 0x01, 0x4C, 0xFA, 0x52, 0x02, 
   0xD9, 0x52, 0xE9, 0x52, 0x00, 0x01, 0x00, 0x50, 0x00, 0x00, 
   0x02, 0x39, 0x02, 0xD9, 0x00, 0x09, 0x00, 0x00, 0x13, 0x11, 
   0x23, 0x11, 0x21, 0x15, 0x21, 0x15, 0x21, 0x15, 0xAD, 0x5D, 
   0x01, 0xE9, 0xFE, 0x74, 0x01, 0x5C, 0x01, 0x4C, 0xFE, 0xB4, 
   0x02, 0xD9, 0x52, 0xE9, 0x52, 0x00, 0x00, 0x01, 0x00, 0x28, 
   0xFF, 0xE9, 0x02, 0xC1, 0x02, 0xE5, 0x00, 0x27, 0x00, 0x00, 
   0x13, 0x14, 0x1E, 0x03, 0x33, 0x32, 0x36, 0x36, 0x35, 0x35, 
   0x23, 0x35, 0x21, 0x11, 0x23, 0x27, 0x06, 0x23, 0x22, 0x26, 
   0x26, 0x35, 0x34, 0x3E, 0x03, 0x33, 0x32, 0x16, 0x17, 0x23, 
   0x26, 0x26, 0x23, 0x22, 0x06, 0x06, 0x85, 0x0E, 0x23, 0x3C, 
   0x59, 0x3F, 0x43, 0x67, 0x3B, 0xDE, 0x01, 0x30, 0x3B, 0x17, 
   0x68, 0x91, 0x62, 0x97, 0x55, 0x13, 0x2F, 0x50, 0x78, 0x54, 
   0x7D, 0xA1, 0x13, 0x5F, 0x0F, 0x71, 0x53, 0x4D, 0x73, 0x40, 
   0x01, 0x6A, 0x23, 0x52, 0x50, 0x42, 0x28, 0x3A, 0x65, 0x41, 
   0x14, 0x52, 0xFE, 0x7B, 0x61, 0x74, 0x61, 0xAB, 0x70, 0x2C, 
   0x67, 0x66, 0x54, 0x33, 0x7A, 0x6F, 0x47, 0x50, 0x4A, 0x85, 
   0x00, 0x01, 0x00, 0x50, 0x00, 0x00, 0x02, 0x81, 0x02, 0xD9, 
   0x00, 0x0B, 0x00, 0x00, 0x01, 0x21, 0x11, 0x23, 0x11, 0x33, 
   0x11, 0x21, 0x11, 0x33, 0x11, 0x23, 0x02, 0x24, 0xFE, 0x89, 
   0x5D, 0x5D, 0x01, 0x77, 0x5D, 0x5D, 0x01, 0x4C, 0xFE, 0xB4, 
   0x02, 0xD9, 0xFE, 0xC5, 0x01, 0x3B, 0xFD, 0x27, 0x00, 0x01, 
   0x00, 0x64, 0x00, 0x00, 0x00, 0xC2, 0x02, 0xD9, 0x00, 0x03, 
   0x00, 0x00, 0x13, 0x11, 0x23, 0x11, 0xC2, 0x5E, 0x02, 0xD9, 
   0xFD, 0x27, 0x02, 0xD9, 0x00, 0x01, 0x00, 0x23, 0xFF, 0xE9, 
   0x01, 0xBC, 0x02, 0xD9, 0x00, 0x12, 0x00, 0x00, 0x37, 0x32, 
   0x36, 0x36, 0x35, 0x11, 0x33, 0x11, 0x14, 0x06, 0x23, 0x22, 
   0x26, 0x35, 0x35, 0x33, 0x15, 0x14, 0x16, 0xEF, 0x2E, 0x30, 
   0x12, 0x5D, 0x6F, 0x5F, 0x5E, 0x6D, 0x5F, 0x39, 0x37, 0x2A, 
   0x49, 0x2E, 0x02, 0x01, 0xFD, 0xDD, 0x5E, 0x6F, 0x69, 0x58, 
   0x40, 0x2F, 0x40, 0x44, 0x00, 0x01, 0x00, 0x50, 0x00, 0x00, 
   0x02, 0x93, 0x02, 0xD9, 0x00, 0x0B, 0x00, 0x00, 0x37, 0x15, 
   0x23, 0x11, 0x33, 0x11, 0x01, 0x33, 0x01, 0x01, 0x23, 0x01, 
   0xAD, 0x5D, 0x5D, 0x01, 0x6B, 0x78, 0xFE, 0xD7, 0x01, 0x2C, 
   0x6E, 0xFE, 0xFF, 0xFF, 0xFF, 0x02, 0xD9, 0xFE, 0x8F, 0x01, 
   0x71, 0xFE, 0xD7, 0xFE, 0x50, 0x01, 0x76, 0x00, 0x00, 0x01, 
   0x00, 0x50, 0x00, 0x00, 0x02, 0x15, 0x02, 0xD9, 0x00, 0x05, 
   0x00, 0x00, 0x13, 0x11, 0x21, 0x15, 0x21, 0x11, 0xAD, 0x01, 
   0x68, 0xFE, 0x3B, 0x02, 0xD9, 0xFD, 0x79, 0x52, 0x02, 0xD9, 
   0x00, 0x01, 0x00, 0x50, 0x00, 0x00, 0x02, 0xFE, 0x02, 0xD9, 
   0x00, 0x0C, 0x00, 0x00, 0x21, 0x23, 0x03, 0x11, 0x23, 0x11, 
   0x33, 0x13, 0x13, 0x33, 0x11, 0x23, 0x11, 0x01, 0xD9, 0x62, 
   0xCF, 0x58, 0x81, 0xD8, 0xD4, 0x81, 0x58, 0x02, 0x63, 0xFD, 
   0x9D, 0x02, 0xD9, 0xFD, 0x85, 0x02, 0x7B, 0xFD, 0x27, 0x02, 
   0x63, 0x00, 0x00, 0x01, 0x00, 0x50, 0x00, 0x00, 0x02, 0x8A, 
   0x02, 0xD9, 0x00, 0x09, 0x00, 0x00, 0x01, 0x11, 0x23, 0x01, 
   0x11, 0x23, 0x11, 0x33, 0x01, 0x11, 0x02, 0x8A, 0x69, 0xFE, 
   0x87, 0x58, 0x65, 0x01, 0x7D, 0x02, 0xD9, 0xFD, 0x27, 0x02, 
   0x4F, 0xFD, 0xB1, 0x02, 0xD9, 0xFD, 0xAC, 0x02, 0x54, 0x00, 
   0x00, 0x02, 0x00, 0x28, 0xFF, 0xE9, 0x02, 0xE8, 0x02, 0xE5, 
   0x00, 0x10, 0x00, 0x20, 0x00, 0x00, 0x01, 0x14, 0x0E, 0x02, 
   0x23, 0x22, 0x26, 0x26, 0x35, 0x34, 0x36, 0x36, 0x33, 0x32, 
   0x16, 0x16, 0x25, 0x22, 0x06, 0x06, 0x15, 0x14, 0x16, 0x16, 
   0x33, 0x32, 0x36, 0x36, 0x35, 0x34, 0x26, 0x26, 0x02, 0xE8, 
   0x30, 0x5C, 0x82, 0x52, 0x69, 0x9F, 0x58, 0x58, 0x9F, 0x68, 
   0x6B, 0x9F, 0x57, 0xFE, 0x9F, 0x4D, 0x74, 0x41, 0x41, 0x75, 
   0x4D, 0x4D, 0x75, 0x41, 0x40, 0x75, 0x01, 0x61, 0x4F, 0x88, 
   0x67, 0x3A, 0x60, 0xAC, 0x72, 0x72, 0xAC, 0x60, 0x60, 0xAE, 
   0xBC, 0x4B, 0x87, 0x5A, 0x5A, 0x87, 0x4B, 0x4B, 0x85, 0x58, 
   0x5C, 0x89, 0x4B, 0x00, 0x00, 0x02, 0x00, 0x50, 0x00, 0x00, 
   0x02, 0x5E, 0x02, 0xD9, 0x00, 0x0B, 0x00, 0x14, 0x00, 0x00, 
   0x01, 0x14, 0x06, 0x06, 0x23, 0x23, 0x11, 0x23, 0x11, 0x21, 
   0x32, 0x16, 0x05, 0x33, 0x32, 0x36, 0x35, 0x34, 0x26, 0x23, 
   0x23, 0x02, 0x5E, 0x34, 0x5C, 0x3C, 0xE5, 0x5D, 0x01, 0x2D, 
   0x6C, 0x75, 0xFE, 0x4F, 0xC2, 0x43, 0x4B, 0x4B, 0x43, 0xC2, 
   0x02, 0x03, 0x3E, 0x5D, 0x33, 0xFE, 0xCB, 0x02, 0xD9, 0x6F, 
   0xE3, 0x44, 0x3C, 0x3C, 0x44, 0x00, 0x00, 0x02, 0x00, 0x28, 
   0xFF, 0xC5, 0x02, 0xE8, 0x02, 0xE5, 0x00, 0x12, 0x00, 0x26, 
   0x00, 0x00, 0x05, 0x07, 0x27, 0x06, 0x23, 0x22, 0x26, 0x26, 
   0x35, 0x34, 0x36, 0x36, 0x33, 0x32, 0x16, 0x16, 0x15, 0x14, 
   0x07, 0x27, 0x17, 0x36, 0x35, 0x34, 0x26, 0x26, 0x23, 0x22, 
   0x06, 0x06, 0x15, 0x14, 0x16, 0x16, 0x33, 0x32, 0x36, 0x37, 
   0x27, 0x02, 0xDF, 0x2F, 0x69, 0x56, 0x69, 0x69, 0x9F, 0x58, 
   0x58, 0x9F, 0x69, 0x69, 0x9F, 0x58, 0x67, 0x9E, 0x59, 0x4F, 
   0x41, 0x74, 0x4E, 0x4D, 0x75, 0x41, 0x40, 0x75, 0x4D, 0x21, 
   0x37, 0x20, 0x4A, 0x01, 0x3A, 0x57, 0x33, 0x60, 0xAC, 0x72, 
   0x72, 0xAC, 0x60, 0x60, 0xAB, 0x71, 0xAC, 0x71, 0x81, 0x49, 
   0x59, 0x8B, 0x5A, 0x86, 0x4B, 0x4B, 0x87, 0x5A, 0x5A, 0x87, 
   0x4B, 0x0D, 0x0F, 0x3E, 0x00, 0x02, 0x00, 0x50, 0x00, 0x00, 
   0x02, 0x9A, 0x02, 0xD9, 0x00, 0x1D, 0x00, 0x27, 0x00, 0x00, 
   0x01, 0x1E, 0x02, 0x15, 0x14, 0x06, 0x15, 0x14, 0x16, 0x17, 
   0x15, 0x23, 0x26, 0x26, 0x35, 0x35, 0x34, 0x26, 0x23, 0x23, 
   0x11, 0x23, 0x11, 0x21, 0x32, 0x16, 0x15, 0x14, 0x06, 0x27, 
   0x34, 0x26, 0x26, 0x23, 0x23, 0x15, 0x33, 0x32, 0x36, 0x02, 
   0x0B, 0x2E, 0x2A, 0x0C, 0x01, 0x0F, 0x1D, 0x71, 0x0A, 0x0A, 
   0x3A, 0x3E, 0xF0, 0x5D, 0x01, 0x50, 0x6B, 0x73, 0x35, 0x2C, 
   0x27, 0x41, 0x27, 0xE1, 0xE1, 0x4A, 0x45, 0x01, 0x68, 0x13, 
   0x37, 0x40, 0x21, 0x0D, 0x1A, 0x0C, 0x23, 0x3C, 0x14, 0x17, 
   0x17, 0x3E, 0x22, 0x41, 0x44, 0x3E, 0xFE, 0xC6, 0x02, 0xD9, 
   0x64, 0x5F, 0x3E, 0x52, 0x83, 0x34, 0x36, 0x14, 0xFB, 0x3D, 
   0x00, 0x01, 0x00, 0x30, 0xFF, 0xE9, 0x02, 0x6D, 0x02, 0xE5, 
   0x00, 0x2F, 0x00, 0x00, 0x25, 0x32, 0x3E, 0x02, 0x35, 0x34, 
   0x26, 0x27, 0x27, 0x26, 0x35, 0x34, 0x36, 0x33, 0x32, 0x16, 
   0x17, 0x23, 0x26, 0x26, 0x23, 0x22, 0x06, 0x15, 0x14, 0x16, 
   0x17, 0x17, 0x16, 0x16, 0x15, 0x14, 0x0E, 0x02, 0x23, 0x22, 
   0x2E, 0x02, 0x27, 0x33, 0x15, 0x14, 0x1E, 0x02, 0x01, 0x56, 
   0x3B, 0x4A, 0x27, 0x0E, 0x41, 0x45, 0xB5, 0x8F, 0x8B, 0x78, 
   0x7E, 0x8C, 0x01, 0x58, 0x01, 0x5E, 0x57, 0x49, 0x5A, 0x36, 
   0x42, 0xB7, 0x4A, 0x51, 0x1A, 0x3E, 0x6F, 0x56, 0x2F, 0x64, 
   0x56, 0x36, 0x01, 0x58, 0x12, 0x2E, 0x50, 0x3B, 0x1A, 0x29, 
   0x2E, 0x13, 0x2B, 0x39, 0x12, 0x30, 0x25, 0x85, 0x63, 0x73, 
   0x77, 0x6B, 0x47, 0x4D, 0x43, 0x38, 0x2A, 0x30, 0x12, 0x31, 
   0x14, 0x5F, 0x44, 0x21, 0x4D, 0x45, 0x2C, 0x16, 0x38, 0x63, 
   0x4E, 0x05, 0x1C, 0x3B, 0x32, 0x1F, 0x00, 0x01, 0x00, 0x1E, 
   0x00, 0x00, 0x02, 0x5A, 0x02, 0xD9, 0x00, 0x07, 0x00, 0x00, 
   0x01, 0x11, 0x23, 0x11, 0x23, 0x35, 0x21, 0x15, 0x01, 0x6B, 
   0x5D, 0xF0, 0x02, 0x3C, 0x02, 0x87, 0xFD, 0x79, 0x02, 0x87, 
   0x52, 0x52, 0x00, 0x01, 0x00, 0x50, 0xFF, 0xE9, 0x02, 0x80, 
   0x02, 0xD9, 0x00, 0x12, 0x00, 0x00, 0x01, 0x33, 0x11, 0x14, 
   0x06, 0x06, 0x23, 0x22, 0x26, 0x35, 0x11, 0x33, 0x11, 0x14, 
   0x16, 0x33, 0x32, 0x36, 0x35, 0x02, 0x23, 0x5D, 0x45, 0x7E, 
   0x56, 0x82, 0x95, 0x5D, 0x6A, 0x50, 0x58, 0x64, 0x02, 0xD9, 
   0xFE, 0x00, 0x49, 0x6C, 0x3B, 0x81, 0x6F, 0x02, 0x00, 0xFE, 
   0x00, 0x52, 0x4C, 0x55, 0x49, 0x00, 0x00, 0x01, 0x00, 0x0F, 
   0x00, 0x00, 0x02, 0x76, 0x02, 0xD9, 0x00, 0x06, 0x00, 0x00, 
   0x21, 0x23, 0x01, 0x33, 0x13, 0x13, 0x33, 0x01, 0x79, 0x64, 
   0xFE, 0xFA, 0x64, 0xD6, 0xCA, 0x63, 0x02, 0xD9, 0xFD, 0x97, 
   0x02, 0x69, 0x00, 0x01, 0x00, 0x0F, 0x00, 0x00, 0x03, 0x9A, 
   0x02, 0xD9, 0x00, 0x0C, 0x00, 0x00, 0x21, 0x23, 0x03, 0x03, 
   0x23, 0x03, 0x33, 0x13, 0x13, 0x33, 0x13, 0x13, 0x33, 0x02, 
   0xE1, 0x66, 0xA8, 0xA3, 0x66, 0xBB, 0x68, 0x89, 0xA2, 0x64, 
   0xA6, 0x86, 0x68, 0x02, 0x57, 0xFD, 0xA9, 0x02, 0xD9, 0xFD, 
   0xB0, 0x02, 0x50, 0xFD, 0xB0, 0x02, 0x50, 0x00, 0x00, 0x01, 
   0x00, 0x0F, 0x00, 0x00, 0x02, 0x82, 0x02, 0xD9, 0x00, 0x0B, 
   0x00, 0x00, 0x01, 0x01, 0x23, 0x03, 0x03, 0x23, 0x01, 0x03, 
   0x33, 0x13, 0x13, 0x33, 0x01, 0x80, 0x01, 0x02, 0x73, 0xC7, 
   0xC8, 0x71, 0x01, 0x02, 0xF2, 0x71, 0xBB, 0xBC, 0x6F, 0x01, 
   0x76, 0xFE, 0x8A, 0x01, 0x30, 0xFE, 0xD0, 0x01, 0x76, 0x01, 
   0x63, 0xFE, 0xE2, 0x01, 0x1E, 0x00, 0x00, 0x01, 0x00, 0x0F, 
   0x00, 0x00, 0x02, 0x97, 0x02, 0xD9, 0x00, 0x08, 0x00, 0x00, 
   0x01, 0x11, 0x23, 0x11, 0x01, 0x33, 0x13, 0x13, 0x33, 0x01, 
   0x85, 0x5D, 0xFE, 0xE7, 0x73, 0xD6, 0xD0, 0x6F, 0x01, 0x1E, 
   0xFE, 0xE2, 0x01, 0x1E, 0x01, 0xBB, 0xFE, 0x9D, 0x01, 0x63, 
   0x00, 0x01, 0x00, 0x1E, 0x00, 0x00, 0x02, 0x49, 0x02, 0xD9, 
   0x00, 0x09, 0x00, 0x00, 0x01, 0x15, 0x01, 0x21, 0x15, 0x21, 
   0x35, 0x01, 0x21, 0x35, 0x02, 0x47, 0xFE, 0x4C, 0x01, 0xB6, 
   0xFD, 0xD5, 0x01, 0xB6, 0xFE, 0x66, 0x02, 0xD9, 0x54, 0xFD, 
   0xCD, 0x52, 0x52, 0x02, 0x35, 0x52, 0x00, 0x01, 0x00, 0x40, 
   0xFF, 0x2C, 0x00, 0xFA, 0x02, 0xD9, 0x00, 0x07, 0x00, 0x00, 
   0x13, 0x15, 0x23, 0x11, 0x33, 0x15, 0x23, 0x11, 0xFA, 0x67, 
   0x67, 0xBA, 0x02, 0xD9, 0x48, 0xFC, 0xE3, 0x48, 0x03, 0xAD, 
   0x00, 0x01, 0xFF, 0xF8, 0xFF, 0xEC, 0x01, 0x1C, 0x02, 0xD9, 
   0x00, 0x03, 0x00, 0x00, 0x13, 0x13, 0x23, 0x03, 0x2F, 0xED, 
   0x37, 0xED, 0x02, 0xD9, 0xFD, 0x13, 0x02, 0xED, 0x00, 0x01, 
   0x00, 0x16, 0xFF, 0x2C, 0x00, 0xD0, 0x02, 0xD9, 0x00, 0x07, 
   0x00, 0x00, 0x17, 0x35, 0x33, 0x11, 0x23, 0x35, 0x33, 0x11, 
   0x16, 0x67, 0x67, 0xBA, 0xD4, 0x48, 0x03, 0x1D, 0x48, 0xFC, 
   0x53, 0x00, 0x00, 0x01, 0x00, 0x2C, 0x01, 0x49, 0x01, 0xA9, 
   0x02, 0xC5, 0x00, 0x06, 0x00, 0x00, 0x13, 0x33, 0x13, 0x23, 
   0x03, 0x03, 0x23, 0xC5, 0x49, 0x9B, 0x45, 0x7A, 0x79, 0x45, 
   0x02, 0xC5, 0xFE, 0x84, 0x01, 0x2C, 0xFE, 0xD4, 0x00, 0x01, 
   0xFF, 0xEA, 0xFF, 0x50, 0x02, 0x42, 0xFF, 0x82, 0x00, 0x03, 
   0x00, 0x00, 0x05, 0x15, 0x21, 0x35, 0x02, 0x42, 0xFD, 0xA8, 
   0x7E, 0x32, 0x32, 0x00, 0x00, 0x01, 0x00, 0x16, 0x02, 0x50, 
   0x00, 0xE7, 0x02, 0xE4, 0x00, 0x03, 0x00, 0x00, 0x13, 0x17, 
   0x23, 0x27, 0x87, 0x60, 0x3C, 0x95, 0x02, 0xE4, 0x94, 0x94, 
   0x00, 0x02, 0x00, 0x1E, 0xFF, 0xE9, 0x02, 0x0B, 0x02, 0x1B, 
   0x00, 0x2A, 0x00, 0x38, 0x00, 0x00, 0x13, 0x3E, 0x03, 0x33, 
   0x32, 0x16, 0x15, 0x11, 0x14, 0x33, 0x32, 0x36, 0x37, 0x15, 
   0x06, 0x06, 0x23, 0x22, 0x26, 0x27, 0x06, 0x06, 0x23, 0x22, 
   0x26, 0x35, 0x34, 0x3E, 0x02, 0x37, 0x36, 0x36, 0x35, 0x35, 
   0x34, 0x26, 0x23, 0x22, 0x06, 0x07, 0x13, 0x32, 0x36, 0x36, 
   0x35, 0x35, 0x0E, 0x04, 0x15, 0x14, 0x16, 0x35, 0x02, 0x27, 
   0x3D, 0x49, 0x23, 0x61, 0x64, 0x2D, 0x04, 0x07, 0x07, 0x14, 
   0x18, 0x0D, 0x28, 0x29, 0x05, 0x2C, 0x54, 0x32, 0x4F, 0x5D, 
   0x26, 0x45, 0x60, 0x39, 0x32, 0x25, 0x3D, 0x38, 0x3A, 0x3C, 
   0x05, 0x53, 0x32, 0x46, 0x25, 0x19, 0x44, 0x46, 0x3C, 0x25, 
   0x36, 0x01, 0x71, 0x35, 0x43, 0x24, 0x0E, 0x49, 0x46, 0xFE, 
   0xCC, 0x29, 0x01, 0x01, 0x3F, 0x05, 0x04, 0x25, 0x28, 0x28, 
   0x25, 0x54, 0x47, 0x35, 0x3D, 0x22, 0x11, 0x07, 0x06, 0x1A, 
   0x1A, 0x16, 0x26, 0x28, 0x2D, 0x30, 0xFE, 0xC1, 0x25, 0x35, 
   0x19, 0x5E, 0x0C, 0x0B, 0x0A, 0x13, 0x26, 0x23, 0x28, 0x2C, 
   0x00, 0x02, 0x00, 0x3C, 0xFF, 0xE9, 0x02, 0x11, 0x02, 0xD9, 
   0x00, 0x0F, 0x00, 0x1C, 0x00, 0x00, 0x13, 0x33, 0x11, 0x36, 
   0x33, 0x32, 0x16, 0x15, 0x14, 0x06, 0x06, 0x23, 0x22, 0x27, 
   0x15, 0x23, 0x13, 0x22, 0x06, 0x15, 0x14, 0x16, 0x33, 0x32, 
   0x36, 0x36, 0x35, 0x34, 0x26, 0x3C, 0x53, 0x39, 0x69, 0x68, 
   0x78, 0x38, 0x67, 0x45, 0x6B, 0x3B, 0x4B, 0xE5, 0x42, 0x50, 
   0x50, 0x42, 0x2E, 0x44, 0x27, 0x53, 0x02, 0xD9, 0xFE, 0xEC, 
   0x56, 0x93, 0x80, 0x57, 0x81, 0x47, 0x5A, 0x43, 0x01, 0xCD, 
   0x6F, 0x5C, 0x5C, 0x6F, 0x32, 0x5B, 0x3B, 0x5E, 0x70, 0x00, 
   0x00, 0x01, 0x00, 0x1E, 0xFF, 0xE9, 0x01, 0xDC, 0x02, 0x1B, 
   0x00, 0x1A, 0x00, 0x00, 0x01, 0x23, 0x26, 0x26, 0x23, 0x22, 
   0x06, 0x15, 0x14, 0x16, 0x33, 0x32, 0x37, 0x33, 0x06, 0x06, 
   0x23, 0x22, 0x26, 0x26, 0x35, 0x34, 0x36, 0x36, 0x33, 0x32, 
   0x16, 0x01, 0xD6, 0x54, 0x07, 0x40, 0x35, 0x44, 0x4D, 0x4E, 
   0x45, 0x6B, 0x15, 0x54, 0x07, 0x71, 0x5E, 0x47, 0x68, 0x39, 
   0x3A, 0x69, 0x46, 0x5A, 0x6E, 0x01, 0x5C, 0x37, 0x3B, 0x6F, 
   0x62, 0x5D, 0x6A, 0x7E, 0x60, 0x6B, 0x44, 0x7C, 0x54, 0x57, 
   0x81, 0x46, 0x61, 0x00, 0x00, 0x02, 0x00, 0x1E, 0xFF, 0xE9, 
   0x01, 0xF3, 0x02, 0xD9, 0x00, 0x10, 0x00, 0x1C, 0x00, 0x00, 
   0x01, 0x11, 0x23, 0x35, 0x06, 0x06, 0x23, 0x22, 0x26, 0x35, 
   0x34, 0x36, 0x36, 0x33, 0x32, 0x17, 0x11, 0x03, 0x22, 0x06, 
   0x15, 0x14, 0x16, 0x33, 0x32, 0x36, 0x35, 0x34, 0x26, 0x01, 
   0xF3, 0x4A, 0x22, 0x4F, 0x36, 0x6A, 0x7A, 0x38, 0x65, 0x44, 
   0x6C, 0x35, 0x93, 0x44, 0x54, 0x54, 0x45, 0x42, 0x50, 0x4F, 
   0x02, 0xD9, 0xFD, 0x27, 0x45, 0x31, 0x2B, 0x99, 0x85, 0x54, 
   0x7C, 0x44, 0x51, 0x01, 0x0F, 0xFE, 0xF4, 0x6F, 0x5C, 0x5B, 
   0x70, 0x6E, 0x5B, 0x5E, 0x6F, 0x00, 0x00, 0x02, 0x00, 0x1E, 
   0xFF, 0xE9, 0x01, 0xF7, 0x02, 0x1B, 0x00, 0x13, 0x00, 0x1B, 
   0x00, 0x00, 0x25, 0x21, 0x16, 0x16, 0x33, 0x32, 0x37, 0x33, 
   0x06, 0x06, 0x23, 0x22, 0x26, 0x35, 0x34, 0x36, 0x36, 0x33, 
   0x32, 0x16, 0x05, 0x21, 0x34, 0x26, 0x26, 0x23, 0x22, 0x06, 
   0x01, 0xF7, 0xFE, 0x7E, 0x02, 0x4F, 0x49, 0x66, 0x23, 0x54, 
   0x10, 0x76, 0x5A, 0x6E, 0x80, 0x3B, 0x6C, 0x49, 0x7A, 0x6F, 
   0xFE, 0x80, 0x01, 0x27, 0x25, 0x41, 0x2B, 0x3F, 0x52, 0xEA, 
   0x50, 0x64, 0x69, 0x55, 0x61, 0x95, 0x81, 0x56, 0x80, 0x46, 
   0xA2, 0x4B, 0x2D, 0x49, 0x2A, 0x57, 0x00, 0x01, 0x00, 0x14, 
   0x00, 0x00, 0x01, 0x04, 0x02, 0xDC, 0x00, 0x16, 0x00, 0x00, 
   0x01, 0x15, 0x23, 0x11, 0x23, 0x11, 0x23, 0x35, 0x33, 0x35, 
   0x34, 0x36, 0x33, 0x32, 0x16, 0x17, 0x15, 0x26, 0x22, 0x23, 
   0x22, 0x15, 0x15, 0x01, 0x04, 0x57, 0x53, 0x46, 0x46, 0x41, 
   0x3A, 0x0D, 0x14, 0x0E, 0x0E, 0x0A, 0x05, 0x3A, 0x02, 0x0C, 
   0x44, 0xFE, 0x38, 0x01, 0xC8, 0x44, 0x59, 0x38, 0x3F, 0x02, 
   0x03, 0x45, 0x01, 0x35, 0x52, 0x00, 0x00, 0x02, 0x00, 0x1E, 
   0xFF, 0x26, 0x01, 0xEA, 0x02, 0x1B, 0x00, 0x22, 0x00, 0x2E, 
   0x00, 0x00, 0x17, 0x22, 0x26, 0x26, 0x35, 0x34, 0x36, 0x36, 
   0x33, 0x32, 0x17, 0x27, 0x33, 0x11, 0x14, 0x0E, 0x02, 0x23, 
   0x22, 0x26, 0x27, 0x33, 0x1E, 0x03, 0x33, 0x32, 0x36, 0x36, 
   0x35, 0x35, 0x06, 0x06, 0x03, 0x22, 0x06, 0x15, 0x14, 0x16, 
   0x33, 0x32, 0x36, 0x35, 0x34, 0x26, 0xF6, 0x3B, 0x63, 0x3A, 
   0x38, 0x65, 0x42, 0x62, 0x3E, 0x0A, 0x57, 0x12, 0x31, 0x5C, 
   0x4B, 0x5C, 0x6E, 0x07, 0x55, 0x05, 0x21, 0x2A, 0x25, 0x0A, 
   0x3B, 0x3F, 0x18, 0x23, 0x4A, 0x22, 0x43, 0x4E, 0x4E, 0x44, 
   0x42, 0x4C, 0x4B, 0x17, 0x43, 0x7C, 0x55, 0x55, 0x81, 0x48, 
   0x5B, 0x4C, 0xFE, 0x4A, 0x44, 0x70, 0x51, 0x2B, 0x54, 0x4A, 
   0x20, 0x24, 0x10, 0x04, 0x2E, 0x56, 0x3C, 0x1B, 0x31, 0x2D, 
   0x01, 0xE5, 0x6D, 0x5F, 0x5F, 0x6D, 0x6B, 0x5E, 0x62, 0x6D, 
   0x00, 0x01, 0x00, 0x3C, 0x00, 0x00, 0x01, 0xDC, 0x02, 0xD9, 
   0x00, 0x14, 0x00, 0x00, 0x01, 0x34, 0x26, 0x26, 0x23, 0x22, 
   0x06, 0x15, 0x11, 0x23, 0x11, 0x33, 0x11, 0x36, 0x36, 0x33, 
   0x32, 0x16, 0x15, 0x11, 0x23, 0x01, 0x89, 0x24, 0x32, 0x16, 
   0x40, 0x4E, 0x53, 0x53, 0x25, 0x4C, 0x37, 0x4D, 0x58, 0x53, 
   0x01, 0x6B, 0x29, 0x2D, 0x11, 0x61, 0x50, 0xFE, 0xDF, 0x02, 
   0xD9, 0xFE, 0xEB, 0x30, 0x27, 0x4D, 0x42, 0xFE, 0x74, 0x00, 
   0x00, 0x02, 0x00, 0x42, 0x00, 0x00, 0x00, 0x96, 0x02, 0xD9, 
   0x00, 0x03, 0x00, 0x07, 0x00, 0x00, 0x13, 0x11, 0x23, 0x11, 
   0x37, 0x15, 0x23, 0x35, 0x96, 0x53, 0x53, 0x54, 0x02, 0x0C, 
   0xFD, 0xF4, 0x02, 0x0C, 0xCD, 0x69, 0x69, 0x00, 0x00, 0x02, 
   0x00, 0x00, 0xFF, 0x26, 0x00, 0xAB, 0x02, 0xD9, 0x00, 0x0E, 
   0x00, 0x12, 0x00, 0x00, 0x13, 0x33, 0x11, 0x14, 0x23, 0x22, 
   0x26, 0x27, 0x35, 0x16, 0x16, 0x33, 0x32, 0x36, 0x35, 0x13, 
   0x15, 0x23, 0x35, 0x58, 0x53, 0x8F, 0x0A, 0x0A, 0x08, 0x05, 
   0x0D, 0x05, 0x25, 0x1C, 0x53, 0x53, 0x02, 0x0C, 0xFD, 0x87, 
   0x6D, 0x02, 0x01, 0x47, 0x01, 0x01, 0x1F, 0x27, 0x03, 0x25, 
   0x69, 0x69, 0x00, 0x01, 0x00, 0x3C, 0x00, 0x00, 0x01, 0xF8, 
   0x02, 0xD9, 0x00, 0x0B, 0x00, 0x00, 0x13, 0x11, 0x37, 0x33, 
   0x07, 0x13, 0x23, 0x03, 0x07, 0x15, 0x23, 0x11, 0x8F, 0xDE, 
   0x6B, 0xB6, 0xD6, 0x67, 0xB1, 0x51, 0x53, 0x02, 0xD9, 0xFE, 
   0x55, 0xDE, 0xB5, 0xFE, 0xA9, 0x01, 0x1C, 0x50, 0xCC, 0x02, 
   0xD9, 0x00, 0x00, 0x01, 0x00, 0x3C, 0x00, 0x00, 0x00, 0x90, 
   0x02, 0xD9, 0x00, 0x03, 0x00, 0x00, 0x13, 0x11, 0x23, 0x11, 
   0x90, 0x54, 0x02, 0xD9, 0xFD, 0x27, 0x02, 0xD9, 0x00, 0x01, 
   0x00, 0x3C, 0x00, 0x00, 0x02, 0xF0, 0x02, 0x1B, 0x00, 0x24, 
   0x00, 0x00, 0x13, 0x33, 0x15, 0x36, 0x36, 0x33, 0x32, 0x16, 
   0x17, 0x36, 0x36, 0x33, 0x32, 0x16, 0x15, 0x11, 0x23, 0x11, 
   0x34, 0x26, 0x23, 0x22, 0x06, 0x06, 0x15, 0x11, 0x23, 0x11, 
   0x34, 0x26, 0x23, 0x22, 0x06, 0x06, 0x15, 0x11, 0x23, 0x3C, 
   0x4D, 0x22, 0x4B, 0x34, 0x33, 0x43, 0x17, 0x25, 0x48, 0x34, 
   0x4A, 0x4E, 0x54, 0x33, 0x2E, 0x22, 0x38, 0x21, 0x54, 0x32, 
   0x2F, 0x22, 0x38, 0x21, 0x54, 0x02, 0x0C, 0x4A, 0x2F, 0x2A, 
   0x26, 0x2A, 0x2C, 0x24, 0x4B, 0x47, 0xFE, 0x77, 0x01, 0x69, 
   0x32, 0x37, 0x25, 0x3E, 0x26, 0xFE, 0xB7, 0x01, 0x69, 0x32, 
   0x37, 0x25, 0x3E, 0x26, 0xFE, 0xB7, 0x00, 0x01, 0x00, 0x3C, 
   0x00, 0x00, 0x01, 0xDD, 0x02, 0x1B, 0x00, 0x13, 0x00, 0x00, 
   0x13, 0x33, 0x15, 0x36, 0x36, 0x33, 0x32, 0x16, 0x15, 0x11, 
   0x23, 0x11, 0x34, 0x26, 0x23, 0x22, 0x06, 0x15, 0x11, 0x23, 
   0x3C, 0x4D, 0x23, 0x51, 0x3A, 0x4C, 0x5A, 0x53, 0x3A, 0x32, 
   0x40, 0x4E, 0x54, 0x02, 0x0C, 0x58, 0x37, 0x30, 0x4E, 0x41, 
   0xFE, 0x74, 0x01, 0x6B, 0x2F, 0x38, 0x61, 0x50, 0xFE, 0xDF, 
   0x00, 0x02, 0x00, 0x1E, 0xFF, 0xE9, 0x01, 0xF8, 0x02, 0x1B, 
   0x00, 0x0B, 0x00, 0x17, 0x00, 0x00, 0x01, 0x32, 0x16, 0x15, 
   0x14, 0x06, 0x23, 0x22, 0x26, 0x35, 0x34, 0x36, 0x17, 0x22, 
   0x06, 0x15, 0x14, 0x16, 0x33, 0x32, 0x36, 0x35, 0x34, 0x26, 
   0x01, 0x0A, 0x71, 0x7D, 0x7F, 0x6E, 0x70, 0x7D, 0x7E, 0x6F, 
   0x46, 0x50, 0x50, 0x46, 0x45, 0x51, 0x4F, 0x02, 0x1B, 0x95, 
   0x88, 0x81, 0x94, 0x95, 0x84, 0x84, 0x95, 0x4D, 0x6D, 0x5F, 
   0x5F, 0x6D, 0x6D, 0x5C, 0x62, 0x6D, 0x00, 0x02, 0x00, 0x3C, 
   0xFF, 0x26, 0x02, 0x11, 0x02, 0x1B, 0x00, 0x11, 0x00, 0x1D, 
   0x00, 0x00, 0x17, 0x11, 0x33, 0x15, 0x36, 0x33, 0x32, 0x16, 
   0x16, 0x15, 0x14, 0x06, 0x06, 0x23, 0x22, 0x26, 0x27, 0x11, 
   0x13, 0x22, 0x06, 0x15, 0x14, 0x16, 0x33, 0x32, 0x36, 0x35, 
   0x34, 0x26, 0x3C, 0x4D, 0x3B, 0x6C, 0x46, 0x64, 0x37, 0x38, 
   0x64, 0x44, 0x33, 0x4D, 0x21, 0x92, 0x42, 0x50, 0x50, 0x42, 
   0x44, 0x54, 0x53, 0xDA, 0x02, 0xE6, 0x4F, 0x5E, 0x46, 0x80, 
   0x58, 0x53, 0x7D, 0x44, 0x26, 0x28, 0xFE, 0xEF, 0x02, 0xA7, 
   0x6F, 0x5C, 0x5C, 0x6F, 0x6F, 0x59, 0x5E, 0x70, 0x00, 0x02, 
   0x00, 0x1E, 0xFF, 0x26, 0x01, 0xF3, 0x02, 0x1B, 0x00, 0x10, 
   0x00, 0x1C, 0x00, 0x00, 0x05, 0x23, 0x11, 0x06, 0x06, 0x23, 
   0x22, 0x26, 0x35, 0x34, 0x36, 0x36, 0x33, 0x32, 0x17, 0x35, 
   0x33, 0x07, 0x22, 0x06, 0x15, 0x14, 0x16, 0x33, 0x32, 0x36, 
   0x35, 0x34, 0x26, 0x01, 0xF3, 0x53, 0x1D, 0x4E, 0x37, 0x67, 
   0x79, 0x39, 0x66, 0x45, 0x6B, 0x3C, 0x4A, 0xE5, 0x45, 0x54, 
   0x54, 0x45, 0x42, 0x50, 0x4F, 0xDA, 0x01, 0x16, 0x2B, 0x28, 
   0x94, 0x7F, 0x57, 0x81, 0x47, 0x55, 0x46, 0x3F, 0x70, 0x5B, 
   0x5B, 0x70, 0x6E, 0x5A, 0x5F, 0x6F, 0x00, 0x01, 0x00, 0x3C, 
   0x00, 0x00, 0x01, 0x38, 0x02, 0x1B, 0x00, 0x0F, 0x00, 0x00, 
   0x01, 0x0E, 0x02, 0x15, 0x11, 0x23, 0x11, 0x33, 0x15, 0x36, 
   0x36, 0x33, 0x32, 0x16, 0x17, 0x01, 0x38, 0x32, 0x4C, 0x2A, 
   0x54, 0x4D, 0x24, 0x43, 0x28, 0x08, 0x0E, 0x0A, 0x01, 0xC3, 
   0x01, 0x1C, 0x4C, 0x4A, 0xFE, 0xF0, 0x02, 0x0C, 0x5F, 0x3B, 
   0x33, 0x01, 0x02, 0x00, 0x00, 0x01, 0x00, 0x22, 0xFF, 0xE9, 
   0x01, 0xCB, 0x02, 0x1B, 0x00, 0x26, 0x00, 0x00, 0x37, 0x1E, 
   0x02, 0x33, 0x32, 0x36, 0x35, 0x34, 0x26, 0x27, 0x27, 0x26, 
   0x26, 0x35, 0x34, 0x36, 0x33, 0x32, 0x16, 0x17, 0x23, 0x26, 
   0x23, 0x22, 0x06, 0x15, 0x14, 0x16, 0x17, 0x17, 0x16, 0x16, 
   0x15, 0x14, 0x06, 0x23, 0x22, 0x27, 0x7A, 0x04, 0x14, 0x35, 
   0x33, 0x37, 0x43, 0x25, 0x2C, 0x4E, 0x5D, 0x49, 0x6E, 0x5B, 
   0x5B, 0x62, 0x01, 0x58, 0x03, 0x66, 0x33, 0x3C, 0x2E, 0x33, 
   0x50, 0x4E, 0x46, 0x75, 0x63, 0xCB, 0x06, 0x9C, 0x19, 0x2F, 
   0x1E, 0x2D, 0x25, 0x1D, 0x22, 0x0A, 0x13, 0x17, 0x43, 0x3D, 
   0x49, 0x57, 0x54, 0x4D, 0x54, 0x2B, 0x24, 0x1C, 0x23, 0x0C, 
   0x13, 0x13, 0x44, 0x3B, 0x4C, 0x5A, 0xB3, 0x00, 0x00, 0x01, 
   0x00, 0x14, 0xFF, 0xE9, 0x01, 0x04, 0x02, 0x9C, 0x00, 0x15, 
   0x00, 0x00, 0x01, 0x15, 0x23, 0x11, 0x14, 0x16, 0x33, 0x32, 
   0x37, 0x15, 0x06, 0x23, 0x22, 0x26, 0x35, 0x11, 0x23, 0x35, 
   0x33, 0x35, 0x33, 0x15, 0x01, 0x04, 0x56, 0x13, 0x1B, 0x19, 
   0x0F, 0x27, 0x1D, 0x31, 0x34, 0x47, 0x47, 0x53, 0x02, 0x0C, 
   0x44, 0xFE, 0x99, 0x1C, 0x13, 0x04, 0x46, 0x07, 0x2B, 0x28, 
   0x01, 0x8C, 0x44, 0x90, 0x90, 0x00, 0x00, 0x01, 0x00, 0x3C, 
   0xFF, 0xE9, 0x01, 0xDD, 0x02, 0x0C, 0x00, 0x13, 0x00, 0x00, 
   0x21, 0x23, 0x35, 0x06, 0x06, 0x23, 0x22, 0x26, 0x35, 0x11, 
   0x33, 0x11, 0x14, 0x16, 0x33, 0x32, 0x36, 0x35, 0x11, 0x33, 
   0x01, 0xDD, 0x4B, 0x25, 0x50, 0x3A, 0x4C, 0x5B, 0x53, 0x3B, 
   0x31, 0x41, 0x4E, 0x53, 0x49, 0x34, 0x2C, 0x4E, 0x41, 0x01, 
   0x94, 0xFE, 0x8D, 0x2F, 0x38, 0x61, 0x50, 0x01, 0x29, 0x00, 
   0x00, 0x01, 0x00, 0x0A, 0x00, 0x00, 0x01, 0xE6, 0x02, 0x0C, 
   0x00, 0x06, 0x00, 0x00, 0x21, 0x23, 0x03, 0x33, 0x13, 0x13, 
   0x33, 0x01, 0x1D, 0x5B, 0xB8, 0x5E, 0x8C, 0x94, 0x5E, 0x02, 
   0x0C, 0xFE, 0x57, 0x01, 0xA9, 0x00, 0x00, 0x01, 0x00, 0x0A, 
   0x00, 0x00, 0x02, 0xC8, 0x02, 0x0C, 0x00, 0x0C, 0x00, 0x00, 
   0x21, 0x23, 0x03, 0x03, 0x23, 0x03, 0x33, 0x13, 0x13, 0x33, 
   0x13, 0x13, 0x33, 0x02, 0x2E, 0x5F, 0x6A, 0x65, 0x5E, 0x98, 
   0x5C, 0x6B, 0x64, 0x66, 0x67, 0x68, 0x5E, 0x01, 0x9B, 0xFE, 
   0x65, 0x02, 0x0C, 0xFE, 0x68, 0x01, 0x98, 0xFE, 0x68, 0x01, 
   0x98, 0x00, 0x00, 0x01, 0x00, 0x0A, 0x00, 0x00, 0x01, 0xD2, 
   0x02, 0x0C, 0x00, 0x0B, 0x00, 0x00, 0x01, 0x13, 0x23, 0x27, 
   0x07, 0x23, 0x13, 0x03, 0x33, 0x17, 0x37, 0x33, 0x01, 0x1D, 
   0xB5, 0x61, 0x83, 0x85, 0x5F, 0xB9, 0xAF, 0x5F, 0x7E, 0x7E, 
   0x5E, 0x01, 0x0F, 0xFE, 0xF1, 0xC9, 0xC9, 0x01, 0x0B, 0x01, 
   0x01, 0xBE, 0xBE, 0x00, 0x00, 0x01, 0x00, 0x0A, 0xFF, 0x26, 
   0x01, 0xD4, 0x02, 0x0C, 0x00, 0x11, 0x00, 0x00, 0x01, 0x33, 
   0x03, 0x06, 0x06, 0x23, 0x22, 0x27, 0x35, 0x16, 0x33, 0x32, 
   0x36, 0x37, 0x37, 0x03, 0x33, 0x13, 0x01, 0x7A, 0x5A, 0xE9, 
   0x16, 0x46, 0x2B, 0x1F, 0x19, 0x1B, 0x11, 0x1A, 0x1F, 0x0A, 
   0x20, 0xB1, 0x59, 0x86, 0x02, 0x0C, 0xFD, 0x86, 0x3A, 0x32, 
   0x0D, 0x4B, 0x06, 0x17, 0x1C, 0x53, 0x02, 0x0E, 0xFE, 0x68, 
   0x00, 0x01, 0x00, 0x1E, 0x00, 0x00, 0x01, 0xC8, 0x02, 0x0C, 
   0x00, 0x09, 0x00, 0x00, 0x01, 0x15, 0x01, 0x21, 0x15, 0x21, 
   0x35, 0x01, 0x21, 0x35, 0x01, 0xBA, 0xFE, 0xC9, 0x01, 0x45, 
   0xFE, 0x56, 0x01, 0x39, 0xFE, 0xDC, 0x02, 0x0C, 0x4A, 0xFE, 
   0x87, 0x49, 0x4B, 0x01, 0x78, 0x49, 0x00, 0x01, 0x00, 0x2B, 
   0xFF, 0x2C, 0x01, 0x14, 0x02, 0xD9, 0x00, 0x22, 0x00, 0x00, 
   0x01, 0x15, 0x23, 0x22, 0x06, 0x15, 0x15, 0x14, 0x06, 0x07, 
   0x16, 0x16, 0x15, 0x15, 0x14, 0x16, 0x33, 0x33, 0x15, 0x23, 
   0x22, 0x26, 0x35, 0x35, 0x34, 0x26, 0x27, 0x35, 0x36, 0x36, 
   0x35, 0x35, 0x34, 0x36, 0x33, 0x01, 0x14, 0x0F, 0x25, 0x1A, 
   0x24, 0x2E, 0x2A, 0x28, 0x1A, 0x25, 0x0F, 0x2E, 0x34, 0x39, 
   0x22, 0x2C, 0x2C, 0x22, 0x39, 0x34, 0x02, 0xD9, 0x41, 0x1C, 
   0x27, 0xB5, 0x45, 0x46, 0x12, 0x13, 0x4D, 0x3E, 0xB5, 0x27, 
   0x1C, 0x41, 0x45, 0x3E, 0xA7, 0x45, 0x3C, 0x09, 0x45, 0x09, 
   0x3B, 0x46, 0xA7, 0x3E, 0x45, 0x00, 0x00, 0x01, 0x00, 0x5F, 
   0xFF, 0x2C, 0x00, 0x9B, 0x02, 0xD9, 0x00, 0x03, 0x00, 0x00, 
   0x13, 0x33, 0x11, 0x23, 0x5F, 0x3C, 0x3C, 0x02, 0xD9, 0xFC, 
   0x53, 0x00, 0x00, 0x01, 0x00, 0x39, 0xFF, 0x2C, 0x01, 0x22, 
   0x02, 0xD9, 0x00, 0x21, 0x00, 0x00, 0x17, 0x35, 0x33, 0x32, 
   0x36, 0x35, 0x35, 0x34, 0x36, 0x37, 0x26, 0x35, 0x35, 0x34, 
   0x26, 0x23, 0x23, 0x35, 0x33, 0x32, 0x16, 0x15, 0x15, 0x14, 
   0x16, 0x17, 0x15, 0x06, 0x06, 0x15, 0x15, 0x14, 0x06, 0x23, 
   0x39, 0x10, 0x26, 0x1A, 0x28, 0x2A, 0x52, 0x1A, 0x26, 0x10, 
   0x2F, 0x35, 0x39, 0x21, 0x2B, 0x2B, 0x21, 0x39, 0x35, 0xD4, 
   0x41, 0x1C, 0x27, 0xB5, 0x3E, 0x4C, 0x13, 0x26, 0x78, 0xB5, 
   0x27, 0x1C, 0x41, 0x45, 0x3E, 0xA7, 0x45, 0x3C, 0x09, 0x45, 
   0x09, 0x3C, 0x45, 0xA7, 0x3E, 0x45, 0x00, 0x01, 0x00, 0x21, 
   0x01, 0x0C, 0x01, 0xD2, 0x01, 0xB6, 0x00, 0x19, 0x00, 0x00, 
   0x13, 0x22, 0x06, 0x06, 0x07, 0x23, 0x36, 0x36, 0x33, 0x32, 
   0x17, 0x17, 0x16, 0x33, 0x32, 0x36, 0x35, 0x33, 0x14, 0x06, 
   0x23, 0x22, 0x27, 0x27, 0x26, 0x26, 0x8B, 0x15, 0x17, 0x08, 
   0x01, 0x35, 0x04, 0x37, 0x31, 0x1B, 0x1B, 0x75, 0x1C, 0x16, 
   0x20, 0x13, 0x35, 0x3A, 0x2F, 0x27, 0x2A, 0x62, 0x07, 0x1C, 
   0x01, 0x73, 0x1C, 0x24, 0x0E, 0x47, 0x4A, 0x10, 0x45, 0x11, 
   0x29, 0x22, 0x4E, 0x41, 0x1A, 0x3F, 0x05, 0x09, 0x00, 0x02, 
   0x00, 0x7A, 0xFF, 0x33, 0x00, 0xCE, 0x02, 0x0C, 0x00, 0x05, 
   0x00, 0x09, 0x00, 0x00, 0x17, 0x11, 0x37, 0x33, 0x17, 0x11, 
   0x03, 0x35, 0x33, 0x15, 0x7A, 0x16, 0x27, 0x16, 0x53, 0x54, 
   0xCD, 0x01, 0x52, 0xDF, 0xDF, 0xFE, 0xAE, 0x02, 0x71, 0x68, 
   0x68, 0x00, 0x00, 0x02, 0x00, 0x34, 0xFF, 0x88, 0x01, 0xFE, 
   0x02, 0x74, 0x00, 0x19, 0x00, 0x1F, 0x00, 0x00, 0x01, 0x11, 
   0x36, 0x37, 0x33, 0x06, 0x06, 0x07, 0x15, 0x23, 0x35, 0x26, 
   0x26, 0x35, 0x34, 0x36, 0x37, 0x35, 0x33, 0x15, 0x16, 0x16, 
   0x17, 0x23, 0x26, 0x26, 0x03, 0x11, 0x06, 0x15, 0x14, 0x16, 
   0x01, 0x38, 0x60, 0x12, 0x54, 0x05, 0x6A, 0x57, 0x2A, 0x65, 
   0x75, 0x75, 0x65, 0x2A, 0x58, 0x64, 0x04, 0x54, 0x05, 0x39, 
   0x58, 0x83, 0x45, 0x01, 0xCE, 0xFE, 0x67, 0x0B, 0x74, 0x5A, 
   0x6C, 0x05, 0x61, 0x62, 0x09, 0x93, 0x77, 0x7A, 0x99, 0x0A, 
   0x5A, 0x59, 0x06, 0x63, 0x56, 0x32, 0x3C, 0xFE, 0x6D, 0x01, 
   0x96, 0x18, 0xB8, 0x55, 0x67, 0x00, 0x00, 0x01, 0x00, 0x1A, 
   0xFF, 0xE9, 0x02, 0x17, 0x02, 0xD9, 0x00, 0x3A, 0x00, 0x00, 
   0x13, 0x14, 0x16, 0x16, 0x17, 0x33, 0x15, 0x23, 0x16, 0x15, 
   0x14, 0x06, 0x06, 0x07, 0x36, 0x33, 0x32, 0x16, 0x16, 0x33, 
   0x32, 0x37, 0x17, 0x06, 0x06, 0x23, 0x22, 0x26, 0x26, 0x23, 
   0x22, 0x07, 0x27, 0x36, 0x36, 0x35, 0x34, 0x27, 0x23, 0x35, 
   0x33, 0x2E, 0x02, 0x35, 0x34, 0x36, 0x36, 0x33, 0x32, 0x1E, 
   0x02, 0x17, 0x23, 0x26, 0x23, 0x22, 0x06, 0x93, 0x13, 0x1B, 
   0x0D, 0xA0, 0x88, 0x0F, 0x15, 0x34, 0x2D, 0x3B, 0x3F, 0x20, 
   0x36, 0x31, 0x1A, 0x28, 0x2B, 0x2A, 0x1E, 0x3E, 0x27, 0x2A, 
   0x45, 0x40, 0x25, 0x35, 0x38, 0x30, 0x45, 0x38, 0x18, 0x6E, 
   0x51, 0x17, 0x17, 0x07, 0x3F, 0x6C, 0x43, 0x20, 0x4B, 0x44, 
   0x2C, 0x01, 0x58, 0x04, 0x84, 0x40, 0x4D, 0x02, 0x0B, 0x1F, 
   0x2E, 0x2B, 0x1B, 0x37, 0x2B, 0x1C, 0x1A, 0x34, 0x41, 0x2E, 
   0x27, 0x0F, 0x10, 0x1E, 0x42, 0x1D, 0x1B, 0x17, 0x17, 0x25, 
   0x42, 0x3B, 0x56, 0x2E, 0x26, 0x28, 0x37, 0x26, 0x2D, 0x22, 
   0x16, 0x3D, 0x60, 0x39, 0x11, 0x30, 0x5C, 0x4B, 0x9A, 0x46, 
   0x00, 0x02, 0x00, 0x43, 0x00, 0x85, 0x01, 0xE9, 0x02, 0x27, 
   0x00, 0x1C, 0x00, 0x29, 0x00, 0x00, 0x25, 0x07, 0x27, 0x06, 
   0x23, 0x22, 0x27, 0x07, 0x27, 0x37, 0x26, 0x26, 0x35, 0x34, 
   0x37, 0x27, 0x37, 0x17, 0x36, 0x33, 0x32, 0x17, 0x37, 0x17, 
   0x07, 0x16, 0x15, 0x14, 0x07, 0x27, 0x22, 0x06, 0x15, 0x14, 
   0x16, 0x33, 0x32, 0x36, 0x36, 0x35, 0x34, 0x26, 0x01, 0xE5, 
   0x3A, 0x35, 0x28, 0x3C, 0x35, 0x29, 0x33, 0x38, 0x30, 0x0F, 
   0x11, 0x20, 0x36, 0x38, 0x37, 0x2C, 0x35, 0x3A, 0x28, 0x3B, 
   0x39, 0x37, 0x1A, 0x1D, 0x9D, 0x2B, 0x3F, 0x3F, 0x2C, 0x1D, 
   0x30, 0x1D, 0x3E, 0xBE, 0x36, 0x35, 0x1E, 0x19, 0x33, 0x39, 
   0x31, 0x14, 0x37, 0x1B, 0x39, 0x2D, 0x37, 0x35, 0x37, 0x1A, 
   0x1C, 0x35, 0x3A, 0x37, 0x29, 0x34, 0x32, 0x2F, 0xC9, 0x3D, 
   0x2C, 0x2B, 0x3D, 0x1C, 0x2F, 0x1C, 0x2C, 0x3E, 0x00, 0x01, 
   0x00, 0x0B, 0x00, 0x00, 0x02, 0x21, 0x02, 0xC5, 0x00, 0x16, 
   0x00, 0x00, 0x01, 0x15, 0x23, 0x15, 0x33, 0x15, 0x23, 0x15, 
   0x23, 0x35, 0x23, 0x35, 0x33, 0x35, 0x23, 0x35, 0x33, 0x03, 
   0x33, 0x13, 0x13, 0x33, 0x03, 0x01, 0xEF, 0xAA, 0xAA, 0xAA, 
   0x58, 0xAC, 0xAC, 0xAC, 0x97, 0xCD, 0x55, 0xB9, 0xB3, 0x55, 
   0xC9, 0x01, 0x62, 0x33, 0x4D, 0x33, 0xAF, 0xAF, 0x33, 0x4D, 
   0x33, 0x01, 0x63, 0xFE, 0xBE, 0x01, 0x42, 0xFE, 0x9D, 0x00, 
   0x00, 0x02, 0x00, 0x64, 0xFF, 0x2C, 0x00, 0xA0, 0x02, 0xD9, 
   0x00, 0x03, 0x00, 0x07, 0x00, 0x00, 0x13, 0x33, 0x11, 0x23, 
   0x15, 0x33, 0x11, 0x23, 0x64, 0x3C, 0x3C, 0x3C, 0x3C, 0x02, 
   0xD9, 0xFE, 0x6F, 0x8B, 0xFE, 0x6F, 0x00, 0x02, 0x00, 0x2B, 
   0xFF, 0x2B, 0x01, 0xFA, 0x02, 0xD9, 0x00, 0x39, 0x00, 0x45, 
   0x00, 0x00, 0x17, 0x14, 0x16, 0x16, 0x33, 0x32, 0x36, 0x35, 
   0x34, 0x26, 0x27, 0x27, 0x26, 0x26, 0x35, 0x34, 0x36, 0x37, 
   0x26, 0x26, 0x35, 0x34, 0x36, 0x36, 0x33, 0x32, 0x16, 0x15, 
   0x15, 0x23, 0x35, 0x34, 0x26, 0x23, 0x22, 0x06, 0x15, 0x14, 
   0x16, 0x17, 0x17, 0x16, 0x16, 0x15, 0x14, 0x07, 0x16, 0x16, 
   0x15, 0x14, 0x06, 0x06, 0x23, 0x22, 0x2E, 0x02, 0x35, 0x37, 
   0x17, 0x36, 0x35, 0x34, 0x27, 0x27, 0x06, 0x06, 0x15, 0x14, 
   0x16, 0xA2, 0x22, 0x30, 0x14, 0x2B, 0x35, 0x1A, 0x1D, 0xAA, 
   0x31, 0x2B, 0x32, 0x37, 0x17, 0x15, 0x31, 0x54, 0x34, 0x4E, 
   0x61, 0x54, 0x35, 0x2C, 0x26, 0x33, 0x1A, 0x1F, 0x92, 0x3D, 
   0x30, 0x6D, 0x1E, 0x17, 0x31, 0x54, 0x36, 0x1B, 0x40, 0x3A, 
   0x25, 0x6F, 0xA6, 0x49, 0x49, 0xA1, 0x27, 0x20, 0x1A, 0x0E, 
   0x34, 0x34, 0x12, 0x30, 0x26, 0x1A, 0x2A, 0x14, 0x75, 0x22, 
   0x4A, 0x31, 0x32, 0x47, 0x1D, 0x1B, 0x2F, 0x1C, 0x2E, 0x4B, 
   0x2C, 0x61, 0x50, 0x1C, 0x1A, 0x2F, 0x37, 0x30, 0x25, 0x16, 
   0x22, 0x15, 0x5E, 0x27, 0x4A, 0x36, 0x73, 0x29, 0x22, 0x34, 
   0x20, 0x30, 0x4C, 0x2C, 0x0F, 0x2A, 0x4F, 0x3F, 0xF3, 0x7B, 
   0x27, 0x3F, 0x3D, 0x33, 0x6D, 0x19, 0x2E, 0x1E, 0x1E, 0x28, 
   0x00, 0x02, 0x00, 0x19, 0x02, 0x64, 0x01, 0x34, 0x02, 0xCC, 
   0x00, 0x03, 0x00, 0x07, 0x00, 0x00, 0x01, 0x15, 0x23, 0x35, 
   0x23, 0x15, 0x23, 0x35, 0x01, 0x34, 0x68, 0x4B, 0x68, 0x02, 
   0xCC, 0x68, 0x68, 0x68, 0x68, 0x00, 0x00, 0x03, 0x00, 0x27, 
   0xFF, 0xF2, 0x02, 0xF9, 0x02, 0xC4, 0x00, 0x1D, 0x00, 0x31, 
   0x00, 0x45, 0x00, 0x00, 0x13, 0x34, 0x3E, 0x02, 0x33, 0x32, 
   0x16, 0x17, 0x23, 0x26, 0x26, 0x23, 0x22, 0x06, 0x15, 0x14, 
   0x16, 0x33, 0x32, 0x36, 0x37, 0x33, 0x06, 0x06, 0x23, 0x22, 
   0x2E, 0x02, 0x13, 0x22, 0x0E, 0x02, 0x15, 0x14, 0x1E, 0x02, 
   0x33, 0x32, 0x3E, 0x02, 0x35, 0x34, 0x2E, 0x02, 0x27, 0x32, 
   0x1E, 0x02, 0x15, 0x14, 0x0E, 0x02, 0x23, 0x22, 0x2E, 0x02, 
   0x35, 0x34, 0x3E, 0x02, 0xCD, 0x13, 0x2D, 0x4E, 0x3B, 0x47, 
   0x56, 0x0D, 0x45, 0x0A, 0x32, 0x30, 0x3B, 0x43, 0x49, 0x3A, 
   0x35, 0x2D, 0x0D, 0x45, 0x0A, 0x5C, 0x4F, 0x3A, 0x4D, 0x2C, 
   0x13, 0xC8, 0x3C, 0x6D, 0x57, 0x32, 0x30, 0x54, 0x6C, 0x3D, 
   0x3F, 0x6D, 0x53, 0x2E, 0x2F, 0x53, 0x6A, 0x3B, 0x48, 0x81, 
   0x62, 0x38, 0x38, 0x64, 0x82, 0x4B, 0x4B, 0x83, 0x63, 0x38, 
   0x39, 0x64, 0x86, 0x01, 0x5B, 0x22, 0x50, 0x49, 0x2E, 0x4B, 
   0x47, 0x2C, 0x25, 0x58, 0x4F, 0x4C, 0x59, 0x34, 0x3C, 0x55, 
   0x5B, 0x2E, 0x47, 0x4E, 0x01, 0x53, 0x32, 0x55, 0x6D, 0x3B, 
   0x3A, 0x6E, 0x56, 0x33, 0x31, 0x55, 0x6C, 0x3C, 0x3C, 0x6E, 
   0x56, 0x32, 0x37, 0x39, 0x64, 0x82, 0x4A, 0x4B, 0x82, 0x64, 
   0x38, 0x38, 0x64, 0x84, 0x4C, 0x4B, 0x82, 0x62, 0x37, 0x00, 
   0x00, 0x03, 0x00, 0x25, 0x01, 0x2F, 0x01, 0x4D, 0x02, 0xE6, 
   0x00, 0x03, 0x00, 0x26, 0x00, 0x31, 0x00, 0x00, 0x01, 0x15, 
   0x21, 0x35, 0x25, 0x15, 0x06, 0x06, 0x23, 0x22, 0x26, 0x27, 
   0x06, 0x23, 0x22, 0x26, 0x35, 0x34, 0x36, 0x36, 0x37, 0x36, 
   0x36, 0x35, 0x35, 0x34, 0x23, 0x22, 0x06, 0x07, 0x23, 0x36, 
   0x33, 0x32, 0x15, 0x15, 0x14, 0x33, 0x32, 0x27, 0x0E, 0x03, 
   0x15, 0x14, 0x33, 0x32, 0x36, 0x35, 0x01, 0x40, 0xFE, 0xEB, 
   0x01, 0x22, 0x0A, 0x0D, 0x09, 0x19, 0x19, 0x05, 0x31, 0x38, 
   0x30, 0x38, 0x1B, 0x45, 0x3D, 0x1D, 0x14, 0x43, 0x22, 0x1D, 
   0x05, 0x3B, 0x03, 0x7E, 0x7A, 0x17, 0x04, 0x54, 0x15, 0x33, 
   0x2E, 0x1E, 0x39, 0x25, 0x36, 0x01, 0x62, 0x33, 0x33, 0x5F, 
   0x2C, 0x04, 0x02, 0x14, 0x17, 0x2B, 0x34, 0x2C, 0x20, 0x2B, 
   0x1A, 0x04, 0x02, 0x0F, 0x10, 0x0D, 0x2C, 0x18, 0x20, 0x6C, 
   0x5E, 0xB3, 0x17, 0x7A, 0x09, 0x06, 0x08, 0x16, 0x19, 0x2F, 
   0x28, 0x1A, 0x00, 0x02, 0x00, 0x47, 0x00, 0x6A, 0x01, 0xAC, 
   0x01, 0xB6, 0x00, 0x06, 0x00, 0x0D, 0x00, 0x00, 0x37, 0x35, 
   0x37, 0x15, 0x07, 0x17, 0x15, 0x37, 0x35, 0x37, 0x15, 0x07, 
   0x17, 0x15, 0x47, 0x98, 0x6A, 0x6A, 0x35, 0x98, 0x6A, 0x6A, 
   0xE3, 0x59, 0x7A, 0x53, 0x53, 0x53, 0x53, 0x79, 0x59, 0x7A, 
   0x53, 0x53, 0x53, 0x53, 0x00, 0x01, 0x00, 0x28, 0x00, 0x56, 
   0x02, 0x20, 0x01, 0x77, 0x00, 0x05, 0x00, 0x00, 0x13, 0x21, 
   0x11, 0x23, 0x35, 0x21, 0x28, 0x01, 0xF8, 0x46, 0xFE, 0x4E, 
   0x01, 0x77, 0xFE, 0xDF, 0xDB, 0x00, 0x00, 0x01, 0x00, 0x2E, 
   0x00, 0xF0, 0x01, 0x1F, 0x01, 0x38, 0x00, 0x03, 0x00, 0x00, 
   0x01, 0x15, 0x23, 0x35, 0x01, 0x1F, 0xF1, 0x01, 0x38, 0x48, 
   0x48, 0x00, 0x00, 0x04, 0x00, 0x27, 0xFF, 0xF2, 0x02, 0xF9, 
   0x02, 0xC4, 0x00, 0x1B, 0x00, 0x25, 0x00, 0x39, 0x00, 0x4D, 
   0x00, 0x00, 0x01, 0x16, 0x16, 0x15, 0x14, 0x06, 0x15, 0x14, 
   0x16, 0x17, 0x15, 0x23, 0x26, 0x26, 0x35, 0x35, 0x34, 0x26, 
   0x23, 0x23, 0x15, 0x23, 0x11, 0x33, 0x32, 0x16, 0x15, 0x14, 
   0x27, 0x34, 0x26, 0x26, 0x23, 0x23, 0x15, 0x33, 0x32, 0x36, 
   0x27, 0x22, 0x0E, 0x02, 0x15, 0x14, 0x1E, 0x02, 0x33, 0x32, 
   0x3E, 0x02, 0x35, 0x34, 0x2E, 0x02, 0x27, 0x32, 0x1E, 0x02, 
   0x15, 0x14, 0x0E, 0x02, 0x23, 0x22, 0x2E, 0x02, 0x35, 0x34, 
   0x3E, 0x02, 0x02, 0x00, 0x1D, 0x12, 0x01, 0x0A, 0x11, 0x4C, 
   0x05, 0x07, 0x21, 0x21, 0x85, 0x40, 0xC7, 0x3F, 0x48, 0x42, 
   0x15, 0x24, 0x17, 0x7C, 0x7C, 0x25, 0x2B, 0x61, 0x3C, 0x6D, 
   0x57, 0x32, 0x30, 0x54, 0x6C, 0x3D, 0x3F, 0x6D, 0x53, 0x2E, 
   0x2F, 0x53, 0x6A, 0x3B, 0x48, 0x81, 0x62, 0x38, 0x38, 0x64, 
   0x82, 0x4B, 0x4B, 0x83, 0x63, 0x38, 0x39, 0x64, 0x86, 0x01, 
   0x5C, 0x0E, 0x3A, 0x1D, 0x08, 0x0F, 0x08, 0x14, 0x22, 0x0B, 
   0x10, 0x0E, 0x26, 0x13, 0x25, 0x23, 0x26, 0xB5, 0x01, 0xAF, 
   0x3E, 0x38, 0x4B, 0x43, 0x1F, 0x1D, 0x08, 0x87, 0x1D, 0xFB, 
   0x32, 0x55, 0x6D, 0x3B, 0x3A, 0x6E, 0x56, 0x33, 0x31, 0x55, 
   0x6C, 0x3C, 0x3C, 0x6E, 0x56, 0x32, 0x37, 0x39, 0x64, 0x82, 
   0x4A, 0x4B, 0x82, 0x64, 0x38, 0x38, 0x64, 0x84, 0x4C, 0x4B, 
   0x82, 0x62, 0x37, 0x00, 0x00, 0x01, 0x00, 0x1C, 0x02, 0x77, 
   0x01, 0x2E, 0x02, 0xBD, 0x00, 0x03, 0x00, 0x00, 0x01, 0x15, 
   0x21, 0x35, 0x01, 0x2E, 0xFE, 0xEE, 0x02, 0xBD, 0x46, 0x46, 
   0x00, 0x02, 0x00, 0x97, 0x01, 0x7F, 0x01, 0xC6, 0x02, 0xAE, 
   0x00, 0x0F, 0x00, 0x1B, 0x00, 0x00, 0x01, 0x32, 0x16, 0x16, 
   0x15, 0x14, 0x06, 0x06, 0x23, 0x22, 0x26, 0x26, 0x35, 0x34, 
   0x36, 0x36, 0x17, 0x22, 0x06, 0x15, 0x14, 0x16, 0x33, 0x32, 
   0x36, 0x35, 0x34, 0x26, 0x01, 0x2F, 0x2A, 0x44, 0x29, 0x29, 
   0x45, 0x2B, 0x29, 0x44, 0x29, 0x29, 0x45, 0x2A, 0x27, 0x38, 
   0x38, 0x25, 0x29, 0x37, 0x37, 0x02, 0xAE, 0x29, 0x44, 0x2A, 
   0x2A, 0x45, 0x29, 0x29, 0x46, 0x29, 0x2A, 0x44, 0x29, 0x39, 
   0x38, 0x26, 0x27, 0x38, 0x37, 0x28, 0x27, 0x37, 0x00, 0x02, 
   0x00, 0x32, 0xFF, 0xF5, 0x02, 0x16, 0x02, 0x6F, 0x00, 0x03, 
   0x00, 0x0F, 0x00, 0x00, 0x25, 0x15, 0x21, 0x35, 0x01, 0x15, 
   0x23, 0x15, 0x23, 0x35, 0x23, 0x35, 0x33, 0x35, 0x33, 0x15, 
   0x02, 0x16, 0xFE, 0x1C, 0x01, 0xE4, 0xCF, 0x46, 0xCF, 0xCF, 
   0x46, 0x3B, 0x46, 0x46, 0x01, 0x65, 0x46, 0xCF, 0xCF, 0x46, 
   0xCF, 0xCF, 0x00, 0x01, 0x00, 0x13, 0x01, 0x86, 0x01, 0x46, 
   0x03, 0x2F, 0x00, 0x1C, 0x00, 0x00, 0x13, 0x22, 0x06, 0x06, 
   0x07, 0x23, 0x36, 0x33, 0x32, 0x16, 0x15, 0x14, 0x07, 0x07, 
   0x06, 0x06, 0x07, 0x33, 0x15, 0x21, 0x3E, 0x02, 0x37, 0x37, 
   0x36, 0x35, 0x34, 0x26, 0xB2, 0x25, 0x24, 0x0C, 0x02, 0x3E, 
   0x04, 0x93, 0x41, 0x51, 0x60, 0x3F, 0x20, 0x20, 0x09, 0xE5, 
   0xFE, 0xD0, 0x03, 0x17, 0x35, 0x30, 0x3A, 0x3B, 0x31, 0x02, 
   0xFA, 0x20, 0x2D, 0x16, 0x98, 0x46, 0x38, 0x52, 0x2F, 0x20, 
   0x11, 0x22, 0x1D, 0x3A, 0x31, 0x40, 0x31, 0x19, 0x1F, 0x20, 
   0x2F, 0x20, 0x2B, 0x00, 0x00, 0x01, 0x00, 0x10, 0x01, 0x7A, 
   0x01, 0x42, 0x03, 0x31, 0x00, 0x26, 0x00, 0x00, 0x13, 0x22, 
   0x06, 0x15, 0x23, 0x36, 0x33, 0x32, 0x16, 0x15, 0x14, 0x07, 
   0x16, 0x15, 0x14, 0x06, 0x23, 0x22, 0x26, 0x35, 0x33, 0x16, 
   0x16, 0x33, 0x32, 0x36, 0x35, 0x34, 0x26, 0x27, 0x26, 0x22, 
   0x23, 0x35, 0x32, 0x36, 0x35, 0x34, 0x26, 0xA9, 0x31, 0x20, 
   0x3F, 0x03, 0x8D, 0x41, 0x4A, 0x39, 0x47, 0x54, 0x47, 0x48, 
   0x4F, 0x3E, 0x02, 0x2C, 0x2D, 0x2A, 0x30, 0x20, 0x1A, 0x0B, 
   0x1D, 0x1A, 0x41, 0x2D, 0x29, 0x02, 0xFC, 0x31, 0x28, 0x8E, 
   0x40, 0x38, 0x3B, 0x1A, 0x18, 0x4C, 0x3D, 0x49, 0x4B, 0x43, 
   0x2E, 0x2B, 0x2B, 0x26, 0x1B, 0x27, 0x04, 0x02, 0x33, 0x1A, 
   0x23, 0x20, 0x24, 0x00, 0x00, 0x01, 0x00, 0x5C, 0x02, 0x50, 
   0x01, 0x2D, 0x02, 0xE4, 0x00, 0x03, 0x00, 0x00, 0x13, 0x33, 
   0x07, 0x23, 0xBC, 0x71, 0x95, 0x3C, 0x02, 0xE4, 0x94, 0x00, 
   0x00, 0x01, 0x00, 0x41, 0xFF, 0x24, 0x02, 0x20, 0x02, 0x0C, 
   0x00, 0x1C, 0x00, 0x00, 0x25, 0x15, 0x06, 0x06, 0x23, 0x22, 
   0x27, 0x06, 0x23, 0x22, 0x27, 0x15, 0x23, 0x11, 0x33, 0x11, 
   0x14, 0x16, 0x33, 0x32, 0x36, 0x35, 0x11, 0x33, 0x11, 0x14, 
   0x33, 0x32, 0x36, 0x02, 0x20, 0x13, 0x18, 0x0E, 0x53, 0x03, 
   0x3B, 0x68, 0x36, 0x24, 0x53, 0x53, 0x3A, 0x31, 0x41, 0x4E, 
   0x53, 0x2D, 0x03, 0x08, 0x31, 0x3F, 0x05, 0x04, 0x53, 0x53, 
   0x1A, 0xDF, 0x02, 0xE8, 0xFE, 0x8D, 0x2F, 0x38, 0x61, 0x50, 
   0x01, 0x29, 0xFE, 0x4C, 0x29, 0x01, 0x00, 0x01, 0x00, 0x30, 
   0xFF, 0x4F, 0x02, 0x0A, 0x02, 0xD9, 0x00, 0x11, 0x00, 0x00, 
   0x13, 0x2E, 0x02, 0x35, 0x34, 0x36, 0x36, 0x33, 0x33, 0x15, 
   0x23, 0x11, 0x23, 0x11, 0x23, 0x11, 0x23, 0xFF, 0x43, 0x5D, 
   0x2F, 0x3C, 0x65, 0x3F, 0xFA, 0x39, 0x40, 0x52, 0x40, 0x01, 
   0x03, 0x04, 0x40, 0x67, 0x3B, 0x44, 0x6C, 0x40, 0x40, 0xFC, 
   0xB6, 0x03, 0x4A, 0xFC, 0xB6, 0x00, 0x00, 0x01, 0x00, 0x57, 
   0x00, 0xE3, 0x00, 0xBF, 0x01, 0x4B, 0x00, 0x03, 0x00, 0x00, 
   0x13, 0x15, 0x23, 0x35, 0xBF, 0x68, 0x01, 0x4B, 0x68, 0x68, 
   0x00, 0x01, 0x00, 0x27, 0xFF, 0x2A, 0x01, 0x1F, 0x00, 0x00, 
   0x00, 0x1B, 0x00, 0x00, 0x17, 0x16, 0x16, 0x33, 0x32, 0x36, 
   0x35, 0x34, 0x23, 0x22, 0x07, 0x27, 0x37, 0x33, 0x07, 0x36, 
   0x32, 0x33, 0x32, 0x16, 0x15, 0x14, 0x06, 0x23, 0x22, 0x26, 
   0x26, 0x27, 0x3C, 0x1D, 0x29, 0x1C, 0x17, 0x1F, 0x2E, 0x0F, 
   0x10, 0x0C, 0x2A, 0x26, 0x17, 0x0A, 0x0C, 0x06, 0x26, 0x29, 
   0x42, 0x39, 0x13, 0x22, 0x29, 0x1F, 0x8C, 0x0D, 0x14, 0x1A, 
   0x13, 0x25, 0x08, 0x07, 0x5C, 0x38, 0x02, 0x23, 0x20, 0x2B, 
   0x32, 0x06, 0x0F, 0x0D, 0x00, 0x01, 0x00, 0x45, 0x01, 0x86, 
   0x00, 0xE6, 0x03, 0x2F, 0x00, 0x0A, 0x00, 0x00, 0x13, 0x23, 
   0x35, 0x37, 0x3E, 0x02, 0x37, 0x33, 0x11, 0x23, 0xA8, 0x63, 
   0x0F, 0x24, 0x26, 0x15, 0x08, 0x2B, 0x3E, 0x02, 0xAE, 0x2E, 
   0x01, 0x04, 0x0D, 0x21, 0x20, 0xFE, 0x57, 0x00, 0x00, 0x03, 
   0x00, 0x28, 0x01, 0x2F, 0x01, 0x44, 0x02, 0xE6, 0x00, 0x03, 
   0x00, 0x0F, 0x00, 0x1B, 0x00, 0x00, 0x01, 0x15, 0x21, 0x35, 
   0x13, 0x32, 0x16, 0x15, 0x14, 0x06, 0x23, 0x22, 0x26, 0x35, 
   0x34, 0x36, 0x17, 0x22, 0x06, 0x15, 0x14, 0x16, 0x33, 0x32, 
   0x36, 0x35, 0x34, 0x26, 0x01, 0x3A, 0xFE, 0xF9, 0x83, 0x44, 
   0x4A, 0x4B, 0x43, 0x43, 0x4B, 0x4B, 0x43, 0x27, 0x2D, 0x2D, 
   0x27, 0x27, 0x2D, 0x2C, 0x01, 0x62, 0x33, 0x33, 0x01, 0x84, 
   0x5A, 0x54, 0x4F, 0x5A, 0x5A, 0x52, 0x51, 0x5A, 0x34, 0x3F, 
   0x38, 0x38, 0x40, 0x3F, 0x37, 0x39, 0x40, 0x00, 0x00, 0x02, 
   0x00, 0x48, 0x00, 0x6A, 0x01, 0xAD, 0x01, 0xB6, 0x00, 0x06, 
   0x00, 0x0D, 0x00, 0x00, 0x01, 0x15, 0x07, 0x35, 0x37, 0x27, 
   0x35, 0x07, 0x15, 0x07, 0x35, 0x37, 0x27, 0x35, 0x01, 0xAD, 
   0x98, 0x6A, 0x6A, 0x35, 0x98, 0x6A, 0x6A, 0x01, 0x3D, 0x59, 
   0x7A, 0x53, 0x53, 0x53, 0x53, 0x79, 0x59, 0x7A, 0x53, 0x53, 
   0x53, 0x53, 0x00, 0x04, 0x00, 0x3D, 0xFF, 0xEC, 0x03, 0x51, 
   0x02, 0xD6, 0x00, 0x0A, 0x00, 0x0E, 0x00, 0x19, 0x00, 0x1C, 
   0x00, 0x00, 0x13, 0x23, 0x35, 0x37, 0x3E, 0x02, 0x37, 0x33, 
   0x11, 0x23, 0x01, 0x33, 0x01, 0x23, 0x25, 0x23, 0x35, 0x13, 
   0x33, 0x11, 0x33, 0x15, 0x23, 0x15, 0x23, 0x35, 0x35, 0x07, 
   0xA0, 0x63, 0x0F, 0x24, 0x26, 0x15, 0x08, 0x2B, 0x3E, 0x01, 
   0xE3, 0x3A, 0xFE, 0x3C, 0x3A, 0x02, 0x11, 0xBC, 0xCC, 0x2E, 
   0x43, 0x43, 0x3E, 0x81, 0x02, 0x55, 0x2E, 0x01, 0x04, 0x0D, 
   0x21, 0x20, 0xFE, 0x57, 0x01, 0x98, 0xFD, 0x27, 0x78, 0x3B, 
   0x01, 0x0A, 0xFE, 0xF0, 0x35, 0x64, 0x99, 0xAA, 0xAA, 0x00, 
   0x00, 0x03, 0x00, 0x3D, 0xFF, 0xEC, 0x03, 0x4C, 0x02, 0xD9, 
   0x00, 0x0A, 0x00, 0x0E, 0x00, 0x2B, 0x00, 0x00, 0x13, 0x23, 
   0x35, 0x37, 0x3E, 0x02, 0x37, 0x33, 0x11, 0x23, 0x01, 0x33, 
   0x01, 0x23, 0x01, 0x22, 0x06, 0x06, 0x07, 0x23, 0x36, 0x33, 
   0x32, 0x16, 0x15, 0x14, 0x07, 0x07, 0x06, 0x06, 0x07, 0x33, 
   0x15, 0x21, 0x3E, 0x02, 0x37, 0x37, 0x36, 0x35, 0x34, 0x26, 
   0xA0, 0x63, 0x0F, 0x24, 0x26, 0x15, 0x08, 0x2B, 0x3E, 0x01, 
   0xCB, 0x3A, 0xFE, 0x3C, 0x3A, 0x02, 0x11, 0x25, 0x24, 0x0C, 
   0x02, 0x3E, 0x04, 0x93, 0x41, 0x51, 0x60, 0x3F, 0x20, 0x20, 
   0x09, 0xE5, 0xFE, 0xD0, 0x03, 0x17, 0x35, 0x30, 0x3A, 0x3B, 
   0x31, 0x02, 0x58, 0x2E, 0x01, 0x04, 0x0D, 0x21, 0x20, 0xFE, 
   0x57, 0x01, 0x95, 0xFD, 0x27, 0x01, 0x88, 0x20, 0x2D, 0x16, 
   0x98, 0x46, 0x38, 0x52, 0x2F, 0x20, 0x11, 0x22, 0x1D, 0x3A, 
   0x31, 0x40, 0x31, 0x19, 0x1F, 0x20, 0x2F, 0x20, 0x2B, 0x00, 
   0x00, 0x04, 0x00, 0x1A, 0xFF, 0xEC, 0x03, 0x44, 0x02, 0xDE, 
   0x00, 0x26, 0x00, 0x2A, 0x00, 0x35, 0x00, 0x38, 0x00, 0x00, 
   0x13, 0x22, 0x06, 0x15, 0x23, 0x36, 0x33, 0x32, 0x16, 0x15, 
   0x14, 0x07, 0x16, 0x15, 0x14, 0x06, 0x23, 0x22, 0x26, 0x35, 
   0x33, 0x16, 0x16, 0x33, 0x32, 0x36, 0x35, 0x34, 0x26, 0x27, 
   0x26, 0x22, 0x23, 0x35, 0x32, 0x36, 0x35, 0x34, 0x26, 0x25, 
   0x33, 0x01, 0x23, 0x25, 0x23, 0x35, 0x13, 0x33, 0x11, 0x33, 
   0x15, 0x23, 0x15, 0x23, 0x35, 0x35, 0x07, 0xB3, 0x31, 0x20, 
   0x3F, 0x03, 0x8D, 0x41, 0x4A, 0x39, 0x47, 0x54, 0x47, 0x48, 
   0x4F, 0x3E, 0x02, 0x2C, 0x2D, 0x2A, 0x30, 0x20, 0x1A, 0x0B, 
   0x1D, 0x1A, 0x41, 0x2D, 0x29, 0x01, 0xAA, 0x3A, 0xFE, 0x3C, 
   0x3A, 0x02, 0x07, 0xBC, 0xCC, 0x2E, 0x43, 0x43, 0x3E, 0x81, 
   0x02, 0xA9, 0x31, 0x28, 0x8E, 0x40, 0x38, 0x3B, 0x1A, 0x18, 
   0x4C, 0x3D, 0x49, 0x4B, 0x43, 0x2E, 0x2B, 0x2B, 0x26, 0x1B, 
   0x27, 0x04, 0x02, 0x33, 0x1A, 0x23, 0x20, 0x24, 0x1C, 0xFD, 
   0x27, 0x78, 0x3B, 0x01, 0x0A, 0xFE, 0xF0, 0x35, 0x64, 0x99, 
   0xAA, 0xAA, 0x00, 0x02, 0x00, 0x60, 0xFF, 0x27, 0x02, 0x10, 
   0x02, 0x0C, 0x00, 0x1C, 0x00, 0x20, 0x00, 0x00, 0x17, 0x34, 
   0x3E, 0x03, 0x35, 0x35, 0x33, 0x15, 0x14, 0x0E, 0x03, 0x15, 
   0x14, 0x16, 0x33, 0x32, 0x36, 0x36, 0x35, 0x33, 0x14, 0x06, 
   0x23, 0x22, 0x26, 0x13, 0x35, 0x33, 0x15, 0x60, 0x24, 0x36, 
   0x35, 0x24, 0x5A, 0x24, 0x35, 0x36, 0x24, 0x46, 0x3A, 0x34, 
   0x38, 0x15, 0x55, 0x6F, 0x6C, 0x61, 0x74, 0xB3, 0x5A, 0x19, 
   0x31, 0x45, 0x33, 0x2E, 0x34, 0x24, 0x2F, 0x37, 0x29, 0x3C, 
   0x32, 0x31, 0x39, 0x26, 0x33, 0x3F, 0x29, 0x47, 0x2C, 0x73, 
   0x77, 0x68, 0x02, 0x15, 0x68, 0x68, 0x00, 0x03, 0x00, 0x0F, 
   0x00, 0x00, 0x02, 0x8B, 0x03, 0x84, 0x00, 0x03, 0x00, 0x0B, 
   0x00, 0x0E, 0x00, 0x00, 0x01, 0x17, 0x23, 0x27, 0x01, 0x21, 
   0x07, 0x23, 0x01, 0x33, 0x01, 0x23, 0x0B, 0x02, 0x01, 0x3B, 
   0x6A, 0x41, 0xA4, 0x01, 0x18, 0xFE, 0xE7, 0x4D, 0x63, 0x01, 
   0x04, 0x78, 0x01, 0x00, 0x68, 0x65, 0x70, 0x78, 0x03, 0x84, 
   0x7E, 0x7E, 0xFD, 0x57, 0xDB, 0x02, 0xD9, 0xFD, 0x27, 0x01, 
   0x29, 0x01, 0x4C, 0xFE, 0xB4, 0x00, 0x00, 0x03, 0x00, 0x0F, 
   0x00, 0x00, 0x02, 0x8B, 0x03, 0x84, 0x00, 0x03, 0x00, 0x0B, 
   0x00, 0x0E, 0x00, 0x00, 0x01, 0x33, 0x07, 0x23, 0x13, 0x21, 
   0x07, 0x23, 0x01, 0x33, 0x01, 0x23, 0x0B, 0x02, 0x01, 0x77, 
   0x7B, 0xA4, 0x41, 0xCB, 0xFE, 0xE7, 0x4D, 0x63, 0x01, 0x04, 
   0x78, 0x01, 0x00, 0x68, 0x65, 0x70, 0x78, 0x03, 0x84, 0x7D, 
   0xFD, 0xD4, 0xDB, 0x02, 0xD9, 0xFD, 0x27, 0x01, 0x29, 0x01, 
   0x4C, 0xFE, 0xB4, 0x00, 0x00, 0x03, 0x00, 0x0F, 0x00, 0x00, 
   0x02, 0x8B, 0x03, 0x84, 0x00, 0x06, 0x00, 0x0E, 0x00, 0x11, 
   0x00, 0x00, 0x01, 0x33, 0x17, 0x23, 0x27, 0x07, 0x23, 0x01, 
   0x21, 0x07, 0x23, 0x01, 0x33, 0x01, 0x23, 0x0B, 0x02, 0x01, 
   0x1E, 0x5F, 0x60, 0x3F, 0x51, 0x4F, 0x40, 0x01, 0x1A, 0xFE, 
   0xE7, 0x4D, 0x63, 0x01, 0x04, 0x78, 0x01, 0x00, 0x68, 0x65, 
   0x70, 0x78, 0x03, 0x84, 0x7D, 0x3D, 0x3D, 0xFD, 0xD4, 0xDB, 
   0x02, 0xD9, 0xFD, 0x27, 0x01, 0x29, 0x01, 0x4C, 0xFE, 0xB4, 
   0x00, 0x03, 0x00, 0x0F, 0x00, 0x00, 0x02, 0x8B, 0x03, 0x77, 
   0x00, 0x12, 0x00, 0x1A, 0x00, 0x1D, 0x00, 0x00, 0x01, 0x32, 
   0x16, 0x16, 0x33, 0x32, 0x37, 0x33, 0x06, 0x23, 0x22, 0x26, 
   0x26, 0x23, 0x22, 0x07, 0x23, 0x36, 0x36, 0x13, 0x21, 0x07, 
   0x23, 0x01, 0x33, 0x01, 0x23, 0x0B, 0x02, 0x01, 0x0A, 0x19, 
   0x2D, 0x2B, 0x14, 0x19, 0x0C, 0x3A, 0x0F, 0x4A, 0x12, 0x34, 
   0x31, 0x0F, 0x17, 0x0A, 0x3A, 0x08, 0x2D, 0xEF, 0xFE, 0xE7, 
   0x4D, 0x63, 0x01, 0x04, 0x78, 0x01, 0x00, 0x68, 0x65, 0x70, 
   0x78, 0x03, 0x77, 0x12, 0x13, 0x25, 0x68, 0x13, 0x13, 0x25, 
   0x32, 0x35, 0xFD, 0x64, 0xDB, 0x02, 0xD9, 0xFD, 0x27, 0x01, 
   0x29, 0x01, 0x4C, 0xFE, 0xB4, 0x00, 0x00, 0x04, 0x00, 0x0F, 
   0x00, 0x01, 0x02, 0x8B, 0x03, 0x71, 0x00, 0x03, 0x00, 0x07, 
   0x00, 0x0F, 0x00, 0x12, 0x00, 0x00, 0x01, 0x15, 0x23, 0x35, 
   0x23, 0x15, 0x23, 0x35, 0x01, 0x21, 0x07, 0x23, 0x01, 0x33, 
   0x01, 0x23, 0x0B, 0x02, 0x01, 0xE2, 0x68, 0x4B, 0x68, 0x01, 
   0x11, 0xFE, 0xE7, 0x4D, 0x63, 0x01, 0x04, 0x78, 0x01, 0x00, 
   0x68, 0x65, 0x70, 0x78, 0x03, 0x71, 0x68, 0x68, 0x68, 0x68, 
   0xFD, 0x6B, 0xDB, 0x02, 0xD9, 0xFD, 0x27, 0x01, 0x29, 0x01, 
   0x4C, 0xFE, 0xB4, 0x00, 0x00, 0x04, 0x00, 0x0F, 0x00, 0x00, 
   0x02, 0x8B, 0x03, 0xC6, 0x00, 0x0D, 0x00, 0x19, 0x00, 0x21, 
   0x00, 0x24, 0x00, 0x00, 0x01, 0x32, 0x16, 0x15, 0x14, 0x06, 
   0x23, 0x22, 0x26, 0x26, 0x35, 0x34, 0x36, 0x36, 0x17, 0x22, 
   0x06, 0x15, 0x14, 0x16, 0x33, 0x32, 0x36, 0x35, 0x34, 0x26, 
   0x13, 0x21, 0x07, 0x23, 0x01, 0x33, 0x01, 0x23, 0x0B, 0x02, 
   0x01, 0x4F, 0x2C, 0x3E, 0x3E, 0x2C, 0x1D, 0x30, 0x1D, 0x1D, 
   0x30, 0x1D, 0x12, 0x1A, 0x1A, 0x12, 0x12, 0x1A, 0x19, 0x76, 
   0xFE, 0xE7, 0x4D, 0x63, 0x01, 0x04, 0x78, 0x01, 0x00, 0x68, 
   0x65, 0x70, 0x78, 0x03, 0xC6, 0x3E, 0x2C, 0x2B, 0x3D, 0x1D, 
   0x30, 0x1C, 0x1D, 0x2F, 0x1D, 0x3E, 0x1A, 0x11, 0x12, 0x1A, 
   0x1A, 0x11, 0x13, 0x19, 0xFD, 0x53, 0xDB, 0x02, 0xD9, 0xFD, 
   0x27, 0x01, 0x29, 0x01, 0x4C, 0xFE, 0xB4, 0x00, 0x00, 0x02, 
   0x00, 0x0F, 0x00, 0x00, 0x03, 0xBA, 0x02, 0xD9, 0x00, 0x0F, 
   0x00, 0x13, 0x00, 0x00, 0x25, 0x21, 0x07, 0x23, 0x01, 0x21, 
   0x15, 0x21, 0x15, 0x21, 0x15, 0x21, 0x15, 0x21, 0x15, 0x21, 
   0x11, 0x11, 0x23, 0x03, 0x01, 0xD8, 0xFE, 0xF3, 0x55, 0x67, 
   0x01, 0x2B, 0x02, 0x6E, 0xFE, 0x8D, 0x01, 0x60, 0xFE, 0xA0, 
   0x01, 0x85, 0xFE, 0x1E, 0x64, 0x8A, 0xD6, 0xD6, 0x02, 0xD9, 
   0x52, 0xE9, 0x52, 0xFA, 0x52, 0x01, 0x28, 0x01, 0x5F, 0xFE, 
   0xA1, 0x00, 0x00, 0x01, 0x00, 0x28, 0xFF, 0x2A, 0x02, 0x9D, 
   0x02, 0xE5, 0x00, 0x3A, 0x00, 0x00, 0x25, 0x32, 0x36, 0x37, 
   0x33, 0x02, 0x21, 0x07, 0x36, 0x32, 0x33, 0x32, 0x16, 0x15, 
   0x14, 0x06, 0x23, 0x22, 0x26, 0x27, 0x37, 0x16, 0x16, 0x33, 
   0x32, 0x36, 0x35, 0x34, 0x23, 0x22, 0x07, 0x27, 0x37, 0x2E, 
   0x02, 0x27, 0x26, 0x26, 0x35, 0x34, 0x3E, 0x03, 0x33, 0x32, 
   0x17, 0x23, 0x26, 0x26, 0x23, 0x22, 0x06, 0x06, 0x15, 0x14, 
   0x16, 0x16, 0x01, 0x72, 0x5C, 0x5E, 0x11, 0x60, 0x21, 0xFE, 
   0xF7, 0x0D, 0x0A, 0x0C, 0x06, 0x26, 0x29, 0x42, 0x39, 0x1C, 
   0x33, 0x2E, 0x15, 0x18, 0x2D, 0x1D, 0x17, 0x1F, 0x2E, 0x0F, 
   0x10, 0x0B, 0x1F, 0x26, 0x32, 0x27, 0x16, 0x44, 0x4C, 0x13, 
   0x2C, 0x4C, 0x72, 0x50, 0xEE, 0x2B, 0x5F, 0x0F, 0x5A, 0x5B, 
   0x47, 0x67, 0x38, 0x3A, 0x6B, 0x3A, 0x66, 0x6A, 0xFE, 0xDF, 
   0x21, 0x02, 0x23, 0x20, 0x2B, 0x32, 0x0E, 0x14, 0x28, 0x0A, 
   0x17, 0x1A, 0x13, 0x25, 0x08, 0x07, 0x45, 0x06, 0x0C, 0x13, 
   0x0F, 0x31, 0xAC, 0x6A, 0x2E, 0x68, 0x66, 0x53, 0x32, 0xEE, 
   0x4A, 0x52, 0x49, 0x87, 0x5E, 0x5B, 0x87, 0x49, 0x00, 0x02, 
   0x00, 0x50, 0x00, 0x00, 0x02, 0x5B, 0x03, 0x84, 0x00, 0x03, 
   0x00, 0x0F, 0x00, 0x00, 0x01, 0x17, 0x23, 0x27, 0x03, 0x15, 
   0x21, 0x15, 0x21, 0x11, 0x21, 0x15, 0x21, 0x15, 0x21, 0x15, 
   0x01, 0x45, 0x6A, 0x41, 0xA4, 0x1D, 0x01, 0xAE, 0xFD, 0xF5, 
   0x01, 0xF9, 0xFE, 0x64, 0x01, 0x8D, 0x03, 0x84, 0x7E, 0x7E, 
   0xFD, 0xC8, 0xFA, 0x52, 0x02, 0xD9, 0x52, 0xE9, 0x52, 0x00, 
   0x00, 0x02, 0x00, 0x50, 0x00, 0x00, 0x02, 0x5B, 0x03, 0x84, 
   0x00, 0x03, 0x00, 0x0F, 0x00, 0x00, 0x01, 0x33, 0x07, 0x23, 
   0x03, 0x15, 0x21, 0x15, 0x21, 0x11, 0x21, 0x15, 0x21, 0x15, 
   0x21, 0x15, 0x01, 0x59, 0x7B, 0xA4, 0x41, 0x42, 0x01, 0xAE, 
   0xFD, 0xF5, 0x01, 0xF9, 0xFE, 0x64, 0x01, 0x8D, 0x03, 0x84, 
   0x7D, 0xFE, 0x45, 0xFA, 0x52, 0x02, 0xD9, 0x52, 0xE9, 0x52, 
   0x00, 0x02, 0x00, 0x50, 0x00, 0x00, 0x02, 0x5B, 0x03, 0x84, 
   0x00, 0x06, 0x00, 0x12, 0x00, 0x00, 0x01, 0x33, 0x17, 0x23, 
   0x27, 0x07, 0x23, 0x03, 0x15, 0x21, 0x15, 0x21, 0x11, 0x21, 
   0x15, 0x21, 0x15, 0x21, 0x15, 0x01, 0x1E, 0x5F, 0x60, 0x3F, 
   0x51, 0x4F, 0x40, 0x11, 0x01, 0xAE, 0xFD, 0xF5, 0x01, 0xF9, 
   0xFE, 0x64, 0x01, 0x8D, 0x03, 0x84, 0x7D, 0x3D, 0x3D, 0xFE, 
   0x45, 0xFA, 0x52, 0x02, 0xD9, 0x52, 0xE9, 0x52, 0x00, 0x03, 
   0x00, 0x50, 0x00, 0x00, 0x02, 0x5B, 0x03, 0x74, 0x00, 0x03, 
   0x00, 0x07, 0x00, 0x13, 0x00, 0x00, 0x01, 0x15, 0x23, 0x35, 
   0x23, 0x15, 0x23, 0x35, 0x03, 0x15, 0x21, 0x15, 0x21, 0x11, 
   0x21, 0x15, 0x21, 0x15, 0x21, 0x15, 0x01, 0xDE, 0x68, 0x4B, 
   0x68, 0x16, 0x01, 0xAE, 0xFD, 0xF5, 0x01, 0xF9, 0xFE, 0x64, 
   0x01, 0x8D, 0x03, 0x74, 0x68, 0x68, 0x68, 0x68, 0xFD, 0xD8, 
   0xFA, 0x52, 0x02, 0xD9, 0x52, 0xE9, 0x52, 0x00, 0x00, 0x02, 
   0x00, 0x00, 0x00, 0x00, 0x00, 0xE5, 0x03, 0x84, 0x00, 0x03, 
   0x00, 0x07, 0x00, 0x00, 0x13, 0x17, 0x23, 0x27, 0x17, 0x11, 
   0x23, 0x11, 0x7B, 0x6A, 0x41, 0xA4, 0xC2, 0x5E, 0x03, 0x84, 
   0x7E, 0x7E, 0xAB, 0xFD, 0x27, 0x02, 0xD9, 0x00, 0x00, 0x02, 
   0x00, 0x31, 0x00, 0x00, 0x01, 0x16, 0x03, 0x84, 0x00, 0x03, 
   0x00, 0x07, 0x00, 0x00, 0x13, 0x33, 0x07, 0x23, 0x17, 0x11, 
   0x23, 0x11, 0x9B, 0x7B, 0xA4, 0x41, 0x91, 0x5E, 0x03, 0x84, 
   0x7D, 0x2E, 0xFD, 0x27, 0x02, 0xD9, 0x00, 0x02, 0x00, 0x0A, 
   0x00, 0x00, 0x01, 0x29, 0x03, 0x84, 0x00, 0x06, 0x00, 0x0A, 
   0x00, 0x00, 0x13, 0x33, 0x17, 0x23, 0x27, 0x07, 0x23, 0x17, 
   0x11, 0x23, 0x11, 0x6A, 0x5F, 0x60, 0x3F, 0x51, 0x4F, 0x40, 
   0xBD, 0x5E, 0x03, 0x84, 0x7D, 0x3D, 0x3D, 0x2E, 0xFD, 0x27, 
   0x02, 0xD9, 0x00, 0x03, 0x00, 0x08, 0x00, 0x00, 0x01, 0x23, 
   0x03, 0x72, 0x00, 0x03, 0x00, 0x07, 0x00, 0x0B, 0x00, 0x00, 
   0x13, 0x11, 0x23, 0x11, 0x37, 0x15, 0x23, 0x35, 0x23, 0x15, 
   0x23, 0x35, 0xC2, 0x5E, 0xBF, 0x68, 0x4B, 0x68, 0x02, 0xD9, 
   0xFD, 0x27, 0x02, 0xD9, 0x99, 0x68, 0x68, 0x68, 0x68, 0x00, 
   0x00, 0x02, 0x00, 0x14, 0x00, 0x00, 0x02, 0x9B, 0x02, 0xD9, 
   0x00, 0x0E, 0x00, 0x1B, 0x00, 0x00, 0x13, 0x23, 0x35, 0x33, 
   0x11, 0x21, 0x32, 0x16, 0x16, 0x15, 0x14, 0x06, 0x06, 0x23, 
   0x21, 0x13, 0x11, 0x33, 0x32, 0x36, 0x35, 0x34, 0x26, 0x23, 
   0x23, 0x15, 0x33, 0x15, 0x59, 0x45, 0x45, 0x01, 0x1A, 0x5C, 
   0x85, 0x47, 0x47, 0x85, 0x5C, 0xFE, 0xE6, 0x5D, 0xAD, 0x6B, 
   0x70, 0x70, 0x6B, 0xAD, 0xAB, 0x01, 0x53, 0x43, 0x01, 0x43, 
   0x58, 0xA3, 0x71, 0x72, 0xA3, 0x58, 0x01, 0x53, 0xFE, 0xFF, 
   0x90, 0x8B, 0x8B, 0x8F, 0xF1, 0x43, 0x00, 0x02, 0x00, 0x50, 
   0x00, 0x00, 0x02, 0x8A, 0x03, 0x66, 0x00, 0x12, 0x00, 0x1C, 
   0x00, 0x00, 0x01, 0x32, 0x16, 0x16, 0x33, 0x32, 0x37, 0x33, 
   0x06, 0x23, 0x22, 0x26, 0x26, 0x23, 0x22, 0x07, 0x23, 0x36, 
   0x36, 0x05, 0x11, 0x23, 0x01, 0x11, 0x23, 0x11, 0x33, 0x01, 
   0x11, 0x01, 0x22, 0x19, 0x2D, 0x2B, 0x14, 0x19, 0x0C, 0x3A, 
   0x0F, 0x4A, 0x12, 0x34, 0x31, 0x0F, 0x17, 0x0A, 0x3A, 0x08, 
   0x2D, 0x01, 0x89, 0x69, 0xFE, 0x87, 0x58, 0x65, 0x01, 0x7D, 
   0x03, 0x66, 0x12, 0x13, 0x25, 0x68, 0x13, 0x13, 0x25, 0x32, 
   0x35, 0x8D, 0xFD, 0x27, 0x02, 0x4F, 0xFD, 0xB1, 0x02, 0xD9, 
   0xFD, 0xAC, 0x02, 0x54, 0x00, 0x03, 0x00, 0x28, 0xFF, 0xE9, 
   0x02, 0xE8, 0x03, 0x84, 0x00, 0x03, 0x00, 0x14, 0x00, 0x24, 
   0x00, 0x00, 0x01, 0x17, 0x23, 0x27, 0x01, 0x14, 0x0E, 0x02, 
   0x23, 0x22, 0x26, 0x26, 0x35, 0x34, 0x36, 0x36, 0x33, 0x32, 
   0x16, 0x16, 0x25, 0x22, 0x06, 0x06, 0x15, 0x14, 0x16, 0x16, 
   0x33, 0x32, 0x36, 0x36, 0x35, 0x34, 0x26, 0x26, 0x01, 0x6D, 
   0x6A, 0x41, 0xA4, 0x01, 0xF6, 0x30, 0x5C, 0x82, 0x52, 0x69, 
   0x9F, 0x58, 0x58, 0x9F, 0x68, 0x6B, 0x9F, 0x57, 0xFE, 0x9F, 
   0x4D, 0x74, 0x41, 0x41, 0x75, 0x4D, 0x4D, 0x75, 0x41, 0x40, 
   0x75, 0x03, 0x84, 0x7E, 0x7E, 0xFD, 0xDD, 0x4F, 0x88, 0x67, 
   0x3A, 0x60, 0xAC, 0x72, 0x72, 0xAC, 0x60, 0x60, 0xAE, 0xBC, 
   0x4B, 0x87, 0x5A, 0x5A, 0x87, 0x4B, 0x4B, 0x85, 0x58, 0x5C, 
   0x89, 0x4B, 0x00, 0x03, 0x00, 0x28, 0xFF, 0xE9, 0x02, 0xE8, 
   0x03, 0x84, 0x00, 0x03, 0x00, 0x14, 0x00, 0x24, 0x00, 0x00, 
   0x01, 0x33, 0x07, 0x23, 0x01, 0x14, 0x0E, 0x02, 0x23, 0x22, 
   0x26, 0x26, 0x35, 0x34, 0x36, 0x36, 0x33, 0x32, 0x16, 0x16, 
   0x25, 0x22, 0x06, 0x06, 0x15, 0x14, 0x16, 0x16, 0x33, 0x32, 
   0x36, 0x36, 0x35, 0x34, 0x26, 0x26, 0x01, 0xA9, 0x7B, 0xA4, 
   0x41, 0x01, 0xA9, 0x30, 0x5C, 0x82, 0x52, 0x69, 0x9F, 0x58, 
   0x58, 0x9F, 0x68, 0x6B, 0x9F, 0x57, 0xFE, 0x9F, 0x4D, 0x74, 
   0x41, 0x41, 0x75, 0x4D, 0x4D, 0x75, 0x41, 0x40, 0x75, 0x03, 
   0x84, 0x7D, 0xFE, 0x5A, 0x4F, 0x88, 0x67, 0x3A, 0x60, 0xAC, 
   0x72, 0x72, 0xAC, 0x60, 0x60, 0xAE, 0xBC, 0x4B, 0x87, 0x5A, 
   0x5A, 0x87, 0x4B, 0x4B, 0x85, 0x58, 0x5C, 0x89, 0x4B, 0x00, 
   0x00, 0x03, 0x00, 0x28, 0xFF, 0xE9, 0x02, 0xE8, 0x03, 0x84, 
   0x00, 0x06, 0x00, 0x17, 0x00, 0x27, 0x00, 0x00, 0x01, 0x33, 
   0x17, 0x23, 0x27, 0x07, 0x23, 0x01, 0x14, 0x0E, 0x02, 0x23, 
   0x22, 0x26, 0x26, 0x35, 0x34, 0x36, 0x36, 0x33, 0x32, 0x16, 
   0x16, 0x25, 0x22, 0x06, 0x06, 0x15, 0x14, 0x16, 0x16, 0x33, 
   0x32, 0x36, 0x36, 0x35, 0x34, 0x26, 0x26, 0x01, 0x5A, 0x5F, 
   0x60, 0x3F, 0x51, 0x4F, 0x40, 0x01, 0xEE, 0x30, 0x5C, 0x82, 
   0x52, 0x69, 0x9F, 0x58, 0x58, 0x9F, 0x68, 0x6B, 0x9F, 0x57, 
   0xFE, 0x9F, 0x4D, 0x74, 0x41, 0x41, 0x75, 0x4D, 0x4D, 0x75, 
   0x41, 0x40, 0x75, 0x03, 0x84, 0x7D, 0x3D, 0x3D, 0xFE, 0x5A, 
   0x4F, 0x88, 0x67, 0x3A, 0x60, 0xAC, 0x72, 0x72, 0xAC, 0x60, 
   0x60, 0xAE, 0xBC, 0x4B, 0x87, 0x5A, 0x5A, 0x87, 0x4B, 0x4B, 
   0x85, 0x58, 0x5C, 0x89, 0x4B, 0x00, 0x00, 0x03, 0x00, 0x28, 
   0xFF, 0xE9, 0x02, 0xE8, 0x03, 0x72, 0x00, 0x12, 0x00, 0x23, 
   0x00, 0x33, 0x00, 0x00, 0x01, 0x32, 0x16, 0x16, 0x33, 0x32, 
   0x37, 0x33, 0x06, 0x23, 0x22, 0x26, 0x26, 0x23, 0x22, 0x07, 
   0x23, 0x36, 0x36, 0x01, 0x14, 0x0E, 0x02, 0x23, 0x22, 0x26, 
   0x26, 0x35, 0x34, 0x36, 0x36, 0x33, 0x32, 0x16, 0x16, 0x25, 
   0x22, 0x06, 0x06, 0x15, 0x14, 0x16, 0x16, 0x33, 0x32, 0x36, 
   0x36, 0x35, 0x34, 0x26, 0x26, 0x01, 0x3E, 0x19, 0x2D, 0x2B, 
   0x14, 0x19, 0x0C, 0x3A, 0x0F, 0x4A, 0x12, 0x34, 0x31, 0x0F, 
   0x17, 0x0A, 0x3A, 0x08, 0x2D, 0x01, 0xCB, 0x30, 0x5C, 0x82, 
   0x52, 0x69, 0x9F, 0x58, 0x58, 0x9F, 0x68, 0x6B, 0x9F, 0x57, 
   0xFE, 0x9F, 0x4D, 0x74, 0x41, 0x41, 0x75, 0x4D, 0x4D, 0x75, 
   0x41, 0x40, 0x75, 0x03, 0x72, 0x12, 0x13, 0x25, 0x68, 0x13, 
   0x13, 0x25, 0x32, 0x35, 0xFD, 0xEF, 0x4F, 0x88, 0x67, 0x3A, 
   0x60, 0xAC, 0x72, 0x72, 0xAC, 0x60, 0x60, 0xAE, 0xBC, 0x4B, 
   0x87, 0x5A, 0x5A, 0x87, 0x4B, 0x4B, 0x85, 0x58, 0x5C, 0x89, 
   0x4B, 0x00, 0x00, 0x04, 0x00, 0x28, 0xFF, 0xE9, 0x02, 0xE8, 
   0x03, 0x74, 0x00, 0x03, 0x00, 0x07, 0x00, 0x18, 0x00, 0x28, 
   0x00, 0x00, 0x01, 0x15, 0x23, 0x35, 0x23, 0x15, 0x23, 0x35, 
   0x01, 0x14, 0x0E, 0x02, 0x23, 0x22, 0x26, 0x26, 0x35, 0x34, 
   0x36, 0x36, 0x33, 0x32, 0x16, 0x16, 0x25, 0x22, 0x06, 0x06, 
   0x15, 0x14, 0x16, 0x16, 0x33, 0x32, 0x36, 0x36, 0x35, 0x34, 
   0x26, 0x26, 0x02, 0x16, 0x68, 0x4B, 0x68, 0x01, 0xED, 0x30, 
   0x5C, 0x82, 0x52, 0x69, 0x9F, 0x58, 0x58, 0x9F, 0x68, 0x6B, 
   0x9F, 0x57, 0xFE, 0x9F, 0x4D, 0x74, 0x41, 0x41, 0x75, 0x4D, 
   0x4D, 0x75, 0x41, 0x40, 0x75, 0x03, 0x74, 0x68, 0x68, 0x68, 
   0x68, 0xFD, 0xED, 0x4F, 0x88, 0x67, 0x3A, 0x60, 0xAC, 0x72, 
   0x72, 0xAC, 0x60, 0x60, 0xAE, 0xBC, 0x4B, 0x87, 0x5A, 0x5A, 
   0x87, 0x4B, 0x4B, 0x85, 0x58, 0x5C, 0x89, 0x4B, 0x00, 0x01, 
   0x00, 0x5F, 0x00, 0x22, 0x01, 0xE8, 0x01, 0xAB, 0x00, 0x0B, 
   0x00, 0x00, 0x01, 0x17, 0x07, 0x17, 0x07, 0x27, 0x07, 0x27, 
   0x37, 0x27, 0x37, 0x17, 0x01, 0xB6, 0x31, 0x92, 0x93, 0x32, 
   0x93, 0x92, 0x32, 0x93, 0x92, 0x31, 0x92, 0x01, 0xAB, 0x32, 
   0x92, 0x93, 0x32, 0x93, 0x92, 0x31, 0x93, 0x92, 0x31, 0x91, 
   0x00, 0x03, 0x00, 0x23, 0xFF, 0xE9, 0x02, 0xED, 0x02, 0xF3, 
   0x00, 0x16, 0x00, 0x1F, 0x00, 0x28, 0x00, 0x00, 0x37, 0x37, 
   0x26, 0x35, 0x34, 0x36, 0x36, 0x33, 0x32, 0x17, 0x37, 0x17, 
   0x07, 0x16, 0x16, 0x15, 0x14, 0x06, 0x06, 0x23, 0x22, 0x27, 
   0x07, 0x37, 0x01, 0x26, 0x23, 0x22, 0x06, 0x06, 0x15, 0x14, 
   0x01, 0x01, 0x16, 0x33, 0x32, 0x36, 0x36, 0x35, 0x34, 0x23, 
   0x51, 0x4C, 0x58, 0x9F, 0x69, 0x89, 0x5D, 0x57, 0x28, 0x59, 
   0x29, 0x2B, 0x58, 0x9F, 0x69, 0x90, 0x61, 0x4D, 0x69, 0x01, 
   0x80, 0x49, 0x62, 0x4D, 0x75, 0x41, 0x01, 0xD1, 0xFE, 0x7D, 
   0x4A, 0x6B, 0x4E, 0x74, 0x41, 0x13, 0x59, 0x6A, 0x92, 0x72, 
   0xAB, 0x60, 0x51, 0x5F, 0x24, 0x61, 0x33, 0x88, 0x4D, 0x72, 
   0xAB, 0x60, 0x5A, 0x54, 0xC1, 0x01, 0xA3, 0x40, 0x4B, 0x86, 
   0x5A, 0x68, 0x01, 0x2A, 0xFE, 0x5B, 0x4A, 0x4B, 0x87, 0x59, 
   0x72, 0x00, 0x00, 0x02, 0x00, 0x50, 0xFF, 0xE9, 0x02, 0x80, 
   0x03, 0x84, 0x00, 0x03, 0x00, 0x16, 0x00, 0x00, 0x01, 0x17, 
   0x23, 0x27, 0x05, 0x33, 0x11, 0x14, 0x06, 0x06, 0x23, 0x22, 
   0x26, 0x35, 0x11, 0x33, 0x11, 0x14, 0x16, 0x33, 0x32, 0x36, 
   0x35, 0x01, 0x59, 0x6A, 0x41, 0xA4, 0x01, 0x45, 0x5D, 0x45, 
   0x7E, 0x56, 0x82, 0x95, 0x5D, 0x6A, 0x50, 0x58, 0x64, 0x03, 
   0x84, 0x7E, 0x7E, 0xAB, 0xFE, 0x00, 0x49, 0x6C, 0x3B, 0x81, 
   0x6F, 0x02, 0x00, 0xFE, 0x00, 0x52, 0x4C, 0x55, 0x49, 0x00, 
   0x00, 0x02, 0x00, 0x50, 0xFF, 0xE9, 0x02, 0x80, 0x03, 0x84, 
   0x00, 0x03, 0x00, 0x16, 0x00, 0x00, 0x01, 0x33, 0x07, 0x23, 
   0x05, 0x33, 0x11, 0x14, 0x06, 0x06, 0x23, 0x22, 0x26, 0x35, 
   0x11, 0x33, 0x11, 0x14, 0x16, 0x33, 0x32, 0x36, 0x35, 0x01, 
   0x81, 0x7B, 0xA4, 0x41, 0x01, 0x0C, 0x5D, 0x45, 0x7E, 0x56, 
   0x82, 0x95, 0x5D, 0x6A, 0x50, 0x58, 0x64, 0x03, 0x84, 0x7D, 
   0x2E, 0xFE, 0x00, 0x49, 0x6C, 0x3B, 0x81, 0x6F, 0x02, 0x00, 
   0xFE, 0x00, 0x52, 0x4C, 0x55, 0x49, 0x00, 0x02, 0x00, 0x50, 
   0xFF, 0xE9, 0x02, 0x80, 0x03, 0x84, 0x00, 0x06, 0x00, 0x19, 
   0x00, 0x00, 0x01, 0x33, 0x17, 0x23, 0x27, 0x07, 0x23, 0x05, 
   0x33, 0x11, 0x14, 0x06, 0x06, 0x23, 0x22, 0x26, 0x35, 0x11, 
   0x33, 0x11, 0x14, 0x16, 0x33, 0x32, 0x36, 0x35, 0x01, 0x3C, 
   0x5F, 0x60, 0x3F, 0x51, 0x4F, 0x40, 0x01, 0x47, 0x5D, 0x45, 
   0x7E, 0x56, 0x82, 0x95, 0x5D, 0x6A, 0x50, 0x58, 0x64, 0x03, 
   0x84, 0x7D, 0x3D, 0x3D, 0x2E, 0xFE, 0x00, 0x49, 0x6C, 0x3B, 
   0x81, 0x6F, 0x02, 0x00, 0xFE, 0x00, 0x52, 0x4C, 0x55, 0x49, 
   0x00, 0x03, 0x00, 0x50, 0xFF, 0xE9, 0x02, 0x80, 0x03, 0x71, 
   0x00, 0x12, 0x00, 0x16, 0x00, 0x1A, 0x00, 0x00, 0x01, 0x33, 
   0x11, 0x14, 0x06, 0x06, 0x23, 0x22, 0x26, 0x35, 0x11, 0x33, 
   0x11, 0x14, 0x16, 0x33, 0x32, 0x36, 0x35, 0x03, 0x15, 0x23, 
   0x35, 0x23, 0x15, 0x23, 0x35, 0x02, 0x23, 0x5D, 0x45, 0x7E, 
   0x56, 0x82, 0x95, 0x5D, 0x6A, 0x50, 0x58, 0x64, 0x25, 0x68, 
   0x4B, 0x68, 0x02, 0xD9, 0xFE, 0x00, 0x49, 0x6C, 0x3B, 0x81, 
   0x6F, 0x02, 0x00, 0xFE, 0x00, 0x52, 0x4C, 0x55, 0x49, 0x02, 
   0x98, 0x68, 0x68, 0x68, 0x68, 0x00, 0x00, 0x02, 0x00, 0x0F, 
   0x00, 0x00, 0x02, 0x97, 0x03, 0x84, 0x00, 0x03, 0x00, 0x0C, 
   0x00, 0x00, 0x01, 0x33, 0x07, 0x23, 0x13, 0x11, 0x23, 0x11, 
   0x01, 0x33, 0x13, 0x13, 0x33, 0x01, 0x6D, 0x7B, 0xA4, 0x41, 
   0x82, 0x5D, 0xFE, 0xE7, 0x73, 0xD6, 0xD0, 0x6F, 0x03, 0x84, 
   0x7D, 0xFE, 0x17, 0xFE, 0xE2, 0x01, 0x1E, 0x01, 0xBB, 0xFE, 
   0x9D, 0x01, 0x63, 0x00, 0x00, 0x02, 0x00, 0x50, 0x00, 0x00, 
   0x02, 0x5D, 0x02, 0xD9, 0x00, 0x0D, 0x00, 0x16, 0x00, 0x00, 
   0x37, 0x15, 0x23, 0x11, 0x33, 0x15, 0x33, 0x32, 0x16, 0x15, 
   0x14, 0x06, 0x06, 0x23, 0x27, 0x33, 0x32, 0x36, 0x35, 0x34, 
   0x26, 0x23, 0x23, 0xAD, 0x5D, 0x5D, 0xD0, 0x68, 0x78, 0x34, 
   0x5B, 0x3C, 0xE5, 0xC2, 0x41, 0x49, 0x49, 0x41, 0xC2, 0xBD, 
   0xBD, 0x02, 0xD9, 0x78, 0x71, 0x63, 0x3D, 0x5E, 0x35, 0x52, 
   0x44, 0x3C, 0x3C, 0x44, 0x00, 0x01, 0x00, 0x50, 0xFF, 0xE8, 
   0x02, 0x2A, 0x02, 0xD8, 0x00, 0x2D, 0x00, 0x00, 0x01, 0x32, 
   0x36, 0x36, 0x35, 0x34, 0x26, 0x23, 0x22, 0x06, 0x15, 0x11, 
   0x23, 0x11, 0x34, 0x36, 0x33, 0x32, 0x16, 0x15, 0x14, 0x06, 
   0x06, 0x07, 0x1E, 0x02, 0x15, 0x14, 0x06, 0x06, 0x23, 0x22, 
   0x26, 0x27, 0x35, 0x16, 0x16, 0x33, 0x32, 0x36, 0x35, 0x34, 
   0x26, 0x26, 0x23, 0x01, 0x15, 0x3C, 0x44, 0x1B, 0x48, 0x3C, 
   0x49, 0x3B, 0x58, 0x73, 0x6A, 0x67, 0x74, 0x1F, 0x27, 0x0C, 
   0x25, 0x34, 0x1B, 0x3F, 0x6A, 0x3F, 0x16, 0x2A, 0x09, 0x0B, 
   0x2B, 0x0A, 0x41, 0x55, 0x2E, 0x53, 0x39, 0x01, 0xAB, 0x20, 
   0x34, 0x1D, 0x31, 0x3F, 0x4E, 0x40, 0xFE, 0x02, 0x02, 0x14, 
   0x56, 0x6E, 0x62, 0x52, 0x31, 0x3B, 0x20, 0x08, 0x0A, 0x38, 
   0x46, 0x1E, 0x58, 0x73, 0x37, 0x0C, 0x04, 0x4B, 0x04, 0x07, 
   0x52, 0x4C, 0x39, 0x3C, 0x17, 0x00, 0x00, 0x03, 0x00, 0x1E, 
   0xFF, 0xE9, 0x02, 0x0B, 0x02, 0xE4, 0x00, 0x03, 0x00, 0x2E, 
   0x00, 0x3C, 0x00, 0x00, 0x13, 0x17, 0x23, 0x27, 0x03, 0x3E, 
   0x03, 0x33, 0x32, 0x16, 0x15, 0x11, 0x14, 0x33, 0x32, 0x36, 
   0x37, 0x15, 0x06, 0x06, 0x23, 0x22, 0x26, 0x27, 0x06, 0x06, 
   0x23, 0x22, 0x26, 0x35, 0x34, 0x3E, 0x02, 0x37, 0x36, 0x36, 
   0x35, 0x35, 0x34, 0x26, 0x23, 0x22, 0x06, 0x07, 0x13, 0x32, 
   0x36, 0x36, 0x35, 0x35, 0x0E, 0x04, 0x15, 0x14, 0x16, 0xF2, 
   0x60, 0x3C, 0x95, 0x4C, 0x02, 0x27, 0x3D, 0x49, 0x23, 0x61, 
   0x64, 0x2D, 0x04, 0x07, 0x07, 0x14, 0x18, 0x0D, 0x28, 0x29, 
   0x05, 0x2C, 0x54, 0x32, 0x4F, 0x5D, 0x26, 0x45, 0x60, 0x39, 
   0x32, 0x25, 0x3D, 0x38, 0x3A, 0x3C, 0x05, 0x53, 0x32, 0x46, 
   0x25, 0x19, 0x44, 0x46, 0x3C, 0x25, 0x36, 0x02, 0xE4, 0x94, 
   0x94, 0xFE, 0x8D, 0x35, 0x43, 0x24, 0x0E, 0x49, 0x46, 0xFE, 
   0xCC, 0x29, 0x01, 0x01, 0x3F, 0x05, 0x04, 0x25, 0x28, 0x28, 
   0x25, 0x54, 0x47, 0x35, 0x3D, 0x22, 0x11, 0x07, 0x06, 0x1A, 
   0x1A, 0x16, 0x26, 0x28, 0x2D, 0x30, 0xFE, 0xC1, 0x25, 0x35, 
   0x19, 0x5E, 0x0C, 0x0B, 0x0A, 0x13, 0x26, 0x23, 0x28, 0x2C, 
   0x00, 0x03, 0x00, 0x1E, 0xFF, 0xE9, 0x02, 0x0B, 0x02, 0xE4, 
   0x00, 0x03, 0x00, 0x2E, 0x00, 0x3C, 0x00, 0x00, 0x01, 0x33, 
   0x07, 0x23, 0x07, 0x3E, 0x03, 0x33, 0x32, 0x16, 0x15, 0x11, 
   0x14, 0x33, 0x32, 0x36, 0x37, 0x15, 0x06, 0x06, 0x23, 0x22, 
   0x26, 0x27, 0x06, 0x06, 0x23, 0x22, 0x26, 0x35, 0x34, 0x3E, 
   0x02, 0x37, 0x36, 0x36, 0x35, 0x35, 0x34, 0x26, 0x23, 0x22, 
   0x06, 0x07, 0x13, 0x32, 0x36, 0x36, 0x35, 0x35, 0x0E, 0x04, 
   0x15, 0x14, 0x16, 0x01, 0x18, 0x71, 0x95, 0x3C, 0x83, 0x02, 
   0x27, 0x3D, 0x49, 0x23, 0x61, 0x64, 0x2D, 0x04, 0x07, 0x07, 
   0x14, 0x18, 0x0D, 0x28, 0x29, 0x05, 0x2C, 0x54, 0x32, 0x4F, 
   0x5D, 0x26, 0x45, 0x60, 0x39, 0x32, 0x25, 0x3D, 0x38, 0x3A, 
   0x3C, 0x05, 0x53, 0x32, 0x46, 0x25, 0x19, 0x44, 0x46, 0x3C, 
   0x25, 0x36, 0x02, 0xE4, 0x94, 0xDF, 0x35, 0x43, 0x24, 0x0E, 
   0x49, 0x46, 0xFE, 0xCC, 0x29, 0x01, 0x01, 0x3F, 0x05, 0x04, 
   0x25, 0x28, 0x28, 0x25, 0x54, 0x47, 0x35, 0x3D, 0x22, 0x11, 
   0x07, 0x06, 0x1A, 0x1A, 0x16, 0x26, 0x28, 0x2D, 0x30, 0xFE, 
   0xC1, 0x25, 0x35, 0x19, 0x5E, 0x0C, 0x0B, 0x0A, 0x13, 0x26, 
   0x23, 0x28, 0x2C, 0x00, 0x00, 0x03, 0x00, 0x1E, 0xFF, 0xE9, 
   0x02, 0x0B, 0x02, 0xD7, 0x00, 0x06, 0x00, 0x31, 0x00, 0x3F, 
   0x00, 0x00, 0x13, 0x33, 0x17, 0x23, 0x27, 0x07, 0x23, 0x07, 
   0x3E, 0x03, 0x33, 0x32, 0x16, 0x15, 0x11, 0x14, 0x33, 0x32, 
   0x36, 0x37, 0x15, 0x06, 0x06, 0x23, 0x22, 0x26, 0x27, 0x06, 
   0x06, 0x23, 0x22, 0x26, 0x35, 0x34, 0x3E, 0x02, 0x37, 0x36, 
   0x36, 0x35, 0x35, 0x34, 0x26, 0x23, 0x22, 0x06, 0x07, 0x13, 
   0x32, 0x36, 0x36, 0x35, 0x35, 0x0E, 0x04, 0x15, 0x14, 0x16, 
   0xE4, 0x5F, 0x60, 0x3F, 0x51, 0x4F, 0x40, 0x4F, 0x02, 0x27, 
   0x3D, 0x49, 0x23, 0x61, 0x64, 0x2D, 0x04, 0x07, 0x07, 0x14, 
   0x18, 0x0D, 0x28, 0x29, 0x05, 0x2C, 0x54, 0x32, 0x4F, 0x5D, 
   0x26, 0x45, 0x60, 0x39, 0x32, 0x25, 0x3D, 0x38, 0x3A, 0x3C, 
   0x05, 0x53, 0x32, 0x46, 0x25, 0x19, 0x44, 0x46, 0x3C, 0x25, 
   0x36, 0x02, 0xD7, 0x96, 0x60, 0x60, 0xD0, 0x35, 0x43, 0x24, 
   0x0E, 0x49, 0x46, 0xFE, 0xCC, 0x29, 0x01, 0x01, 0x3F, 0x05, 
   0x04, 0x25, 0x28, 0x28, 0x25, 0x54, 0x47, 0x35, 0x3D, 0x22, 
   0x11, 0x07, 0x06, 0x1A, 0x1A, 0x16, 0x26, 0x28, 0x2D, 0x30, 
   0xFE, 0xC1, 0x25, 0x35, 0x19, 0x5E, 0x0C, 0x0B, 0x0A, 0x13, 
   0x26, 0x23, 0x28, 0x2C, 0x00, 0x03, 0x00, 0x1E, 0xFF, 0xE9, 
   0x02, 0x0B, 0x02, 0xC5, 0x00, 0x12, 0x00, 0x3D, 0x00, 0x4B, 
   0x00, 0x00, 0x13, 0x32, 0x16, 0x16, 0x33, 0x32, 0x37, 0x33, 
   0x06, 0x23, 0x22, 0x26, 0x26, 0x23, 0x22, 0x07, 0x23, 0x36, 
   0x36, 0x03, 0x3E, 0x03, 0x33, 0x32, 0x16, 0x15, 0x11, 0x14, 
   0x33, 0x32, 0x36, 0x37, 0x15, 0x06, 0x06, 0x23, 0x22, 0x26, 
   0x27, 0x06, 0x06, 0x23, 0x22, 0x26, 0x35, 0x34, 0x3E, 0x02, 
   0x37, 0x36, 0x36, 0x35, 0x35, 0x34, 0x26, 0x23, 0x22, 0x06, 
   0x07, 0x13, 0x32, 0x36, 0x36, 0x35, 0x35, 0x0E, 0x04, 0x15, 
   0x14, 0x16, 0xCC, 0x19, 0x2D, 0x2B, 0x14, 0x19, 0x0C, 0x3A, 
   0x0F, 0x4A, 0x12, 0x34, 0x31, 0x0F, 0x17, 0x0A, 0x3A, 0x08, 
   0x2D, 0x76, 0x02, 0x27, 0x3D, 0x49, 0x23, 0x61, 0x64, 0x2D, 
   0x04, 0x07, 0x07, 0x14, 0x18, 0x0D, 0x28, 0x29, 0x05, 0x2C, 
   0x54, 0x32, 0x4F, 0x5D, 0x26, 0x45, 0x60, 0x39, 0x32, 0x25, 
   0x3D, 0x38, 0x3A, 0x3C, 0x05, 0x53, 0x32, 0x46, 0x25, 0x19, 
   0x44, 0x46, 0x3C, 0x25, 0x36, 0x02, 0xC5, 0x12, 0x13, 0x25, 
   0x68, 0x13, 0x13, 0x25, 0x32, 0x35, 0xFE, 0xAC, 0x35, 0x43, 
   0x24, 0x0E, 0x49, 0x46, 0xFE, 0xCC, 0x29, 0x01, 0x01, 0x3F, 
   0x05, 0x04, 0x25, 0x28, 0x28, 0x25, 0x54, 0x47, 0x35, 0x3D, 
   0x22, 0x11, 0x07, 0x06, 0x1A, 0x1A, 0x16, 0x26, 0x28, 0x2D, 
   0x30, 0xFE, 0xC1, 0x25, 0x35, 0x19, 0x5E, 0x0C, 0x0B, 0x0A, 
   0x13, 0x26, 0x23, 0x28, 0x2C, 0x00, 0x00, 0x04, 0x00, 0x1E, 
   0xFF, 0xE9, 0x02, 0x0B, 0x02, 0xD7, 0x00, 0x03, 0x00, 0x07, 
   0x00, 0x32, 0x00, 0x40, 0x00, 0x00, 0x01, 0x15, 0x23, 0x35, 
   0x23, 0x15, 0x23, 0x35, 0x03, 0x3E, 0x03, 0x33, 0x32, 0x16, 
   0x15, 0x11, 0x14, 0x33, 0x32, 0x36, 0x37, 0x15, 0x06, 0x06, 
   0x23, 0x22, 0x26, 0x27, 0x06, 0x06, 0x23, 0x22, 0x26, 0x35, 
   0x34, 0x3E, 0x02, 0x37, 0x36, 0x36, 0x35, 0x35, 0x34, 0x26, 
   0x23, 0x22, 0x06, 0x07, 0x13, 0x32, 0x36, 0x36, 0x35, 0x35, 
   0x0E, 0x04, 0x15, 0x14, 0x16, 0x01, 0xA4, 0x68, 0x4B, 0x68, 
   0x54, 0x02, 0x27, 0x3D, 0x49, 0x23, 0x61, 0x64, 0x2D, 0x04, 
   0x07, 0x07, 0x14, 0x18, 0x0D, 0x28, 0x29, 0x05, 0x2C, 0x54, 
   0x32, 0x4F, 0x5D, 0x26, 0x45, 0x60, 0x39, 0x32, 0x25, 0x3D, 
   0x38, 0x3A, 0x3C, 0x05, 0x53, 0x32, 0x46, 0x25, 0x19, 0x44, 
   0x46, 0x3C, 0x25, 0x36, 0x02, 0xD7, 0x68, 0x68, 0x68, 0x68, 
   0xFE, 0x9A, 0x35, 0x43, 0x24, 0x0E, 0x49, 0x46, 0xFE, 0xCC, 
   0x29, 0x01, 0x01, 0x3F, 0x05, 0x04, 0x25, 0x28, 0x28, 0x25, 
   0x54, 0x47, 0x35, 0x3D, 0x22, 0x11, 0x07, 0x06, 0x1A, 0x1A, 
   0x16, 0x26, 0x28, 0x2D, 0x30, 0xFE, 0xC1, 0x25, 0x35, 0x19, 
   0x5E, 0x0C, 0x0B, 0x0A, 0x13, 0x26, 0x23, 0x28, 0x2C, 0x00, 
   0x00, 0x04, 0x00, 0x1E, 0xFF, 0xE9, 0x02, 0x0B, 0x03, 0x04, 
   0x00, 0x0D, 0x00, 0x19, 0x00, 0x44, 0x00, 0x52, 0x00, 0x00, 
   0x01, 0x32, 0x16, 0x15, 0x14, 0x06, 0x23, 0x22, 0x26, 0x26, 
   0x35, 0x34, 0x36, 0x36, 0x17, 0x22, 0x06, 0x15, 0x14, 0x16, 
   0x33, 0x32, 0x36, 0x35, 0x34, 0x26, 0x03, 0x3E, 0x03, 0x33, 
   0x32, 0x16, 0x15, 0x11, 0x14, 0x33, 0x32, 0x36, 0x37, 0x15, 
   0x06, 0x06, 0x23, 0x22, 0x26, 0x27, 0x06, 0x06, 0x23, 0x22, 
   0x26, 0x35, 0x34, 0x3E, 0x02, 0x37, 0x36, 0x36, 0x35, 0x35, 
   0x34, 0x26, 0x23, 0x22, 0x06, 0x07, 0x13, 0x32, 0x36, 0x36, 
   0x35, 0x35, 0x0E, 0x04, 0x15, 0x14, 0x16, 0x01, 0x13, 0x2C, 
   0x3E, 0x3E, 0x2C, 0x1D, 0x30, 0x1D, 0x1D, 0x30, 0x1D, 0x12, 
   0x1A, 0x1A, 0x12, 0x12, 0x1A, 0x19, 0xF1, 0x02, 0x27, 0x3D, 
   0x49, 0x23, 0x61, 0x64, 0x2D, 0x04, 0x07, 0x07, 0x14, 0x18, 
   0x0D, 0x28, 0x29, 0x05, 0x2C, 0x54, 0x32, 0x4F, 0x5D, 0x26, 
   0x45, 0x60, 0x39, 0x32, 0x25, 0x3D, 0x38, 0x3A, 0x3C, 0x05, 
   0x53, 0x32, 0x46, 0x25, 0x19, 0x44, 0x46, 0x3C, 0x25, 0x36, 
   0x03, 0x04, 0x3E, 0x2C, 0x2B, 0x3D, 0x1D, 0x30, 0x1C, 0x1D, 
   0x2F, 0x1D, 0x3E, 0x1A, 0x11, 0x12, 0x1A, 0x1A, 0x11, 0x13, 
   0x19, 0xFE, 0xAB, 0x35, 0x43, 0x24, 0x0E, 0x49, 0x46, 0xFE, 
   0xCC, 0x29, 0x01, 0x01, 0x3F, 0x05, 0x04, 0x25, 0x28, 0x28, 
   0x25, 0x54, 0x47, 0x35, 0x3D, 0x22, 0x11, 0x07, 0x06, 0x1A, 
   0x1A, 0x16, 0x26, 0x28, 0x2D, 0x30, 0xFE, 0xC1, 0x25, 0x35, 
   0x19, 0x5E, 0x0C, 0x0B, 0x0A, 0x13, 0x26, 0x23, 0x28, 0x2C, 
   0x00, 0x03, 0x00, 0x1E, 0xFF, 0xE9, 0x03, 0x49, 0x02, 0x1B, 
   0x00, 0x34, 0x00, 0x43, 0x00, 0x4A, 0x00, 0x00, 0x25, 0x1E, 
   0x03, 0x33, 0x32, 0x37, 0x33, 0x06, 0x06, 0x23, 0x22, 0x2E, 
   0x02, 0x27, 0x06, 0x06, 0x23, 0x22, 0x26, 0x35, 0x34, 0x36, 
   0x36, 0x37, 0x36, 0x36, 0x35, 0x35, 0x34, 0x23, 0x22, 0x06, 
   0x07, 0x23, 0x3E, 0x03, 0x33, 0x32, 0x17, 0x36, 0x36, 0x33, 
   0x32, 0x16, 0x17, 0x16, 0x16, 0x15, 0x05, 0x32, 0x3E, 0x02, 
   0x35, 0x35, 0x0E, 0x04, 0x15, 0x14, 0x16, 0x25, 0x21, 0x34, 
   0x26, 0x23, 0x22, 0x06, 0x01, 0xC7, 0x01, 0x1F, 0x2E, 0x35, 
   0x17, 0x65, 0x25, 0x54, 0x10, 0x76, 0x59, 0x36, 0x49, 0x2C, 
   0x15, 0x02, 0x38, 0x65, 0x3B, 0x4C, 0x5C, 0x42, 0x76, 0x4C, 
   0x33, 0x24, 0x76, 0x3A, 0x3B, 0x05, 0x54, 0x02, 0x27, 0x3D, 
   0x48, 0x22, 0x80, 0x2F, 0x1B, 0x5C, 0x36, 0x49, 0x71, 0x19, 
   0x0B, 0x0A, 0xFD, 0x90, 0x28, 0x3C, 0x28, 0x14, 0x1E, 0x46, 
   0x45, 0x39, 0x22, 0x36, 0x01, 0x1E, 0x01, 0x26, 0x50, 0x40, 
   0x3F, 0x52, 0xEA, 0x37, 0x46, 0x27, 0x10, 0x69, 0x55, 0x61, 
   0x1F, 0x29, 0x22, 0x04, 0x3A, 0x34, 0x55, 0x46, 0x42, 0x45, 
   0x1E, 0x06, 0x05, 0x19, 0x1D, 0x16, 0x4E, 0x2D, 0x30, 0x35, 
   0x43, 0x24, 0x0E, 0x52, 0x26, 0x2C, 0x4A, 0x40, 0x1D, 0x4E, 
   0x3C, 0xB8, 0x1A, 0x26, 0x23, 0x08, 0x65, 0x0D, 0x0C, 0x09, 
   0x12, 0x25, 0x23, 0x27, 0x2D, 0xFC, 0x47, 0x59, 0x57, 0x00, 
   0x00, 0x01, 0x00, 0x1E, 0xFF, 0x2A, 0x01, 0xDC, 0x02, 0x1B, 
   0x00, 0x37, 0x00, 0x00, 0x17, 0x2E, 0x04, 0x35, 0x34, 0x36, 
   0x36, 0x33, 0x32, 0x16, 0x17, 0x23, 0x26, 0x26, 0x23, 0x22, 
   0x06, 0x15, 0x14, 0x16, 0x33, 0x32, 0x37, 0x33, 0x06, 0x06, 
   0x23, 0x07, 0x36, 0x32, 0x33, 0x32, 0x16, 0x15, 0x14, 0x06, 
   0x23, 0x22, 0x26, 0x26, 0x27, 0x37, 0x16, 0x16, 0x33, 0x32, 
   0x36, 0x35, 0x34, 0x23, 0x22, 0x07, 0x27, 0xE0, 0x38, 0x49, 
   0x29, 0x13, 0x05, 0x3A, 0x69, 0x46, 0x5A, 0x6E, 0x07, 0x54, 
   0x07, 0x40, 0x35, 0x44, 0x4D, 0x4E, 0x45, 0x6B, 0x15, 0x54, 
   0x05, 0x74, 0x5C, 0x0D, 0x0B, 0x0B, 0x06, 0x26, 0x29, 0x42, 
   0x39, 0x13, 0x21, 0x29, 0x20, 0x15, 0x18, 0x2C, 0x1E, 0x17, 
   0x1F, 0x2E, 0x0F, 0x10, 0x0C, 0x15, 0x0B, 0x34, 0x45, 0x46, 
   0x39, 0x0F, 0x57, 0x81, 0x46, 0x61, 0x5E, 0x37, 0x3B, 0x6F, 
   0x63, 0x5D, 0x6A, 0x7F, 0x5E, 0x6D, 0x21, 0x02, 0x23, 0x20, 
   0x2B, 0x32, 0x05, 0x0F, 0x0D, 0x29, 0x0A, 0x17, 0x1A, 0x13, 
   0x25, 0x08, 0x07, 0x00, 0x00, 0x03, 0x00, 0x1E, 0xFF, 0xE9, 
   0x01, 0xF7, 0x02, 0xE4, 0x00, 0x03, 0x00, 0x17, 0x00, 0x1F, 
   0x00, 0x00, 0x13, 0x17, 0x23, 0x27, 0x01, 0x21, 0x16, 0x16, 
   0x33, 0x32, 0x37, 0x33, 0x06, 0x06, 0x23, 0x22, 0x26, 0x35, 
   0x34, 0x36, 0x36, 0x33, 0x32, 0x16, 0x05, 0x21, 0x34, 0x26, 
   0x26, 0x23, 0x22, 0x06, 0xF6, 0x60, 0x3C, 0x95, 0x01, 0x72, 
   0xFE, 0x7E, 0x02, 0x4F, 0x49, 0x66, 0x23, 0x54, 0x10, 0x76, 
   0x5A, 0x6E, 0x80, 0x3B, 0x6C, 0x49, 0x7A, 0x6F, 0xFE, 0x80, 
   0x01, 0x27, 0x25, 0x41, 0x2B, 0x3F, 0x52, 0x02, 0xE4, 0x94, 
   0x94, 0xFE, 0x06, 0x50, 0x64, 0x69, 0x55, 0x61, 0x95, 0x81, 
   0x56, 0x80, 0x46, 0xA2, 0x4B, 0x2D, 0x49, 0x2A, 0x57, 0x00, 
   0x00, 0x03, 0x00, 0x1E, 0xFF, 0xE9, 0x01, 0xF7, 0x02, 0xE4, 
   0x00, 0x03, 0x00, 0x17, 0x00, 0x1F, 0x00, 0x00, 0x01, 0x33, 
   0x07, 0x23, 0x01, 0x21, 0x16, 0x16, 0x33, 0x32, 0x37, 0x33, 
   0x06, 0x06, 0x23, 0x22, 0x26, 0x35, 0x34, 0x36, 0x36, 0x33, 
   0x32, 0x16, 0x05, 0x21, 0x34, 0x26, 0x26, 0x23, 0x22, 0x06, 
   0x01, 0x26, 0x71, 0x95, 0x3C, 0x01, 0x31, 0xFE, 0x7E, 0x02, 
   0x4F, 0x49, 0x66, 0x23, 0x54, 0x10, 0x76, 0x5A, 0x6E, 0x80, 
   0x3B, 0x6C, 0x49, 0x7A, 0x6F, 0xFE, 0x80, 0x01, 0x27, 0x25, 
   0x41, 0x2B, 0x3F, 0x52, 0x02, 0xE4, 0x94, 0xFE, 0x9A, 0x50, 
   0x64, 0x69, 0x55, 0x61, 0x95, 0x81, 0x56, 0x80, 0x46, 0xA2, 
   0x4B, 0x2D, 0x49, 0x2A, 0x57, 0x00, 0x00, 0x03, 0x00, 0x1E, 
   0xFF, 0xE9, 0x01, 0xF7, 0x02, 0xD7, 0x00, 0x06, 0x00, 0x1A, 
   0x00, 0x22, 0x00, 0x00, 0x13, 0x33, 0x17, 0x23, 0x27, 0x07, 
   0x23, 0x01, 0x21, 0x16, 0x16, 0x33, 0x32, 0x37, 0x33, 0x06, 
   0x06, 0x23, 0x22, 0x26, 0x35, 0x34, 0x36, 0x36, 0x33, 0x32, 
   0x16, 0x05, 0x21, 0x34, 0x26, 0x26, 0x23, 0x22, 0x06, 0xE5, 
   0x5F, 0x60, 0x3F, 0x51, 0x4F, 0x40, 0x01, 0x72, 0xFE, 0x7E, 
   0x02, 0x4F, 0x49, 0x66, 0x23, 0x54, 0x10, 0x76, 0x5A, 0x6E, 
   0x80, 0x3B, 0x6C, 0x49, 0x7A, 0x6F, 0xFE, 0x80, 0x01, 0x27, 
   0x25, 0x41, 0x2B, 0x3F, 0x52, 0x02, 0xD7, 0x96, 0x60, 0x60, 
   0xFE, 0xA9, 0x50, 0x64, 0x69, 0x55, 0x61, 0x95, 0x81, 0x56, 
   0x80, 0x46, 0xA2, 0x4B, 0x2D, 0x49, 0x2A, 0x57, 0x00, 0x04, 
   0x00, 0x1E, 0xFF, 0xE9, 0x01, 0xF7, 0x02, 0xD7, 0x00, 0x03, 
   0x00, 0x07, 0x00, 0x1B, 0x00, 0x23, 0x00, 0x00, 0x01, 0x15, 
   0x23, 0x35, 0x23, 0x15, 0x23, 0x35, 0x01, 0x21, 0x16, 0x16, 
   0x33, 0x32, 0x37, 0x33, 0x06, 0x06, 0x23, 0x22, 0x26, 0x35, 
   0x34, 0x36, 0x36, 0x33, 0x32, 0x16, 0x05, 0x21, 0x34, 0x26, 
   0x26, 0x23, 0x22, 0x06, 0x01, 0x9F, 0x68, 0x4B, 0x68, 0x01, 
   0x73, 0xFE, 0x7E, 0x02, 0x4F, 0x49, 0x66, 0x23, 0x54, 0x10, 
   0x76, 0x5A, 0x6E, 0x80, 0x3B, 0x6C, 0x49, 0x7A, 0x6F, 0xFE, 
   0x80, 0x01, 0x27, 0x25, 0x41, 0x2B, 0x3F, 0x52, 0x02, 0xD7, 
   0x68, 0x68, 0x68, 0x68, 0xFE, 0x13, 0x50, 0x64, 0x69, 0x55, 
   0x61, 0x95, 0x81, 0x56, 0x80, 0x46, 0xA2, 0x4B, 0x2D, 0x49, 
   0x2A, 0x57, 0x00, 0x02, 0x00, 0x00, 0x00, 0x00, 0x00, 0xD1, 
   0x02, 0xE4, 0x00, 0x03, 0x00, 0x07, 0x00, 0x00, 0x13, 0x17, 
   0x23, 0x27, 0x17, 0x11, 0x23, 0x11, 0x71, 0x60, 0x3C, 0x95, 
   0x99, 0x53, 0x02, 0xE4, 0x94, 0x94, 0xD8, 0xFD, 0xF4, 0x02, 
   0x0C, 0x00, 0x00, 0x02, 0x00, 0x0D, 0x00, 0x00, 0x00, 0xDE, 
   0x02, 0xE4, 0x00, 0x03, 0x00, 0x07, 0x00, 0x00, 0x13, 0x33, 
   0x07, 0x23, 0x17, 0x11, 0x23, 0x11, 0x6D, 0x71, 0x95, 0x3C, 
   0x8C, 0x53, 0x02, 0xE4, 0x94, 0x44, 0xFD, 0xF4, 0x02, 0x0C, 
   0x00, 0x02, 0xFF, 0xF4, 0x00, 0x00, 0x01, 0x13, 0x02, 0xD7, 
   0x00, 0x03, 0x00, 0x0A, 0x00, 0x00, 0x13, 0x11, 0x23, 0x11, 
   0x27, 0x33, 0x17, 0x23, 0x27, 0x07, 0x23, 0xAD, 0x53, 0x06, 
   0x5F, 0x60, 0x3F, 0x51, 0x4F, 0x40, 0x02, 0x0C, 0xFD, 0xF4, 
   0x02, 0x0C, 0xCB, 0x96, 0x60, 0x60, 0x00, 0x03, 0xFF, 0xF5, 
   0x00, 0x00, 0x01, 0x10, 0x02, 0xD8, 0x00, 0x03, 0x00, 0x07, 
   0x00, 0x0B, 0x00, 0x00, 0x13, 0x11, 0x23, 0x11, 0x37, 0x15, 
   0x23, 0x35, 0x23, 0x15, 0x23, 0x35, 0xAD, 0x53, 0xB6, 0x68, 
   0x4B, 0x68, 0x02, 0x0C, 0xFD, 0xF4, 0x02, 0x0C, 0xCC, 0x68, 
   0x68, 0x68, 0x68, 0x00, 0x00, 0x02, 0x00, 0x1E, 0xFF, 0xE9, 
   0x01, 0xF8, 0x02, 0xE7, 0x00, 0x24, 0x00, 0x30, 0x00, 0x00, 
   0x13, 0x34, 0x3E, 0x02, 0x33, 0x32, 0x16, 0x17, 0x2E, 0x02, 
   0x27, 0x07, 0x27, 0x37, 0x26, 0x26, 0x27, 0x37, 0x1E, 0x02, 
   0x17, 0x37, 0x17, 0x07, 0x1E, 0x03, 0x15, 0x14, 0x06, 0x23, 
   0x22, 0x26, 0x13, 0x22, 0x06, 0x15, 0x14, 0x16, 0x33, 0x32, 
   0x36, 0x35, 0x34, 0x26, 0x1E, 0x2B, 0x43, 0x4B, 0x21, 0x0E, 
   0x1B, 0x16, 0x11, 0x19, 0x1E, 0x1A, 0x61, 0x24, 0x55, 0x13, 
   0x1F, 0x20, 0x2C, 0x10, 0x19, 0x25, 0x21, 0x61, 0x28, 0x5A, 
   0x1B, 0x4A, 0x47, 0x2F, 0x7C, 0x71, 0x71, 0x7C, 0xED, 0x46, 
   0x50, 0x50, 0x46, 0x45, 0x51, 0x4F, 0x01, 0x02, 0x54, 0x6C, 
   0x3E, 0x19, 0x05, 0x08, 0x12, 0x17, 0x1A, 0x16, 0x2D, 0x27, 
   0x28, 0x0F, 0x13, 0x12, 0x2C, 0x06, 0x0D, 0x16, 0x16, 0x2D, 
   0x25, 0x29, 0x14, 0x41, 0x5F, 0x7E, 0x52, 0x87, 0x93, 0x93, 
   0x01, 0x52, 0x6D, 0x5F, 0x5E, 0x6E, 0x6D, 0x5C, 0x62, 0x6D, 
   0x00, 0x02, 0x00, 0x3C, 0x00, 0x00, 0x01, 0xDD, 0x02, 0xC2, 
   0x00, 0x12, 0x00, 0x26, 0x00, 0x00, 0x13, 0x32, 0x16, 0x16, 
   0x33, 0x32, 0x37, 0x33, 0x06, 0x23, 0x22, 0x26, 0x26, 0x23, 
   0x22, 0x07, 0x23, 0x36, 0x36, 0x07, 0x33, 0x15, 0x36, 0x36, 
   0x33, 0x32, 0x16, 0x15, 0x11, 0x23, 0x11, 0x34, 0x26, 0x23, 
   0x22, 0x06, 0x15, 0x11, 0x23, 0xCF, 0x19, 0x2D, 0x2B, 0x14, 
   0x19, 0x0C, 0x3A, 0x0F, 0x4A, 0x12, 0x34, 0x31, 0x0F, 0x17, 
   0x0A, 0x3A, 0x08, 0x2D, 0x72, 0x4D, 0x23, 0x51, 0x3A, 0x4C, 
   0x5A, 0x53, 0x3A, 0x32, 0x40, 0x4E, 0x54, 0x02, 0xC2, 0x12, 
   0x13, 0x25, 0x68, 0x13, 0x13, 0x25, 0x32, 0x35, 0xB6, 0x58, 
   0x37, 0x30, 0x4E, 0x41, 0xFE, 0x74, 0x01, 0x6B, 0x2F, 0x38, 
   0x61, 0x50, 0xFE, 0xDF, 0x00, 0x03, 0x00, 0x1E, 0xFF, 0xE9, 
   0x01, 0xF8, 0x02, 0xE4, 0x00, 0x03, 0x00, 0x0F, 0x00, 0x1B, 
   0x00, 0x00, 0x13, 0x17, 0x23, 0x27, 0x17, 0x32, 0x16, 0x15, 
   0x14, 0x06, 0x23, 0x22, 0x26, 0x35, 0x34, 0x36, 0x17, 0x22, 
   0x06, 0x15, 0x14, 0x16, 0x33, 0x32, 0x36, 0x35, 0x34, 0x26, 
   0xF7, 0x60, 0x3C, 0x95, 0x84, 0x71, 0x7D, 0x7F, 0x6E, 0x70, 
   0x7D, 0x7E, 0x6F, 0x46, 0x50, 0x50, 0x46, 0x45, 0x51, 0x4F, 
   0x02, 0xE4, 0x94, 0x94, 0xC9, 0x95, 0x88, 0x81, 0x94, 0x95, 
   0x84, 0x84, 0x95, 0x4D, 0x6D, 0x5F, 0x5F, 0x6D, 0x6D, 0x5C, 
   0x62, 0x6D, 0x00, 0x03, 0x00, 0x1E, 0xFF, 0xE9, 0x01, 0xF8, 
   0x02, 0xE4, 0x00, 0x03, 0x00, 0x0F, 0x00, 0x1B, 0x00, 0x00, 
   0x01, 0x33, 0x07, 0x23, 0x17, 0x32, 0x16, 0x15, 0x14, 0x06, 
   0x23, 0x22, 0x26, 0x35, 0x34, 0x36, 0x17, 0x22, 0x06, 0x15, 
   0x14, 0x16, 0x33, 0x32, 0x36, 0x35, 0x34, 0x26, 0x01, 0x1E, 
   0x71, 0x95, 0x3C, 0x4C, 0x71, 0x7D, 0x7F, 0x6E, 0x70, 0x7D, 
   0x7E, 0x6F, 0x46, 0x50, 0x50, 0x46, 0x45, 0x51, 0x4F, 0x02, 
   0xE4, 0x94, 0x35, 0x95, 0x88, 0x81, 0x94, 0x95, 0x84, 0x84, 
   0x95, 0x4D, 0x6D, 0x5F, 0x5F, 0x6D, 0x6D, 0x5C, 0x62, 0x6D, 
   0x00, 0x03, 0x00, 0x1E, 0xFF, 0xE9, 0x01, 0xF8, 0x02, 0xDA, 
   0x00, 0x06, 0x00, 0x12, 0x00, 0x1E, 0x00, 0x00, 0x13, 0x33, 
   0x17, 0x23, 0x27, 0x07, 0x23, 0x17, 0x32, 0x16, 0x15, 0x14, 
   0x06, 0x23, 0x22, 0x26, 0x35, 0x34, 0x36, 0x17, 0x22, 0x06, 
   0x15, 0x14, 0x16, 0x33, 0x32, 0x36, 0x35, 0x34, 0x26, 0xD8, 
   0x5F, 0x60, 0x3F, 0x51, 0x4F, 0x40, 0x92, 0x71, 0x7D, 0x7F, 
   0x6E, 0x70, 0x7D, 0x7E, 0x6F, 0x46, 0x50, 0x50, 0x46, 0x45, 
   0x51, 0x4F, 0x02, 0xDA, 0x96, 0x60, 0x60, 0x29, 0x95, 0x88, 
   0x81, 0x94, 0x95, 0x84, 0x84, 0x95, 0x4D, 0x6D, 0x5F, 0x5F, 
   0x6D, 0x6D, 0x5C, 0x62, 0x6D, 0x00, 0x00, 0x03, 0x00, 0x1E, 
   0xFF, 0xE9, 0x01, 0xF8, 0x02, 0xC4, 0x00, 0x12, 0x00, 0x1E, 
   0x00, 0x2A, 0x00, 0x00, 0x13, 0x32, 0x16, 0x16, 0x33, 0x32, 
   0x37, 0x33, 0x06, 0x23, 0x22, 0x26, 0x26, 0x23, 0x22, 0x07, 
   0x23, 0x36, 0x36, 0x17, 0x32, 0x16, 0x15, 0x14, 0x06, 0x23, 
   0x22, 0x26, 0x35, 0x34, 0x36, 0x17, 0x22, 0x06, 0x15, 0x14, 
   0x16, 0x33, 0x32, 0x36, 0x35, 0x34, 0x26, 0xC9, 0x19, 0x2D, 
   0x2B, 0x14, 0x19, 0x0C, 0x3A, 0x0F, 0x4A, 0x12, 0x34, 0x31, 
   0x0F, 0x17, 0x0A, 0x3A, 0x08, 0x2D, 0x62, 0x71, 0x7D, 0x7F, 
   0x6E, 0x70, 0x7D, 0x7E, 0x6F, 0x46, 0x50, 0x50, 0x46, 0x45, 
   0x51, 0x4F, 0x02, 0xC4, 0x12, 0x13, 0x25, 0x68, 0x13, 0x13, 
   0x25, 0x32, 0x35, 0xA9, 0x95, 0x88, 0x81, 0x94, 0x95, 0x84, 
   0x84, 0x95, 0x4D, 0x6D, 0x5F, 0x5F, 0x6D, 0x6D, 0x5C, 0x62, 
   0x6D, 0x00, 0x00, 0x04, 0x00, 0x1E, 0xFF, 0xE9, 0x01, 0xF8, 
   0x02, 0xD9, 0x00, 0x03, 0x00, 0x07, 0x00, 0x13, 0x00, 0x1F, 
   0x00, 0x00, 0x01, 0x15, 0x23, 0x35, 0x23, 0x15, 0x23, 0x35, 
   0x17, 0x32, 0x16, 0x15, 0x14, 0x06, 0x23, 0x22, 0x26, 0x35, 
   0x34, 0x36, 0x17, 0x22, 0x06, 0x15, 0x14, 0x16, 0x33, 0x32, 
   0x36, 0x35, 0x34, 0x26, 0x01, 0x97, 0x68, 0x4B, 0x68, 0x8E, 
   0x71, 0x7D, 0x7F, 0x6E, 0x70, 0x7D, 0x7E, 0x6F, 0x46, 0x50, 
   0x50, 0x46, 0x45, 0x51, 0x4F, 0x02, 0xD9, 0x68, 0x68, 0x68, 
   0x68, 0xBE, 0x95, 0x88, 0x81, 0x94, 0x95, 0x84, 0x84, 0x95, 
   0x4D, 0x6D, 0x5F, 0x5F, 0x6D, 0x6D, 0x5C, 0x62, 0x6D, 0x00, 
   0x00, 0x03, 0x00, 0x32, 0x00, 0x00, 0x02, 0x16, 0x01, 0xD8, 
   0x00, 0x03, 0x00, 0x07, 0x00, 0x0B, 0x00, 0x00, 0x01, 0x15, 
   0x21, 0x35, 0x05, 0x15, 0x23, 0x35, 0x13, 0x15, 0x23, 0x35, 
   0x02, 0x16, 0xFE, 0x1C, 0x01, 0x26, 0x68, 0x68, 0x68, 0x01, 
   0x0F, 0x46, 0x46, 0xA7, 0x68, 0x68, 0x01, 0x70, 0x68, 0x68, 
   0x00, 0x03, 0x00, 0x0A, 0xFF, 0xE2, 0x02, 0x09, 0x02, 0x1B, 
   0x00, 0x14, 0x00, 0x1C, 0x00, 0x24, 0x00, 0x00, 0x01, 0x07, 
   0x16, 0x16, 0x15, 0x14, 0x06, 0x23, 0x22, 0x27, 0x07, 0x27, 
   0x37, 0x26, 0x35, 0x34, 0x36, 0x33, 0x32, 0x17, 0x37, 0x07, 
   0x03, 0x16, 0x33, 0x32, 0x36, 0x35, 0x34, 0x05, 0x13, 0x26, 
   0x23, 0x22, 0x06, 0x15, 0x14, 0x02, 0x09, 0x3F, 0x17, 0x15, 
   0x7D, 0x6F, 0x67, 0x3C, 0x3D, 0x20, 0x42, 0x30, 0x7E, 0x6F, 
   0x65, 0x41, 0x3A, 0x5C, 0xEE, 0x2C, 0x3E, 0x46, 0x50, 0xFE, 
   0xE9, 0xEF, 0x29, 0x45, 0x46, 0x50, 0x01, 0xFF, 0x47, 0x25, 
   0x58, 0x39, 0x84, 0x95, 0x3E, 0x45, 0x1C, 0x4A, 0x47, 0x73, 
   0x84, 0x95, 0x41, 0x41, 0xA8, 0xFE, 0xF3, 0x30, 0x6E, 0x5E, 
   0x43, 0xB8, 0x01, 0x0D, 0x34, 0x6D, 0x5F, 0x43, 0x00, 0x02, 
   0x00, 0x3C, 0xFF, 0xE9, 0x01, 0xDD, 0x02, 0xE4, 0x00, 0x03, 
   0x00, 0x17, 0x00, 0x00, 0x13, 0x17, 0x23, 0x27, 0x01, 0x23, 
   0x35, 0x06, 0x06, 0x23, 0x22, 0x26, 0x35, 0x11, 0x33, 0x11, 
   0x14, 0x16, 0x33, 0x32, 0x36, 0x35, 0x11, 0x33, 0xEC, 0x60, 
   0x3C, 0x95, 0x01, 0x62, 0x4B, 0x25, 0x50, 0x3A, 0x4C, 0x5B, 
   0x53, 0x3B, 0x31, 0x41, 0x4E, 0x53, 0x02, 0xE4, 0x94, 0x94, 
   0xFD, 0x1C, 0x49, 0x34, 0x2C, 0x4E, 0x41, 0x01, 0x94, 0xFE, 
   0x8D, 0x2F, 0x38, 0x61, 0x50, 0x01, 0x29, 0x00, 0x00, 0x02, 
   0x00, 0x3C, 0xFF, 0xE9, 0x01, 0xDD, 0x02, 0xE4, 0x00, 0x03, 
   0x00, 0x17, 0x00, 0x00, 0x01, 0x33, 0x07, 0x23, 0x01, 0x23, 
   0x35, 0x06, 0x06, 0x23, 0x22, 0x26, 0x35, 0x11, 0x33, 0x11, 
   0x14, 0x16, 0x33, 0x32, 0x36, 0x35, 0x11, 0x33, 0x01, 0x2F, 
   0x71, 0x95, 0x3C, 0x01, 0x0E, 0x4B, 0x25, 0x50, 0x3A, 0x4C, 
   0x5B, 0x53, 0x3B, 0x31, 0x41, 0x4E, 0x53, 0x02, 0xE4, 0x94, 
   0xFD, 0xB0, 0x49, 0x34, 0x2C, 0x4E, 0x41, 0x01, 0x94, 0xFE, 
   0x8D, 0x2F, 0x38, 0x61, 0x50, 0x01, 0x29, 0x00, 0x00, 0x02, 
   0x00, 0x3C, 0xFF, 0xE9, 0x01, 0xDD, 0x02, 0xD9, 0x00, 0x06, 
   0x00, 0x1A, 0x00, 0x00, 0x13, 0x33, 0x17, 0x23, 0x27, 0x07, 
   0x23, 0x01, 0x23, 0x35, 0x06, 0x06, 0x23, 0x22, 0x26, 0x35, 
   0x11, 0x33, 0x11, 0x14, 0x16, 0x33, 0x32, 0x36, 0x35, 0x11, 
   0x33, 0xDD, 0x5F, 0x60, 0x3F, 0x51, 0x4F, 0x40, 0x01, 0x60, 
   0x4B, 0x25, 0x50, 0x3A, 0x4C, 0x5B, 0x53, 0x3B, 0x31, 0x41, 
   0x4E, 0x53, 0x02, 0xD9, 0x96, 0x60, 0x60, 0xFD, 0xBD, 0x49, 
   0x34, 0x2C, 0x4E, 0x41, 0x01, 0x94, 0xFE, 0x8D, 0x2F, 0x38, 
   0x61, 0x50, 0x01, 0x29, 0x00, 0x03, 0x00, 0x3C, 0xFF, 0xE9, 
   0x01, 0xDD, 0x02, 0xD9, 0x00, 0x03, 0x00, 0x07, 0x00, 0x1B, 
   0x00, 0x00, 0x01, 0x15, 0x23, 0x35, 0x23, 0x15, 0x23, 0x35, 
   0x01, 0x23, 0x35, 0x06, 0x06, 0x23, 0x22, 0x26, 0x35, 0x11, 
   0x33, 0x11, 0x14, 0x16, 0x33, 0x32, 0x36, 0x35, 0x11, 0x33, 
   0x01, 0x9C, 0x68, 0x4B, 0x68, 0x01, 0x5C, 0x4B, 0x25, 0x50, 
   0x3A, 0x4C, 0x5B, 0x53, 0x3B, 0x31, 0x41, 0x4E, 0x53, 0x02, 
   0xD9, 0x68, 0x68, 0x68, 0x68, 0xFD, 0x27, 0x49, 0x34, 0x2C, 
   0x4E, 0x41, 0x01, 0x94, 0xFE, 0x8D, 0x2F, 0x38, 0x61, 0x50, 
   0x01, 0x29, 0x00, 0x02, 0x00, 0x0A, 0xFF, 0x26, 0x01, 0xD4, 
   0x02, 0xE4, 0x00, 0x03, 0x00, 0x15, 0x00, 0x00, 0x01, 0x33, 
   0x07, 0x23, 0x17, 0x33, 0x03, 0x06, 0x06, 0x23, 0x22, 0x27, 
   0x35, 0x16, 0x33, 0x32, 0x36, 0x37, 0x37, 0x03, 0x33, 0x13, 
   0x01, 0x15, 0x71, 0x95, 0x3C, 0xC5, 0x5A, 0xE9, 0x16, 0x46, 
   0x2B, 0x1F, 0x19, 0x1B, 0x11, 0x1A, 0x1F, 0x0A, 0x20, 0xB1, 
   0x59, 0x86, 0x02, 0xE4, 0x94, 0x44, 0xFD, 0x86, 0x3A, 0x32, 
   0x0D, 0x4B, 0x06, 0x17, 0x1C, 0x53, 0x02, 0x0E, 0xFE, 0x68, 
   0x00, 0x02, 0x00, 0x3C, 0xFF, 0x26, 0x02, 0x10, 0x02, 0xCA, 
   0x00, 0x12, 0x00, 0x1E, 0x00, 0x00, 0x17, 0x11, 0x33, 0x15, 
   0x36, 0x36, 0x33, 0x32, 0x16, 0x16, 0x15, 0x14, 0x06, 0x06, 
   0x23, 0x22, 0x26, 0x27, 0x11, 0x13, 0x22, 0x06, 0x15, 0x14, 
   0x16, 0x33, 0x32, 0x36, 0x35, 0x34, 0x26, 0x3C, 0x53, 0x1B, 
   0x54, 0x32, 0x44, 0x65, 0x37, 0x38, 0x64, 0x44, 0x33, 0x4D, 
   0x21, 0x92, 0x42, 0x50, 0x50, 0x42, 0x44, 0x54, 0x53, 0xDA, 
   0x03, 0xA4, 0xFF, 0x26, 0x2A, 0x46, 0x81, 0x57, 0x53, 0x7D, 
   0x44, 0x26, 0x28, 0xFE, 0xEF, 0x02, 0xA7, 0x6F, 0x5C, 0x5C, 
   0x6F, 0x6F, 0x59, 0x5E, 0x70, 0x00, 0x00, 0x03, 0x00, 0x0A, 
   0xFF, 0x26, 0x01, 0xD4, 0x02, 0xD9, 0x00, 0x03, 0x00, 0x07, 
   0x00, 0x19, 0x00, 0x00, 0x01, 0x15, 0x23, 0x35, 0x23, 0x15, 
   0x23, 0x35, 0x05, 0x33, 0x03, 0x06, 0x06, 0x23, 0x22, 0x27, 
   0x35, 0x16, 0x33, 0x32, 0x36, 0x37, 0x37, 0x03, 0x33, 0x13, 
   0x01, 0x8A, 0x68, 0x4B, 0x68, 0x01, 0x0B, 0x5A, 0xE9, 0x16, 
   0x46, 0x2B, 0x1F, 0x19, 0x1B, 0x11, 0x1A, 0x1F, 0x0A, 0x20, 
   0xB1, 0x59, 0x86, 0x02, 0xD9, 0x68, 0x68, 0x68, 0x68, 0xCD, 
   0xFD, 0x86, 0x3A, 0x32, 0x0D, 0x4B, 0x06, 0x17, 0x1C, 0x53, 
   0x02, 0x0E, 0xFE, 0x68, 0x00, 0x02, 0x00, 0x64, 0xFF, 0xE9, 
   0x02, 0xA2, 0x02, 0xD9, 0x00, 0x12, 0x00, 0x16, 0x00, 0x00, 
   0x25, 0x32, 0x36, 0x36, 0x35, 0x11, 0x33, 0x11, 0x14, 0x06, 
   0x23, 0x22, 0x26, 0x35, 0x35, 0x33, 0x15, 0x14, 0x16, 0x03, 
   0x11, 0x23, 0x11, 0x01, 0xD5, 0x2E, 0x30, 0x12, 0x5D, 0x6F, 
   0x5F, 0x5E, 0x6D, 0x5F, 0x39, 0xDF, 0x5E, 0x37, 0x2A, 0x49, 
   0x2E, 0x02, 0x01, 0xFD, 0xDD, 0x5E, 0x6F, 0x69, 0x58, 0x40, 
   0x2F, 0x40, 0x44, 0x02, 0xA2, 0xFD, 0x27, 0x02, 0xD9, 0x00, 
   0x00, 0x04, 0x00, 0x42, 0xFF, 0x26, 0x01, 0x4D, 0x02, 0xD9, 
   0x00, 0x0E, 0x00, 0x12, 0x00, 0x16, 0x00, 0x1A, 0x00, 0x00, 
   0x13, 0x33, 0x11, 0x14, 0x23, 0x22, 0x26, 0x27, 0x35, 0x16, 
   0x16, 0x33, 0x32, 0x36, 0x35, 0x13, 0x15, 0x23, 0x35, 0x07, 
   0x11, 0x23, 0x11, 0x37, 0x15, 0x23, 0x35, 0xFA, 0x53, 0x8F, 
   0x0A, 0x0A, 0x08, 0x05, 0x0D, 0x05, 0x25, 0x1C, 0x53, 0x53, 
   0x64, 0x53, 0x53, 0x54, 0x02, 0x0C, 0xFD, 0x87, 0x6D, 0x02, 
   0x01, 0x47, 0x01, 0x01, 0x1F, 0x27, 0x03, 0x25, 0x69, 0x69, 
   0xCD, 0xFD, 0xF4, 0x02, 0x0C, 0xCD, 0x69, 0x69, 0x00, 0x02, 
   0x00, 0x50, 0x00, 0x00, 0x02, 0x15, 0x02, 0xD9, 0x00, 0x03, 
   0x00, 0x09, 0x00, 0x00, 0x01, 0x15, 0x23, 0x35, 0x03, 0x11, 
   0x21, 0x15, 0x21, 0x11, 0x02, 0x0F, 0x68, 0xFA, 0x01, 0x68, 
   0xFE, 0x3B, 0x01, 0x4B, 0x68, 0x68, 0x01, 0x8E, 0xFD, 0x79, 
   0x52, 0x02, 0xD9, 0x00, 0x00, 0x02, 0x00, 0x3C, 0x00, 0x00, 
   0x01, 0x4F, 0x02, 0xD9, 0x00, 0x03, 0x00, 0x07, 0x00, 0x00, 
   0x01, 0x15, 0x23, 0x35, 0x03, 0x11, 0x23, 0x11, 0x01, 0x4F, 
   0x68, 0x57, 0x54, 0x01, 0x4B, 0x68, 0x68, 0x01, 0x8E, 0xFD, 
   0x27, 0x02, 0xD9, 0x00, 0x00, 0x02, 0x00, 0x28, 0xFF, 0xEC, 
   0x03, 0xBC, 0x02, 0xE5, 0x00, 0x1D, 0x00, 0x2C, 0x00, 0x00, 
   0x13, 0x34, 0x3E, 0x03, 0x33, 0x32, 0x17, 0x35, 0x21, 0x15, 
   0x21, 0x15, 0x21, 0x15, 0x21, 0x15, 0x21, 0x15, 0x21, 0x35, 
   0x06, 0x06, 0x23, 0x22, 0x2E, 0x03, 0x37, 0x14, 0x1E, 0x02, 
   0x33, 0x32, 0x37, 0x11, 0x26, 0x23, 0x22, 0x0E, 0x02, 0x28, 
   0x26, 0x40, 0x4F, 0x52, 0x24, 0x79, 0x3E, 0x01, 0xAD, 0xFE, 
   0xB0, 0x01, 0x48, 0xFE, 0xB8, 0x01, 0x55, 0xFE, 0x4E, 0x22, 
   0x59, 0x3D, 0x25, 0x52, 0x4E, 0x3F, 0x26, 0x5D, 0x27, 0x3D, 
   0x48, 0x21, 0x7D, 0x3B, 0x3B, 0x7C, 0x23, 0x48, 0x3D, 0x26, 
   0x01, 0x64, 0x5C, 0x85, 0x58, 0x33, 0x15, 0x58, 0x4C, 0x52, 
   0xEE, 0x52, 0xF5, 0x52, 0x4A, 0x31, 0x2D, 0x15, 0x32, 0x55, 
   0x82, 0x5E, 0x5F, 0x76, 0x3E, 0x17, 0x78, 0x01, 0x65, 0x78, 
   0x18, 0x40, 0x75, 0x00, 0x00, 0x03, 0x00, 0x1E, 0xFF, 0xE9, 
   0x03, 0x79, 0x02, 0x1B, 0x00, 0x21, 0x00, 0x2D, 0x00, 0x34, 
   0x00, 0x00, 0x25, 0x1E, 0x03, 0x33, 0x32, 0x37, 0x33, 0x06, 
   0x06, 0x23, 0x22, 0x26, 0x27, 0x06, 0x23, 0x22, 0x26, 0x35, 
   0x34, 0x36, 0x33, 0x32, 0x17, 0x36, 0x36, 0x33, 0x32, 0x16, 
   0x17, 0x16, 0x16, 0x15, 0x25, 0x22, 0x06, 0x15, 0x14, 0x16, 
   0x33, 0x32, 0x36, 0x35, 0x34, 0x26, 0x17, 0x21, 0x34, 0x26, 
   0x23, 0x22, 0x06, 0x01, 0xF7, 0x01, 0x1F, 0x2E, 0x35, 0x17, 
   0x66, 0x23, 0x54, 0x10, 0x76, 0x59, 0x40, 0x64, 0x1E, 0x3F, 
   0x83, 0x71, 0x7C, 0x7C, 0x71, 0x87, 0x3D, 0x1F, 0x65, 0x3D, 
   0x4A, 0x71, 0x19, 0x0B, 0x0A, 0xFD, 0x92, 0x46, 0x50, 0x50, 
   0x46, 0x45, 0x51, 0x4F, 0xA7, 0x01, 0x26, 0x50, 0x40, 0x3F, 
   0x52, 0xEA, 0x37, 0x46, 0x27, 0x10, 0x69, 0x55, 0x61, 0x36, 
   0x31, 0x67, 0x93, 0x87, 0x86, 0x92, 0x6A, 0x32, 0x38, 0x49, 
   0x41, 0x1D, 0x4E, 0x3C, 0xE4, 0x6C, 0x5F, 0x60, 0x6D, 0x6C, 
   0x5E, 0x61, 0x6D, 0xA0, 0x47, 0x59, 0x57, 0x00, 0x00, 0x02, 
   0x00, 0x30, 0xFF, 0xE9, 0x02, 0x6D, 0x03, 0x84, 0x00, 0x06, 
   0x00, 0x36, 0x00, 0x00, 0x01, 0x23, 0x27, 0x33, 0x17, 0x37, 
   0x33, 0x03, 0x32, 0x3E, 0x02, 0x35, 0x34, 0x26, 0x27, 0x27, 
   0x26, 0x35, 0x34, 0x36, 0x33, 0x32, 0x16, 0x17, 0x23, 0x26, 
   0x26, 0x23, 0x22, 0x06, 0x15, 0x14, 0x16, 0x17, 0x17, 0x16, 
   0x16, 0x15, 0x14, 0x0E, 0x02, 0x23, 0x22, 0x2E, 0x02, 0x27, 
   0x33, 0x15, 0x14, 0x1E, 0x02, 0x01, 0x7B, 0x5F, 0x60, 0x3F, 
   0x51, 0x4F, 0x40, 0x85, 0x3B, 0x4A, 0x27, 0x0E, 0x41, 0x45, 
   0xB5, 0x8F, 0x8B, 0x78, 0x7E, 0x8C, 0x01, 0x58, 0x01, 0x5E, 
   0x57, 0x49, 0x5A, 0x36, 0x42, 0xB7, 0x4A, 0x51, 0x1A, 0x3E, 
   0x6F, 0x56, 0x2F, 0x64, 0x56, 0x36, 0x01, 0x58, 0x12, 0x2E, 
   0x50, 0x03, 0x07, 0x7D, 0x3D, 0x3D, 0xFC, 0xB7, 0x1A, 0x29, 
   0x2E, 0x13, 0x2B, 0x39, 0x12, 0x30, 0x25, 0x85, 0x63, 0x73, 
   0x77, 0x6B, 0x47, 0x4D, 0x43, 0x38, 0x2A, 0x30, 0x12, 0x31, 
   0x14, 0x5F, 0x44, 0x21, 0x4D, 0x45, 0x2C, 0x16, 0x38, 0x63, 
   0x4E, 0x05, 0x1C, 0x3B, 0x32, 0x1F, 0x00, 0x02, 0x00, 0x22, 
   0xFF, 0xE9, 0x01, 0xCB, 0x02, 0xDD, 0x00, 0x06, 0x00, 0x2D, 
   0x00, 0x00, 0x01, 0x23, 0x27, 0x33, 0x17, 0x37, 0x33, 0x01, 
   0x1E, 0x02, 0x33, 0x32, 0x36, 0x35, 0x34, 0x26, 0x27, 0x27, 
   0x26, 0x26, 0x35, 0x34, 0x36, 0x33, 0x32, 0x16, 0x17, 0x23, 
   0x26, 0x23, 0x22, 0x06, 0x15, 0x14, 0x16, 0x17, 0x17, 0x16, 
   0x16, 0x15, 0x14, 0x06, 0x23, 0x22, 0x27, 0x01, 0x26, 0x5F, 
   0x60, 0x3F, 0x51, 0x4F, 0x40, 0xFE, 0xF4, 0x04, 0x14, 0x35, 
   0x33, 0x37, 0x43, 0x25, 0x2C, 0x4E, 0x5D, 0x49, 0x6E, 0x5B, 
   0x5B, 0x62, 0x01, 0x58, 0x03, 0x66, 0x33, 0x3C, 0x2E, 0x33, 
   0x50, 0x4E, 0x46, 0x75, 0x63, 0xCB, 0x06, 0x02, 0x47, 0x96, 
   0x60, 0x60, 0xFD, 0xBF, 0x19, 0x2F, 0x1E, 0x2D, 0x25, 0x1D, 
   0x22, 0x0A, 0x13, 0x17, 0x43, 0x3D, 0x49, 0x57, 0x54, 0x4D, 
   0x54, 0x2B, 0x24, 0x1C, 0x23, 0x0C, 0x13, 0x13, 0x44, 0x3B, 
   0x4C, 0x5A, 0xB3, 0x00, 0x00, 0x03, 0x00, 0x0F, 0x00, 0x00, 
   0x02, 0x97, 0x03, 0x71, 0x00, 0x03, 0x00, 0x07, 0x00, 0x10, 
   0x00, 0x00, 0x01, 0x15, 0x23, 0x35, 0x23, 0x15, 0x23, 0x35, 
   0x13, 0x11, 0x23, 0x11, 0x01, 0x33, 0x13, 0x13, 0x33, 0x01, 
   0xE2, 0x68, 0x4B, 0x68, 0xBE, 0x5D, 0xFE, 0xE7, 0x73, 0xD6, 
   0xD0, 0x6F, 0x03, 0x71, 0x68, 0x68, 0x68, 0x68, 0xFD, 0xAD, 
   0xFE, 0xE2, 0x01, 0x1E, 0x01, 0xBB, 0xFE, 0x9D, 0x01, 0x63, 
   0x00, 0x02, 0x00, 0x1E, 0x00, 0x00, 0x02, 0x49, 0x03, 0x84, 
   0x00, 0x06, 0x00, 0x10, 0x00, 0x00, 0x01, 0x23, 0x27, 0x33, 
   0x17, 0x37, 0x33, 0x17, 0x15, 0x01, 0x21, 0x15, 0x21, 0x35, 
   0x01, 0x21, 0x35, 0x01, 0x6F, 0x5F, 0x60, 0x3F, 0x51, 0x4F, 
   0x40, 0x78, 0xFE, 0x4C, 0x01, 0xB6, 0xFD, 0xD5, 0x01, 0xB6, 
   0xFE, 0x66, 0x03, 0x07, 0x7D, 0x3D, 0x3D, 0xAB, 0x54, 0xFD, 
   0xCD, 0x52, 0x52, 0x02, 0x35, 0x52, 0x00, 0x02, 0x00, 0x1E, 
   0x00, 0x00, 0x01, 0xC8, 0x02, 0xDD, 0x00, 0x06, 0x00, 0x10, 
   0x00, 0x00, 0x01, 0x23, 0x27, 0x33, 0x17, 0x37, 0x33, 0x17, 
   0x15, 0x01, 0x21, 0x15, 0x21, 0x35, 0x01, 0x21, 0x35, 0x01, 
   0x2A, 0x5F, 0x60, 0x3F, 0x51, 0x4F, 0x40, 0x30, 0xFE, 0xC9, 
   0x01, 0x45, 0xFE, 0x56, 0x01, 0x39, 0xFE, 0xDC, 0x02, 0x47, 
   0x96, 0x60, 0x60, 0xD1, 0x4A, 0xFE, 0x87, 0x49, 0x4B, 0x01, 
   0x78, 0x49, 0x00, 0x01, 0x00, 0x00, 0xFF, 0x26, 0x01, 0x02, 
   0x02, 0xDC, 0x00, 0x21, 0x00, 0x00, 0x01, 0x15, 0x23, 0x11, 
   0x14, 0x23, 0x22, 0x26, 0x27, 0x35, 0x16, 0x32, 0x33, 0x32, 
   0x36, 0x35, 0x11, 0x23, 0x35, 0x33, 0x35, 0x34, 0x36, 0x33, 
   0x32, 0x16, 0x17, 0x15, 0x26, 0x22, 0x23, 0x22, 0x15, 0x15, 
   0x01, 0x02, 0x57, 0x8F, 0x0A, 0x0A, 0x08, 0x0D, 0x05, 0x02, 
   0x26, 0x1E, 0x46, 0x46, 0x41, 0x3A, 0x0D, 0x14, 0x0E, 0x0E, 
   0x0A, 0x05, 0x3A, 0x02, 0x0C, 0x44, 0xFD, 0xCB, 0x6D, 0x02, 
   0x01, 0x47, 0x01, 0x1E, 0x27, 0x02, 0x14, 0x44, 0x59, 0x38, 
   0x3F, 0x02, 0x03, 0x45, 0x01, 0x35, 0x52, 0x00, 0x00, 0x01, 
   0x00, 0x14, 0x02, 0x4F, 0x01, 0x33, 0x02, 0xE5, 0x00, 0x06, 
   0x00, 0x00, 0x13, 0x33, 0x17, 0x23, 0x27, 0x07, 0x23, 0x74, 
   0x5F, 0x60, 0x3F, 0x51, 0x4F, 0x40, 0x02, 0xE5, 0x96, 0x60, 
   0x60, 0x00, 0x00, 0x01, 0x00, 0x05, 0x02, 0x65, 0x01, 0x3F, 
   0x02, 0xCD, 0x00, 0x12, 0x00, 0x00, 0x13, 0x32, 0x16, 0x16, 
   0x33, 0x32, 0x37, 0x33, 0x06, 0x23, 0x22, 0x26, 0x26, 0x23, 
   0x22, 0x07, 0x23, 0x36, 0x36, 0x5B, 0x19, 0x2D, 0x2B, 0x14, 
   0x19, 0x0C, 0x3A, 0x0F, 0x4A, 0x12, 0x34, 0x31, 0x0F, 0x17, 
   0x0A, 0x3A, 0x08, 0x2D, 0x02, 0xCD, 0x12, 0x13, 0x25, 0x68, 
   0x13, 0x13, 0x25, 0x32, 0x35, 0x00, 0x00, 0x01, 0x00, 0x28, 
   0x00, 0xF0, 0x01, 0xCC, 0x01, 0x38, 0x00, 0x03, 0x00, 0x00, 
   0x01, 0x15, 0x21, 0x35, 0x01, 0xCC, 0xFE, 0x5C, 0x01, 0x38, 
   0x48, 0x48, 0x00, 0x01, 0x00, 0x28, 0x00, 0xF0, 0x03, 0xC0, 
   0x01, 0x38, 0x00, 0x03, 0x00, 0x00, 0x01, 0x15, 0x21, 0x35, 
   0x03, 0xC0, 0xFC, 0x68, 0x01, 0x38, 0x48, 0x48, 0x00, 0x01, 
   0x00, 0x61, 0x01, 0xF2, 0x00, 0xBE, 0x02, 0xDA, 0x00, 0x0B, 
   0x00, 0x00, 0x13, 0x23, 0x35, 0x34, 0x36, 0x37, 0x15, 0x0E, 
   0x02, 0x15, 0x33, 0xBE, 0x5D, 0x30, 0x2D, 0x16, 0x14, 0x05, 
   0x2F, 0x01, 0xF2, 0x65, 0x3C, 0x43, 0x04, 0x26, 0x04, 0x1F, 
   0x27, 0x10, 0x00, 0x01, 0x00, 0x50, 0x01, 0xF1, 0x00, 0xAD, 
   0x02, 0xD9, 0x00, 0x0B, 0x00, 0x00, 0x13, 0x33, 0x15, 0x14, 
   0x06, 0x07, 0x35, 0x3E, 0x02, 0x35, 0x23, 0x50, 0x5D, 0x30, 
   0x2D, 0x16, 0x14, 0x05, 0x2F, 0x02, 0xD9, 0x65, 0x3C, 0x43, 
   0x04, 0x26, 0x04, 0x1D, 0x28, 0x11, 0x00, 0x01, 0x00, 0x50, 
   0xFF, 0x80, 0x00, 0xAD, 0x00, 0x68, 0x00, 0x0B, 0x00, 0x00, 
   0x37, 0x33, 0x15, 0x14, 0x06, 0x07, 0x35, 0x3E, 0x02, 0x35, 
   0x23, 0x50, 0x5D, 0x30, 0x2D, 0x16, 0x14, 0x05, 0x2F, 0x68, 
   0x65, 0x3C, 0x43, 0x04, 0x26, 0x04, 0x1D, 0x28, 0x11, 0x00, 
   0x00, 0x02, 0x00, 0x59, 0x01, 0xF2, 0x01, 0x54, 0x02, 0xDA, 
   0x00, 0x0B, 0x00, 0x17, 0x00, 0x00, 0x01, 0x23, 0x35, 0x34, 
   0x36, 0x37, 0x15, 0x0E, 0x02, 0x15, 0x33, 0x07, 0x23, 0x35, 
   0x34, 0x36, 0x37, 0x15, 0x0E, 0x02, 0x15, 0x33, 0x01, 0x54, 
   0x5D, 0x30, 0x2D, 0x16, 0x14, 0x05, 0x2F, 0x9E, 0x5D, 0x30, 
   0x2D, 0x16, 0x14, 0x05, 0x2F, 0x01, 0xF2, 0x65, 0x3C, 0x43, 
   0x04, 0x26, 0x04, 0x1F, 0x27, 0x10, 0x68, 0x65, 0x3C, 0x43, 
   0x04, 0x26, 0x04, 0x1F, 0x27, 0x10, 0x00, 0x02, 0x00, 0x50, 
   0x01, 0xF1, 0x01, 0x4D, 0x02, 0xD9, 0x00, 0x0B, 0x00, 0x17, 
   0x00, 0x00, 0x13, 0x33, 0x15, 0x14, 0x06, 0x07, 0x35, 0x3E, 
   0x02, 0x35, 0x23, 0x27, 0x33, 0x15, 0x14, 0x06, 0x07, 0x35, 
   0x3E, 0x02, 0x35, 0x23, 0xF0, 0x5D, 0x30, 0x2D, 0x16, 0x14, 
   0x05, 0x2F, 0xA0, 0x5D, 0x30, 0x2D, 0x16, 0x14, 0x05, 0x2F, 
   0x02, 0xD9, 0x65, 0x3C, 0x43, 0x04, 0x26, 0x04, 0x1D, 0x28, 
   0x11, 0x68, 0x65, 0x3C, 0x43, 0x04, 0x26, 0x04, 0x1D, 0x28, 
   0x11, 0x00, 0x00, 0x02, 0x00, 0x50, 0xFF, 0x80, 0x01, 0x4D, 
   0x00, 0x68, 0x00, 0x0B, 0x00, 0x17, 0x00, 0x00, 0x37, 0x33, 
   0x15, 0x14, 0x06, 0x07, 0x35, 0x3E, 0x02, 0x35, 0x23, 0x27, 
   0x33, 0x15, 0x14, 0x06, 0x07, 0x35, 0x3E, 0x02, 0x35, 0x23, 
   0xF0, 0x5D, 0x30, 0x2D, 0x16, 0x14, 0x05, 0x2F, 0xA0, 0x5D, 
   0x30, 0x2D, 0x16, 0x14, 0x05, 0x2F, 0x68, 0x65, 0x3C, 0x43, 
   0x04, 0x26, 0x04, 0x1D, 0x28, 0x11, 0x68, 0x65, 0x3C, 0x43, 
   0x04, 0x26, 0x04, 0x1D, 0x28, 0x11, 0x00, 0x01, 0x00, 0x26, 
   0xFF, 0x4F, 0x02, 0x01, 0x02, 0xC5, 0x00, 0x0B, 0x00, 0x00, 
   0x01, 0x15, 0x23, 0x11, 0x23, 0x11, 0x23, 0x35, 0x33, 0x35, 
   0x33, 0x15, 0x02, 0x01, 0xC2, 0x58, 0xC1, 0xC1, 0x58, 0x01, 
   0xF6, 0x52, 0xFD, 0xAB, 0x02, 0x55, 0x52, 0xCF, 0xCF, 0x00, 
   0x00, 0x01, 0x00, 0x26, 0xFF, 0x4F, 0x02, 0x01, 0x02, 0xC5, 
   0x00, 0x13, 0x00, 0x00, 0x01, 0x15, 0x23, 0x11, 0x33, 0x15, 
   0x23, 0x15, 0x23, 0x35, 0x23, 0x35, 0x33, 0x11, 0x23, 0x35, 
   0x33, 0x35, 0x33, 0x15, 0x02, 0x01, 0xC2, 0xC2, 0xC2, 0x58, 
   0xC1, 0xC1, 0xC1, 0xC1, 0x58, 0x01, 0xF6, 0x52, 0xFE, 0xCD, 
   0x52, 0xD0, 0xD0, 0x52, 0x01, 0x33, 0x52, 0xCF, 0xCF, 0x00, 
   0x00, 0x01, 0x00, 0x4B, 0x00, 0xDC, 0x01, 0x45, 0x01, 0xD6, 
   0x00, 0x0F, 0x00, 0x00, 0x13, 0x32, 0x16, 0x16, 0x15, 0x14, 
   0x06, 0x06, 0x23, 0x22, 0x26, 0x26, 0x35, 0x34, 0x36, 0x36, 
   0xC8, 0x23, 0x39, 0x21, 0x22, 0x39, 0x22, 0x22, 0x39, 0x22, 
   0x22, 0x39, 0x01, 0xD6, 0x22, 0x39, 0x24, 0x21, 0x38, 0x22, 
   0x22, 0x39, 0x22, 0x23, 0x38, 0x22, 0x00, 0x03, 0x00, 0x50, 
   0x00, 0x00, 0x02, 0x58, 0x00, 0x68, 0x00, 0x03, 0x00, 0x07, 
   0x00, 0x0B, 0x00, 0x00, 0x25, 0x15, 0x23, 0x35, 0x21, 0x15, 
   0x23, 0x35, 0x21, 0x15, 0x23, 0x35, 0x01, 0x88, 0x68, 0x01, 
   0x38, 0x68, 0xFE, 0xC8, 0x68, 0x68, 0x68, 0x68, 0x68, 0x68, 
   0x68, 0x68, 0x00, 0x07, 0x00, 0x09, 0xFF, 0xEA, 0x03, 0xE1, 
   0x02, 0xE2, 0x00, 0x0F, 0x00, 0x1B, 0x00, 0x1F, 0x00, 0x2F, 
   0x00, 0x3B, 0x00, 0x4B, 0x00, 0x57, 0x00, 0x00, 0x13, 0x32, 
   0x16, 0x16, 0x15, 0x14, 0x06, 0x06, 0x23, 0x22, 0x26, 0x26, 
   0x35, 0x34, 0x36, 0x36, 0x17, 0x22, 0x06, 0x15, 0x14, 0x16, 
   0x33, 0x32, 0x36, 0x35, 0x34, 0x26, 0x25, 0x33, 0x01, 0x23, 
   0x01, 0x32, 0x16, 0x16, 0x15, 0x14, 0x06, 0x06, 0x23, 0x22, 
   0x26, 0x26, 0x35, 0x34, 0x36, 0x36, 0x17, 0x22, 0x06, 0x15, 
   0x14, 0x16, 0x33, 0x32, 0x36, 0x35, 0x34, 0x26, 0x25, 0x32, 
   0x16, 0x16, 0x15, 0x14, 0x06, 0x06, 0x23, 0x22, 0x26, 0x26, 
   0x35, 0x34, 0x36, 0x36, 0x17, 0x22, 0x06, 0x15, 0x14, 0x16, 
   0x33, 0x32, 0x36, 0x35, 0x34, 0x26, 0x9E, 0x2A, 0x44, 0x28, 
   0x29, 0x43, 0x29, 0x29, 0x45, 0x28, 0x28, 0x44, 0x29, 0x25, 
   0x35, 0x36, 0x25, 0x25, 0x35, 0x35, 0x01, 0x28, 0x42, 0xFE, 
   0x75, 0x42, 0x01, 0x82, 0x2A, 0x44, 0x28, 0x29, 0x43, 0x29, 
   0x29, 0x45, 0x28, 0x28, 0x44, 0x29, 0x25, 0x35, 0x35, 0x25, 
   0x26, 0x35, 0x35, 0x01, 0x42, 0x2A, 0x44, 0x28, 0x29, 0x43, 
   0x29, 0x29, 0x45, 0x28, 0x28, 0x44, 0x29, 0x25, 0x35, 0x35, 
   0x25, 0x26, 0x35, 0x35, 0x02, 0xD8, 0x29, 0x44, 0x2B, 0x28, 
   0x44, 0x29, 0x29, 0x45, 0x29, 0x29, 0x44, 0x29, 0x3C, 0x35, 
   0x25, 0x25, 0x36, 0x35, 0x25, 0x26, 0x35, 0x46, 0xFD, 0x0A, 
   0x01, 0x2B, 0x29, 0x44, 0x2B, 0x28, 0x44, 0x29, 0x29, 0x45, 
   0x29, 0x29, 0x44, 0x29, 0x3C, 0x35, 0x25, 0x25, 0x36, 0x35, 
   0x25, 0x26, 0x35, 0x3C, 0x29, 0x44, 0x2B, 0x28, 0x44, 0x29, 
   0x29, 0x45, 0x29, 0x29, 0x44, 0x29, 0x3C, 0x35, 0x25, 0x25, 
   0x36, 0x35, 0x25, 0x26, 0x35, 0x00, 0x00, 0x01, 0x00, 0x31, 
   0x00, 0x6A, 0x00, 0xC9, 0x01, 0xB6, 0x00, 0x06, 0x00, 0x00, 
   0x37, 0x35, 0x37, 0x15, 0x07, 0x17, 0x15, 0x31, 0x98, 0x6A, 
   0x6A, 0xE3, 0x59, 0x7A, 0x53, 0x53, 0x53, 0x53, 0x00, 0x01, 
   0x00, 0x31, 0x00, 0x6A, 0x00, 0xC9, 0x01, 0xB6, 0x00, 0x06, 
   0x00, 0x00, 0x13, 0x15, 0x07, 0x35, 0x37, 0x27, 0x35, 0xC9, 
   0x98, 0x6A, 0x6A, 0x01, 0x3D, 0x59, 0x7A, 0x53, 0x53, 0x53, 
   0x53, 0x00, 0x00, 0x01, 0x00, 0x24, 0xFF, 0xE9, 0x02, 0x6B, 
   0x02, 0xC5, 0x00, 0x3A, 0x00, 0x00, 0x05, 0x22, 0x2E, 0x03, 
   0x27, 0x23, 0x37, 0x33, 0x26, 0x34, 0x35, 0x34, 0x36, 0x37, 
   0x23, 0x37, 0x33, 0x3E, 0x04, 0x33, 0x32, 0x16, 0x17, 0x07, 
   0x26, 0x26, 0x23, 0x22, 0x06, 0x06, 0x07, 0x21, 0x07, 0x21, 
   0x06, 0x06, 0x15, 0x14, 0x14, 0x17, 0x21, 0x07, 0x23, 0x1E, 
   0x02, 0x33, 0x32, 0x36, 0x36, 0x37, 0x15, 0x06, 0x06, 0x01, 
   0xA4, 0x41, 0x62, 0x44, 0x2B, 0x17, 0x04, 0x53, 0x16, 0x37, 
   0x01, 0x02, 0x01, 0x4F, 0x16, 0x3F, 0x02, 0x16, 0x2B, 0x45, 
   0x65, 0x44, 0x34, 0x5C, 0x31, 0x1E, 0x37, 0x4B, 0x28, 0x2B, 
   0x53, 0x40, 0x11, 0x01, 0x45, 0x17, 0xFE, 0xC9, 0x01, 0x01, 
   0x01, 0x01, 0x1F, 0x18, 0xFF, 0x10, 0x42, 0x55, 0x2B, 0x19, 
   0x2D, 0x39, 0x28, 0x26, 0x54, 0x17, 0x2C, 0x44, 0x4D, 0x44, 
   0x14, 0x3B, 0x08, 0x11, 0x07, 0x09, 0x0B, 0x0E, 0x3B, 0x10, 
   0x41, 0x4C, 0x45, 0x2D, 0x20, 0x23, 0x49, 0x29, 0x17, 0x2A, 
   0x57, 0x42, 0x3B, 0x0A, 0x12, 0x08, 0x05, 0x0E, 0x0B, 0x3B, 
   0x40, 0x59, 0x2E, 0x07, 0x17, 0x18, 0x59, 0x17, 0x14, 0x00, 
   0x00, 0x02, 0x00, 0x14, 0x00, 0xCB, 0x03, 0xD2, 0x02, 0xD9, 
   0x00, 0x0C, 0x00, 0x14, 0x00, 0x00, 0x25, 0x23, 0x03, 0x11, 
   0x23, 0x11, 0x33, 0x13, 0x13, 0x33, 0x11, 0x23, 0x11, 0x25, 
   0x11, 0x23, 0x11, 0x23, 0x35, 0x21, 0x15, 0x03, 0x03, 0x5A, 
   0x87, 0x4A, 0x6D, 0x91, 0x8F, 0x6D, 0x4A, 0xFD, 0x82, 0x4E, 
   0xA8, 0x01, 0x9C, 0xCC, 0x01, 0x9A, 0xFE, 0x66, 0x02, 0x0D, 
   0xFE, 0x4B, 0x01, 0xB5, 0xFD, 0xF3, 0x01, 0x9A, 0x2C, 0xFE, 
   0x39, 0x01, 0xC7, 0x46, 0x46, 0x00, 0x00, 0x03, 0x00, 0x1E, 
   0xFF, 0xEC, 0x03, 0x5F, 0x02, 0xDF, 0x00, 0x1E, 0x00, 0x3B, 
   0x00, 0x3F, 0x00, 0x00, 0x01, 0x15, 0x23, 0x07, 0x36, 0x33, 
   0x32, 0x16, 0x15, 0x14, 0x06, 0x23, 0x22, 0x2E, 0x02, 0x27, 
   0x33, 0x16, 0x33, 0x32, 0x36, 0x35, 0x34, 0x26, 0x23, 0x22, 
   0x06, 0x07, 0x23, 0x37, 0x25, 0x22, 0x06, 0x06, 0x07, 0x23, 
   0x36, 0x33, 0x32, 0x16, 0x15, 0x14, 0x07, 0x07, 0x06, 0x06, 
   0x07, 0x33, 0x15, 0x21, 0x3E, 0x02, 0x37, 0x37, 0x36, 0x35, 
   0x34, 0x26, 0x25, 0x33, 0x01, 0x23, 0x03, 0x47, 0xBE, 0x12, 
   0x26, 0x2E, 0x42, 0x52, 0x58, 0x45, 0x31, 0x3A, 0x1E, 0x0C, 
   0x02, 0x38, 0x15, 0x49, 0x2F, 0x35, 0x36, 0x2E, 0x1B, 0x25, 
   0x14, 0x34, 0x22, 0xFE, 0x62, 0x25, 0x24, 0x0C, 0x02, 0x3E, 
   0x04, 0x93, 0x41, 0x51, 0x60, 0x3F, 0x20, 0x20, 0x09, 0xE5, 
   0xFE, 0xD0, 0x03, 0x17, 0x35, 0x30, 0x3A, 0x3B, 0x31, 0x01, 
   0xA8, 0x3E, 0xFE, 0x32, 0x3E, 0x01, 0xB0, 0x34, 0x77, 0x1A, 
   0x4F, 0x3F, 0x43, 0x55, 0x1E, 0x2A, 0x26, 0x08, 0x47, 0x34, 
   0x2E, 0x2F, 0x37, 0x11, 0x17, 0xE8, 0xFA, 0x20, 0x2D, 0x16, 
   0x98, 0x46, 0x38, 0x52, 0x2F, 0x20, 0x11, 0x22, 0x1D, 0x3A, 
   0x31, 0x40, 0x31, 0x19, 0x1F, 0x20, 0x2F, 0x20, 0x2B, 0x2F, 
   0xFD, 0x13, 0x00, 0x03, 0x00, 0x24, 0xFF, 0xEC, 0x03, 0x55, 
   0x02, 0xDA, 0x00, 0x1E, 0x00, 0x45, 0x00, 0x49, 0x00, 0x00, 
   0x01, 0x15, 0x23, 0x07, 0x36, 0x33, 0x32, 0x16, 0x15, 0x14, 
   0x06, 0x23, 0x22, 0x2E, 0x02, 0x27, 0x33, 0x16, 0x33, 0x32, 
   0x36, 0x35, 0x34, 0x26, 0x23, 0x22, 0x06, 0x07, 0x23, 0x37, 
   0x25, 0x22, 0x06, 0x15, 0x23, 0x36, 0x33, 0x32, 0x16, 0x15, 
   0x14, 0x07, 0x16, 0x15, 0x14, 0x06, 0x23, 0x22, 0x26, 0x35, 
   0x33, 0x16, 0x16, 0x33, 0x32, 0x36, 0x35, 0x34, 0x26, 0x27, 
   0x26, 0x22, 0x23, 0x35, 0x32, 0x36, 0x35, 0x34, 0x26, 0x25, 
   0x33, 0x01, 0x23, 0x03, 0x3D, 0xBE, 0x12, 0x26, 0x2E, 0x42, 
   0x52, 0x58, 0x45, 0x31, 0x3A, 0x1E, 0x0C, 0x02, 0x38, 0x15, 
   0x49, 0x2F, 0x35, 0x36, 0x2E, 0x1B, 0x25, 0x14, 0x34, 0x22, 
   0xFE, 0x6C, 0x31, 0x20, 0x3F, 0x03, 0x8D, 0x41, 0x4A, 0x39, 
   0x47, 0x54, 0x47, 0x48, 0x4F, 0x3E, 0x02, 0x2C, 0x2D, 0x2A, 
   0x30, 0x20, 0x1A, 0x0B, 0x1D, 0x1A, 0x41, 0x2D, 0x29, 0x01, 
   0x9F, 0x3E, 0xFE, 0x32, 0x3E, 0x01, 0xAE, 0x34, 0x77, 0x1A, 
   0x4F, 0x3F, 0x43, 0x55, 0x1E, 0x2A, 0x26, 0x08, 0x47, 0x34, 
   0x2E, 0x2F, 0x37, 0x11, 0x17, 0xE8, 0xF7, 0x31, 0x28, 0x8E, 
   0x40, 0x38, 0x3B, 0x1A, 0x18, 0x4C, 0x3D, 0x49, 0x4B, 0x43, 
   0x2E, 0x2B, 0x2B, 0x26, 0x1B, 0x27, 0x04, 0x02, 0x33, 0x1A, 
   0x23, 0x20, 0x24, 0x34, 0xFD, 0x13, 0x00, 0x04, 0x00, 0x1E, 
   0xFF, 0xEC, 0x03, 0x5F, 0x02, 0xD9, 0x00, 0x1E, 0x00, 0x29, 
   0x00, 0x2C, 0x00, 0x30, 0x00, 0x00, 0x01, 0x15, 0x23, 0x07, 
   0x36, 0x33, 0x32, 0x16, 0x15, 0x14, 0x06, 0x23, 0x22, 0x2E, 
   0x02, 0x27, 0x33, 0x16, 0x33, 0x32, 0x36, 0x35, 0x34, 0x26, 
   0x23, 0x22, 0x06, 0x07, 0x23, 0x37, 0x05, 0x23, 0x35, 0x13, 
   0x33, 0x11, 0x33, 0x15, 0x23, 0x15, 0x23, 0x35, 0x35, 0x07, 
   0x01, 0x33, 0x01, 0x23, 0x03, 0x47, 0xBE, 0x12, 0x26, 0x2E, 
   0x42, 0x52, 0x58, 0x45, 0x31, 0x3A, 0x1E, 0x0C, 0x02, 0x38, 
   0x15, 0x49, 0x2F, 0x35, 0x36, 0x2E, 0x1B, 0x25, 0x14, 0x34, 
   0x22, 0xFE, 0x7F, 0xBC, 0xCC, 0x2E, 0x43, 0x43, 0x3E, 0x81, 
   0x02, 0x30, 0x3E, 0xFE, 0x32, 0x3E, 0x01, 0xAE, 0x34, 0x77, 
   0x1A, 0x4F, 0x3F, 0x43, 0x55, 0x1E, 0x2A, 0x26, 0x08, 0x47, 
   0x34, 0x2E, 0x2F, 0x37, 0x11, 0x17, 0xE8, 0x1B, 0x3B, 0x01, 
   0x0A, 0xFE, 0xF0, 0x35, 0x64, 0x99, 0xAA, 0xAA, 0x01, 0x11, 
   0xFD, 0x13, 0x00, 0x04, 0x00, 0x1C, 0xFF, 0xEC, 0x03, 0x60, 
   0x02, 0xD9, 0x00, 0x19, 0x00, 0x25, 0x00, 0x44, 0x00, 0x48, 
   0x00, 0x00, 0x25, 0x34, 0x3E, 0x02, 0x33, 0x32, 0x16, 0x17, 
   0x23, 0x26, 0x23, 0x22, 0x06, 0x07, 0x36, 0x33, 0x32, 0x16, 
   0x15, 0x14, 0x06, 0x23, 0x22, 0x26, 0x26, 0x37, 0x22, 0x06, 
   0x15, 0x14, 0x16, 0x33, 0x32, 0x36, 0x35, 0x34, 0x26, 0x01, 
   0x15, 0x23, 0x07, 0x36, 0x33, 0x32, 0x16, 0x15, 0x14, 0x06, 
   0x23, 0x22, 0x2E, 0x02, 0x27, 0x33, 0x16, 0x33, 0x32, 0x36, 
   0x35, 0x34, 0x26, 0x23, 0x22, 0x06, 0x07, 0x23, 0x37, 0x25, 
   0x33, 0x01, 0x23, 0x02, 0x31, 0x20, 0x32, 0x39, 0x19, 0x35, 
   0x44, 0x08, 0x38, 0x0E, 0x3F, 0x31, 0x34, 0x01, 0x26, 0x43, 
   0x3E, 0x4E, 0x54, 0x41, 0x39, 0x43, 0x1E, 0x9C, 0x2A, 0x34, 
   0x35, 0x27, 0x28, 0x33, 0x30, 0xFE, 0x42, 0xBE, 0x12, 0x26, 
   0x2E, 0x42, 0x52, 0x58, 0x45, 0x31, 0x3A, 0x1E, 0x0C, 0x02, 
   0x38, 0x15, 0x49, 0x2F, 0x35, 0x36, 0x2E, 0x1B, 0x25, 0x14, 
   0x34, 0x22, 0x02, 0x3D, 0x3E, 0xFE, 0x32, 0x3E, 0xC4, 0x4A, 
   0x5C, 0x30, 0x12, 0x3A, 0x35, 0x40, 0x53, 0x4E, 0x2F, 0x4C, 
   0x3B, 0x3E, 0x51, 0x36, 0x5D, 0x54, 0x31, 0x28, 0x29, 0x36, 
   0x34, 0x28, 0x2B, 0x31, 0x01, 0xFA, 0x34, 0x77, 0x1A, 0x4F, 
   0x3F, 0x43, 0x55, 0x1E, 0x2A, 0x26, 0x08, 0x47, 0x34, 0x2E, 
   0x2F, 0x37, 0x11, 0x17, 0xE8, 0x03, 0xFD, 0x13, 0x00, 0x05, 
   0x00, 0x1A, 0xFF, 0xEC, 0x03, 0x61, 0x02, 0xDA, 0x00, 0x15, 
   0x00, 0x21, 0x00, 0x2D, 0x00, 0x54, 0x00, 0x58, 0x00, 0x00, 
   0x25, 0x16, 0x15, 0x14, 0x06, 0x23, 0x22, 0x26, 0x35, 0x34, 
   0x37, 0x26, 0x26, 0x35, 0x34, 0x36, 0x33, 0x32, 0x16, 0x15, 
   0x14, 0x06, 0x27, 0x22, 0x06, 0x15, 0x14, 0x16, 0x33, 0x32, 
   0x36, 0x35, 0x34, 0x26, 0x07, 0x22, 0x06, 0x15, 0x14, 0x16, 
   0x33, 0x32, 0x36, 0x35, 0x34, 0x26, 0x01, 0x22, 0x06, 0x15, 
   0x23, 0x36, 0x33, 0x32, 0x16, 0x15, 0x14, 0x07, 0x16, 0x15, 
   0x14, 0x06, 0x23, 0x22, 0x26, 0x35, 0x33, 0x16, 0x16, 0x33, 
   0x32, 0x36, 0x35, 0x34, 0x26, 0x27, 0x26, 0x22, 0x23, 0x35, 
   0x32, 0x36, 0x35, 0x34, 0x26, 0x25, 0x33, 0x01, 0x23, 0x03, 
   0x13, 0x4E, 0x55, 0x44, 0x43, 0x56, 0x4E, 0x23, 0x1B, 0x4D, 
   0x3C, 0x3D, 0x4C, 0x1B, 0x6E, 0x24, 0x2B, 0x2B, 0x24, 0x24, 
   0x2B, 0x2B, 0x24, 0x2B, 0x34, 0x34, 0x2A, 0x2C, 0x34, 0x34, 
   0xFD, 0xC0, 0x31, 0x20, 0x3F, 0x03, 0x8D, 0x41, 0x4A, 0x39, 
   0x47, 0x54, 0x47, 0x48, 0x4F, 0x3E, 0x02, 0x2C, 0x2D, 0x2A, 
   0x30, 0x20, 0x1A, 0x0B, 0x1D, 0x1A, 0x41, 0x2D, 0x29, 0x01, 
   0xB3, 0x3E, 0xFE, 0x32, 0x3E, 0xE0, 0x22, 0x48, 0x3A, 0x49, 
   0x4A, 0x3A, 0x47, 0x22, 0x14, 0x27, 0x1E, 0x32, 0x3F, 0x3F, 
   0x32, 0x1F, 0x26, 0x87, 0x24, 0x1F, 0x1E, 0x25, 0x25, 0x1D, 
   0x20, 0x24, 0xB2, 0x2E, 0x25, 0x25, 0x2F, 0x2E, 0x26, 0x25, 
   0x2E, 0x01, 0xDC, 0x31, 0x28, 0x8E, 0x40, 0x38, 0x3B, 0x1A, 
   0x18, 0x4C, 0x3D, 0x49, 0x4B, 0x43, 0x2E, 0x2B, 0x2B, 0x26, 
   0x1B, 0x27, 0x04, 0x02, 0x33, 0x1A, 0x23, 0x20, 0x24, 0x34, 
   0xFD, 0x13, 0x00, 0x05, 0x00, 0x26, 0xFF, 0xEC, 0x03, 0x57, 
   0x02, 0xD9, 0x00, 0x15, 0x00, 0x21, 0x00, 0x2D, 0x00, 0x4C, 
   0x00, 0x50, 0x00, 0x00, 0x25, 0x16, 0x15, 0x14, 0x06, 0x23, 
   0x22, 0x26, 0x35, 0x34, 0x37, 0x26, 0x26, 0x35, 0x34, 0x36, 
   0x33, 0x32, 0x16, 0x15, 0x14, 0x06, 0x27, 0x22, 0x06, 0x15, 
   0x14, 0x16, 0x33, 0x32, 0x36, 0x35, 0x34, 0x26, 0x07, 0x22, 
   0x06, 0x15, 0x14, 0x16, 0x33, 0x32, 0x36, 0x35, 0x34, 0x26, 
   0x01, 0x15, 0x23, 0x07, 0x36, 0x33, 0x32, 0x16, 0x15, 0x14, 
   0x06, 0x23, 0x22, 0x2E, 0x02, 0x27, 0x33, 0x16, 0x33, 0x32, 
   0x36, 0x35, 0x34, 0x26, 0x23, 0x22, 0x06, 0x07, 0x23, 0x37, 
   0x25, 0x33, 0x01, 0x23, 0x03, 0x09, 0x4E, 0x55, 0x44, 0x43, 
   0x56, 0x4E, 0x23, 0x1B, 0x4D, 0x3C, 0x3D, 0x4C, 0x1B, 0x6E, 
   0x24, 0x2B, 0x2B, 0x24, 0x24, 0x2B, 0x2B, 0x24, 0x2B, 0x34, 
   0x34, 0x2A, 0x2C, 0x34, 0x34, 0xFE, 0x59, 0xBE, 0x12, 0x26, 
   0x2E, 0x42, 0x52, 0x58, 0x45, 0x31, 0x3A, 0x1E, 0x0C, 0x02, 
   0x38, 0x15, 0x49, 0x2F, 0x35, 0x36, 0x2E, 0x1B, 0x25, 0x14, 
   0x34, 0x22, 0x02, 0x33, 0x3E, 0xFE, 0x32, 0x3E, 0xE2, 0x22, 
   0x48, 0x3A, 0x49, 0x4A, 0x3A, 0x47, 0x22, 0x14, 0x27, 0x1E, 
   0x32, 0x3F, 0x3F, 0x32, 0x1F, 0x26, 0x87, 0x24, 0x1F, 0x1E, 
   0x25, 0x25, 0x1D, 0x20, 0x24, 0xB2, 0x2E, 0x25, 0x25, 0x2F, 
   0x2E, 0x26, 0x25, 0x2E, 0x02, 0x0B, 0x34, 0x77, 0x1A, 0x4F, 
   0x3F, 0x43, 0x55, 0x1E, 0x2A, 0x26, 0x08, 0x47, 0x34, 0x2E, 
   0x2F, 0x37, 0x11, 0x17, 0xE8, 0x03, 0xFD, 0x13, 0x00, 0x05, 
   0x00, 0x34, 0xFF, 0xEC, 0x03, 0x4D, 0x02, 0xD9, 0x00, 0x0B, 
   0x00, 0x21, 0x00, 0x2D, 0x00, 0x39, 0x00, 0x3D, 0x00, 0x00, 
   0x01, 0x15, 0x06, 0x06, 0x07, 0x23, 0x3E, 0x02, 0x37, 0x23, 
   0x35, 0x01, 0x16, 0x15, 0x14, 0x06, 0x23, 0x22, 0x26, 0x35, 
   0x34, 0x37, 0x26, 0x26, 0x35, 0x34, 0x36, 0x33, 0x32, 0x16, 
   0x15, 0x14, 0x06, 0x27, 0x22, 0x06, 0x15, 0x14, 0x16, 0x33, 
   0x32, 0x36, 0x35, 0x34, 0x26, 0x07, 0x22, 0x06, 0x15, 0x14, 
   0x16, 0x33, 0x32, 0x36, 0x35, 0x34, 0x26, 0x03, 0x33, 0x01, 
   0x23, 0x01, 0x65, 0x4D, 0x59, 0x13, 0x3D, 0x11, 0x2E, 0x47, 
   0x36, 0xF7, 0x02, 0xCB, 0x4E, 0x55, 0x44, 0x43, 0x56, 0x4E, 
   0x23, 0x1B, 0x4D, 0x3C, 0x3D, 0x4C, 0x1B, 0x6E, 0x24, 0x2B, 
   0x2B, 0x24, 0x24, 0x2B, 0x2B, 0x24, 0x2B, 0x34, 0x34, 0x2A, 
   0x2C, 0x34, 0x34, 0x7E, 0x3E, 0xFE, 0x32, 0x3E, 0x02, 0xD6, 
   0x2C, 0x60, 0xB7, 0x66, 0x46, 0x72, 0x75, 0x48, 0x34, 0xFE, 
   0x08, 0x22, 0x48, 0x3A, 0x49, 0x4A, 0x3A, 0x47, 0x22, 0x14, 
   0x27, 0x1E, 0x32, 0x3F, 0x3F, 0x32, 0x1F, 0x26, 0x87, 0x24, 
   0x1F, 0x1E, 0x25, 0x25, 0x1D, 0x20, 0x24, 0xB2, 0x2E, 0x25, 
   0x25, 0x2F, 0x2E, 0x26, 0x25, 0x2E, 0x02, 0x12, 0xFD, 0x13, 
   0x00, 0x01, 0x00, 0x12, 0x00, 0x00, 0x01, 0xDB, 0x02, 0xDC, 
   0x00, 0x29, 0x00, 0x00, 0x01, 0x15, 0x23, 0x11, 0x23, 0x11, 
   0x23, 0x11, 0x23, 0x11, 0x23, 0x35, 0x33, 0x35, 0x34, 0x36, 
   0x33, 0x32, 0x16, 0x17, 0x15, 0x26, 0x22, 0x23, 0x22, 0x15, 
   0x15, 0x33, 0x35, 0x34, 0x36, 0x33, 0x32, 0x16, 0x17, 0x15, 
   0x26, 0x22, 0x23, 0x22, 0x15, 0x15, 0x01, 0xDB, 0x57, 0x53, 
   0x86, 0x53, 0x46, 0x46, 0x41, 0x3A, 0x0D, 0x14, 0x0E, 0x0E, 
   0x0A, 0x05, 0x3A, 0x86, 0x41, 0x3A, 0x0D, 0x14, 0x0E, 0x0E, 
   0x0A, 0x05, 0x3A, 0x02, 0x0C, 0x44, 0xFE, 0x38, 0x01, 0xC8, 
   0xFE, 0x38, 0x01, 0xC8, 0x44, 0x59, 0x38, 0x3F, 0x02, 0x03, 
   0x45, 0x01, 0x35, 0x52, 0x59, 0x38, 0x3F, 0x02, 0x03, 0x45, 
   0x01, 0x35, 0x52, 0x00, 0x00, 0x01, 0x00, 0x0C, 0x00, 0x00, 
   0x01, 0x84, 0x02, 0xDC, 0x00, 0x1B, 0x00, 0x00, 0x01, 0x11, 
   0x23, 0x11, 0x23, 0x11, 0x23, 0x11, 0x23, 0x35, 0x33, 0x35, 
   0x34, 0x36, 0x33, 0x33, 0x15, 0x23, 0x2E, 0x03, 0x23, 0x22, 
   0x15, 0x15, 0x33, 0x33, 0x01, 0x84, 0x53, 0x8C, 0x53, 0x46, 
   0x46, 0x41, 0x3A, 0xB3, 0x45, 0x01, 0x19, 0x20, 0x1C, 0x06, 
   0x3A, 0x8C, 0x08, 0x02, 0x0C, 0xFD, 0xF4, 0x01, 0xC8, 0xFE, 
   0x38, 0x01, 0xC8, 0x44, 0x59, 0x38, 0x3F, 0x66, 0x05, 0x0A, 
   0x08, 0x06, 0x35, 0x52, 0x00, 0x02, 0x00, 0x12, 0x00, 0x00, 
   0x01, 0x8B, 0x02, 0xDC, 0x00, 0x13, 0x00, 0x1C, 0x00, 0x00, 
   0x01, 0x11, 0x23, 0x11, 0x23, 0x11, 0x23, 0x11, 0x23, 0x35, 
   0x33, 0x35, 0x34, 0x36, 0x33, 0x32, 0x16, 0x16, 0x17, 0x35, 
   0x15, 0x26, 0x22, 0x22, 0x23, 0x22, 0x15, 0x15, 0x33, 0x01, 
   0x8B, 0x53, 0x8D, 0x53, 0x46, 0x46, 0x41, 0x3A, 0x09, 0x29, 
   0x2A, 0x09, 0x09, 0x26, 0x20, 0x04, 0x3A, 0x8D, 0x02, 0xD9, 
   0xFD, 0x27, 0x01, 0xC8, 0xFE, 0x38, 0x01, 0xC8, 0x44, 0x59, 
   0x38, 0x3F, 0x01, 0x02, 0x02, 0x02, 0x47, 0x01, 0x35, 0x52, 
   0x00, 0x01, 0x00, 0x12, 0x00, 0x00, 0x02, 0x44, 0x02, 0xDC, 
   0x00, 0x2F, 0x00, 0x00, 0x01, 0x15, 0x23, 0x35, 0x26, 0x22, 
   0x23, 0x22, 0x15, 0x15, 0x33, 0x11, 0x23, 0x11, 0x23, 0x11, 
   0x23, 0x11, 0x23, 0x11, 0x23, 0x11, 0x23, 0x35, 0x33, 0x35, 
   0x34, 0x36, 0x33, 0x32, 0x16, 0x17, 0x15, 0x26, 0x22, 0x23, 
   0x22, 0x15, 0x15, 0x33, 0x35, 0x34, 0x36, 0x33, 0x32, 0x16, 
   0x16, 0x17, 0x02, 0x44, 0x53, 0x10, 0x2B, 0x05, 0x3A, 0xCD, 
   0x53, 0x7A, 0x53, 0x79, 0x53, 0x46, 0x46, 0x41, 0x3A, 0x0D, 
   0x14, 0x0E, 0x0E, 0x0A, 0x05, 0x3A, 0x79, 0x41, 0x3A, 0x09, 
   0x24, 0x25, 0x08, 0x02, 0xD9, 0x69, 0x22, 0x01, 0x35, 0x52, 
   0xFD, 0xF4, 0x01, 0xC8, 0xFE, 0x38, 0x01, 0xC8, 0xFE, 0x38, 
   0x01, 0xC8, 0x44, 0x59, 0x38, 0x3F, 0x02, 0x03, 0x45, 0x01, 
   0x35, 0x52, 0x59, 0x38, 0x3F, 0x01, 0x01, 0x01, 0x00, 0x02, 
   0x00, 0x12, 0x00, 0x00, 0x02, 0x3F, 0x02, 0xDC, 0x00, 0x24, 
   0x00, 0x2C, 0x00, 0x00, 0x01, 0x11, 0x23, 0x11, 0x23, 0x11, 
   0x23, 0x11, 0x23, 0x11, 0x23, 0x11, 0x23, 0x35, 0x33, 0x35, 
   0x34, 0x36, 0x33, 0x32, 0x16, 0x17, 0x15, 0x26, 0x22, 0x23, 
   0x22, 0x15, 0x15, 0x33, 0x35, 0x34, 0x36, 0x33, 0x32, 0x16, 
   0x33, 0x15, 0x35, 0x22, 0x26, 0x23, 0x22, 0x15, 0x15, 0x02, 
   0x3F, 0x53, 0x75, 0x53, 0x79, 0x53, 0x46, 0x46, 0x41, 0x3A, 
   0x0D, 0x14, 0x0E, 0x0E, 0x0A, 0x05, 0x3A, 0x79, 0x41, 0x3A, 
   0x0D, 0x1F, 0x21, 0x11, 0x26, 0x04, 0x3A, 0x02, 0xD9, 0xFD, 
   0x27, 0x01, 0xC8, 0xFE, 0x38, 0x01, 0xC8, 0xFE, 0x38, 0x01, 
   0xC8, 0x44, 0x59, 0x38, 0x3F, 0x02, 0x03, 0x45, 0x01, 0x35, 
   0x52, 0x59, 0x38, 0x3F, 0x03, 0xCD, 0x86, 0x01, 0x35, 0x52, 
   0x00, 0x02, 0x00, 0xFA, 0x00, 0x00, 0x02, 0xAA, 0x02, 0xE5, 
   0x00, 0x1C, 0x00, 0x20, 0x00, 0x00, 0x01, 0x14, 0x0E, 0x03, 
   0x15, 0x15, 0x23, 0x35, 0x34, 0x3E, 0x03, 0x35, 0x34, 0x26, 
   0x23, 0x22, 0x06, 0x06, 0x15, 0x23, 0x34, 0x36, 0x33, 0x32, 
   0x16, 0x03, 0x15, 0x23, 0x35, 0x02, 0xAA, 0x24, 0x35, 0x36, 
   0x24, 0x5A, 0x24, 0x35, 0x36, 0x24, 0x46, 0x3A, 0x34, 0x38, 
   0x15, 0x55, 0x6F, 0x6C, 0x62, 0x73, 0xB3, 0x5A, 0x02, 0x25, 
   0x31, 0x45, 0x33, 0x2E, 0x34, 0x24, 0x2F, 0x37, 0x29, 0x3C, 
   0x32, 0x31, 0x39, 0x26, 0x33, 0x3F, 0x29, 0x46, 0x2D, 0x74, 
   0x76, 0x68, 0xFD, 0xEB, 0x68, 0x68, 0x00, 0x02, 0x00, 0xF4, 
   0x00, 0x00, 0x01, 0x48, 0x02, 0xD9, 0x00, 0x05, 0x00, 0x09, 
   0x00, 0x00, 0x01, 0x11, 0x07, 0x23, 0x27, 0x11, 0x13, 0x15, 
   0x23, 0x35, 0x01, 0x48, 0x16, 0x27, 0x16, 0x53, 0x54, 0x02, 
   0xD9, 0xFE, 0xAE, 0xDF, 0xDF, 0x01, 0x52, 0xFD, 0x8F, 0x68, 
   0x68, 0x00, 0x00, 0x00, 0x00, 0x00, 0x00, 0x07, 0x00, 0x5A, 
   0x00, 0x03, 0x00, 0x01, 0x04, 0x09, 0x00, 0x00, 0x00, 0x9A, 
   0x00, 0x00, 0x00, 0x03, 0x00, 0x01, 0x04, 0x09, 0x00, 0x01, 
   0x00, 0x10, 0x00, 0x9A, 0x00, 0x03, 0x00, 0x01, 0x04, 0x09, 
   0x00, 0x02, 0x00, 0x0E, 0x00, 0xAA, 0x00, 0x03, 0x00, 0x01, 
   0x04, 0x09, 0x00, 0x03, 0x00, 0x34, 0x00, 0xB8, 0x00, 0x03, 
   0x00, 0x01, 0x04, 0x09, 0x00, 0x04, 0x00, 0x10, 0x00, 0x9A, 
   0x00, 0x03, 0x00, 0x01, 0x04, 0x09, 0x00, 0x05, 0x00, 0x24, 
   0x00, 0xEC, 0x00, 0x03, 0x00, 0x01, 0x04, 0x09, 0x00, 0x06, 
   0x00, 0x10, 0x00, 0x9A, 0x00, 0x43, 0x00, 0x6F, 0x00, 0x70, 
   0x00, 0x79, 0x00, 0x72, 0x00, 0x69, 0x00, 0x67, 0x00, 0x68, 
   0x00, 0x74, 0x00, 0x20, 0x00, 0x32, 0x00, 0x30, 0x00, 0x30, 
   0x00, 0x32, 0x00, 0x2C, 0x00, 0x20, 0x00, 0x32, 0x00, 0x30, 
   0x00, 0x30, 0x00, 0x33, 0x00, 0x2C, 0x00, 0x20, 0x00, 0x32, 
   0x00, 0x30, 0x00, 0x30, 0x00, 0x35, 0x00, 0x2C, 0x00, 0x20, 
   0x00, 0x32, 0x00, 0x30, 0x00, 0x30, 0x00, 0x38, 0x00, 0x2C, 
   0x00, 0x20, 0x00, 0x32, 0x00, 0x30, 0x00, 0x30, 0x00, 0x39, 
   0x00, 0x2C, 0x00, 0x20, 0x00, 0x32, 0x00, 0x30, 0x00, 0x31, 
   0x00, 0x30, 0x00, 0x2C, 0x00, 0x20, 0x00, 0x32, 0x00, 0x30, 
   0x00, 0x31, 0x00, 0x32, 0x00, 0x20, 0x00, 0x47, 0x00, 0x4E, 
   0x00, 0x55, 0x00, 0x20, 0x00, 0x46, 0x00, 0x72, 0x00, 0x65, 
   0x00, 0x65, 0x00, 0x66, 0x00, 0x6F, 0x00, 0x6E, 0x00, 0x74, 
   0x00, 0x20, 0x00, 0x63, 0x00, 0x6F, 0x00, 0x6E, 0x00, 0x74, 
   0x00, 0x72, 0x00, 0x69, 0x00, 0x62, 0x00, 0x75, 0x00, 0x74, 
   0x00, 0x6F, 0x00, 0x72, 0x00, 0x73, 0x00, 0x2E, 0x00, 0x46, 
   0x00, 0x72, 0x00, 0x65, 0x00, 0x65, 0x00, 0x53, 0x00, 0x61, 
   0x00, 0x6E, 0x00, 0x73, 0x00, 0x52, 0x00, 0x65, 0x00, 0x67, 
   0x00, 0x75, 0x00, 0x6C, 0x00, 0x61, 0x00, 0x72, 0x00, 0x47, 
   0x00, 0x4E, 0x00, 0x55, 0x00, 0x3A, 0x00, 0x20, 0x00, 0x46, 
   0x00, 0x72, 0x00, 0x65, 0x00, 0x65, 0x00, 0x53, 0x00, 0x61, 
   0x00, 0x6E, 0x00, 0x73, 0x00, 0x20, 0x00, 0x4E, 0x00, 0x6F, 
   0x00, 0x72, 0x00, 0x6D, 0x00, 0x61, 0x00, 0x6C, 0x00, 0x3A, 
   0x00, 0x20, 0x00, 0x32, 0x00, 0x30, 0x00, 0x31, 0x00, 0x32, 
   0x00, 0x56, 0x00, 0x65, 0x00, 0x72, 0x00, 0x73, 0x00, 0x69, 
   0x00, 0x6F, 0x00, 0x6E, 0x00, 0x20, 0x00, 0x30, 0x00, 0x34, 
   0x00, 0x31, 0x00, 0x32, 0x00, 0x2E, 0x00, 0x32, 0x00, 0x32, 
   0x00, 0x36, 0x00, 0x38, 0x00, 0x20, 0x00, 0x00, 0x00, 0x02, 
   0x00, 0x00, 0x00, 0x00, 0x00, 0x00, 0xFF, 0x50, 0x00, 0x32, 
   0x00, 0x00, 0x00, 0x00, 0x00, 0x00, 0x00, 0x00, 0x00, 0x00, 
   0x00, 0x00, 0x00, 0x00, 0x00, 0x00, 0x00, 0x00, 0x00, 0x00, 
   0x00, 0xED, 0x00, 0x00, 0x00, 0x03, 0x00, 0x04, 0x00, 0x05, 
   0x00, 0x06, 0x00, 0x07, 0x00, 0x08, 0x00, 0x09, 0x00, 0x0A, 
   0x00, 0x0B, 0x00, 0x0C, 0x00, 0x0D, 0x00, 0x0E, 0x00, 0x0F, 
   0x00, 0x10, 0x00, 0x11, 0x00, 0x12, 0x00, 0x13, 0x00, 0x14, 
   0x00, 0x15, 0x00, 0x16, 0x00, 0x17, 0x00, 0x18, 0x00, 0x19, 
   0x00, 0x1A, 0x00, 0x1B, 0x00, 0x1C, 0x00, 0x1D, 0x00, 0x1E, 
   0x00, 0x1F, 0x00, 0x20, 0x00, 0x21, 0x00, 0x22, 0x00, 0x23, 
   0x00, 0x24, 0x00, 0x25, 0x00, 0x26, 0x00, 0x27, 0x00, 0x28, 
   0x00, 0x29, 0x00, 0x2A, 0x00, 0x2B, 0x00, 0x2C, 0x00, 0x2D, 
   0x00, 0x2E, 0x00, 0x2F, 0x00, 0x30, 0x00, 0x31, 0x00, 0x32, 
   0x00, 0x33, 0x00, 0x34, 0x00, 0x35, 0x00, 0x36, 0x00, 0x37, 
   0x00, 0x38, 0x00, 0x39, 0x00, 0x3A, 0x00, 0x3B, 0x00, 0x3C, 
   0x00, 0x3D, 0x00, 0x3E, 0x00, 0x3F, 0x00, 0x40, 0x00, 0x41, 
   0x00, 0x42, 0x00, 0x43, 0x00, 0x44, 0x00, 0x45, 0x00, 0x46, 
   0x00, 0x47, 0x00, 0x48, 0x00, 0x49, 0x00, 0x4A, 0x00, 0x4B, 
   0x00, 0x4C, 0x00, 0x4D, 0x00, 0x4E, 0x00, 0x4F, 0x00, 0x50, 
   0x00, 0x51, 0x00, 0x52, 0x00, 0x53, 0x00, 0x54, 0x00, 0x55, 
   0x00, 0x56, 0x00, 0x57, 0x00, 0x58, 0x00, 0x59, 0x00, 0x5A, 
   0x00, 0x5B, 0x00, 0x5C, 0x00, 0x5D, 0x00, 0x5E, 0x00, 0x5F, 
   0x00, 0x60, 0x00, 0x61, 0x00, 0xAC, 0x00, 0xA3, 0x00, 0x84, 
   0x00, 0x85, 0x00, 0xBD, 0x00, 0x96, 0x00, 0xE8, 0x00, 0x86, 
   0x00, 0x8E, 0x00, 0x8B, 0x00, 0x9D, 0x00, 0xA9, 0x00, 0xA4, 
   0x01, 0x02, 0x00, 0x8A, 0x00, 0xDA, 0x00, 0x83, 0x00, 0x93, 
   0x00, 0xF2, 0x00, 0xF3, 0x00, 0x8D, 0x01, 0x03, 0x00, 0x88, 
   0x01, 0x04, 0x00, 0xDE, 0x00, 0xF1, 0x00, 0x9E, 0x00, 0xAA, 
   0x00, 0xF5, 0x00, 0xF4, 0x00, 0xF6, 0x00, 0xA2, 0x00, 0xAD, 
   0x00, 0xC9, 0x00, 0xC7, 0x00, 0xAE, 0x00, 0x62, 0x00, 0x63, 
   0x00, 0x90, 0x00, 0x64, 0x00, 0xCB, 0x00, 0x65, 0x00, 0xC8, 
   0x00, 0xCA, 0x00, 0xCF, 0x00, 0xCC, 0x00, 0xCD, 0x00, 0xCE, 
   0x00, 0xE9, 0x00, 0x66, 0x00, 0xD3, 0x00, 0xD0, 0x00, 0xD1, 
   0x00, 0xAF, 0x00, 0x67, 0x00, 0xF0, 0x00, 0x91, 0x00, 0xD6, 
   0x00, 0xD4, 0x00, 0xD5, 0x00, 0x68, 0x00, 0xEB, 0x00, 0xED, 
   0x01, 0x05, 0x00, 0x6A, 0x00, 0x69, 0x00, 0x6B, 0x00, 0x6D, 
   0x00, 0x6C, 0x00, 0x6E, 0x00, 0xA0, 0x00, 0x6F, 0x00, 0x71, 
   0x00, 0x70, 0x00, 0x72, 0x00, 0x73, 0x00, 0x75, 0x00, 0x74, 
   0x00, 0x76, 0x00, 0x77, 0x00, 0xEA, 0x00, 0x78, 0x00, 0x7A, 
   0x00, 0x79, 0x00, 0x7B, 0x00, 0x7D, 0x00, 0x7C, 0x00, 0xB8, 
   0x00, 0xA1, 0x00, 0x7F, 0x00, 0x7E, 0x00, 0x80, 0x00, 0x81, 
   0x00, 0xEC, 0x00, 0xEE, 0x00, 0xBA, 0x01, 0x06, 0x01, 0x07, 
   0x01, 0x08, 0x01, 0x09, 0x00, 0xB0, 0x00, 0xB1, 0x00, 0xE4, 
   0x00, 0xE5, 0x00, 0xBB, 0x00, 0xE6, 0x00, 0xE7, 0x00, 0xA6, 
   0x00, 0xD8, 0x00, 0xD9, 0x00, 0xB2, 0x00, 0xB3, 0x00, 0xB6, 
   0x00, 0xB7, 0x00, 0xC4, 0x00, 0xB4, 0x00, 0xB5, 0x00, 0xC5, 
   0x00, 0x82, 0x00, 0xC2, 0x00, 0x87, 0x00, 0xAB, 0x00, 0xC6, 
   0x00, 0xBE, 0x00, 0xBF, 0x01, 0x0A, 0x00, 0x8C, 0x01, 0x0B, 
   0x01, 0x0C, 0x01, 0x0D, 0x01, 0x0E, 0x01, 0x0F, 0x01, 0x10, 
   0x01, 0x11, 0x01, 0x12, 0x00, 0xC0, 0x00, 0xC1, 0x01, 0x13, 
   0x01, 0x14, 0x01, 0x15, 0x01, 0x16, 0x0A, 0x73, 0x6F, 0x66, 
   0x74, 0x68, 0x79, 0x70, 0x68, 0x65, 0x6E, 0x05, 0x6D, 0x69, 
   0x63, 0x72, 0x6F, 0x06, 0x6D, 0x69, 0x64, 0x64, 0x6F, 0x74, 
   0x06, 0x73, 0x73, 0x68, 0x61, 0x72, 0x70, 0x02, 0x49, 0x4A, 
   0x02, 0x69, 0x6A, 0x04, 0x4C, 0x64, 0x6F, 0x74, 0x04, 0x6C, 
   0x64, 0x6F, 0x74, 0x04, 0x45, 0x75, 0x72, 0x6F, 0x07, 0x75, 
   0x6E, 0x69, 0x32, 0x31, 0x35, 0x36, 0x07, 0x75, 0x6E, 0x69, 
   0x32, 0x31, 0x35, 0x37, 0x07, 0x75, 0x6E, 0x69, 0x32, 0x31, 
   0x35, 0x38, 0x07, 0x75, 0x6E, 0x69, 0x32, 0x31, 0x35, 0x41, 
   0x0C, 0x74, 0x68, 0x72, 0x65, 0x65, 0x65, 0x69, 0x67, 0x68, 
   0x74, 0x68, 0x73, 0x0B, 0x66, 0x69, 0x76, 0x65, 0x65, 0x69, 
   0x67, 0x68, 0x74, 0x68, 0x73, 0x0C, 0x73, 0x65, 0x76, 0x65, 
   0x6E, 0x65, 0x69, 0x67, 0x68, 0x74, 0x68, 0x73, 0x02, 0x66, 
   0x66, 0x03, 0x66, 0x66, 0x69, 0x03, 0x66, 0x66, 0x6C, 0x0E, 
   0x69, 0x6E, 0x64, 0x69, 0x63, 0x5F, 0x71, 0x75, 0x65, 0x73, 
   0x74, 0x69, 0x6F, 0x6E, 0x0C, 0x69, 0x6E, 0x64, 0x69, 0x63, 
   0x5F, 0x65, 0x78, 0x63, 0x6C, 0x61, 0x6D, 0x00, 0x00, 0x00, 
   0x00, 0x01, 0x00, 0x00, 0x00, 0x0C, 0x00, 0x00, 0x00, 0x00, 
   0x00, 0x00, 0x00, 0x02, 0x00, 0x19, 0x00, 0x01, 0x00, 0x81, 
   0x00, 0x01, 0x00, 0x82, 0x00, 0x82, 0x00, 0x02, 0x00, 0x83, 
   0x00, 0x89, 0x00, 0x01, 0x00, 0x8A, 0x00, 0x8A, 0x00, 0x02, 
   0x00, 0x8B, 0x00, 0x8D, 0x00, 0x01, 0x00, 0x8E, 0x00, 0x8E, 
   0x00, 0x02, 0x00, 0x8F, 0x00, 0x93, 0x00, 0x01, 0x00, 0x94, 
   0x00, 0x94, 0x00, 0x02, 0x00, 0x95, 0x00, 0x9A, 0x00, 0x01, 
   0x00, 0x9B, 0x00, 0x9B, 0x00, 0x02, 0x00, 0x9C, 0x00, 0xA1, 
   0x00, 0x01, 0x00, 0xA2, 0x00, 0xA2, 0x00, 0x02, 0x00, 0xA3, 
   0x00, 0xA9, 0x00, 0x01, 0x00, 0xAA, 0x00, 0xAA, 0x00, 0x02, 
   0x00, 0xAB, 0x00, 0xAB, 0x00, 0x01, 0x00, 0xAC, 0x00, 0xAF, 
   0x00, 0x02, 0x00, 0xB0, 0x00, 0xB3, 0x00, 0x01, 0x00, 0xB4, 
   0x00, 0xB4, 0x00, 0x02, 0x00, 0xB5, 0x00, 0xBA, 0x00, 0x01, 
   0x00, 0xBB, 0x00, 0xBB, 0x00, 0x02, 0x00, 0xBC, 0x00, 0xBF, 
   0x00, 0x01, 0x00, 0xC0, 0x00, 0xC3, 0x00, 0x02, 0x00, 0xC4, 
   0x00, 0xDE, 0x00, 0x01, 0x00, 0xDF, 0x00, 0xEA, 0x00, 0x02, 
   0x00, 0xEB, 0x00, 0xEC, 0x00, 0x01, 0x00, 0x00, 0x00, 0x01, 
   0x00, 0x00, 0x00, 0x0A, 0x00, 0x1C, 0x00, 0x1E, 0x00, 0x01, 
   0x44, 0x46, 0x4C, 0x54, 0x00, 0x08, 0x00, 0x04, 0x00, 0x00, 
   0x00, 0x00, 0xFF, 0xFF, 0x00, 0x00, 0x00, 0x00, 0x00, 0x00, 
   0x00, 0x01, 0x00, 0x00, 0x00, 0x0A, 0x00, 0xDA, 0x01, 0x18, 
   0x00, 0x17, 0x44, 0x46, 0x4C, 0x54, 0x00, 0x8C, 0x61, 0x72, 
   0x6D, 0x6E, 0x00, 0xCC, 0x62, 0x65, 0x6E, 0x67, 0x00, 0xCC, 
   0x62, 0x6E, 0x67, 0x32, 0x00, 0xCC, 0x63, 0x79, 0x72, 0x6C, 
   0x00, 0xCC, 0x64, 0x65, 0x76, 0x32, 0x00, 0x98, 0x64, 0x65, 
   0x76, 0x61, 0x00, 0x98, 0x67, 0x65, 0x6F, 0x72, 0x00, 0xCC, 
   0x67, 0x6A, 0x72, 0x32, 0x00, 0xCC, 0x67, 0x72, 0x65, 0x6B, 
   0x00, 0xCC, 0x67, 0x75, 0x6A, 0x72, 0x00, 0xCC, 0x67, 0x75, 
   0x72, 0x32, 0x00, 0xCC, 0x67, 0x75, 0x72, 0x75, 0x00, 0xCC, 
   0x68, 0x65, 0x62, 0x72, 0x00, 0xCC, 0x6C, 0x61, 0x74, 0x6E, 
   0x00, 0xA4, 0x6D, 0x6C, 0x6D, 0x32, 0x00, 0xCC, 0x6D, 0x6C, 
   0x79, 0x32, 0x00, 0xCC, 0x6D, 0x6C, 0x79, 0x6D, 0x00, 0xCC, 
   0x70, 0x68, 0x6E, 0x78, 0x00, 0xCC, 0x73, 0x79, 0x72, 0x63, 
   0x00, 0xCC, 0x74, 0x6D, 0x6C, 0x32, 0x00, 0xCC, 0x75, 0x67, 
   0x61, 0x72, 0x00, 0xCC, 0x78, 0x70, 0x65, 0x6F, 0x00, 0xCC, 
   0x00, 0x04, 0x00, 0x00, 0x00, 0x00, 0xFF, 0xFF, 0x00, 0x01, 
   0x00, 0x00, 0x00, 0x04, 0x00, 0x00, 0x00, 0x00, 0xFF, 0xFF, 
   0x00, 0x01, 0x00, 0x04, 0x00, 0x10, 0x00, 0x02, 0x43, 0x41, 
   0x54, 0x20, 0x00, 0x18, 0x4E, 0x4C, 0x44, 0x20, 0x00, 0x20, 
   0x00, 0x00, 0xFF, 0xFF, 0x00, 0x01, 0x00, 0x01, 0x00, 0x00, 
   0xFF, 0xFF, 0x00, 0x01, 0x00, 0x02, 0x00, 0x00, 0xFF, 0xFF, 
   0x00, 0x01, 0x00, 0x03, 0x00, 0x00, 0x00, 0x00, 0x00, 0x05, 
   0x66, 0x72, 0x61, 0x63, 0x00, 0x20, 0x6C, 0x69, 0x67, 0x61, 
   0x00, 0x26, 0x6C, 0x69, 0x67, 0x61, 0x00, 0x2C, 0x6C, 0x69, 
   0x67, 0x61, 0x00, 0x32, 0x6C, 0x6F, 0x63, 0x6C, 0x00, 0x38, 
   0x00, 0x00, 0x00, 0x01, 0x00, 0x03, 0x00, 0x00, 0x00, 0x01, 
   0x00, 0x02, 0x00, 0x00, 0x00, 0x01, 0x00, 0x00, 0x00, 0x00, 
   0x00, 0x01, 0x00, 0x01, 0x00, 0x00, 0x00, 0x01, 0x00, 0x04, 
   0x00, 0x05, 0x00, 0x0C, 0x00, 0x3A, 0x00, 0x68, 0x00, 0xAC, 
   0x01, 0x22, 0x00, 0x04, 0x00, 0x00, 0x00, 0x01, 0x00, 0x08, 
   0x00, 0x01, 0x00, 0x1E, 0x00, 0x02, 0x00, 0x0A, 0x00, 0x14, 
   0x00, 0x01, 0x00, 0x04, 0x00, 0xC2, 0x00, 0x02, 0x00, 0x77, 
   0x00, 0x01, 0x00, 0x04, 0x00, 0xC3, 0x00, 0x02, 0x00, 0x77, 
   0x00, 0x01, 0x00, 0x02, 0x00, 0x2D, 0x00, 0x4D, 0x00, 0x04, 
   0x00, 0x00, 0x00, 0x01, 0x00, 0x08, 0x00, 0x01, 0x00, 0x1E, 
   0x00, 0x02, 0x00, 0x0A, 0x00, 0x14, 0x00, 0x01, 0x00, 0x04, 
   0x00, 0xC0, 0x00, 0x02, 0x00, 0x2B, 0x00, 0x01, 0x00, 0x04, 
   0x00, 0xC1, 0x00, 0x02, 0x00, 0x4B, 0x00, 0x01, 0x00, 0x02, 
   0x00, 0x2A, 0x00, 0x4A, 0x00, 0x04, 0x00, 0x00, 0x00, 0x01, 
   0x00, 0x08, 0x00, 0x01, 0x00, 0x36, 0x00, 0x01, 0x00, 0x08, 
   0x00, 0x05, 0x00, 0x0C, 0x00, 0x14, 0x00, 0x1C, 0x00, 0x22, 
   0x00, 0x28, 0x00, 0xEA, 0x00, 0x03, 0x00, 0x47, 0x00, 0x4D, 
   0x00, 0xE9, 0x00, 0x03, 0x00, 0x47, 0x00, 0x4A, 0x00, 0xE8, 
   0x00, 0x02, 0x00, 0x4D, 0x00, 0xE7, 0x00, 0x02, 0x00, 0x4A, 
   0x00, 0xE6, 0x00, 0x02, 0x00, 0x47, 0x00, 0x01, 0x00, 0x01, 
   0x00, 0x47, 0x00, 0x04, 0x00, 0x08, 0x00, 0x01, 0x00, 0x08, 
   0x00, 0x01, 0x00, 0x60, 0x00, 0x05, 0x00, 0x10, 0x00, 0x1C, 
   0x00, 0x32, 0x00, 0x3E, 0x00, 0x54, 0x00, 0x01, 0x00, 0x04, 
   0x00, 0xDF, 0x00, 0x03, 0x00, 0x10, 0x00, 0x16, 0x00, 0x02, 
   0x00, 0x06, 0x00, 0x0E, 0x00, 0xE3, 0x00, 0x03, 0x00, 0x10, 
   0x00, 0x19, 0x00, 0xE0, 0x00, 0x03, 0x00, 0x10, 0x00, 0x16, 
   0x00, 0x01, 0x00, 0x04, 0x00, 0xE1, 0x00, 0x03, 0x00, 0x10, 
   0x00, 0x16, 0x00, 0x02, 0x00, 0x06, 0x00, 0x0E, 0x00, 0xE4, 
   0x00, 0x03, 0x00, 0x10, 0x00, 0x19, 0x00, 0xE2, 0x00, 0x03, 
   0x00, 0x10, 0x00, 0x17, 0x00, 0x01, 0x00, 0x04, 0x00, 0xE5, 
   0x00, 0x03, 0x00, 0x10, 0x00, 0x19, 0x00, 0x01, 0x00, 0x05, 
   0x00, 0x13, 0x00, 0x14, 0x00, 0x15, 0x00, 0x16, 0x00, 0x18, 
   0x00, 0x01, 0x00, 0x00, 0x00, 0x01, 0x00, 0x08, 0x00, 0x02, 
   0x00, 0x0A, 0x00, 0x02, 0x00, 0xEC, 0x00, 0xEB, 0x00, 0x01, 
   0x00, 0x02, 0x00, 0x02, 0x00, 0x20
};
#endif

